fbref_name,whoscored_name,team,season_id,trgm_similarity,jaro_winkler,token_sort,working_confidence,match_hint
Alex Schalk,Alex Schalk,NAC Breda,2013,1.0,1.0,1.0,1.0,exact_after_normalize
Gill Swerts,Gill Swerts,NAC Breda,2013,1.0,1.0,1.0,1.0,exact_after_normalize
Peter Gommeren,Peter Gommeren,NAC Breda,2013,1.0,1.0,1.0,1.0,exact_after_normalize
Kenny van der Weg,Kenny van der Weg,NAC Breda,2013,1.0,1.0,1.0,1.0,exact_after_normalize
Adnane Tighadouini,Adnane Tighadouini,NAC Breda,2013,1.0,1.0,1.0,1.0,exact_after_normalize
Stipe Perica,Stipe Perica,NAC Breda,2013,1.0,1.0,1.0,1.0,exact_after_normalize
Rydell Poepon,Rydell Poepon,NAC Breda,2013,1.0,1.0,1.0,1.0,exact_after_normalize
Anouar Hadouir,Anouar Hadouir,NAC Breda,2013,1.0,1.0,1.0,1.0,exact_after_normalize
Boldizsár Bodor,Boldizsár Bodor,NAC Breda,2013,1.0,1.0,1.0,1.0,exact_after_normalize
Jeffrey Sarpong,Jeffrey Sarpong,NAC Breda,2013,1.0,1.0,1.0,1.0,exact_after_normalize
Elson Hooi,Elson Hooi,NAC Breda,2013,1.0,1.0,1.0,1.0,exact_after_normalize
Anthony Lurling,Anthony Lurling,NAC Breda,2013,1.0,1.0,1.0,1.0,exact_after_normalize
Kees Kwakman,Kees Kwakman,NAC Breda,2013,1.0,1.0,1.0,1.0,exact_after_normalize
Tim Gilissen,Tim Gilissen,NAC Breda,2013,1.0,1.0,1.0,1.0,exact_after_normalize
Jelle ten Rouwelaar,Jelle ten Rouwelaar,NAC Breda,2013,1.0,1.0,1.0,1.0,exact_after_normalize
Sepp De Roover,Sepp De Roover,NAC Breda,2013,1.0,1.0,1.0,1.0,exact_after_normalize
Henrico Drost,Henrico Drost,NAC Breda,2013,1.0,1.0,1.0,1.0,exact_after_normalize
Jordy Buijs,Jordy Buijs,NAC Breda,2013,1.0,1.0,1.0,1.0,exact_after_normalize
Joey Suk,Joey Suk,NAC Breda,2013,1.0,1.0,1.0,1.0,exact_after_normalize
Mats Seuntjens,Mats Seuntjens,NAC Breda,2013,1.0,1.0,1.0,1.0,exact_after_normalize
Danny Verbeek,Danny Verbeek,NAC Breda,2013,1.0,1.0,1.0,1.0,exact_after_normalize
Uroš Matić,Uros Matic,NAC Breda,2013,0.4667,1.0,1.0,1.0,exact_after_normalize
Bartholomew Ogbeche,Bartholomew Ogbeche,Cambuur,2013,1.0,1.0,1.0,1.0,exact_after_normalize
Martijn van der Laan,Martijn van der Laan,Cambuur,2013,1.0,1.0,1.0,1.0,exact_after_normalize
Elvis Manu,Elvis Manu,Cambuur,2013,1.0,1.0,1.0,1.0,exact_after_normalize
Ramon Leeuwin,Ramon Leeuwin,Cambuur,2013,1.0,1.0,1.0,1.0,exact_after_normalize
Oliver Feldballe,Oliver Feldballe,Cambuur,2013,1.0,1.0,1.0,1.0,exact_after_normalize
Erik Bakker,Erik Bakker,Cambuur,2013,1.0,1.0,1.0,1.0,exact_after_normalize
Michiel Hemmen,Michiel Hemmen,Cambuur,2013,1.0,1.0,1.0,1.0,exact_after_normalize
Leonard Nienhuis,Leonard Nienhuis,Cambuur,2013,1.0,1.0,1.0,1.0,exact_after_normalize
Kevin Brands,Kevin Brands,Cambuur,2013,1.0,1.0,1.0,1.0,exact_after_normalize
Oebele Schokker,Oebele Schokker,Cambuur,2013,1.0,1.0,1.0,1.0,exact_after_normalize
Jody Lukoki,Jody Lukoki,Cambuur,2013,1.0,1.0,1.0,1.0,exact_after_normalize
Bart van Brakel,Bart van Brakel,Cambuur,2013,1.0,1.0,1.0,1.0,exact_after_normalize
Mart Dijkstra,Mart Dijkstra,Cambuur,2013,1.0,1.0,1.0,1.0,exact_after_normalize
Paco van Moorsel,Paco van Moorsel,Cambuur,2013,1.0,1.0,1.0,1.0,exact_after_normalize
Wout Droste,Wout Droste,Cambuur,2013,1.0,1.0,1.0,1.0,exact_after_normalize
Martijn Barto,Martijn Barto,Cambuur,2013,1.0,1.0,1.0,1.0,exact_after_normalize
Robert van Boxel,Robert van Boxel,Cambuur,2013,1.0,1.0,1.0,1.0,exact_after_normalize
Bob Schepers,Bob Schepers,Cambuur,2013,1.0,1.0,1.0,1.0,exact_after_normalize
Mohamed El Makrini,Mohamed El Makrini,Cambuur,2013,1.0,1.0,1.0,1.0,exact_after_normalize
Lucas Bijker,Lucas Bijker,Cambuur,2013,1.0,1.0,1.0,1.0,exact_after_normalize
Harm Zeinstra,Harm Zeinstra,Cambuur,2013,1.0,1.0,1.0,1.0,exact_after_normalize
Marcel Ritzmaier,Marcel Ritzmaier,Cambuur,2013,1.0,1.0,1.0,1.0,exact_after_normalize
Paul Mulders,Paul Mulders,Cambuur,2013,1.0,1.0,1.0,1.0,exact_after_normalize
Marlon Pereira,Marlon Pereira,Cambuur,2013,1.0,1.0,1.0,1.0,exact_after_normalize
Alexander Christovão,Alexander Christovao,Cambuur,2013,0.75,1.0,1.0,1.0,exact_after_normalize
Anouar Kali,Anouar Kali,Roda JC,2013,1.0,1.0,1.0,1.0,exact_after_normalize
Martijn Monteyne,Martijn Monteyne,Roda JC,2013,1.0,1.0,1.0,1.0,exact_after_normalize
Guus Hupperts,Guus Hupperts,Roda JC,2013,1.0,1.0,1.0,1.0,exact_after_normalize
Arnaud Djoum,Arnaud Djoum,Roda JC,2013,1.0,1.0,1.0,1.0,exact_after_normalize
Guy Ramos,Guy Ramos,Roda JC,2013,1.0,1.0,1.0,1.0,exact_after_normalize
Berry Powel,Berry Powel,Roda JC,2013,1.0,1.0,1.0,1.0,exact_after_normalize
Davy De Beule,Davy De Beule,Roda JC,2013,1.0,1.0,1.0,1.0,exact_after_normalize
Mitchell Donald,Mitchell Donald,Roda JC,2013,1.0,1.0,1.0,1.0,exact_after_normalize
Anco Jansen,Anco Jansen,Roda JC,2013,1.0,1.0,1.0,1.0,exact_after_normalize
Wiljan Pluim,Wiljan Pluim,Roda JC,2013,1.0,1.0,1.0,1.0,exact_after_normalize
Timo Letschert,Timo Letschert,Roda JC,2013,1.0,1.0,1.0,1.0,exact_after_normalize
Krisztián Németh,Krisztián Németh,Roda JC,2013,1.0,1.0,1.0,1.0,exact_after_normalize
Frank Demouge,Frank Demouge,Roda JC,2013,1.0,1.0,1.0,1.0,exact_after_normalize
Filip Kurto,Filip Kurto,Roda JC,2013,1.0,1.0,1.0,1.0,exact_after_normalize
Henk Dijkhuizen,Henk Dijkhuizen,Roda JC,2013,1.0,1.0,1.0,1.0,exact_after_normalize
Ard van Peppen,Ard van Peppen,Roda JC,2013,1.0,1.0,1.0,1.0,exact_after_normalize
Marc Höcher,Marc Höcher,Roda JC,2013,1.0,1.0,1.0,1.0,exact_after_normalize
Kees Luijckx,Kees Luijckx,Roda JC,2013,1.0,1.0,1.0,1.0,exact_after_normalize
Roly Bonevacia,Roly Bonevacia,Roda JC,2013,1.0,1.0,1.0,1.0,exact_after_normalize
Bart Biemans,Bart Biemans,Roda JC,2013,1.0,1.0,1.0,1.0,exact_after_normalize
Mark-Jan Fledderus,Mark-Jan Fledderus,Roda JC,2013,1.0,1.0,1.0,1.0,exact_after_normalize
Thijs van Hofwegen,Thijs van Hofwegen,Utrecht,2013,1.0,1.0,1.0,1.0,exact_after_normalize
Kai Heerings,Kai Heerings,Utrecht,2013,1.0,1.0,1.0,1.0,exact_after_normalize
Gévero Markiet,Gévero Markiet,Utrecht,2013,1.0,1.0,1.0,1.0,exact_after_normalize
Jeroen Verhoeven,Jeroen Verhoeven,Utrecht,2013,1.0,1.0,1.0,1.0,exact_after_normalize
Jordy van der Winden,Jordy van der Winden,Utrecht,2013,1.0,1.0,1.0,1.0,exact_after_normalize
Robbin Ruiter,Robbin Ruiter,Utrecht,2013,1.0,1.0,1.0,1.0,exact_after_normalize
Steve De Ridder,Steve De Ridder,Utrecht,2013,1.0,1.0,1.0,1.0,exact_after_normalize
Tommy Oar,Tommy Oar,Utrecht,2013,1.0,1.0,1.0,1.0,exact_after_normalize
Adam Sarota,Adam Sarota,Utrecht,2013,1.0,1.0,1.0,1.0,exact_after_normalize
Yoshiaki Takagi,Yoshiaki Takagi,Utrecht,2013,1.0,1.0,1.0,1.0,exact_after_normalize
Timothy Derijck,Timothy Derijck,Utrecht,2013,1.0,1.0,1.0,1.0,exact_after_normalize
Sean Klaiber,Sean Klaiber,Utrecht,2013,1.0,1.0,1.0,1.0,exact_after_normalize
Leon de Kogel,Leon de Kogel,Utrecht,2013,1.0,1.0,1.0,1.0,exact_after_normalize
Jens Toornstra,Jens Toornstra,Utrecht,2013,1.0,1.0,1.0,1.0,exact_after_normalize
Elroy Pappot,Elroy Pappot,Utrecht,2013,1.0,1.0,1.0,1.0,exact_after_normalize
Mark van der Maarel,Mark van der Maarel,Utrecht,2013,1.0,1.0,1.0,1.0,exact_after_normalize
Matthieu Delpierre,Matthieu Delpierre,Utrecht,2013,1.0,1.0,1.0,1.0,exact_after_normalize
Juan Agudelo,Juan Agudelo,Utrecht,2013,1.0,1.0,1.0,1.0,exact_after_normalize
Mark Diemers,Mark Diemers,Utrecht,2013,1.0,1.0,1.0,1.0,exact_after_normalize
Jacob Mulenga,Jacob Mulenga,Utrecht,2013,1.0,1.0,1.0,1.0,exact_after_normalize
Willem Janssen,Willem Janssen,Utrecht,2013,1.0,1.0,1.0,1.0,exact_after_normalize
Bob Schepers,Bob Schepers,Utrecht,2013,1.0,1.0,1.0,1.0,exact_after_normalize
Yassin Ayoub,Yassin Ayoub,Utrecht,2013,1.0,1.0,1.0,1.0,exact_after_normalize
Kenny Teijsse,Kenny Teijsse,Utrecht,2013,1.0,1.0,1.0,1.0,exact_after_normalize
Johan Mårtensson,Johan Mårtensson,Utrecht,2013,1.0,1.0,1.0,1.0,exact_after_normalize
Gyliano van Velzen,Gyliano van Velzen,Utrecht,2013,1.0,1.0,1.0,1.0,exact_after_normalize
Cedric van der Gun,Cedric van der Gun,Utrecht,2013,1.0,1.0,1.0,1.0,exact_after_normalize
Christian Dorda,Christian Dorda,Utrecht,2013,1.0,1.0,1.0,1.0,exact_after_normalize
Cedric Badjeck,Cedric Badjeck,Utrecht,2013,1.0,1.0,1.0,1.0,exact_after_normalize
Aleksandar Bjelica,Aleksandar Bjelica,Utrecht,2013,1.0,1.0,1.0,1.0,exact_after_normalize
Romano van der Stoep,Romano van der Stoep,Utrecht,2013,1.0,1.0,1.0,1.0,exact_after_normalize
Dave Bulthuis,Dave Bulthuis,Utrecht,2013,1.0,1.0,1.0,1.0,exact_after_normalize
Danny Koevermans,Danny Koevermans,Utrecht,2013,1.0,1.0,1.0,1.0,exact_after_normalize
Édouard Duplan,Edouard Duplan,Utrecht,2013,0.6667,1.0,1.0,1.0,exact_after_normalize
Krisztián Adorján,Krisztián Adorján,Groningen,2013,1.0,1.0,1.0,1.0,exact_after_normalize
Eric Botteghin,Eric Botteghin,Groningen,2013,1.0,1.0,1.0,1.0,exact_after_normalize
Angelo Cijntje,Angelo Cijntje,Groningen,2013,1.0,1.0,1.0,1.0,exact_after_normalize
Arjen Hagenauw,Arjen Hagenauw,Groningen,2013,1.0,1.0,1.0,1.0,exact_after_normalize
Maikel Kieftenbeld,Maikel Kieftenbeld,Groningen,2013,1.0,1.0,1.0,1.0,exact_after_normalize
Michael de Leeuw,Michael de Leeuw,Groningen,2013,1.0,1.0,1.0,1.0,exact_after_normalize
Nick van der Velden,Nick van der Velden,Groningen,2013,1.0,1.0,1.0,1.0,exact_after_normalize
David Texeira,David Texeira,Groningen,2013,1.0,1.0,1.0,1.0,exact_after_normalize
Tjaronn Chery,Tjaronn Chery,Groningen,2013,1.0,1.0,1.0,1.0,exact_after_normalize
Timo Letschert,Timo Letschert,Groningen,2013,1.0,1.0,1.0,1.0,exact_after_normalize
Giliano Wijnaldum,Giliano Wijnaldum,Groningen,2013,1.0,1.0,1.0,1.0,exact_after_normalize
William Troost-Ekong,William Troost-Ekong,Groningen,2013,1.0,1.0,1.0,1.0,exact_after_normalize
Marco Bizot,Marco Bizot,Groningen,2013,1.0,1.0,1.0,1.0,exact_after_normalize
Stefano Magnasco,Stefano Magnasco,Groningen,2013,1.0,1.0,1.0,1.0,exact_after_normalize
Johan Kappelhof,Johan Kappelhof,Groningen,2013,1.0,1.0,1.0,1.0,exact_after_normalize
Tom Hiariej,Tom Hiariej,Groningen,2013,1.0,1.0,1.0,1.0,exact_after_normalize
Rasmus Lindgren,Rasmus Lindgren,Groningen,2013,1.0,1.0,1.0,1.0,exact_after_normalize
Hans Hateboer,Hans Hateboer,Groningen,2013,1.0,1.0,1.0,1.0,exact_after_normalize
Género Zeefuik,Género Zeefuik,Groningen,2013,1.0,1.0,1.0,1.0,exact_after_normalize
Lorenzo Burnet,Lorenzo Burnet,Groningen,2013,1.0,1.0,1.0,1.0,exact_after_normalize
Filip Kostić,Filip Kostic,Groningen,2013,0.7333,1.0,1.0,1.0,exact_after_normalize
Andraž Kirm,Andraz Kirm,Groningen,2013,0.7143,1.0,1.0,1.0,exact_after_normalize
Yoell van Nieff,Yoëll van Nieff,Groningen,2013,0.6842,1.0,1.0,1.0,exact_after_normalize
Richairo Živković,Richairo Zivkovic,Groningen,2013,0.5652,1.0,1.0,1.0,exact_after_normalize
Otman Bakkal,Otman Bakkal,Feyenoord,2013,1.0,1.0,1.0,1.0,exact_after_normalize
Terence Kongolo,Terence Kongolo,Feyenoord,2013,1.0,1.0,1.0,1.0,exact_after_normalize
Ronald Graafland,Ronald Graafland,Feyenoord,2013,1.0,1.0,1.0,1.0,exact_after_normalize
Graziano Pellè,Graziano Pellè,Feyenoord,2013,1.0,1.0,1.0,1.0,exact_after_normalize
Ruud Vormer,Ruud Vormer,Feyenoord,2013,1.0,1.0,1.0,1.0,exact_after_normalize
John Goossens,John Goossens,Feyenoord,2013,1.0,1.0,1.0,1.0,exact_after_normalize
Ruben Schaken,Ruben Schaken,Feyenoord,2013,1.0,1.0,1.0,1.0,exact_after_normalize
Kostas Lamprou,Kostas Lamprou,Feyenoord,2013,1.0,1.0,1.0,1.0,exact_after_normalize
Jordy Clasie,Jordy Clasie,Feyenoord,2013,1.0,1.0,1.0,1.0,exact_after_normalize
Erwin Mulder,Erwin Mulder,Feyenoord,2013,1.0,1.0,1.0,1.0,exact_after_normalize
Bruno Martins Indi,Bruno Martins Indi,Feyenoord,2013,1.0,1.0,1.0,1.0,exact_after_normalize
Daryl Janmaat,Daryl Janmaat,Feyenoord,2013,1.0,1.0,1.0,1.0,exact_after_normalize
Miquel Nelom,Miquel Nelom,Feyenoord,2013,1.0,1.0,1.0,1.0,exact_after_normalize
Stefan de Vrij,Stefan de Vrij,Feyenoord,2013,1.0,1.0,1.0,1.0,exact_after_normalize
Jordy van Deelen,Jordy van Deelen,Feyenoord,2013,1.0,1.0,1.0,1.0,exact_after_normalize
Lex Immers,Lex Immers,Feyenoord,2013,1.0,1.0,1.0,1.0,exact_after_normalize
Sven van Beek,Sven van Beek,Feyenoord,2013,1.0,1.0,1.0,1.0,exact_after_normalize
Elvis Manu,Elvis Manu,Feyenoord,2013,1.0,1.0,1.0,1.0,exact_after_normalize
Mitchell te Vrede,Mitchell te Vrede,Feyenoord,2013,1.0,1.0,1.0,1.0,exact_after_normalize
Samuel Armenteros,Samuel Armenteros,Feyenoord,2013,1.0,1.0,1.0,1.0,exact_after_normalize
Sekou Cissé,Sekou Cissé,Feyenoord,2013,1.0,1.0,1.0,1.0,exact_after_normalize
Jean-Paul Boëtius,Jean-Paul Boëtius,Feyenoord,2013,1.0,1.0,1.0,1.0,exact_after_normalize
Tonny Vilhena,Tonny Vilhena,Feyenoord,2013,1.0,1.0,1.0,1.0,exact_after_normalize
Wesley Verhoek,Wesley Verhoek,Feyenoord,2013,1.0,1.0,1.0,1.0,exact_after_normalize
Joris Mathijsen,Joris Mathijsen,Feyenoord,2013,1.0,1.0,1.0,1.0,exact_after_normalize
Michael Lamey,Michael Lamey,RKC Waalwijk,2013,1.0,1.0,1.0,1.0,exact_after_normalize
Evander Sno,Evander Sno,RKC Waalwijk,2013,1.0,1.0,1.0,1.0,exact_after_normalize
Mart Lieder,Mart Lieder,RKC Waalwijk,2013,1.0,1.0,1.0,1.0,exact_after_normalize
Arjan van Dijk,Arjan van Dijk,RKC Waalwijk,2013,1.0,1.0,1.0,1.0,exact_after_normalize
Jonas Ivens,Jonas Ivens,RKC Waalwijk,2013,1.0,1.0,1.0,1.0,exact_after_normalize
Mickaël Tavares,Mickaël Tavares,RKC Waalwijk,2013,1.0,1.0,1.0,1.0,exact_after_normalize
Sander Duits,Sander Duits,RKC Waalwijk,2013,1.0,1.0,1.0,1.0,exact_after_normalize
Imad Najah,Imad Najah,RKC Waalwijk,2013,1.0,1.0,1.0,1.0,exact_after_normalize
Jos Peltzer,Jos Peltzer,RKC Waalwijk,2013,1.0,1.0,1.0,1.0,exact_after_normalize
Denzel Slager,Denzel Slager,RKC Waalwijk,2013,1.0,1.0,1.0,1.0,exact_after_normalize
Damiano Schet,Damiano Schet,RKC Waalwijk,2013,1.0,1.0,1.0,1.0,exact_after_normalize
Ingo van Weert,Ingo van Weert,RKC Waalwijk,2013,1.0,1.0,1.0,1.0,exact_after_normalize
Frank van Mosselveld,Frank van Mosselveld,RKC Waalwijk,2013,1.0,1.0,1.0,1.0,exact_after_normalize
Prince-Désir Gouano,Prince-Désir Gouano,RKC Waalwijk,2013,1.0,1.0,1.0,1.0,exact_after_normalize
Peter Jungschläger,Peter Jungschläger,RKC Waalwijk,2013,1.0,1.0,1.0,1.0,exact_after_normalize
Romeo Castelen,Romeo Castelen,RKC Waalwijk,2013,1.0,1.0,1.0,1.0,exact_after_normalize
Jean-David Beauguel,Jean-David Beauguel,RKC Waalwijk,2013,1.0,1.0,1.0,1.0,exact_after_normalize
Robert Braber,Robert Braber,RKC Waalwijk,2013,1.0,1.0,1.0,1.0,exact_after_normalize
Kenny Anderson,Kenny Anderson,RKC Waalwijk,2013,1.0,1.0,1.0,1.0,exact_after_normalize
Mitch Apau,Mitch Apau,RKC Waalwijk,2013,1.0,1.0,1.0,1.0,exact_after_normalize
Kenny Van Hoevelen,Kenny van Hoevelen,RKC Waalwijk,2013,1.0,1.0,1.0,1.0,exact_after_normalize
Aurélien Joachim,Aurélien Joachim,RKC Waalwijk,2013,1.0,1.0,1.0,1.0,exact_after_normalize
Daniël de Ridder,Daniel de Ridder,RKC Waalwijk,2013,0.6842,1.0,1.0,1.0,exact_after_normalize
Jan Šeda,Jan Seda,RKC Waalwijk,2013,0.5,1.0,1.0,1.0,exact_after_normalize
Ramon Zomer,Ramon Zomer,Heerenveen,2013,1.0,1.0,1.0,1.0,exact_after_normalize
Brian Vandenbussche,Brian Vandenbussche,Heerenveen,2013,1.0,1.0,1.0,1.0,exact_after_normalize
Jukka Raitala,Jukka Raitala,Heerenveen,2013,1.0,1.0,1.0,1.0,exact_after_normalize
Joeri de Kamps,Joeri de Kamps,Heerenveen,2013,1.0,1.0,1.0,1.0,exact_after_normalize
Mitchell Dijks,Mitchell Dijks,Heerenveen,2013,1.0,1.0,1.0,1.0,exact_after_normalize
Pele van Anholt,Pele van Anholt,Heerenveen,2013,1.0,1.0,1.0,1.0,exact_after_normalize
Kenny Otigba,Kenny Otigba,Heerenveen,2013,1.0,1.0,1.0,1.0,exact_after_normalize
Joey van den Berg,Joey van den Berg,Heerenveen,2013,1.0,1.0,1.0,1.0,exact_after_normalize
Christian Kum,Christian Kum,Heerenveen,2013,1.0,1.0,1.0,1.0,exact_after_normalize
Kristoffer Nordfeldt,Kristoffer Nordfeldt,Heerenveen,2013,1.0,1.0,1.0,1.0,exact_after_normalize
Rajiv van La Parra,Rajiv van La Parra,Heerenveen,2013,1.0,1.0,1.0,1.0,exact_after_normalize
Uche Nwofor,Uche Nwofor,Heerenveen,2013,1.0,1.0,1.0,1.0,exact_after_normalize
Joost van Aken,Joost van Aken,Heerenveen,2013,1.0,1.0,1.0,1.0,exact_after_normalize
Stefano Marzo,Stefano Marzo,Heerenveen,2013,1.0,1.0,1.0,1.0,exact_after_normalize
Marten de Roon,Marten de Roon,Heerenveen,2013,1.0,1.0,1.0,1.0,exact_after_normalize
Anthony Lurling,Anthony Lurling,Heerenveen,2013,1.0,1.0,1.0,1.0,exact_after_normalize
Daley Sinkgraven,Daley Sinkgraven,Heerenveen,2013,1.0,1.0,1.0,1.0,exact_after_normalize
Hakim Ziyech,Hakim Ziyech,Heerenveen,2013,1.0,1.0,1.0,1.0,exact_after_normalize
Arnold Kruiswijk,Arnold Kruiswijk,Heerenveen,2013,1.0,1.0,1.0,1.0,exact_after_normalize
Samir Fazli,Samir Fazli,Heerenveen,2013,1.0,1.0,1.0,1.0,exact_after_normalize
Luciano Slagveer,Luciano Slagveer,Heerenveen,2013,1.0,1.0,1.0,1.0,exact_after_normalize
Yanic Wildschut,Yanic Wildschut,Heerenveen,2013,1.0,1.0,1.0,1.0,exact_after_normalize
Sven Kums,Sven Kums,Heerenveen,2013,1.0,1.0,1.0,1.0,exact_after_normalize
Felitciano Zschusschen,Felitciano Zschusschen,Twente,2013,1.0,1.0,1.0,1.0,exact_after_normalize
Peter Wisgerhof,Peter Wisgerhof,Twente,2013,1.0,1.0,1.0,1.0,exact_after_normalize
Cuco Martina,Cuco Martina,Twente,2013,1.0,1.0,1.0,1.0,exact_after_normalize
Roberto Rosales,Roberto Rosales,Twente,2013,1.0,1.0,1.0,1.0,exact_after_normalize
Nils Röseler,Nils Röseler,Twente,2013,1.0,1.0,1.0,1.0,exact_after_normalize
Dico Koppers,Dico Koppers,Twente,2013,1.0,1.0,1.0,1.0,exact_after_normalize
Torgeir Børven,Torgeir Børven,Twente,2013,1.0,1.0,1.0,1.0,exact_after_normalize
Luc Castaignos,Luc Castaignos,Twente,2013,1.0,1.0,1.0,1.0,exact_after_normalize
Jesús Corona,Jesús Corona,Twente,2013,1.0,1.0,1.0,1.0,exact_after_normalize
Tim Hölscher,Tim Hölscher,Twente,2013,1.0,1.0,1.0,1.0,exact_after_normalize
Shadrach Eghan,Shadrach Eghan,Twente,2013,1.0,1.0,1.0,1.0,exact_after_normalize
Youness Mokhtar,Youness Mokhtar,Twente,2013,1.0,1.0,1.0,1.0,exact_after_normalize
Willem Janssen,Willem Janssen,Twente,2013,1.0,1.0,1.0,1.0,exact_after_normalize
Kyle Ebecilio,Kyle Ebecilio,Twente,2013,1.0,1.0,1.0,1.0,exact_after_normalize
Robbert Schilder,Robbert Schilder,Twente,2013,1.0,1.0,1.0,1.0,exact_after_normalize
Quincy Promes,Quincy Promes,Twente,2013,1.0,1.0,1.0,1.0,exact_after_normalize
Dario Tanda,Dario Tanda,Twente,2013,1.0,1.0,1.0,1.0,exact_after_normalize
Nick Marsman,Nick Marsman,Twente,2013,1.0,1.0,1.0,1.0,exact_after_normalize
Felipe Gutiérrez,Felipe Gutiérrez,Twente,2013,1.0,1.0,1.0,1.0,exact_after_normalize
Rasmus Bengtsson,Rasmus Bengtsson,Twente,2013,1.0,1.0,1.0,1.0,exact_after_normalize
Tim Breukers,Tim Breukers,Twente,2013,1.0,1.0,1.0,1.0,exact_after_normalize
Andreas Bjelland,Andreas Bjelland,Twente,2013,1.0,1.0,1.0,1.0,exact_after_normalize
Wout Brama,Wout Brama,Twente,2013,1.0,1.0,1.0,1.0,exact_after_normalize
Dušan Tadić,Dusan Tadic,Twente,2013,0.4118,1.0,1.0,1.0,exact_after_normalize
Georginio Wijnaldum,Georginio Wijnaldum,PSV,2013,1.0,1.0,1.0,1.0,exact_after_normalize
Ola Toivonen,Ola Toivonen,PSV,2013,1.0,1.0,1.0,1.0,exact_after_normalize
Zakaria Bakkali,Zakaria Bakkali,PSV,2013,1.0,1.0,1.0,1.0,exact_after_normalize
Florian Jozefzoon,Florian Jozefzoon,PSV,2013,1.0,1.0,1.0,1.0,exact_after_normalize
Jeffrey Bruma,Jeffrey Bruma,PSV,2013,1.0,1.0,1.0,1.0,exact_after_normalize
Abel Tamata,Abel Tamata,PSV,2013,1.0,1.0,1.0,1.0,exact_after_normalize
Santiago Arias,Santiago Arias,PSV,2013,1.0,1.0,1.0,1.0,exact_after_normalize
Jorrit Hendrix,Jorrit Hendrix,PSV,2013,1.0,1.0,1.0,1.0,exact_after_normalize
Stijn Schaars,Stijn Schaars,PSV,2013,1.0,1.0,1.0,1.0,exact_after_normalize
Jetro Willems,Jetro Willems,PSV,2013,1.0,1.0,1.0,1.0,exact_after_normalize
Peter van Ooijen,Peter van Ooijen,PSV,2013,1.0,1.0,1.0,1.0,exact_after_normalize
Jürgen Locadia,Jürgen Locadia,PSV,2013,1.0,1.0,1.0,1.0,exact_after_normalize
Luciano Narsingh,Luciano Narsingh,PSV,2013,1.0,1.0,1.0,1.0,exact_after_normalize
Joshua Brenet,Joshua Brenet,PSV,2013,1.0,1.0,1.0,1.0,exact_after_normalize
Oscar Hiljemark,Oscar Hiljemark,PSV,2013,1.0,1.0,1.0,1.0,exact_after_normalize
Adam Maher,Adam Maher,PSV,2013,1.0,1.0,1.0,1.0,exact_after_normalize
Karim Rekik,Karim Rekik,PSV,2013,1.0,1.0,1.0,1.0,exact_after_normalize
Park Ji-sung,Park Ji-Sung,PSV,2013,1.0,1.0,1.0,1.0,exact_after_normalize
Jeroen Zoet,Jeroen Zoet,PSV,2013,1.0,1.0,1.0,1.0,exact_after_normalize
Bryan Ruiz,Bryan Ruiz,PSV,2013,1.0,1.0,1.0,1.0,exact_after_normalize
Tim Matavž,Tim Matavz,PSV,2013,0.6923,1.0,1.0,1.0,exact_after_normalize
Marcel Stutter,Marcel Stutter,NEC Nijmegen,2013,1.0,1.0,1.0,1.0,exact_after_normalize
Dennis Gentenaar,Dennis Gentenaar,NEC Nijmegen,2013,1.0,1.0,1.0,1.0,exact_after_normalize
Karl-Johan Johnsson,Karl-Johan Johnsson,NEC Nijmegen,2013,1.0,1.0,1.0,1.0,exact_after_normalize
Søren Rieks,Søren Rieks,NEC Nijmegen,2013,1.0,1.0,1.0,1.0,exact_after_normalize
Jordy Tutuarima,Jordy Tutuarima,NEC Nijmegen,2013,1.0,1.0,1.0,1.0,exact_after_normalize
Daan Bovenberg,Daan Bovenberg,NEC Nijmegen,2013,1.0,1.0,1.0,1.0,exact_after_normalize
Tobias Haitz,Tobias Haitz,NEC Nijmegen,2013,1.0,1.0,1.0,1.0,exact_after_normalize
Victor Pálsson,Victor Pálsson,NEC Nijmegen,2013,1.0,1.0,1.0,1.0,exact_after_normalize
Seydina Diarra,Seydina Diarra,NEC Nijmegen,2013,1.0,1.0,1.0,1.0,exact_after_normalize
Hans Mulder,Hans Mulder,NEC Nijmegen,2013,1.0,1.0,1.0,1.0,exact_after_normalize
Ryan Koolwijk,Ryan Koolwijk,NEC Nijmegen,2013,1.0,1.0,1.0,1.0,exact_after_normalize
Danzell Gravenberch,Danzell Gravenberch,NEC Nijmegen,2013,1.0,1.0,1.0,1.0,exact_after_normalize
Christoph Hemlein,Christoph Hemlein,NEC Nijmegen,2013,1.0,1.0,1.0,1.0,exact_after_normalize
Alireza Jahanbakhsh,Alireza Jahanbakhsh,NEC Nijmegen,2013,1.0,1.0,1.0,1.0,exact_after_normalize
Kevin Conboy,Kevin Conboy,NEC Nijmegen,2013,1.0,1.0,1.0,1.0,exact_after_normalize
Michael Higdon,Michael Higdon,NEC Nijmegen,2013,1.0,1.0,1.0,1.0,exact_after_normalize
Daan Disveld,Daan Disveld,NEC Nijmegen,2013,1.0,1.0,1.0,1.0,exact_after_normalize
Jeffrey Leiwakabessy,Jeffrey Leiwakabessy,NEC Nijmegen,2013,1.0,1.0,1.0,1.0,exact_after_normalize
Michel Breuer,Michel Breuer,NEC Nijmegen,2013,1.0,1.0,1.0,1.0,exact_after_normalize
Youri Loen,Youri Loen,NEC Nijmegen,2013,1.0,1.0,1.0,1.0,exact_after_normalize
Rens van Eijden,Rens van Eijden,NEC Nijmegen,2013,1.0,1.0,1.0,1.0,exact_after_normalize
Geoffrey Castillion,Geoffrey Castillion,NEC Nijmegen,2013,1.0,1.0,1.0,1.0,exact_after_normalize
Cihat Çelik,Cihat Çelik,NEC Nijmegen,2013,1.0,1.0,1.0,1.0,exact_after_normalize
Navarone Foor,Navarone Foor,NEC Nijmegen,2013,1.0,1.0,1.0,1.0,exact_after_normalize
Lasse Nielsen,Lasse Nielsen,NEC Nijmegen,2013,1.0,1.0,1.0,1.0,exact_after_normalize
Jakob Jantscher,Jakob Jantscher,NEC Nijmegen,2013,1.0,1.0,1.0,1.0,exact_after_normalize
Marnick Vermijl,Marnick Vermijl,NEC Nijmegen,2013,1.0,1.0,1.0,1.0,exact_after_normalize
Samuel Štefánik,Samuel Stefánik,NEC Nijmegen,2013,0.7222,1.0,1.0,1.0,exact_after_normalize
Pavel Čmovš,Pavel Cmovs,NEC Nijmegen,2013,0.4118,1.0,1.0,1.0,exact_after_normalize
Patrick van Aanholt,Patrick van Aanholt,Vitesse,2013,1.0,1.0,1.0,1.0,exact_after_normalize
Marcus Pedersen,Marcus Pedersen,Vitesse,2013,1.0,1.0,1.0,1.0,exact_after_normalize
Francisco Júnior,Francisco Júnior,Vitesse,2013,1.0,1.0,1.0,1.0,exact_after_normalize
Theo Janssen,Theo Janssen,Vitesse,2013,1.0,1.0,1.0,1.0,exact_after_normalize
Gaël Kakuta,Gaël Kakuta,Vitesse,2013,1.0,1.0,1.0,1.0,exact_after_normalize
Jan-Arie van der Heijden,Jan-Arie van der Heijden,Vitesse,2013,1.0,1.0,1.0,1.0,exact_after_normalize
Kelvin Leerdam,Kelvin Leerdam,Vitesse,2013,1.0,1.0,1.0,1.0,exact_after_normalize
Jonathan Reis,Jonathan Reis,Vitesse,2013,1.0,1.0,1.0,1.0,exact_after_normalize
Guram Kashia,Guram Kashia,Vitesse,2013,1.0,1.0,1.0,1.0,exact_after_normalize
Bertrand Traoré,Bertrand Traoré,Vitesse,2013,1.0,1.0,1.0,1.0,exact_after_normalize
Sam Hutchinson,Sam Hutchinson,Vitesse,2013,1.0,1.0,1.0,1.0,exact_after_normalize
Frank van der Struijk,Frank van der Struijk,Vitesse,2013,1.0,1.0,1.0,1.0,exact_after_normalize
Christian Atsu,Christian Atsu,Vitesse,2013,1.0,1.0,1.0,1.0,exact_after_normalize
Valeri Qazaishvili,Valeri Qazaishvili,Vitesse,2013,1.0,1.0,1.0,1.0,exact_after_normalize
Davy Pröpper,Davy Pröpper,Vitesse,2013,1.0,1.0,1.0,1.0,exact_after_normalize
Renato Ibarra,Renato Ibarra,Vitesse,2013,1.0,1.0,1.0,1.0,exact_after_normalize
Zakaria Labyad,Zakaria Labyad,Vitesse,2013,1.0,1.0,1.0,1.0,exact_after_normalize
Piet Velthuizen,Piet Velthuizen,Vitesse,2013,1.0,1.0,1.0,1.0,exact_after_normalize
Rochdi Achenteh,Rochdi Achenteh,Vitesse,2013,1.0,1.0,1.0,1.0,exact_after_normalize
Mike Havenaar,Mike Havenaar,Vitesse,2013,1.0,1.0,1.0,1.0,exact_after_normalize
Giorgi Chanturia,Giorgi Chanturia,Vitesse,2013,1.0,1.0,1.0,1.0,exact_after_normalize
Marko Vejinović,Marko Vejinovic,Vitesse,2013,0.7778,1.0,1.0,1.0,exact_after_normalize
Lucas Piazon,Lucas Piazón,Vitesse,2013,0.625,1.0,1.0,1.0,exact_after_normalize
Ricardo van Rhijn,Ricardo van Rhijn,Ajax,2013,1.0,1.0,1.0,1.0,exact_after_normalize
Lesly de Sa,Lesly de Sa,Ajax,2013,1.0,1.0,1.0,1.0,exact_after_normalize
Toby Alderweireld,Toby Alderweireld,Ajax,2013,1.0,1.0,1.0,1.0,exact_after_normalize
Viktor Fischer,Viktor Fischer,Ajax,2013,1.0,1.0,1.0,1.0,exact_after_normalize
Stefano Denswil,Stefano Denswil,Ajax,2013,1.0,1.0,1.0,1.0,exact_after_normalize
Lerin Duarte,Lerin Duarte,Ajax,2013,1.0,1.0,1.0,1.0,exact_after_normalize
Jasper Cillessen,Jasper Cillessen,Ajax,2013,1.0,1.0,1.0,1.0,exact_after_normalize
Lucas Andersen,Lucas Andersen,Ajax,2013,1.0,1.0,1.0,1.0,exact_after_normalize
Thulani Serero,Thulani Serero,Ajax,2013,1.0,1.0,1.0,1.0,exact_after_normalize
Tobias Sana,Tobias Sana,Ajax,2013,1.0,1.0,1.0,1.0,exact_after_normalize
Siem de Jong,Siem de Jong,Ajax,2013,1.0,1.0,1.0,1.0,exact_after_normalize
Kenneth Vermeer,Kenneth Vermeer,Ajax,2013,1.0,1.0,1.0,1.0,exact_after_normalize
Davy Klaassen,Davy Klaassen,Ajax,2013,1.0,1.0,1.0,1.0,exact_after_normalize
Joël Veltman,Joël Veltman,Ajax,2013,1.0,1.0,1.0,1.0,exact_after_normalize
Daley Blind,Daley Blind,Ajax,2013,1.0,1.0,1.0,1.0,exact_after_normalize
Ricardo Kishna,Ricardo Kishna,Ajax,2013,1.0,1.0,1.0,1.0,exact_after_normalize
Mike van der Hoorn,Mike van der Hoorn,Ajax,2013,1.0,1.0,1.0,1.0,exact_after_normalize
Danny Hoesen,Danny Hoesen,Ajax,2013,1.0,1.0,1.0,1.0,exact_after_normalize
Niklas Moisander,Niklas Moisander,Ajax,2013,1.0,1.0,1.0,1.0,exact_after_normalize
Lasse Schöne,Lasse Schöne,Ajax,2013,1.0,1.0,1.0,1.0,exact_after_normalize
Christian Poulsen,Christian Poulsen,Ajax,2013,1.0,1.0,1.0,1.0,exact_after_normalize
Christian Eriksen,Christian Eriksen,Ajax,2013,1.0,1.0,1.0,1.0,exact_after_normalize
Nicolai Boilesen,Nicolai Boilesen,Ajax,2013,1.0,1.0,1.0,1.0,exact_after_normalize
Ruben Ligeon,Ruben Ligeon,Ajax,2013,1.0,1.0,1.0,1.0,exact_after_normalize
Jaïro Riedewald,Jairo Riedewald,Ajax,2013,0.6842,1.0,1.0,1.0,exact_after_normalize
Steven Berghuis,Steven Berghuis,AZ,2013,1.0,1.0,1.0,1.0,exact_after_normalize
Maarten Martens,Maarten Martens,AZ,2013,1.0,1.0,1.0,1.0,exact_after_normalize
Willie Overtoom,Willie Overtoom,AZ,2013,1.0,1.0,1.0,1.0,exact_after_normalize
Viktor Elm,Viktor Elm,AZ,2013,1.0,1.0,1.0,1.0,exact_after_normalize
Aron Jóhannsson,Aron Jóhannsson,AZ,2013,1.0,1.0,1.0,1.0,exact_after_normalize
Esteban Alvarado,Esteban Alvarado,AZ,2013,1.0,1.0,1.0,1.0,exact_after_normalize
Markus Henriksen,Markus Henriksen,AZ,2013,1.0,1.0,1.0,1.0,exact_after_normalize
Celso Ortiz,Celso Ortiz,AZ,2013,1.0,1.0,1.0,1.0,exact_after_normalize
Wesley Hoedt,Wesley Hoedt,AZ,2013,1.0,1.0,1.0,1.0,exact_after_normalize
Fernando Lewis,Fernando Lewis,AZ,2013,1.0,1.0,1.0,1.0,exact_after_normalize
Thom Haye,Thom Haye,AZ,2013,1.0,1.0,1.0,1.0,exact_after_normalize
Simon Poulsen,Simon Poulsen,AZ,2013,1.0,1.0,1.0,1.0,exact_after_normalize
Jan Wuytens,Jan Wuytens,AZ,2013,1.0,1.0,1.0,1.0,exact_after_normalize
Donny Gorter,Donny Gorter,AZ,2013,1.0,1.0,1.0,1.0,exact_after_normalize
Ridgeciano Haps,Ridgeciano Haps,AZ,2013,1.0,1.0,1.0,1.0,exact_after_normalize
Jeffrey Gouweleeuw,Jeffrey Gouweleeuw,AZ,2013,1.0,1.0,1.0,1.0,exact_after_normalize
Nick Viergever,Nick Viergever,AZ,2013,1.0,1.0,1.0,1.0,exact_after_normalize
Etiënne Reijnen,Etiënne Reijnen,AZ,2013,1.0,1.0,1.0,1.0,exact_after_normalize
Roy Beerens,Roy Beerens,AZ,2013,1.0,1.0,1.0,1.0,exact_after_normalize
Mattias Johansson,Mattias Johansson,AZ,2013,1.0,1.0,1.0,1.0,exact_after_normalize
Nemanja Gudelj,Nemanja Gudelj,AZ,2013,1.0,1.0,1.0,1.0,exact_after_normalize
Denni Avdić,Denni Avdic,AZ,2013,0.7143,1.0,1.0,1.0,exact_after_normalize
Mitchell Schet,Mitchell Schet,ADO Den Haag,2013,1.0,1.0,1.0,1.0,exact_after_normalize
Robert Zwinkels,Robert Zwinkels,ADO Den Haag,2013,1.0,1.0,1.0,1.0,exact_after_normalize
Malcolm Esajas,Malcolm Esajas,ADO Den Haag,2013,1.0,1.0,1.0,1.0,exact_after_normalize
Aaron Meijers,Aaron Meijers,ADO Den Haag,2013,1.0,1.0,1.0,1.0,exact_after_normalize
Danny Holla,Danny Holla,ADO Den Haag,2013,1.0,1.0,1.0,1.0,exact_after_normalize
Roland Alberg,Roland Alberg,ADO Den Haag,2013,1.0,1.0,1.0,1.0,exact_after_normalize
Tom Beugelsdijk,Tom Beugelsdijk,ADO Den Haag,2013,1.0,1.0,1.0,1.0,exact_after_normalize
Martijn de Zwart,Martijn de Zwart,ADO Den Haag,2013,1.0,1.0,1.0,1.0,exact_after_normalize
Papito Merencia,Papito Merencia,ADO Den Haag,2013,1.0,1.0,1.0,1.0,exact_after_normalize
Christian Supusepa,Christian Supusepa,ADO Den Haag,2013,1.0,1.0,1.0,1.0,exact_after_normalize
Robin Buwalda,Robin Buwalda,ADO Den Haag,2013,1.0,1.0,1.0,1.0,exact_after_normalize
Wilfried Kanon,Wilfried Kanon,ADO Den Haag,2013,1.0,1.0,1.0,1.0,exact_after_normalize
Jerson Cabral,Jerson Cabral,ADO Den Haag,2013,1.0,1.0,1.0,1.0,exact_after_normalize
Gino Coutinho,Gino Coutinho,ADO Den Haag,2013,1.0,1.0,1.0,1.0,exact_after_normalize
Michiel Kramer,Michiel Kramer,ADO Den Haag,2013,1.0,1.0,1.0,1.0,exact_after_normalize
Ninos Gouriye,Ninos Gouriye,ADO Den Haag,2013,1.0,1.0,1.0,1.0,exact_after_normalize
Kevin Jansen,Kevin Jansen,ADO Den Haag,2013,1.0,1.0,1.0,1.0,exact_after_normalize
Gianni Zuiverloon,Gianni Zuiverloon,ADO Den Haag,2013,1.0,1.0,1.0,1.0,exact_after_normalize
Ricky van Haaren,Ricky van Haaren,ADO Den Haag,2013,1.0,1.0,1.0,1.0,exact_after_normalize
Vito Wormgoor,Vito Wormgoor,ADO Den Haag,2013,1.0,1.0,1.0,1.0,exact_after_normalize
Yanic Wildschut,Yanic Wildschut,ADO Den Haag,2013,1.0,1.0,1.0,1.0,exact_after_normalize
Dion Malone,Dion Malone,ADO Den Haag,2013,1.0,1.0,1.0,1.0,exact_after_normalize
Mike van Duinen,Mike van Duinen,ADO Den Haag,2013,1.0,1.0,1.0,1.0,exact_after_normalize
Mathias Gehrt,Mathias Gehrt,ADO Den Haag,2013,1.0,1.0,1.0,1.0,exact_after_normalize
Danny Bakker,Danny Bakker,ADO Den Haag,2013,1.0,1.0,1.0,1.0,exact_after_normalize
Giovanni Gravenbeek,Giovanni Gravenbeek,PEC Zwolle,2013,1.0,1.0,1.0,1.0,exact_after_normalize
Ryan Thomas,Ryan Thomas,PEC Zwolle,2013,1.0,1.0,1.0,1.0,exact_after_normalize
Jesper Drost,Jesper Drost,PEC Zwolle,2013,1.0,1.0,1.0,1.0,exact_after_normalize
Giovanni Hiwat,Giovanni Hiwat,PEC Zwolle,2013,1.0,1.0,1.0,1.0,exact_after_normalize
Guyon Fernandez,Guyon Fernandez,PEC Zwolle,2013,1.0,1.0,1.0,1.0,exact_after_normalize
Bram van Polen,Bram van Polen,PEC Zwolle,2013,1.0,1.0,1.0,1.0,exact_after_normalize
Trent Sainsbury,Trent Sainsbury,PEC Zwolle,2013,1.0,1.0,1.0,1.0,exact_after_normalize
Thanasis Karagounis,Thanasis Karagounis,PEC Zwolle,2013,1.0,1.0,1.0,1.0,exact_after_normalize
Mustafa Saymak,Mustafa Saymak,PEC Zwolle,2013,1.0,1.0,1.0,1.0,exact_after_normalize
Fred Benson,Fred Benson,PEC Zwolle,2013,1.0,1.0,1.0,1.0,exact_after_normalize
Boris Rasevic,Boris Rasevic,PEC Zwolle,2013,1.0,1.0,1.0,1.0,exact_after_normalize
Rochdi Achenteh,Rochdi Achenteh,PEC Zwolle,2013,1.0,1.0,1.0,1.0,exact_after_normalize
Stef Nijland,Stef Nijland,PEC Zwolle,2013,1.0,1.0,1.0,1.0,exact_after_normalize
Darryl Lachman,Darryl Lachman,PEC Zwolle,2013,1.0,1.0,1.0,1.0,exact_after_normalize
Diederik Boer,Diederik Boer,PEC Zwolle,2013,1.0,1.0,1.0,1.0,exact_after_normalize
Kevin Begois,Kevin Begois,PEC Zwolle,2013,1.0,1.0,1.0,1.0,exact_after_normalize
Steven Pereira,Steven Pereira,PEC Zwolle,2013,1.0,1.0,1.0,1.0,exact_after_normalize
Mateusz Klich,Mateusz Klich,PEC Zwolle,2013,1.0,1.0,1.0,1.0,exact_after_normalize
Maikel van der Werff,Maikel van der Werff,PEC Zwolle,2013,1.0,1.0,1.0,1.0,exact_after_normalize
Leroy Labylle,Leroy Labylle,PEC Zwolle,2013,1.0,1.0,1.0,1.0,exact_after_normalize
Bart van Hintum,Bart van Hintum,PEC Zwolle,2013,1.0,1.0,1.0,1.0,exact_after_normalize
Mimoun Eloisghiri,Mimoun Eloisghiri,PEC Zwolle,2013,1.0,1.0,1.0,1.0,exact_after_normalize
Denis Mahmudov,Denis Mahmudov,PEC Zwolle,2013,1.0,1.0,1.0,1.0,exact_after_normalize
Youness Mokhtar,Youness Mokhtar,PEC Zwolle,2013,1.0,1.0,1.0,1.0,exact_after_normalize
Leon ter Wielen,Leon ter Wielen,PEC Zwolle,2013,1.0,1.0,1.0,1.0,exact_after_normalize
Kamohelo Mokotjo,Kamohelo Mokotjo,PEC Zwolle,2013,1.0,1.0,1.0,1.0,exact_after_normalize
Youssef Fennich,Youssef Fennich,PEC Zwolle,2013,1.0,1.0,1.0,1.0,exact_after_normalize
Joost Broerse,Joost Broerse,PEC Zwolle,2013,1.0,1.0,1.0,1.0,exact_after_normalize
Mark Uth,Mark Uth,Heracles Almelo,2013,1.0,1.0,1.0,1.0,exact_after_normalize
Simon Cziommer,Simon Cziommer,Heracles Almelo,2013,1.0,1.0,1.0,1.0,exact_after_normalize
Remko Pasveer,Remko Pasveer,Heracles Almelo,2013,1.0,1.0,1.0,1.0,exact_after_normalize
Mike te Wierik,Mike te Wierik,Heracles Almelo,2013,1.0,1.0,1.0,1.0,exact_after_normalize
Ben Rienstra,Ben Rienstra,Heracles Almelo,2013,1.0,1.0,1.0,1.0,exact_after_normalize
Jens Jurn Streutker,Jens Jurn Streutker,Heracles Almelo,2013,1.0,1.0,1.0,1.0,exact_after_normalize
Bryan Linssen,Bryan Linssen,Heracles Almelo,2013,1.0,1.0,1.0,1.0,exact_after_normalize
Bart Schenkeveld,Bart Schenkeveld,Heracles Almelo,2013,1.0,1.0,1.0,1.0,exact_after_normalize
Thomas Bruns,Thomas Bruns,Heracles Almelo,2013,1.0,1.0,1.0,1.0,exact_after_normalize
Iliass Bel Hassani,Iliass Bel Hassani,Heracles Almelo,2013,1.0,1.0,1.0,1.0,exact_after_normalize
Mikhail Rosheuvel,Mikhail Rosheuvel,Heracles Almelo,2013,1.0,1.0,1.0,1.0,exact_after_normalize
Berry Powel,Berry Powel,Heracles Almelo,2013,1.0,1.0,1.0,1.0,exact_after_normalize
Edwin Gyasi,Edwin Gyasi,Heracles Almelo,2013,1.0,1.0,1.0,1.0,exact_after_normalize
Joey Belterman,Joey Belterman,Heracles Almelo,2013,1.0,1.0,1.0,1.0,exact_after_normalize
Milano Koenders,Milano Koenders,Heracles Almelo,2013,1.0,1.0,1.0,1.0,exact_after_normalize
Matthew Amoah,Matthew Amoah,Heracles Almelo,2013,1.0,1.0,1.0,1.0,exact_after_normalize
Jeroen Veldmate,Jeroen Veldmate,Heracles Almelo,2013,1.0,1.0,1.0,1.0,exact_after_normalize
Oussama Tannane,Oussama Tannane,Heracles Almelo,2013,1.0,1.0,1.0,1.0,exact_after_normalize
Christian Dorda,Christian Dorda,Heracles Almelo,2013,1.0,1.0,1.0,1.0,exact_after_normalize
Dennis Telgenkamp,Dennis Telgenkamp,Heracles Almelo,2013,1.0,1.0,1.0,1.0,exact_after_normalize
Kwame Quansah,Kwame Quansah,Heracles Almelo,2013,1.0,1.0,1.0,1.0,exact_after_normalize
Leon van Dijk,Leon van Dijk,Heracles Almelo,2013,1.0,1.0,1.0,1.0,exact_after_normalize
Jaroslav Navrátil,Jaroslav Navrátil,Heracles Almelo,2013,1.0,1.0,1.0,1.0,exact_after_normalize
Aleksei Kangaskolkka,Aleksei Kangaskolkka,Heracles Almelo,2013,1.0,1.0,1.0,1.0,exact_after_normalize
Lerin Duarte,Lerin Duarte,Heracles Almelo,2013,1.0,1.0,1.0,1.0,exact_after_normalize
Jason Davidson,Jason Davidson,Heracles Almelo,2013,1.0,1.0,1.0,1.0,exact_after_normalize
Dragan Paljić,Dragan Paljic,Heracles Almelo,2013,0.75,1.0,1.0,1.0,exact_after_normalize
Dario Vujičević,Dario Vujicevic,Heracles Almelo,2013,0.5238,1.0,1.0,1.0,exact_after_normalize
Thomas Azevedo,Thomas Azevedo,Go Ahead Eagles,2013,1.0,1.0,1.0,1.0,exact_after_normalize
Joran Pot,Joran Pot,Go Ahead Eagles,2013,1.0,1.0,1.0,1.0,exact_after_normalize
Jeffrey Rijsdijk,Jeffrey Rijsdijk,Go Ahead Eagles,2013,1.0,1.0,1.0,1.0,exact_after_normalize
Joey Godee,Joey Godee,Go Ahead Eagles,2013,1.0,1.0,1.0,1.0,exact_after_normalize
Mawouna Amevor,Mawouna Amevor,Go Ahead Eagles,2013,1.0,1.0,1.0,1.0,exact_after_normalize
Xandro Schenk,Xandro Schenk,Go Ahead Eagles,2013,1.0,1.0,1.0,1.0,exact_after_normalize
Eloy Room,Eloy Room,Go Ahead Eagles,2013,1.0,1.0,1.0,1.0,exact_after_normalize
Omar Kavak,Omar Kavak,Go Ahead Eagles,2013,1.0,1.0,1.0,1.0,exact_after_normalize
Patrick ter Mate,Patrick ter Mate,Go Ahead Eagles,2013,1.0,1.0,1.0,1.0,exact_after_normalize
Lars Lambooij,Lars Lambooij,Go Ahead Eagles,2013,1.0,1.0,1.0,1.0,exact_after_normalize
Bart Vriends,Bart Vriends,Go Ahead Eagles,2013,1.0,1.0,1.0,1.0,exact_after_normalize
Xander Houtkoop,Xander Houtkoop,Go Ahead Eagles,2013,1.0,1.0,1.0,1.0,exact_after_normalize
Sjoerd Overgoor,Sjoerd Overgoor,Go Ahead Eagles,2013,1.0,1.0,1.0,1.0,exact_after_normalize
Doke Schmidt,Doke Schmidt,Go Ahead Eagles,2013,1.0,1.0,1.0,1.0,exact_after_normalize
Stephan Andersen,Stephan Andersen,Go Ahead Eagles,2013,1.0,1.0,1.0,1.0,exact_after_normalize
Ridgeciano Haps,Ridgeciano Haps,Go Ahead Eagles,2013,1.0,1.0,1.0,1.0,exact_after_normalize
Marnix Kolder,Marnix Kolder,Go Ahead Eagles,2013,1.0,1.0,1.0,1.0,exact_after_normalize
Erik Falkenburg,Erik Falkenburg,Go Ahead Eagles,2013,1.0,1.0,1.0,1.0,exact_after_normalize
Jop van der Linden,Jop van der Linden,Go Ahead Eagles,2013,1.0,1.0,1.0,1.0,exact_after_normalize
Jarchinio Antonia,Jarchinio Antonia,Go Ahead Eagles,2013,1.0,1.0,1.0,1.0,exact_after_normalize
Deniz Turuc,Deniz Türüç,Go Ahead Eagles,2013,0.4118,1.0,1.0,1.0,exact_after_normalize
Mounir El Allouchi,Mounir El Allouchi,NAC Breda,2014,1.0,1.0,1.0,1.0,exact_after_normalize
Sepp De Roover,Sepp De Roover,NAC Breda,2014,1.0,1.0,1.0,1.0,exact_after_normalize
Guyon Fernandez,Guyon Fernandez,NAC Breda,2014,1.0,1.0,1.0,1.0,exact_after_normalize
Stipe Perica,Stipe Perica,NAC Breda,2014,1.0,1.0,1.0,1.0,exact_after_normalize
Kenny van der Weg,Kenny van der Weg,NAC Breda,2014,1.0,1.0,1.0,1.0,exact_after_normalize
Isak Ssewankambo,Isak Ssewankambo,NAC Breda,2014,1.0,1.0,1.0,1.0,exact_after_normalize
Kingsley Boateng,Kingsley Boateng,NAC Breda,2014,1.0,1.0,1.0,1.0,exact_after_normalize
Ruben Ligeon,Ruben Ligeon,NAC Breda,2014,1.0,1.0,1.0,1.0,exact_after_normalize
Joey Suk,Joey Suk,NAC Breda,2014,1.0,1.0,1.0,1.0,exact_after_normalize
Brandon Robinson,Brandon Robinson,NAC Breda,2014,1.0,1.0,1.0,1.0,exact_after_normalize
Jeffrey Sarpong,Jeffrey Sarpong,NAC Breda,2014,1.0,1.0,1.0,1.0,exact_after_normalize
Felitciano Zschusschen,Felitciano Zschusschen,NAC Breda,2014,1.0,1.0,1.0,1.0,exact_after_normalize
Jesse van Bezooijen,Jesse van Bezooijen,NAC Breda,2014,1.0,1.0,1.0,1.0,exact_after_normalize
Erik Falkenburg,Erik Falkenburg,NAC Breda,2014,1.0,1.0,1.0,1.0,exact_after_normalize
Mats Seuntjens,Mats Seuntjens,NAC Breda,2014,1.0,1.0,1.0,1.0,exact_after_normalize
Jelle ten Rouwelaar,Jelle ten Rouwelaar,NAC Breda,2014,1.0,1.0,1.0,1.0,exact_after_normalize
Joeri de Kamps,Joeri de Kamps,NAC Breda,2014,1.0,1.0,1.0,1.0,exact_after_normalize
Hakim Borahsasar,Hakim Borahsasar,NAC Breda,2014,1.0,1.0,1.0,1.0,exact_after_normalize
Demy de Zeeuw,Demy de Zeeuw,NAC Breda,2014,1.0,1.0,1.0,1.0,exact_after_normalize
Divine Naah,Divine Naah,NAC Breda,2014,1.0,1.0,1.0,1.0,exact_after_normalize
Adnane Tighadouini,Adnane Tighadouini,NAC Breda,2014,1.0,1.0,1.0,1.0,exact_after_normalize
Dirk Marcellis,Dirk Marcellis,NAC Breda,2014,1.0,1.0,1.0,1.0,exact_after_normalize
Gill Swerts,Gill Swerts,NAC Breda,2014,1.0,1.0,1.0,1.0,exact_after_normalize
Henrico Drost,Henrico Drost,NAC Breda,2014,1.0,1.0,1.0,1.0,exact_after_normalize
Elson Hooi,Elson Hooi,NAC Breda,2014,1.0,1.0,1.0,1.0,exact_after_normalize
Menno Koch,Menno Koch,NAC Breda,2014,1.0,1.0,1.0,1.0,exact_after_normalize
Aleksandar Damčevski,Aleksandar Damcevski,NAC Breda,2014,0.75,1.0,1.0,1.0,exact_after_normalize
Miloš Zukanović,Milos Zukanovic,NAC Breda,2014,0.6,1.0,1.0,1.0,exact_after_normalize
Uroš Matić,Uros Matic,NAC Breda,2014,0.4667,1.0,1.0,1.0,exact_after_normalize
Albert Rusnák,Albert Rusnák,Cambuur,2014,1.0,1.0,1.0,1.0,exact_after_normalize
Leonard Nienhuis,Leonard Nienhuis,Cambuur,2014,1.0,1.0,1.0,1.0,exact_after_normalize
Mohamed El Makrini,Mohamed El Makrini,Cambuur,2014,1.0,1.0,1.0,1.0,exact_after_normalize
Calvin Mac-Intosch,Calvin Mac-Intosch,Cambuur,2014,1.0,1.0,1.0,1.0,exact_after_normalize
Wout Droste,Wout Droste,Cambuur,2014,1.0,1.0,1.0,1.0,exact_after_normalize
Bartholomew Ogbeche,Bartholomew Ogbeche,Cambuur,2014,1.0,1.0,1.0,1.0,exact_after_normalize
Sinan Bytyqi,Sinan Bytyqi,Cambuur,2014,1.0,1.0,1.0,1.0,exact_after_normalize
Donovan Slijngard,Donovan Slijngard,Cambuur,2014,1.0,1.0,1.0,1.0,exact_after_normalize
Marlon Pereira,Marlon Pereira,Cambuur,2014,1.0,1.0,1.0,1.0,exact_after_normalize
Etiënne Reijnen,Etiënne Reijnen,Cambuur,2014,1.0,1.0,1.0,1.0,exact_after_normalize
Sander van de Streek,Sander van de Streek,Cambuur,2014,1.0,1.0,1.0,1.0,exact_after_normalize
Mart Dijkstra,Mart Dijkstra,Cambuur,2014,1.0,1.0,1.0,1.0,exact_after_normalize
Harm Zeinstra,Harm Zeinstra,Cambuur,2014,1.0,1.0,1.0,1.0,exact_after_normalize
Erik Bakker,Erik Bakker,Cambuur,2014,1.0,1.0,1.0,1.0,exact_after_normalize
Bob Schepers,Bob Schepers,Cambuur,2014,1.0,1.0,1.0,1.0,exact_after_normalize
Dejan Meleg,Dejan Meleg,Cambuur,2014,1.0,1.0,1.0,1.0,exact_after_normalize
Sebastian Steblecki,Sebastian Steblecki,Cambuur,2014,1.0,1.0,1.0,1.0,exact_after_normalize
Martijn Barto,Martijn Barto,Cambuur,2014,1.0,1.0,1.0,1.0,exact_after_normalize
Michiel Hemmen,Michiel Hemmen,Cambuur,2014,1.0,1.0,1.0,1.0,exact_after_normalize
Mikhail Rosheuvel,Mikhail Rosheuvel,Cambuur,2014,1.0,1.0,1.0,1.0,exact_after_normalize
Lucas Bijker,Lucas Bijker,Cambuur,2014,1.0,1.0,1.0,1.0,exact_after_normalize
Damiano Schet,Damiano Schet,Cambuur,2014,1.0,1.0,1.0,1.0,exact_after_normalize
Daniël de Ridder,Daniel de Ridder,Cambuur,2014,0.6842,1.0,1.0,1.0,exact_after_normalize
Leon de Kogel,Leon de Kogel,Utrecht,2014,1.0,1.0,1.0,1.0,exact_after_normalize
Kai Heerings,Kai Heerings,Utrecht,2014,1.0,1.0,1.0,1.0,exact_after_normalize
Ruud Boymans,Ruud Boymans,Utrecht,2014,1.0,1.0,1.0,1.0,exact_after_normalize
Anouar Kali,Anouar Kali,Utrecht,2014,1.0,1.0,1.0,1.0,exact_after_normalize
Christian Kum,Christian Kum,Utrecht,2014,1.0,1.0,1.0,1.0,exact_after_normalize
Tommy Oar,Tommy Oar,Utrecht,2014,1.0,1.0,1.0,1.0,exact_after_normalize
Ramon Leeuwin,Ramon Leeuwin,Utrecht,2014,1.0,1.0,1.0,1.0,exact_after_normalize
Gévero Markiet,Gévero Markiet,Utrecht,2014,1.0,1.0,1.0,1.0,exact_after_normalize
Nacer Barazite,Nacer Barazite,Utrecht,2014,1.0,1.0,1.0,1.0,exact_after_normalize
Willem Janssen,Willem Janssen,Utrecht,2014,1.0,1.0,1.0,1.0,exact_after_normalize
Mark Diemers,Mark Diemers,Utrecht,2014,1.0,1.0,1.0,1.0,exact_after_normalize
Yassin Ayoub,Yassin Ayoub,Utrecht,2014,1.0,1.0,1.0,1.0,exact_after_normalize
Rodney Antwi,Rodney Antwi,Utrecht,2014,1.0,1.0,1.0,1.0,exact_after_normalize
Sean Klaiber,Sean Klaiber,Utrecht,2014,1.0,1.0,1.0,1.0,exact_after_normalize
Jeff Hardeveld,Jeff Hardeveld,Utrecht,2014,1.0,1.0,1.0,1.0,exact_after_normalize
Sofyan Amrabat,Sofyan Amrabat,Utrecht,2014,1.0,1.0,1.0,1.0,exact_after_normalize
Jens Toornstra,Jens Toornstra,Utrecht,2014,1.0,1.0,1.0,1.0,exact_after_normalize
Adam Sarota,Adam Sarota,Utrecht,2014,1.0,1.0,1.0,1.0,exact_after_normalize
Issa Kallon,Issa Kallon,Utrecht,2014,1.0,1.0,1.0,1.0,exact_after_normalize
Cedric Badjeck,Cedric Badjeck,Utrecht,2014,1.0,1.0,1.0,1.0,exact_after_normalize
Darren Rosheuvel,Darren Rosheuvel,Utrecht,2014,1.0,1.0,1.0,1.0,exact_after_normalize
Mark van der Maarel,Mark van der Maarel,Utrecht,2014,1.0,1.0,1.0,1.0,exact_after_normalize
Jelle de Lange,Jelle de Lange,Utrecht,2014,1.0,1.0,1.0,1.0,exact_after_normalize
Kristoffer Peterson,Kristoffer Peterson,Utrecht,2014,1.0,1.0,1.0,1.0,exact_after_normalize
Gyliano van Velzen,Gyliano van Velzen,Utrecht,2014,1.0,1.0,1.0,1.0,exact_after_normalize
Robbin Ruiter,Robbin Ruiter,Utrecht,2014,1.0,1.0,1.0,1.0,exact_after_normalize
Danny Verbeek,Danny Verbeek,Utrecht,2014,1.0,1.0,1.0,1.0,exact_after_normalize
Bart Ramselaar,Bart Ramselaar,Utrecht,2014,1.0,1.0,1.0,1.0,exact_after_normalize
Yannick Cortie,Yannick Cortie,Utrecht,2014,1.0,1.0,1.0,1.0,exact_after_normalize
Sébastien Haller,Sébastien Haller,Utrecht,2014,1.0,1.0,1.0,1.0,exact_after_normalize
Timo Letschert,Timo Letschert,Utrecht,2014,1.0,1.0,1.0,1.0,exact_after_normalize
Gyrano Kerk,Gyrano Kerk,Utrecht,2014,1.0,1.0,1.0,1.0,exact_after_normalize
Jeroen Verhoeven,Jeroen Verhoeven,Utrecht,2014,1.0,1.0,1.0,1.0,exact_after_normalize
Édouard Duplan,Edouard Duplan,Utrecht,2014,0.6667,1.0,1.0,1.0,exact_after_normalize
Rubio Rubin,Rubio Rubín,Utrecht,2014,0.5455,1.0,1.0,1.0,exact_after_normalize
Tom Hiariej,Tom Hiariej,Groningen,2014,1.0,1.0,1.0,1.0,exact_after_normalize
Peter van der Vlag,Peter van der Vlag,Groningen,2014,1.0,1.0,1.0,1.0,exact_after_normalize
Albert Rusnák,Albert Rusnák,Groningen,2014,1.0,1.0,1.0,1.0,exact_after_normalize
Rasmus Lindgren,Rasmus Lindgren,Groningen,2014,1.0,1.0,1.0,1.0,exact_after_normalize
Simon Tibbling,Simon Tibbling,Groningen,2014,1.0,1.0,1.0,1.0,exact_after_normalize
Henk Bos,Henk Bos,Groningen,2014,1.0,1.0,1.0,1.0,exact_after_normalize
Hans Hateboer,Hans Hateboer,Groningen,2014,1.0,1.0,1.0,1.0,exact_after_normalize
Arjen Hagenauw,Arjen Hagenauw,Groningen,2014,1.0,1.0,1.0,1.0,exact_after_normalize
Michael de Leeuw,Michael de Leeuw,Groningen,2014,1.0,1.0,1.0,1.0,exact_after_normalize
Jafar Arias,Jafar Arias,Groningen,2014,1.0,1.0,1.0,1.0,exact_after_normalize
Martijn van der Laan,Martijn van der Laan,Groningen,2014,1.0,1.0,1.0,1.0,exact_after_normalize
Maikel Kieftenbeld,Maikel Kieftenbeld,Groningen,2014,1.0,1.0,1.0,1.0,exact_after_normalize
Sergio Padt,Sergio Padt,Groningen,2014,1.0,1.0,1.0,1.0,exact_after_normalize
Eric Botteghin,Eric Botteghin,Groningen,2014,1.0,1.0,1.0,1.0,exact_after_normalize
Johan Kappelhof,Johan Kappelhof,Groningen,2014,1.0,1.0,1.0,1.0,exact_after_normalize
Tjaronn Chery,Tjaronn Chery,Groningen,2014,1.0,1.0,1.0,1.0,exact_after_normalize
Jarchinio Antonia,Jarchinio Antonia,Groningen,2014,1.0,1.0,1.0,1.0,exact_after_normalize
Roland Baas,Roland Baas,Groningen,2014,1.0,1.0,1.0,1.0,exact_after_normalize
Desevio Payne,Desevio Payne,Groningen,2014,1.0,1.0,1.0,1.0,exact_after_normalize
Lorenzo Burnet,Lorenzo Burnet,Groningen,2014,1.0,1.0,1.0,1.0,exact_after_normalize
Mimoun Mahi,Mimoun Mahi,Groningen,2014,1.0,1.0,1.0,1.0,exact_after_normalize
Danny Hoesen,Danny Hoesen,Groningen,2014,1.0,1.0,1.0,1.0,exact_after_normalize
Juninho Bacuna,Juninho Bacuna,Groningen,2014,1.0,1.0,1.0,1.0,exact_after_normalize
Nick van der Velden,Nick van der Velden,Groningen,2014,1.0,1.0,1.0,1.0,exact_after_normalize
Dino Islamović,Dino Islamovic,Groningen,2014,0.7647,1.0,1.0,1.0,exact_after_normalize
Yoell van Nieff,Yoëll van Nieff,Groningen,2014,0.6842,1.0,1.0,1.0,exact_after_normalize
Khalid Boulahrouz,Khalid Boulahrouz,Feyenoord,2014,1.0,1.0,1.0,1.0,exact_after_normalize
Joris Mathijsen,Joris Mathijsen,Feyenoord,2014,1.0,1.0,1.0,1.0,exact_after_normalize
Sven van Beek,Sven van Beek,Feyenoord,2014,1.0,1.0,1.0,1.0,exact_after_normalize
Ruben Schaken,Ruben Schaken,Feyenoord,2014,1.0,1.0,1.0,1.0,exact_after_normalize
Lex Immers,Lex Immers,Feyenoord,2014,1.0,1.0,1.0,1.0,exact_after_normalize
Rick Karsdorp,Rick Karsdorp,Feyenoord,2014,1.0,1.0,1.0,1.0,exact_after_normalize
Tonny Vilhena,Tonny Vilhena,Feyenoord,2014,1.0,1.0,1.0,1.0,exact_after_normalize
Elvis Manu,Elvis Manu,Feyenoord,2014,1.0,1.0,1.0,1.0,exact_after_normalize
Calvin Verdonk,Calvin Verdonk,Feyenoord,2014,1.0,1.0,1.0,1.0,exact_after_normalize
Jens Toornstra,Jens Toornstra,Feyenoord,2014,1.0,1.0,1.0,1.0,exact_after_normalize
Ruud Vormer,Ruud Vormer,Feyenoord,2014,1.0,1.0,1.0,1.0,exact_after_normalize
Lucas Woudenberg,Lucas Woudenberg,Feyenoord,2014,1.0,1.0,1.0,1.0,exact_after_normalize
Erwin Mulder,Erwin Mulder,Feyenoord,2014,1.0,1.0,1.0,1.0,exact_after_normalize
Anass Achahbar,Anass Achahbar,Feyenoord,2014,1.0,1.0,1.0,1.0,exact_after_normalize
Mitchell te Vrede,Mitchell te Vrede,Feyenoord,2014,1.0,1.0,1.0,1.0,exact_after_normalize
Matthew Steenvoorden,Matthew Steenvoorden,Feyenoord,2014,1.0,1.0,1.0,1.0,exact_after_normalize
Colin Kazim-Richards,Colin Kazim-Richards,Feyenoord,2014,1.0,1.0,1.0,1.0,exact_after_normalize
Kenneth Vermeer,Kenneth Vermeer,Feyenoord,2014,1.0,1.0,1.0,1.0,exact_after_normalize
Jean-Paul Boëtius,Jean-Paul Boëtius,Feyenoord,2014,1.0,1.0,1.0,1.0,exact_after_normalize
Karim El Ahmadi,Karim El Ahmadi,Feyenoord,2014,1.0,1.0,1.0,1.0,exact_after_normalize
Terence Kongolo,Terence Kongolo,Feyenoord,2014,1.0,1.0,1.0,1.0,exact_after_normalize
Jordy Clasie,Jordy Clasie,Feyenoord,2014,1.0,1.0,1.0,1.0,exact_after_normalize
Miquel Nelom,Miquel Nelom,Feyenoord,2014,1.0,1.0,1.0,1.0,exact_after_normalize
Luke Wilkshire,Luke Wilkshire,Feyenoord,2014,1.0,1.0,1.0,1.0,exact_after_normalize
Pelle van Amersfoort,Pelle van Amersfoort,Heerenveen,2014,1.0,1.0,1.0,1.0,exact_after_normalize
Joey van den Berg,Joey van den Berg,Heerenveen,2014,1.0,1.0,1.0,1.0,exact_after_normalize
Luciano Slagveer,Luciano Slagveer,Heerenveen,2014,1.0,1.0,1.0,1.0,exact_after_normalize
Jordy Buijs,Jordy Buijs,Heerenveen,2014,1.0,1.0,1.0,1.0,exact_after_normalize
Yanic Wildschut,Yanic Wildschut,Heerenveen,2014,1.0,1.0,1.0,1.0,exact_after_normalize
Simon Thern,Simon Thern,Heerenveen,2014,1.0,1.0,1.0,1.0,exact_after_normalize
Marten de Roon,Marten de Roon,Heerenveen,2014,1.0,1.0,1.0,1.0,exact_after_normalize
Jukka Raitala,Jukka Raitala,Heerenveen,2014,1.0,1.0,1.0,1.0,exact_after_normalize
Morten Thorsby,Morten Thorsby,Heerenveen,2014,1.0,1.0,1.0,1.0,exact_after_normalize
Kenny Otigba,Kenny Otigba,Heerenveen,2014,1.0,1.0,1.0,1.0,exact_after_normalize
Janio Bikel,Janio Bikel,Heerenveen,2014,1.0,1.0,1.0,1.0,exact_after_normalize
Lerin Duarte,Lerin Duarte,Heerenveen,2014,1.0,1.0,1.0,1.0,exact_after_normalize
Pele van Anholt,Pele van Anholt,Heerenveen,2014,1.0,1.0,1.0,1.0,exact_after_normalize
Henk Veerman,Henk Veerman,Heerenveen,2014,1.0,1.0,1.0,1.0,exact_after_normalize
Thomas Dalgaard,Thomas Dalgaard,Heerenveen,2014,1.0,1.0,1.0,1.0,exact_after_normalize
Hakim Ziyech,Hakim Ziyech,Heerenveen,2014,1.0,1.0,1.0,1.0,exact_after_normalize
Stefano Marzo,Stefano Marzo,Heerenveen,2014,1.0,1.0,1.0,1.0,exact_after_normalize
Joost van Aken,Joost van Aken,Heerenveen,2014,1.0,1.0,1.0,1.0,exact_after_normalize
Sam Larsson,Sam Larsson,Heerenveen,2014,1.0,1.0,1.0,1.0,exact_after_normalize
Mark Uth,Mark Uth,Heerenveen,2014,1.0,1.0,1.0,1.0,exact_after_normalize
Jeroen Lumu,Jeroen Lumu,Heerenveen,2014,1.0,1.0,1.0,1.0,exact_after_normalize
Daley Sinkgraven,Daley Sinkgraven,Heerenveen,2014,1.0,1.0,1.0,1.0,exact_after_normalize
Doke Schmidt,Doke Schmidt,Heerenveen,2014,1.0,1.0,1.0,1.0,exact_after_normalize
Younes Namli,Younes Namli,Heerenveen,2014,1.0,1.0,1.0,1.0,exact_after_normalize
Kristoffer Nordfeldt,Kristoffer Nordfeldt,Heerenveen,2014,1.0,1.0,1.0,1.0,exact_after_normalize
Tarik Kada,Tarik Kada,Heerenveen,2014,1.0,1.0,1.0,1.0,exact_after_normalize
Robbert Schilder,Robbert Schilder,Twente,2014,1.0,1.0,1.0,1.0,exact_after_normalize
Jelle van der Heyden,Jelle van der Heyden,Twente,2014,1.0,1.0,1.0,1.0,exact_after_normalize
Sonny Stevens,Sonny Stevens,Twente,2014,1.0,1.0,1.0,1.0,exact_after_normalize
Rasmus Bengtsson,Rasmus Bengtsson,Twente,2014,1.0,1.0,1.0,1.0,exact_after_normalize
Cuco Martina,Cuco Martina,Twente,2014,1.0,1.0,1.0,1.0,exact_after_normalize
Kamohelo Mokotjo,Kamohelo Mokotjo,Twente,2014,1.0,1.0,1.0,1.0,exact_after_normalize
Andreas Bjelland,Andreas Bjelland,Twente,2014,1.0,1.0,1.0,1.0,exact_after_normalize
Hakim Ziyech,Hakim Ziyech,Twente,2014,1.0,1.0,1.0,1.0,exact_after_normalize
Felipe Gutiérrez,Felipe Gutiérrez,Twente,2014,1.0,1.0,1.0,1.0,exact_after_normalize
Peet Bijen,Peet Bijen,Twente,2014,1.0,1.0,1.0,1.0,exact_after_normalize
Joachim Andersen,Joachim Andersen,Twente,2014,1.0,1.0,1.0,1.0,exact_after_normalize
Kasper Kusk,Kasper Kusk,Twente,2014,1.0,1.0,1.0,1.0,exact_after_normalize
Dico Koppers,Dico Koppers,Twente,2014,1.0,1.0,1.0,1.0,exact_after_normalize
Tim Hölscher,Tim Hölscher,Twente,2014,1.0,1.0,1.0,1.0,exact_after_normalize
Hidde ter Avest,Hidde ter Avest,Twente,2014,1.0,1.0,1.0,1.0,exact_after_normalize
Renato Tapia,Renato Tapia,Twente,2014,1.0,1.0,1.0,1.0,exact_after_normalize
Darryl Lachman,Darryl Lachman,Twente,2014,1.0,1.0,1.0,1.0,exact_after_normalize
Chris David,Chris David,Twente,2014,1.0,1.0,1.0,1.0,exact_after_normalize
Shadrach Eghan,Shadrach Eghan,Twente,2014,1.0,1.0,1.0,1.0,exact_after_normalize
Tim Breukers,Tim Breukers,Twente,2014,1.0,1.0,1.0,1.0,exact_after_normalize
Luc Castaignos,Luc Castaignos,Twente,2014,1.0,1.0,1.0,1.0,exact_after_normalize
Jesús Corona,Jesús Corona,Twente,2014,1.0,1.0,1.0,1.0,exact_after_normalize
Nick Marsman,Nick Marsman,Twente,2014,1.0,1.0,1.0,1.0,exact_after_normalize
Jari Oosterwijk,Jari Oosterwijk,Twente,2014,1.0,1.0,1.0,1.0,exact_after_normalize
Kyle Ebecilio,Kyle Ebecilio,Twente,2014,1.0,1.0,1.0,1.0,exact_after_normalize
Orlando Engelaar,Orlando Engelaar,Twente,2014,1.0,1.0,1.0,1.0,exact_after_normalize
Bilal Ould-Chikh,Bilal Ould-Chikh,Twente,2014,1.0,1.0,1.0,1.0,exact_after_normalize
Ryo Miyaichi,Ryo Miyaichi,Twente,2014,1.0,1.0,1.0,1.0,exact_after_normalize
Torgeir Børven,Torgeir Børven,Twente,2014,1.0,1.0,1.0,1.0,exact_after_normalize
Youness Mokhtar,Youness Mokhtar,Twente,2014,1.0,1.0,1.0,1.0,exact_after_normalize
Luuk de Jong,Luuk de Jong,PSV,2014,1.0,1.0,1.0,1.0,exact_after_normalize
Georginio Wijnaldum,Georginio Wijnaldum,PSV,2014,1.0,1.0,1.0,1.0,exact_after_normalize
Oscar Hiljemark,Oscar Hiljemark,PSV,2014,1.0,1.0,1.0,1.0,exact_after_normalize
Luciano Narsingh,Luciano Narsingh,PSV,2014,1.0,1.0,1.0,1.0,exact_after_normalize
Joshua Brenet,Joshua Brenet,PSV,2014,1.0,1.0,1.0,1.0,exact_after_normalize
Jetro Willems,Jetro Willems,PSV,2014,1.0,1.0,1.0,1.0,exact_after_normalize
Nicolas Isimat-Mirin,Nicolas Isimat-Mirin,PSV,2014,1.0,1.0,1.0,1.0,exact_after_normalize
Santiago Arias,Santiago Arias,PSV,2014,1.0,1.0,1.0,1.0,exact_after_normalize
Rai Vloet,Rai Vloet,PSV,2014,1.0,1.0,1.0,1.0,exact_after_normalize
Menno Koch,Menno Koch,PSV,2014,1.0,1.0,1.0,1.0,exact_after_normalize
Jeroen Zoet,Jeroen Zoet,PSV,2014,1.0,1.0,1.0,1.0,exact_after_normalize
Andrés Guardado,Andrés Guardado,PSV,2014,1.0,1.0,1.0,1.0,exact_after_normalize
Karim Rekik,Karim Rekik,PSV,2014,1.0,1.0,1.0,1.0,exact_after_normalize
Marcel Ritzmaier,Marcel Ritzmaier,PSV,2014,1.0,1.0,1.0,1.0,exact_after_normalize
Jürgen Locadia,Jürgen Locadia,PSV,2014,1.0,1.0,1.0,1.0,exact_after_normalize
Steven Bergwijn,Steven Bergwijn,PSV,2014,1.0,1.0,1.0,1.0,exact_after_normalize
Remko Pasveer,Remko Pasveer,PSV,2014,1.0,1.0,1.0,1.0,exact_after_normalize
Jorrit Hendrix,Jorrit Hendrix,PSV,2014,1.0,1.0,1.0,1.0,exact_after_normalize
Abel Tamata,Abel Tamata,PSV,2014,1.0,1.0,1.0,1.0,exact_after_normalize
Stijn Schaars,Stijn Schaars,PSV,2014,1.0,1.0,1.0,1.0,exact_after_normalize
Jeffrey Bruma,Jeffrey Bruma,PSV,2014,1.0,1.0,1.0,1.0,exact_after_normalize
Florian Jozefzoon,Florian Jozefzoon,PSV,2014,1.0,1.0,1.0,1.0,exact_after_normalize
Adam Maher,Adam Maher,PSV,2014,1.0,1.0,1.0,1.0,exact_after_normalize
Aleksandar Boljević,Aleksandar Boljevic,PSV,2014,0.8182,1.0,1.0,1.0,exact_after_normalize
Bruno Andrade,Bruno Andrade,Willem II,2014,1.0,1.0,1.0,1.0,exact_after_normalize
Ricardo Ippel,Ricardo Ippel,Willem II,2014,1.0,1.0,1.0,1.0,exact_after_normalize
Ali Messaoud,Ali Messaoud,Willem II,2014,1.0,1.0,1.0,1.0,exact_after_normalize
Robbie Haemhouts,Robbie Haemhouts,Willem II,2014,1.0,1.0,1.0,1.0,exact_after_normalize
Renan Zanelli,Renan Zanelli,Willem II,2014,1.0,1.0,1.0,1.0,exact_after_normalize
Frenkie de Jong,Frenkie de Jong,Willem II,2014,1.0,1.0,1.0,1.0,exact_after_normalize
Samuel Armenteros,Samuel Armenteros,Willem II,2014,1.0,1.0,1.0,1.0,exact_after_normalize
Stijn Wuytens,Stijn Wuytens,Willem II,2014,1.0,1.0,1.0,1.0,exact_after_normalize
Freek Heerkens,Freek Heerkens,Willem II,2014,1.0,1.0,1.0,1.0,exact_after_normalize
Ben Sahar,Ben Sahar,Willem II,2014,1.0,1.0,1.0,1.0,exact_after_normalize
Mitchell Dijks,Mitchell Dijks,Willem II,2014,1.0,1.0,1.0,1.0,exact_after_normalize
Dries Wuytens,Dries Wuytens,Willem II,2014,1.0,1.0,1.0,1.0,exact_after_normalize
Jordens Peters,Jordens Peters,Willem II,2014,1.0,1.0,1.0,1.0,exact_after_normalize
Jerson Cabral,Jerson Cabral,Willem II,2014,1.0,1.0,1.0,1.0,exact_after_normalize
Terell Ondaan,Terell Ondaan,Willem II,2014,1.0,1.0,1.0,1.0,exact_after_normalize
Robert Braber,Robert Braber,Willem II,2014,1.0,1.0,1.0,1.0,exact_after_normalize
Frank van der Struijk,Frank van der Struijk,Willem II,2014,1.0,1.0,1.0,1.0,exact_after_normalize
Charlton Vicento,Charlton Vicento,Willem II,2014,1.0,1.0,1.0,1.0,exact_after_normalize
Wiljan Pluim,Wiljan Pluim,Willem II,2014,1.0,1.0,1.0,1.0,exact_after_normalize
Jonas Heymans,Jonas Heymans,Willem II,2014,1.0,1.0,1.0,1.0,exact_after_normalize
Kostas Lamprou,Kostas Lamprou,Willem II,2014,1.0,1.0,1.0,1.0,exact_after_normalize
David Meul,David Meul,Willem II,2014,1.0,1.0,1.0,1.0,exact_after_normalize
Tim Cornelisse,Tim Cornelisse,Willem II,2014,1.0,1.0,1.0,1.0,exact_after_normalize
Fabian Sporkslede,Fabian Sporkslede,Willem II,2014,1.0,1.0,1.0,1.0,exact_after_normalize
Kelvin Leerdam,Kelvin Leerdam,Vitesse,2014,1.0,1.0,1.0,1.0,exact_after_normalize
Piet Velthuizen,Piet Velthuizen,Vitesse,2014,1.0,1.0,1.0,1.0,exact_after_normalize
Marvelous Nakamba,Marvelous Nakamba,Vitesse,2014,1.0,1.0,1.0,1.0,exact_after_normalize
Rochdi Achenteh,Rochdi Achenteh,Vitesse,2014,1.0,1.0,1.0,1.0,exact_after_normalize
Davy Pröpper,Davy Pröpper,Vitesse,2014,1.0,1.0,1.0,1.0,exact_after_normalize
Abiola Dauda,Abiola Dauda,Vitesse,2014,1.0,1.0,1.0,1.0,exact_after_normalize
Guram Kashia,Guram Kashia,Vitesse,2014,1.0,1.0,1.0,1.0,exact_after_normalize
Bertrand Traoré,Bertrand Traoré,Vitesse,2014,1.0,1.0,1.0,1.0,exact_after_normalize
Renato Ibarra,Renato Ibarra,Vitesse,2014,1.0,1.0,1.0,1.0,exact_after_normalize
Wallace Oliveira,Wallace Oliveira,Vitesse,2014,1.0,1.0,1.0,1.0,exact_after_normalize
Jan-Arie van der Heijden,Jan-Arie van der Heijden,Vitesse,2014,1.0,1.0,1.0,1.0,exact_after_normalize
Eloy Room,Eloy Room,Vitesse,2014,1.0,1.0,1.0,1.0,exact_after_normalize
Josh McEachran,Josh McEachran,Vitesse,2014,1.0,1.0,1.0,1.0,exact_after_normalize
Zakaria Labyad,Zakaria Labyad,Vitesse,2014,1.0,1.0,1.0,1.0,exact_after_normalize
Kevin Diks,Kevin Diks,Vitesse,2014,1.0,1.0,1.0,1.0,exact_after_normalize
Arnold Kruiswijk,Arnold Kruiswijk,Vitesse,2014,1.0,1.0,1.0,1.0,exact_after_normalize
Valeri Qazaishvili,Valeri Qazaishvili,Vitesse,2014,1.0,1.0,1.0,1.0,exact_after_normalize
Gino Bosz,Gino Bosz,Vitesse,2014,1.0,1.0,1.0,1.0,exact_after_normalize
Marko Vejinović,Marko Vejinovic,Vitesse,2014,0.7778,1.0,1.0,1.0,exact_after_normalize
Nick Viergever,Nick Viergever,Ajax,2014,1.0,1.0,1.0,1.0,exact_after_normalize
Anwar El Ghazi,Anwar El Ghazi,Ajax,2014,1.0,1.0,1.0,1.0,exact_after_normalize
Daley Sinkgraven,Daley Sinkgraven,Ajax,2014,1.0,1.0,1.0,1.0,exact_after_normalize
Niklas Moisander,Niklas Moisander,Ajax,2014,1.0,1.0,1.0,1.0,exact_after_normalize
Daley Blind,Daley Blind,Ajax,2014,1.0,1.0,1.0,1.0,exact_after_normalize
Lasse Schöne,Lasse Schöne,Ajax,2014,1.0,1.0,1.0,1.0,exact_after_normalize
Ricardo Kishna,Ricardo Kishna,Ajax,2014,1.0,1.0,1.0,1.0,exact_after_normalize
Viktor Fischer,Viktor Fischer,Ajax,2014,1.0,1.0,1.0,1.0,exact_after_normalize
Riechedly Bazoer,Riechedly Bazoer,Ajax,2014,1.0,1.0,1.0,1.0,exact_after_normalize
Ruben Ligeon,Ruben Ligeon,Ajax,2014,1.0,1.0,1.0,1.0,exact_after_normalize
Thulani Serero,Thulani Serero,Ajax,2014,1.0,1.0,1.0,1.0,exact_after_normalize
Diederik Boer,Diederik Boer,Ajax,2014,1.0,1.0,1.0,1.0,exact_after_normalize
Kenny Tete,Kenny Tete,Ajax,2014,1.0,1.0,1.0,1.0,exact_after_normalize
Niki Zimling,Niki Zimling,Ajax,2014,1.0,1.0,1.0,1.0,exact_after_normalize
Joël Veltman,Joël Veltman,Ajax,2014,1.0,1.0,1.0,1.0,exact_after_normalize
Lerin Duarte,Lerin Duarte,Ajax,2014,1.0,1.0,1.0,1.0,exact_after_normalize
Mike van der Hoorn,Mike van der Hoorn,Ajax,2014,1.0,1.0,1.0,1.0,exact_after_normalize
Nicolai Boilesen,Nicolai Boilesen,Ajax,2014,1.0,1.0,1.0,1.0,exact_after_normalize
Stefano Denswil,Stefano Denswil,Ajax,2014,1.0,1.0,1.0,1.0,exact_after_normalize
Arkadiusz Milik,Arkadiusz Milik,Ajax,2014,1.0,1.0,1.0,1.0,exact_after_normalize
Kenneth Vermeer,Kenneth Vermeer,Ajax,2014,1.0,1.0,1.0,1.0,exact_after_normalize
Lucas Andersen,Lucas Andersen,Ajax,2014,1.0,1.0,1.0,1.0,exact_after_normalize
Jasper Cillessen,Jasper Cillessen,Ajax,2014,1.0,1.0,1.0,1.0,exact_after_normalize
Ricardo van Rhijn,Ricardo van Rhijn,Ajax,2014,1.0,1.0,1.0,1.0,exact_after_normalize
Davy Klaassen,Davy Klaassen,Ajax,2014,1.0,1.0,1.0,1.0,exact_after_normalize
Queensy Menig,Queensy Menig,Ajax,2014,1.0,1.0,1.0,1.0,exact_after_normalize
Jaïro Riedewald,Jairo Riedewald,Ajax,2014,0.6842,1.0,1.0,1.0,exact_after_normalize
Richairo Živković,Richairo Zivkovic,Ajax,2014,0.5652,1.0,1.0,1.0,exact_after_normalize
Lars Hutten,Lars Hutten,Excelsior,2014,1.0,1.0,1.0,1.0,exact_after_normalize
Jeff Stans,Jeff Stans,Excelsior,2014,1.0,1.0,1.0,1.0,exact_after_normalize
Daryl van Mieghem,Daryl van Mieghem,Excelsior,2014,1.0,1.0,1.0,1.0,exact_after_normalize
Bas Kuipers,Bas Kuipers,Excelsior,2014,1.0,1.0,1.0,1.0,exact_after_normalize
Cedric Badjeck,Cedric Badjeck,Excelsior,2014,1.0,1.0,1.0,1.0,exact_after_normalize
Rick Kruys,Rick Kruys,Excelsior,2014,1.0,1.0,1.0,1.0,exact_after_normalize
Alessandro Damen,Alessandro Damen,Excelsior,2014,1.0,1.0,1.0,1.0,exact_after_normalize
Jurgen Mattheij,Jurgen Mattheij,Excelsior,2014,1.0,1.0,1.0,1.0,exact_after_normalize
Kevin Vermeulen,Kevin Vermeulen,Excelsior,2014,1.0,1.0,1.0,1.0,exact_after_normalize
Toni Varela,Toni Varela,Excelsior,2014,1.0,1.0,1.0,1.0,exact_after_normalize
Sander Fischer,Sander Fischer,Excelsior,2014,1.0,1.0,1.0,1.0,exact_after_normalize
Khalid Karami,Khalid Karami,Excelsior,2014,1.0,1.0,1.0,1.0,exact_after_normalize
Tom van Weert,Tom van Weert,Excelsior,2014,1.0,1.0,1.0,1.0,exact_after_normalize
Carlo de Reuver,Carlo de Reuver,Excelsior,2014,1.0,1.0,1.0,1.0,exact_after_normalize
Elso Brito,Elso Brito,Excelsior,2014,1.0,1.0,1.0,1.0,exact_after_normalize
Daan Bovenberg,Daan Bovenberg,Excelsior,2014,1.0,1.0,1.0,1.0,exact_after_normalize
Jordy Deckers,Jordy Deckers,Excelsior,2014,1.0,1.0,1.0,1.0,exact_after_normalize
Ninos Gouriye,Ninos Gouriye,Excelsior,2014,1.0,1.0,1.0,1.0,exact_after_normalize
Gino Coutinho,Gino Coutinho,Excelsior,2014,1.0,1.0,1.0,1.0,exact_after_normalize
Adil Auassar,Adil Auassar,Excelsior,2014,1.0,1.0,1.0,1.0,exact_after_normalize
Jordan Botaka,Jordan Botaka,Excelsior,2014,1.0,1.0,1.0,1.0,exact_after_normalize
Kevin van Diermen,Kevin van Diermen,Excelsior,2014,1.0,1.0,1.0,1.0,exact_after_normalize
Luigi Bruins,Luigi Bruins,Excelsior,2014,1.0,1.0,1.0,1.0,exact_after_normalize
Marko Maletić,Marko Maletic,Excelsior,2014,0.7143,1.0,1.0,1.0,exact_after_normalize
Simon Poulsen,Simon Poulsen,AZ,2014,1.0,1.0,1.0,1.0,exact_after_normalize
Jan Wuytens,Jan Wuytens,AZ,2014,1.0,1.0,1.0,1.0,exact_after_normalize
Wesley Hoedt,Wesley Hoedt,AZ,2014,1.0,1.0,1.0,1.0,exact_after_normalize
Jeffrey Gouweleeuw,Jeffrey Gouweleeuw,AZ,2014,1.0,1.0,1.0,1.0,exact_after_normalize
Celso Ortiz,Celso Ortiz,AZ,2014,1.0,1.0,1.0,1.0,exact_after_normalize
Djavan Anderson,Djavan Anderson,AZ,2014,1.0,1.0,1.0,1.0,exact_after_normalize
Viktor Elm,Viktor Elm,AZ,2014,1.0,1.0,1.0,1.0,exact_after_normalize
Mattias Johansson,Mattias Johansson,AZ,2014,1.0,1.0,1.0,1.0,exact_after_normalize
Dirk Marcellis,Dirk Marcellis,AZ,2014,1.0,1.0,1.0,1.0,exact_after_normalize
Thom Haye,Thom Haye,AZ,2014,1.0,1.0,1.0,1.0,exact_after_normalize
Nemanja Gudelj,Nemanja Gudelj,AZ,2014,1.0,1.0,1.0,1.0,exact_after_normalize
Sergio Rochet,Sergio Rochet,AZ,2014,1.0,1.0,1.0,1.0,exact_after_normalize
Robert Mühren,Robert Mühren,AZ,2014,1.0,1.0,1.0,1.0,exact_after_normalize
Mikhail Rosheuvel,Mikhail Rosheuvel,AZ,2014,1.0,1.0,1.0,1.0,exact_after_normalize
Guus Hupperts,Guus Hupperts,AZ,2014,1.0,1.0,1.0,1.0,exact_after_normalize
Esteban Alvarado,Esteban Alvarado,AZ,2014,1.0,1.0,1.0,1.0,exact_after_normalize
Steven Berghuis,Steven Berghuis,AZ,2014,1.0,1.0,1.0,1.0,exact_after_normalize
Dabney dos Santos,Dabney dos Santos,AZ,2014,1.0,1.0,1.0,1.0,exact_after_normalize
Stijn Spierings,Stijn Spierings,AZ,2014,1.0,1.0,1.0,1.0,exact_after_normalize
Aron Jóhannsson,Aron Jóhannsson,AZ,2014,1.0,1.0,1.0,1.0,exact_after_normalize
Ridgeciano Haps,Ridgeciano Haps,AZ,2014,1.0,1.0,1.0,1.0,exact_after_normalize
Derrick Luckassen,Derrick Luckassen,AZ,2014,1.0,1.0,1.0,1.0,exact_after_normalize
Markus Henriksen,Markus Henriksen,AZ,2014,1.0,1.0,1.0,1.0,exact_after_normalize
Muamer Tanković,Muamer Tankovic,AZ,2014,0.7778,1.0,1.0,1.0,exact_after_normalize
Dion Malone,Dion Malone,ADO Den Haag,2014,1.0,1.0,1.0,1.0,exact_after_normalize
Tyronne Ebuehi,Tyronne Ebuehi,ADO Den Haag,2014,1.0,1.0,1.0,1.0,exact_after_normalize
Aaron Meijers,Aaron Meijers,ADO Den Haag,2014,1.0,1.0,1.0,1.0,exact_after_normalize
Martin Hansen,Martin Hansen,ADO Den Haag,2014,1.0,1.0,1.0,1.0,exact_after_normalize
Guy Smith,Guy Smith,ADO Den Haag,2014,1.0,1.0,1.0,1.0,exact_after_normalize
Timothy Derijck,Timothy Derijck,ADO Den Haag,2014,1.0,1.0,1.0,1.0,exact_after_normalize
Kevin Jansen,Kevin Jansen,ADO Den Haag,2014,1.0,1.0,1.0,1.0,exact_after_normalize
Gianni Zuiverloon,Gianni Zuiverloon,ADO Den Haag,2014,1.0,1.0,1.0,1.0,exact_after_normalize
Vito Wormgoor,Vito Wormgoor,ADO Den Haag,2014,1.0,1.0,1.0,1.0,exact_after_normalize
Mike van Duinen,Mike van Duinen,ADO Den Haag,2014,1.0,1.0,1.0,1.0,exact_after_normalize
Hector Hevel,Hector Hevel,ADO Den Haag,2014,1.0,1.0,1.0,1.0,exact_after_normalize
Oleksandr Yakovenko,Oleksandr Yakovenko,ADO Den Haag,2014,1.0,1.0,1.0,1.0,exact_after_normalize
Gervane Kastaneer,Gervane Kastaneer,ADO Den Haag,2014,1.0,1.0,1.0,1.0,exact_after_normalize
Michiel Kramer,Michiel Kramer,ADO Den Haag,2014,1.0,1.0,1.0,1.0,exact_after_normalize
Mitchell de Vlugt,Mitchell de Vlugt,ADO Den Haag,2014,1.0,1.0,1.0,1.0,exact_after_normalize
Robert Zwinkels,Robert Zwinkels,ADO Den Haag,2014,1.0,1.0,1.0,1.0,exact_after_normalize
Mathias Gehrt,Mathias Gehrt,ADO Den Haag,2014,1.0,1.0,1.0,1.0,exact_after_normalize
Wilfried Kanon,Wilfried Kanon,ADO Den Haag,2014,1.0,1.0,1.0,1.0,exact_after_normalize
Xander Houtkoop,Xander Houtkoop,ADO Den Haag,2014,1.0,1.0,1.0,1.0,exact_after_normalize
Roland Alberg,Roland Alberg,ADO Den Haag,2014,1.0,1.0,1.0,1.0,exact_after_normalize
Mitchell Schet,Mitchell Schet,ADO Den Haag,2014,1.0,1.0,1.0,1.0,exact_after_normalize
Thomas Kristensen,Thomas Kristensen,ADO Den Haag,2014,1.0,1.0,1.0,1.0,exact_after_normalize
Papito Merencia,Papito Merencia,ADO Den Haag,2014,1.0,1.0,1.0,1.0,exact_after_normalize
Segun Owobowale,Segun Owobowale,ADO Den Haag,2014,1.0,1.0,1.0,1.0,exact_after_normalize
Danny Bakker,Danny Bakker,ADO Den Haag,2014,1.0,1.0,1.0,1.0,exact_after_normalize
Wilson Eduardo,Wilson Eduardo,ADO Den Haag,2014,1.0,1.0,1.0,1.0,exact_after_normalize
Thomas Lam,Thomas Lam,PEC Zwolle,2014,1.0,1.0,1.0,1.0,exact_after_normalize
Warner Hahn,Warner Hahn,PEC Zwolle,2014,1.0,1.0,1.0,1.0,exact_after_normalize
Thanasis Karagounis,Thanasis Karagounis,PEC Zwolle,2014,1.0,1.0,1.0,1.0,exact_after_normalize
Dimitrios Ferfelis,Dimitrios Ferfelis,PEC Zwolle,2014,1.0,1.0,1.0,1.0,exact_after_normalize
Jesper Drost,Jesper Drost,PEC Zwolle,2014,1.0,1.0,1.0,1.0,exact_after_normalize
Eli Babalj,Eli Babalj,PEC Zwolle,2014,1.0,1.0,1.0,1.0,exact_after_normalize
Diederik Boer,Diederik Boer,PEC Zwolle,2014,1.0,1.0,1.0,1.0,exact_after_normalize
Max de Boom,Max de Boom,PEC Zwolle,2014,1.0,1.0,1.0,1.0,exact_after_normalize
Wout Brama,Wout Brama,PEC Zwolle,2014,1.0,1.0,1.0,1.0,exact_after_normalize
Sheraldo Becker,Sheraldo Becker,PEC Zwolle,2014,1.0,1.0,1.0,1.0,exact_after_normalize
Kingsley Ehizibue,Kingsley Ehizibue,PEC Zwolle,2014,1.0,1.0,1.0,1.0,exact_after_normalize
Bart van Hintum,Bart van Hintum,PEC Zwolle,2014,1.0,1.0,1.0,1.0,exact_after_normalize
Mustafa Saymak,Mustafa Saymak,PEC Zwolle,2014,1.0,1.0,1.0,1.0,exact_after_normalize
Joost Broerse,Joost Broerse,PEC Zwolle,2014,1.0,1.0,1.0,1.0,exact_after_normalize
Maikel van der Werff,Maikel van der Werff,PEC Zwolle,2014,1.0,1.0,1.0,1.0,exact_after_normalize
Jody Lukoki,Jody Lukoki,PEC Zwolle,2014,1.0,1.0,1.0,1.0,exact_after_normalize
Stef Nijland,Stef Nijland,PEC Zwolle,2014,1.0,1.0,1.0,1.0,exact_after_normalize
Rick Dekker,Rick Dekker,PEC Zwolle,2014,1.0,1.0,1.0,1.0,exact_after_normalize
Ryan Thomas,Ryan Thomas,PEC Zwolle,2014,1.0,1.0,1.0,1.0,exact_after_normalize
Bram van Polen,Bram van Polen,PEC Zwolle,2014,1.0,1.0,1.0,1.0,exact_after_normalize
Steven Pereira,Steven Pereira,PEC Zwolle,2014,1.0,1.0,1.0,1.0,exact_after_normalize
Aleksandar Bjelica,Aleksandar Bjelica,PEC Zwolle,2014,1.0,1.0,1.0,1.0,exact_after_normalize
Ben Rienstra,Ben Rienstra,PEC Zwolle,2014,1.0,1.0,1.0,1.0,exact_after_normalize
Soufian Moro,Soufian Moro,PEC Zwolle,2014,1.0,1.0,1.0,1.0,exact_after_normalize
Trent Sainsbury,Trent Sainsbury,PEC Zwolle,2014,1.0,1.0,1.0,1.0,exact_after_normalize
Tomáš Necid,Tomás Necid,PEC Zwolle,2014,0.7143,1.0,1.0,1.0,exact_after_normalize
Simon Cziommer,Simon Cziommer,Heracles Almelo,2014,1.0,1.0,1.0,1.0,exact_after_normalize
Brahim Darri,Brahim Darri,Heracles Almelo,2014,1.0,1.0,1.0,1.0,exact_after_normalize
Mark Engberink,Mark Engberink,Heracles Almelo,2014,1.0,1.0,1.0,1.0,exact_after_normalize
Edwin Gyasi,Edwin Gyasi,Heracles Almelo,2014,1.0,1.0,1.0,1.0,exact_after_normalize
Bas Sibum,Bas Sibum,Heracles Almelo,2014,1.0,1.0,1.0,1.0,exact_after_normalize
Daan Rienstra,Daan Rienstra,Heracles Almelo,2014,1.0,1.0,1.0,1.0,exact_after_normalize
Bram Castro,Bram Castro,Heracles Almelo,2014,1.0,1.0,1.0,1.0,exact_after_normalize
Ramon Zomer,Ramon Zomer,Heracles Almelo,2014,1.0,1.0,1.0,1.0,exact_after_normalize
Tim Breukers,Tim Breukers,Heracles Almelo,2014,1.0,1.0,1.0,1.0,exact_after_normalize
Joey Pelupessy,Joey Pelupessy,Heracles Almelo,2014,1.0,1.0,1.0,1.0,exact_after_normalize
Bart Schenkeveld,Bart Schenkeveld,Heracles Almelo,2014,1.0,1.0,1.0,1.0,exact_after_normalize
Jaroslav Navrátil,Jaroslav Navrátil,Heracles Almelo,2014,1.0,1.0,1.0,1.0,exact_after_normalize
Iliass Bel Hassani,Iliass Bel Hassani,Heracles Almelo,2014,1.0,1.0,1.0,1.0,exact_after_normalize
Wout Weghorst,Wout Weghorst,Heracles Almelo,2014,1.0,1.0,1.0,1.0,exact_after_normalize
Mike te Wierik,Mike te Wierik,Heracles Almelo,2014,1.0,1.0,1.0,1.0,exact_after_normalize
Mark-Jan Fledderus,Mark-Jan Fledderus,Heracles Almelo,2014,1.0,1.0,1.0,1.0,exact_after_normalize
Oussama Tannane,Oussama Tannane,Heracles Almelo,2014,1.0,1.0,1.0,1.0,exact_after_normalize
Thomas Bruns,Thomas Bruns,Heracles Almelo,2014,1.0,1.0,1.0,1.0,exact_after_normalize
Fahd Aktaou,Fahd Aktaou,Heracles Almelo,2014,1.0,1.0,1.0,1.0,exact_after_normalize
Bryan Linssen,Bryan Linssen,Heracles Almelo,2014,1.0,1.0,1.0,1.0,exact_after_normalize
Dennis Telgenkamp,Dennis Telgenkamp,Heracles Almelo,2014,1.0,1.0,1.0,1.0,exact_after_normalize
Jeroen Veldmate,Jeroen Veldmate,Heracles Almelo,2014,1.0,1.0,1.0,1.0,exact_after_normalize
Milano Koenders,Milano Koenders,Heracles Almelo,2014,1.0,1.0,1.0,1.0,exact_after_normalize
Dragan Paljić,Dragan Paljic,Heracles Almelo,2014,0.75,1.0,1.0,1.0,exact_after_normalize
Denni Avdić,Denni Avdic,Heracles Almelo,2014,0.7143,1.0,1.0,1.0,exact_after_normalize
Dario Vujičević,Dario Vujicevic,Heracles Almelo,2014,0.5238,1.0,1.0,1.0,exact_after_normalize
Lesly de Sa,Lesly de Sa,Go Ahead Eagles,2014,1.0,1.0,1.0,1.0,exact_after_normalize
Bart Vriends,Bart Vriends,Go Ahead Eagles,2014,1.0,1.0,1.0,1.0,exact_after_normalize
Marnix Kolder,Marnix Kolder,Go Ahead Eagles,2014,1.0,1.0,1.0,1.0,exact_after_normalize
Alex Schalk,Alex Schalk,Go Ahead Eagles,2014,1.0,1.0,1.0,1.0,exact_after_normalize
Xandro Schenk,Xandro Schenk,Go Ahead Eagles,2014,1.0,1.0,1.0,1.0,exact_after_normalize
Lars Lambooij,Lars Lambooij,Go Ahead Eagles,2014,1.0,1.0,1.0,1.0,exact_after_normalize
Jules Reimerink,Jules Reimerink,Go Ahead Eagles,2014,1.0,1.0,1.0,1.0,exact_after_normalize
Erik Cummins,Erik Cummins,Go Ahead Eagles,2014,1.0,1.0,1.0,1.0,exact_after_normalize
Jeffrey Rijsdijk,Jeffrey Rijsdijk,Go Ahead Eagles,2014,1.0,1.0,1.0,1.0,exact_after_normalize
Sander Duits,Sander Duits,Go Ahead Eagles,2014,1.0,1.0,1.0,1.0,exact_after_normalize
Fernando Lewis,Fernando Lewis,Go Ahead Eagles,2014,1.0,1.0,1.0,1.0,exact_after_normalize
Giliano Wijnaldum,Giliano Wijnaldum,Go Ahead Eagles,2014,1.0,1.0,1.0,1.0,exact_after_normalize
Wesley Verhoek,Wesley Verhoek,Go Ahead Eagles,2014,1.0,1.0,1.0,1.0,exact_after_normalize
Peter van Ooijen,Peter van Ooijen,Go Ahead Eagles,2014,1.0,1.0,1.0,1.0,exact_after_normalize
Glynor Plet,Glynor Plet,Go Ahead Eagles,2014,1.0,1.0,1.0,1.0,exact_after_normalize
Mickey van der Hart,Mickey van der Hart,Go Ahead Eagles,2014,1.0,1.0,1.0,1.0,exact_after_normalize
Mawouna Amevor,Mawouna Amevor,Go Ahead Eagles,2014,1.0,1.0,1.0,1.0,exact_after_normalize
Teije ten Den,Teije ten Den,Go Ahead Eagles,2014,1.0,1.0,1.0,1.0,exact_after_normalize
Jop van der Linden,Jop van der Linden,Go Ahead Eagles,2014,1.0,1.0,1.0,1.0,exact_after_normalize
Nick de Bondt,Nick de Bondt,Go Ahead Eagles,2014,1.0,1.0,1.0,1.0,exact_after_normalize
Sven Nieuwpoort,Sven Nieuwpoort,Go Ahead Eagles,2014,1.0,1.0,1.0,1.0,exact_after_normalize
Sjoerd Overgoor,Sjoerd Overgoor,Go Ahead Eagles,2014,1.0,1.0,1.0,1.0,exact_after_normalize
Deniz Turuc,Deniz Türüç,Go Ahead Eagles,2014,0.4118,1.0,1.0,1.0,exact_after_normalize
Javier Vet,Javier Vet,Dordrecht,2014,1.0,1.0,1.0,1.0,exact_after_normalize
Rick ten Voorde,Rick ten Voorde,Dordrecht,2014,1.0,1.0,1.0,1.0,exact_after_normalize
Josimar Lima,Josimar Lima,Dordrecht,2014,1.0,1.0,1.0,1.0,exact_after_normalize
Ricky van Haaren,Ricky van Haaren,Dordrecht,2014,1.0,1.0,1.0,1.0,exact_after_normalize
Ilias Haddad,Ilias Haddad,Dordrecht,2014,1.0,1.0,1.0,1.0,exact_after_normalize
Erixon Danso,Erixon Danso,Dordrecht,2014,1.0,1.0,1.0,1.0,exact_after_normalize
Rihairo Meulens,Rihairo Meulens,Dordrecht,2014,1.0,1.0,1.0,1.0,exact_after_normalize
Sai van Wermeskerken,Sai van Wermeskerken,Dordrecht,2014,1.0,1.0,1.0,1.0,exact_after_normalize
Giovanni Korte,Giovanni Korte,Dordrecht,2014,1.0,1.0,1.0,1.0,exact_after_normalize
Everon Pisas,Everon Pisas,Dordrecht,2014,1.0,1.0,1.0,1.0,exact_after_normalize
Joris van Overeem,Joris van Overeem,Dordrecht,2014,1.0,1.0,1.0,1.0,exact_after_normalize
Robbert te Loeke,Robbert te Loeke,Dordrecht,2014,1.0,1.0,1.0,1.0,exact_after_normalize
Anthony Biekman,Anthony Biekman,Dordrecht,2014,1.0,1.0,1.0,1.0,exact_after_normalize
Andwélé Slory,Andwélé Slory,Dordrecht,2014,1.0,1.0,1.0,1.0,exact_after_normalize
Mart Lieder,Mart Lieder,Dordrecht,2014,1.0,1.0,1.0,1.0,exact_after_normalize
Fernando Lewis,Fernando Lewis,Dordrecht,2014,1.0,1.0,1.0,1.0,exact_after_normalize
William Troost-Ekong,William Troost-Ekong,Dordrecht,2014,1.0,1.0,1.0,1.0,exact_after_normalize
Adnan Alisic,Adnan Alisic,Dordrecht,2014,1.0,1.0,1.0,1.0,exact_after_normalize
Robin Gosens,Robin Gosens,Dordrecht,2014,1.0,1.0,1.0,1.0,exact_after_normalize
Filip Kurto,Filip Kurto,Dordrecht,2014,1.0,1.0,1.0,1.0,exact_after_normalize
Funso Ojo,Funso Ojo,Dordrecht,2014,1.0,1.0,1.0,1.0,exact_after_normalize
Jeffry Fortes,Jeffry Fortes,Dordrecht,2014,1.0,1.0,1.0,1.0,exact_after_normalize
Marvin Peersman,Marvin Peersman,Dordrecht,2014,1.0,1.0,1.0,1.0,exact_after_normalize
Matthew Steenvoorden,Matthew Steenvoorden,Dordrecht,2014,1.0,1.0,1.0,1.0,exact_after_normalize
Sean Klaiber,Sean Klaiber,Dordrecht,2014,1.0,1.0,1.0,1.0,exact_after_normalize
Jordy van Deelen,Jordy van Deelen,Dordrecht,2014,1.0,1.0,1.0,1.0,exact_after_normalize
Ryan Koolwijk,Ryan Koolwijk,Dordrecht,2014,1.0,1.0,1.0,1.0,exact_after_normalize
Noël Goossens,Noel Goossens,Dordrecht,2014,0.6471,1.0,1.0,1.0,exact_after_normalize
Sjoerd Overgoor,Sjoerd Overgoor,Cambuur,2015,1.0,1.0,1.0,1.0,exact_after_normalize
Mikhail Rosheuvel,Mikhail Rosheuvel,Cambuur,2015,1.0,1.0,1.0,1.0,exact_after_normalize
Omar el Baad,Omar El Baad,Cambuur,2015,1.0,1.0,1.0,1.0,exact_after_normalize
Kai Heerings,Kai Heerings,Cambuur,2015,1.0,1.0,1.0,1.0,exact_after_normalize
Etiënne Reijnen,Etiënne Reijnen,Cambuur,2015,1.0,1.0,1.0,1.0,exact_after_normalize
Noureddine Boutzamar,Noureddine Boutzamar,Cambuur,2015,1.0,1.0,1.0,1.0,exact_after_normalize
Marlon Pereira,Marlon Pereira,Cambuur,2015,1.0,1.0,1.0,1.0,exact_after_normalize
Valmir Berisha,Valmir Berisha,Cambuur,2015,1.0,1.0,1.0,1.0,exact_after_normalize
Sebastian Steblecki,Sebastian Steblecki,Cambuur,2015,1.0,1.0,1.0,1.0,exact_after_normalize
Harm Zeinstra,Harm Zeinstra,Cambuur,2015,1.0,1.0,1.0,1.0,exact_after_normalize
Ron Janzen,Ron Janzen,Cambuur,2015,1.0,1.0,1.0,1.0,exact_after_normalize
Xander Houtkoop,Xander Houtkoop,Cambuur,2015,1.0,1.0,1.0,1.0,exact_after_normalize
Djavan Anderson,Djavan Anderson,Cambuur,2015,1.0,1.0,1.0,1.0,exact_after_normalize
Jergé Hoefdraad,Jergé Hoefdraad,Cambuur,2015,1.0,1.0,1.0,1.0,exact_after_normalize
Wessel Dammers,Wessel Dammers,Cambuur,2015,1.0,1.0,1.0,1.0,exact_after_normalize
Kevin van Veen,Kevin van Veen,Cambuur,2015,1.0,1.0,1.0,1.0,exact_after_normalize
Rai Vloet,Rai Vloet,Cambuur,2015,1.0,1.0,1.0,1.0,exact_after_normalize
Leonard Nienhuis,Leonard Nienhuis,Cambuur,2015,1.0,1.0,1.0,1.0,exact_after_normalize
Jamiro Monteiro,Jamiro Monteiro,Cambuur,2015,1.0,1.0,1.0,1.0,exact_after_normalize
Marvin Peersman,Marvin Peersman,Cambuur,2015,1.0,1.0,1.0,1.0,exact_after_normalize
Jack Byrne,Jack Byrne,Cambuur,2015,1.0,1.0,1.0,1.0,exact_after_normalize
Darryl Lachman,Darryl Lachman,Cambuur,2015,1.0,1.0,1.0,1.0,exact_after_normalize
Calvin Mac-Intosch,Calvin Mac-Intosch,Cambuur,2015,1.0,1.0,1.0,1.0,exact_after_normalize
Martijn Barto,Martijn Barto,Cambuur,2015,1.0,1.0,1.0,1.0,exact_after_normalize
Erik Bakker,Erik Bakker,Cambuur,2015,1.0,1.0,1.0,1.0,exact_after_normalize
Tom Hiariej,Tom Hiariej,Cambuur,2015,1.0,1.0,1.0,1.0,exact_after_normalize
Bartholomew Ogbeche,Bartholomew Ogbeche,Cambuur,2015,1.0,1.0,1.0,1.0,exact_after_normalize
Sander van de Streek,Sander van de Streek,Cambuur,2015,1.0,1.0,1.0,1.0,exact_after_normalize
Martijn van der Laan,Martijn van der Laan,Cambuur,2015,1.0,1.0,1.0,1.0,exact_after_normalize
Dominik Mašek,Dominik Masek,Cambuur,2015,0.6471,1.0,1.0,1.0,exact_after_normalize
Gibril Sankoh,Gibril Sankoh,Roda JC,2015,1.0,1.0,1.0,1.0,exact_after_normalize
Henk Dijkhuizen,Henk Dijkhuizen,Roda JC,2015,1.0,1.0,1.0,1.0,exact_after_normalize
Jens van Son,Jens van Son,Roda JC,2015,1.0,1.0,1.0,1.0,exact_after_normalize
Martin Milec,Martin Milec,Roda JC,2015,1.0,1.0,1.0,1.0,exact_after_normalize
Farshad Noor,Farshad Noor,Roda JC,2015,1.0,1.0,1.0,1.0,exact_after_normalize
Maecky Ngombo,Maecky Ngombo,Roda JC,2015,1.0,1.0,1.0,1.0,exact_after_normalize
Marc Höcher,Marc Höcher,Roda JC,2015,1.0,1.0,1.0,1.0,exact_after_normalize
Marcos Gullón,Marcos Gullón,Roda JC,2015,1.0,1.0,1.0,1.0,exact_after_normalize
Rydell Poepon,Rydell Poepon,Roda JC,2015,1.0,1.0,1.0,1.0,exact_after_normalize
Rostyn Griffiths,Rostyn Griffiths,Roda JC,2015,1.0,1.0,1.0,1.0,exact_after_normalize
Tomi Juric,Tomi Juric,Roda JC,2015,1.0,1.0,1.0,1.0,exact_after_normalize
Arjan Swinkels,Arjan Swinkels,Roda JC,2015,1.0,1.0,1.0,1.0,exact_after_normalize
Mike van Duinen,Mike van Duinen,Roda JC,2015,1.0,1.0,1.0,1.0,exact_after_normalize
Bart Biemans,Bart Biemans,Roda JC,2015,1.0,1.0,1.0,1.0,exact_after_normalize
Anco Jansen,Anco Jansen,Roda JC,2015,1.0,1.0,1.0,1.0,exact_after_normalize
Edwin Gyasi,Edwin Gyasi,Roda JC,2015,1.0,1.0,1.0,1.0,exact_after_normalize
Tom Van Hyfte,Tom Van Hyfte,Roda JC,2015,1.0,1.0,1.0,1.0,exact_after_normalize
Richmond Boakye,Richmond Boakye,Roda JC,2015,1.0,1.0,1.0,1.0,exact_after_normalize
Martijn Monteyne,Martijn Monteyne,Roda JC,2015,1.0,1.0,1.0,1.0,exact_after_normalize
Daniel De Silva,Daniel De Silva,Roda JC,2015,1.0,1.0,1.0,1.0,exact_after_normalize
Rigino Cicilia,Rigino Cicilia,Roda JC,2015,1.0,1.0,1.0,1.0,exact_after_normalize
Tim Blättler,Tim Blättler,Roda JC,2015,1.0,1.0,1.0,1.0,exact_after_normalize
Jordy Buijs,Jordy Buijs,Roda JC,2015,1.0,1.0,1.0,1.0,exact_after_normalize
Georgy Zhukov,Georgy Zhukov,Roda JC,2015,1.0,1.0,1.0,1.0,exact_after_normalize
Brian Jacobs,Brian Jacobs,Roda JC,2015,1.0,1.0,1.0,1.0,exact_after_normalize
Daryl Werker,Daryl Werker,Roda JC,2015,1.0,1.0,1.0,1.0,exact_after_normalize
Benjamin van Leer,Benjamin van Leer,Roda JC,2015,1.0,1.0,1.0,1.0,exact_after_normalize
Hicham Faik,Hicham Faik,Roda JC,2015,1.0,1.0,1.0,1.0,exact_after_normalize
Kristoffer Peterson,Kristoffer Peterson,Roda JC,2015,1.0,1.0,1.0,1.0,exact_after_normalize
Ard van Peppen,Ard van Peppen,Roda JC,2015,1.0,1.0,1.0,1.0,exact_after_normalize
Nathan Rutjes,Nathan Rutjes,Roda JC,2015,1.0,1.0,1.0,1.0,exact_after_normalize
Uğur İnceman,Ugur Inceman,Roda JC,2015,0.625,1.0,1.0,1.0,exact_after_normalize
Yannick Cortie,Yannick Cortie,Utrecht,2015,1.0,1.0,1.0,1.0,exact_after_normalize
Mark van der Maarel,Mark van der Maarel,Utrecht,2015,1.0,1.0,1.0,1.0,exact_after_normalize
Andreas Ludwig,Andreas Ludwig,Utrecht,2015,1.0,1.0,1.0,1.0,exact_after_normalize
Filip Bednarek,Filip Bednarek,Utrecht,2015,1.0,1.0,1.0,1.0,exact_after_normalize
Rico Strieder,Rico Strieder,Utrecht,2015,1.0,1.0,1.0,1.0,exact_after_normalize
Timo Letschert,Timo Letschert,Utrecht,2015,1.0,1.0,1.0,1.0,exact_after_normalize
Kevin Conboy,Kevin Conboy,Utrecht,2015,1.0,1.0,1.0,1.0,exact_after_normalize
Mark Diemers,Mark Diemers,Utrecht,2015,1.0,1.0,1.0,1.0,exact_after_normalize
Sean Klaiber,Sean Klaiber,Utrecht,2015,1.0,1.0,1.0,1.0,exact_after_normalize
Kristoffer Peterson,Kristoffer Peterson,Utrecht,2015,1.0,1.0,1.0,1.0,exact_after_normalize
Issa Kallon,Issa Kallon,Utrecht,2015,1.0,1.0,1.0,1.0,exact_after_normalize
Giovanni Troupée,Giovanni Troupée,Utrecht,2015,1.0,1.0,1.0,1.0,exact_after_normalize
Yassin Ayoub,Yassin Ayoub,Utrecht,2015,1.0,1.0,1.0,1.0,exact_after_normalize
Louis Nganioni,Louis Nganioni,Utrecht,2015,1.0,1.0,1.0,1.0,exact_after_normalize
Sébastien Haller,Sébastien Haller,Utrecht,2015,1.0,1.0,1.0,1.0,exact_after_normalize
Sofyan Amrabat,Sofyan Amrabat,Utrecht,2015,1.0,1.0,1.0,1.0,exact_after_normalize
Bart Ramselaar,Bart Ramselaar,Utrecht,2015,1.0,1.0,1.0,1.0,exact_after_normalize
Willem Janssen,Willem Janssen,Utrecht,2015,1.0,1.0,1.0,1.0,exact_after_normalize
Patrick Joosten,Patrick Joosten,Utrecht,2015,1.0,1.0,1.0,1.0,exact_after_normalize
Robbin Ruiter,Robbin Ruiter,Utrecht,2015,1.0,1.0,1.0,1.0,exact_after_normalize
Christian Kum,Christian Kum,Utrecht,2015,1.0,1.0,1.0,1.0,exact_after_normalize
Ruud Boymans,Ruud Boymans,Utrecht,2015,1.0,1.0,1.0,1.0,exact_after_normalize
Darren Rosheuvel,Darren Rosheuvel,Utrecht,2015,1.0,1.0,1.0,1.0,exact_after_normalize
Nacer Barazite,Nacer Barazite,Utrecht,2015,1.0,1.0,1.0,1.0,exact_after_normalize
Ruben Ligeon,Ruben Ligeon,Utrecht,2015,1.0,1.0,1.0,1.0,exact_after_normalize
Ramon Leeuwin,Ramon Leeuwin,Utrecht,2015,1.0,1.0,1.0,1.0,exact_after_normalize
Rubio Rubin,Rubio Rubín,Utrecht,2015,0.5455,1.0,1.0,1.0,exact_after_normalize
Abel Tamata,Abel Tamata,Groningen,2015,1.0,1.0,1.0,1.0,exact_after_normalize
Johan Kappelhof,Johan Kappelhof,Groningen,2015,1.0,1.0,1.0,1.0,exact_after_normalize
Hedwiges Maduro,Hedwiges Maduro,Groningen,2015,1.0,1.0,1.0,1.0,exact_after_normalize
Rasmus Lindgren,Rasmus Lindgren,Groningen,2015,1.0,1.0,1.0,1.0,exact_after_normalize
Keziah Veendorp,Keziah Veendorp,Groningen,2015,1.0,1.0,1.0,1.0,exact_after_normalize
Etiënne Reijnen,Etiënne Reijnen,Groningen,2015,1.0,1.0,1.0,1.0,exact_after_normalize
Tom Hiariej,Tom Hiariej,Groningen,2015,1.0,1.0,1.0,1.0,exact_after_normalize
Simon Tibbling,Simon Tibbling,Groningen,2015,1.0,1.0,1.0,1.0,exact_after_normalize
Sergio Padt,Sergio Padt,Groningen,2015,1.0,1.0,1.0,1.0,exact_after_normalize
Lorenzo Burnet,Lorenzo Burnet,Groningen,2015,1.0,1.0,1.0,1.0,exact_after_normalize
Oussama Idrissi,Oussama Idrissi,Groningen,2015,1.0,1.0,1.0,1.0,exact_after_normalize
Bryan Linssen,Bryan Linssen,Groningen,2015,1.0,1.0,1.0,1.0,exact_after_normalize
Desevio Payne,Desevio Payne,Groningen,2015,1.0,1.0,1.0,1.0,exact_after_normalize
Alexander Sørloth,Alexander Sørloth,Groningen,2015,1.0,1.0,1.0,1.0,exact_after_normalize
Hans Hateboer,Hans Hateboer,Groningen,2015,1.0,1.0,1.0,1.0,exact_after_normalize
Jesper Drost,Jesper Drost,Groningen,2015,1.0,1.0,1.0,1.0,exact_after_normalize
Albert Rusnák,Albert Rusnák,Groningen,2015,1.0,1.0,1.0,1.0,exact_after_normalize
Michael de Leeuw,Michael de Leeuw,Groningen,2015,1.0,1.0,1.0,1.0,exact_after_normalize
Jarchinio Antonia,Jarchinio Antonia,Groningen,2015,1.0,1.0,1.0,1.0,exact_after_normalize
Mimoun Mahi,Mimoun Mahi,Groningen,2015,1.0,1.0,1.0,1.0,exact_after_normalize
Kasper Larsen,Kasper Larsen,Groningen,2015,1.0,1.0,1.0,1.0,exact_after_normalize
Juninho Bacuna,Juninho Bacuna,Groningen,2015,1.0,1.0,1.0,1.0,exact_after_normalize
Danny Hoesen,Danny Hoesen,Groningen,2015,1.0,1.0,1.0,1.0,exact_after_normalize
Renato Tapia,Renato Tapia,Feyenoord,2015,1.0,1.0,1.0,1.0,exact_after_normalize
Rick Karsdorp,Rick Karsdorp,Feyenoord,2015,1.0,1.0,1.0,1.0,exact_after_normalize
Lex Immers,Lex Immers,Feyenoord,2015,1.0,1.0,1.0,1.0,exact_after_normalize
Tonny Vilhena,Tonny Vilhena,Feyenoord,2015,1.0,1.0,1.0,1.0,exact_after_normalize
Jens Toornstra,Jens Toornstra,Feyenoord,2015,1.0,1.0,1.0,1.0,exact_after_normalize
Eljero Elia,Eljero Elia,Feyenoord,2015,1.0,1.0,1.0,1.0,exact_after_normalize
Karim El Ahmadi,Karim El Ahmadi,Feyenoord,2015,1.0,1.0,1.0,1.0,exact_after_normalize
Miquel Nelom,Miquel Nelom,Feyenoord,2015,1.0,1.0,1.0,1.0,exact_after_normalize
Sven van Beek,Sven van Beek,Feyenoord,2015,1.0,1.0,1.0,1.0,exact_after_normalize
Simon Gustafson,Simon Gustafson,Feyenoord,2015,1.0,1.0,1.0,1.0,exact_after_normalize
Anass Achahbar,Anass Achahbar,Feyenoord,2015,1.0,1.0,1.0,1.0,exact_after_normalize
Kenneth Vermeer,Kenneth Vermeer,Feyenoord,2015,1.0,1.0,1.0,1.0,exact_after_normalize
Jari Schuurman,Jari Schuurman,Feyenoord,2015,1.0,1.0,1.0,1.0,exact_after_normalize
Terence Kongolo,Terence Kongolo,Feyenoord,2015,1.0,1.0,1.0,1.0,exact_after_normalize
Bart Nieuwkoop,Bart Nieuwkoop,Feyenoord,2015,1.0,1.0,1.0,1.0,exact_after_normalize
Elvis Manu,Elvis Manu,Feyenoord,2015,1.0,1.0,1.0,1.0,exact_after_normalize
Jan-Arie van der Heijden,Jan-Arie van der Heijden,Feyenoord,2015,1.0,1.0,1.0,1.0,exact_after_normalize
Michiel Kramer,Michiel Kramer,Feyenoord,2015,1.0,1.0,1.0,1.0,exact_after_normalize
Nigel Robertha,Nigel Robertha,Feyenoord,2015,1.0,1.0,1.0,1.0,exact_after_normalize
Colin Kazim-Richards,Colin Kazim-Richards,Feyenoord,2015,1.0,1.0,1.0,1.0,exact_after_normalize
Marko Vejinović,Marko Vejinovic,Feyenoord,2015,0.7778,1.0,1.0,1.0,exact_after_normalize
Younes Namli,Younes Namli,Heerenveen,2015,1.0,1.0,1.0,1.0,exact_after_normalize
Joey van den Berg,Joey van den Berg,Heerenveen,2015,1.0,1.0,1.0,1.0,exact_after_normalize
Simon Thern,Simon Thern,Heerenveen,2015,1.0,1.0,1.0,1.0,exact_after_normalize
Lucas Bijker,Lucas Bijker,Heerenveen,2015,1.0,1.0,1.0,1.0,exact_after_normalize
Caner Cavlan,Caner Cavlan,Heerenveen,2015,1.0,1.0,1.0,1.0,exact_after_normalize
Stefano Marzo,Stefano Marzo,Heerenveen,2015,1.0,1.0,1.0,1.0,exact_after_normalize
Morten Thorsby,Morten Thorsby,Heerenveen,2015,1.0,1.0,1.0,1.0,exact_after_normalize
Kenny Otigba,Kenny Otigba,Heerenveen,2015,1.0,1.0,1.0,1.0,exact_after_normalize
Joost van Aken,Joost van Aken,Heerenveen,2015,1.0,1.0,1.0,1.0,exact_after_normalize
Sam Larsson,Sam Larsson,Heerenveen,2015,1.0,1.0,1.0,1.0,exact_after_normalize
Willem Huizing,Willem Huizing,Heerenveen,2015,1.0,1.0,1.0,1.0,exact_after_normalize
Jordy Buijs,Jordy Buijs,Heerenveen,2015,1.0,1.0,1.0,1.0,exact_after_normalize
Luciano Slagveer,Luciano Slagveer,Heerenveen,2015,1.0,1.0,1.0,1.0,exact_after_normalize
Tarik Kada,Tarik Kada,Heerenveen,2015,1.0,1.0,1.0,1.0,exact_after_normalize
Pele van Anholt,Pele van Anholt,Heerenveen,2015,1.0,1.0,1.0,1.0,exact_after_normalize
Mitchell te Vrede,Mitchell te Vrede,Heerenveen,2015,1.0,1.0,1.0,1.0,exact_after_normalize
Erwin Mulder,Erwin Mulder,Heerenveen,2015,1.0,1.0,1.0,1.0,exact_after_normalize
Branco van den Boomen,Branco van den Boomen,Heerenveen,2015,1.0,1.0,1.0,1.0,exact_after_normalize
Henk Veerman,Henk Veerman,Heerenveen,2015,1.0,1.0,1.0,1.0,exact_after_normalize
Luka Zahović,Luka Zahovic,Heerenveen,2015,0.7333,1.0,1.0,1.0,exact_after_normalize
Arber Zeneli,Arbër Zeneli,Heerenveen,2015,0.625,1.0,1.0,1.0,exact_after_normalize
Hakim Ziyech,Hakim Ziyech,Twente,2015,1.0,1.0,1.0,1.0,exact_after_normalize
Kamohelo Mokotjo,Kamohelo Mokotjo,Twente,2015,1.0,1.0,1.0,1.0,exact_after_normalize
Robbert Schilder,Robbert Schilder,Twente,2015,1.0,1.0,1.0,1.0,exact_after_normalize
Felipe Gutiérrez,Felipe Gutiérrez,Twente,2015,1.0,1.0,1.0,1.0,exact_after_normalize
Torgeir Børven,Torgeir Børven,Twente,2015,1.0,1.0,1.0,1.0,exact_after_normalize
Alessio da Cruz,Alessio da Cruz,Twente,2015,1.0,1.0,1.0,1.0,exact_after_normalize
Zakaria El Azzouzi,Zakaria El Azzouzi,Twente,2015,1.0,1.0,1.0,1.0,exact_after_normalize
Oskar Zawada,Oskar Zawada,Twente,2015,1.0,1.0,1.0,1.0,exact_after_normalize
Tim Hölscher,Tim Hölscher,Twente,2015,1.0,1.0,1.0,1.0,exact_after_normalize
Jesús Corona,Jesús Corona,Twente,2015,1.0,1.0,1.0,1.0,exact_after_normalize
Jeroen Van der Lely,Jeroen van der Lely,Twente,2015,1.0,1.0,1.0,1.0,exact_after_normalize
Michael Olaitan,Michael Olaitan,Twente,2015,1.0,1.0,1.0,1.0,exact_after_normalize
Joachim Andersen,Joachim Andersen,Twente,2015,1.0,1.0,1.0,1.0,exact_after_normalize
Peet Bijen,Peet Bijen,Twente,2015,1.0,1.0,1.0,1.0,exact_after_normalize
Vincent Schmidt,Vincent Schmidt,Twente,2015,1.0,1.0,1.0,1.0,exact_after_normalize
Stefan Thesker,Stefan Thesker,Twente,2015,1.0,1.0,1.0,1.0,exact_after_normalize
Thomas Agyepong,Thomas Agyepong,Twente,2015,1.0,1.0,1.0,1.0,exact_after_normalize
Jelle van der Heyden,Jelle van der Heyden,Twente,2015,1.0,1.0,1.0,1.0,exact_after_normalize
Shadrach Eghan,Shadrach Eghan,Twente,2015,1.0,1.0,1.0,1.0,exact_after_normalize
Jerson Cabral,Jerson Cabral,Twente,2015,1.0,1.0,1.0,1.0,exact_after_normalize
Jari Oosterwijk,Jari Oosterwijk,Twente,2015,1.0,1.0,1.0,1.0,exact_after_normalize
Renato Tapia,Renato Tapia,Twente,2015,1.0,1.0,1.0,1.0,exact_after_normalize
Chinedu Ede,Chinedu Ede,Twente,2015,1.0,1.0,1.0,1.0,exact_after_normalize
Hidde ter Avest,Hidde ter Avest,Twente,2015,1.0,1.0,1.0,1.0,exact_after_normalize
Bruno Uvini,Bruno Uvini,Twente,2015,1.0,1.0,1.0,1.0,exact_after_normalize
Nick Marsman,Nick Marsman,Twente,2015,1.0,1.0,1.0,1.0,exact_after_normalize
Joel Drommel,Joël Drommel,Twente,2015,0.6667,1.0,1.0,1.0,exact_after_normalize
Jeffrey Bruma,Jeffrey Bruma,PSV,2015,1.0,1.0,1.0,1.0,exact_after_normalize
Andrés Guardado,Andrés Guardado,PSV,2015,1.0,1.0,1.0,1.0,exact_after_normalize
Luciano Narsingh,Luciano Narsingh,PSV,2015,1.0,1.0,1.0,1.0,exact_after_normalize
Jordy de Wijs,Jordy de Wijs,PSV,2015,1.0,1.0,1.0,1.0,exact_after_normalize
Luuk de Jong,Luuk de Jong,PSV,2015,1.0,1.0,1.0,1.0,exact_after_normalize
Jeroen Zoet,Jeroen Zoet,PSV,2015,1.0,1.0,1.0,1.0,exact_after_normalize
Marco van Ginkel,Marco van Ginkel,PSV,2015,1.0,1.0,1.0,1.0,exact_after_normalize
Gastón Pereiro,Gastón Pereiro,PSV,2015,1.0,1.0,1.0,1.0,exact_after_normalize
Simon Poulsen,Simon Poulsen,PSV,2015,1.0,1.0,1.0,1.0,exact_after_normalize
Maxime Lestienne,Maxime Lestienne,PSV,2015,1.0,1.0,1.0,1.0,exact_after_normalize
Stijn Schaars,Stijn Schaars,PSV,2015,1.0,1.0,1.0,1.0,exact_after_normalize
Santiago Arias,Santiago Arias,PSV,2015,1.0,1.0,1.0,1.0,exact_after_normalize
Jorrit Hendrix,Jorrit Hendrix,PSV,2015,1.0,1.0,1.0,1.0,exact_after_normalize
Joshua Brenet,Joshua Brenet,PSV,2015,1.0,1.0,1.0,1.0,exact_after_normalize
Nicolas Isimat-Mirin,Nicolas Isimat-Mirin,PSV,2015,1.0,1.0,1.0,1.0,exact_after_normalize
Jürgen Locadia,Jürgen Locadia,PSV,2015,1.0,1.0,1.0,1.0,exact_after_normalize
Davy Pröpper,Davy Pröpper,PSV,2015,1.0,1.0,1.0,1.0,exact_after_normalize
Héctor Moreno,Héctor Moreno,PSV,2015,1.0,1.0,1.0,1.0,exact_after_normalize
Steven Bergwijn,Steven Bergwijn,PSV,2015,1.0,1.0,1.0,1.0,exact_after_normalize
Florian Jozefzoon,Florian Jozefzoon,PSV,2015,1.0,1.0,1.0,1.0,exact_after_normalize
Rai Vloet,Rai Vloet,PSV,2015,1.0,1.0,1.0,1.0,exact_after_normalize
Jetro Willems,Jetro Willems,PSV,2015,1.0,1.0,1.0,1.0,exact_after_normalize
Adam Maher,Adam Maher,PSV,2015,1.0,1.0,1.0,1.0,exact_after_normalize
Terell Ondaan,Terell Ondaan,Willem II,2015,1.0,1.0,1.0,1.0,exact_after_normalize
Adam Nemec,Adam Nemec,Willem II,2015,1.0,1.0,1.0,1.0,exact_after_normalize
Lesly de Sa,Lesly de Sa,Willem II,2015,1.0,1.0,1.0,1.0,exact_after_normalize
Bruno Andrade,Bruno Andrade,Willem II,2015,1.0,1.0,1.0,1.0,exact_after_normalize
Asumah Abubakar,Asumah Abubakar,Willem II,2015,1.0,1.0,1.0,1.0,exact_after_normalize
Robert Braber,Robert Braber,Willem II,2015,1.0,1.0,1.0,1.0,exact_after_normalize
Rochdi Achenteh,Rochdi Achenteh,Willem II,2015,1.0,1.0,1.0,1.0,exact_after_normalize
Freek Heerkens,Freek Heerkens,Willem II,2015,1.0,1.0,1.0,1.0,exact_after_normalize
Dries Wuytens,Dries Wuytens,Willem II,2015,1.0,1.0,1.0,1.0,exact_after_normalize
Justin Mathieu,Justin Mathieu,Willem II,2015,1.0,1.0,1.0,1.0,exact_after_normalize
Funso Ojo,Funso Ojo,Willem II,2015,1.0,1.0,1.0,1.0,exact_after_normalize
Nick van der Velden,Nick van der Velden,Willem II,2015,1.0,1.0,1.0,1.0,exact_after_normalize
Dico Koppers,Dico Koppers,Willem II,2015,1.0,1.0,1.0,1.0,exact_after_normalize
Guus Joppen,Guus Joppen,Willem II,2015,1.0,1.0,1.0,1.0,exact_after_normalize
Anouar Kali,Anouar Kali,Willem II,2015,1.0,1.0,1.0,1.0,exact_after_normalize
Lucas Andersen,Lucas Andersen,Willem II,2015,1.0,1.0,1.0,1.0,exact_after_normalize
Andy Kawaya,Andy Kawaya,Willem II,2015,1.0,1.0,1.0,1.0,exact_after_normalize
Jordy Vleugels,Jordy Vleugels,Willem II,2015,1.0,1.0,1.0,1.0,exact_after_normalize
Bartholomew Ogbeche,Bartholomew Ogbeche,Willem II,2015,1.0,1.0,1.0,1.0,exact_after_normalize
Robbie Haemhouts,Robbie Haemhouts,Willem II,2015,1.0,1.0,1.0,1.0,exact_after_normalize
Erik Falkenburg,Erik Falkenburg,Willem II,2015,1.0,1.0,1.0,1.0,exact_after_normalize
Frenkie de Jong,Frenkie de Jong,Willem II,2015,1.0,1.0,1.0,1.0,exact_after_normalize
Guus Hupperts,Guus Hupperts,Willem II,2015,1.0,1.0,1.0,1.0,exact_after_normalize
Kostas Lamprou,Kostas Lamprou,Willem II,2015,1.0,1.0,1.0,1.0,exact_after_normalize
Ruben Ligeon,Ruben Ligeon,Willem II,2015,1.0,1.0,1.0,1.0,exact_after_normalize
Jordens Peters,Jordens Peters,Willem II,2015,1.0,1.0,1.0,1.0,exact_after_normalize
Frank van der Struijk,Frank van der Struijk,Willem II,2015,1.0,1.0,1.0,1.0,exact_after_normalize
Stijn Wuytens,Stijn Wuytens,Willem II,2015,1.0,1.0,1.0,1.0,exact_after_normalize
Richairo Živković,Richairo Zivkovic,Willem II,2015,0.5652,1.0,1.0,1.0,exact_after_normalize
Marco van Duin,Marco van Duin,NEC Nijmegen,2015,1.0,1.0,1.0,1.0,exact_after_normalize
Jay-Roy Grot,Jay-Roy Grot,NEC Nijmegen,2015,1.0,1.0,1.0,1.0,exact_after_normalize
Lucas Woudenberg,Lucas Woudenberg,NEC Nijmegen,2015,1.0,1.0,1.0,1.0,exact_after_normalize
Wojciech Golla,Wojciech Golla,NEC Nijmegen,2015,1.0,1.0,1.0,1.0,exact_after_normalize
Navarone Foor,Navarone Foor,NEC Nijmegen,2015,1.0,1.0,1.0,1.0,exact_after_normalize
Todd Kane,Todd Kane,NEC Nijmegen,2015,1.0,1.0,1.0,1.0,exact_after_normalize
Rens van Eijden,Rens van Eijden,NEC Nijmegen,2015,1.0,1.0,1.0,1.0,exact_after_normalize
Mohamed Rayhi,Mohamed Rayhi,NEC Nijmegen,2015,1.0,1.0,1.0,1.0,exact_after_normalize
Gregor Breinburg,Gregor Breinburg,NEC Nijmegen,2015,1.0,1.0,1.0,1.0,exact_after_normalize
Sjoerd Ars,Sjoerd Ars,NEC Nijmegen,2015,1.0,1.0,1.0,1.0,exact_after_normalize
Janio Bikel,Janio Bikel,NEC Nijmegen,2015,1.0,1.0,1.0,1.0,exact_after_normalize
Cihat Çelik,Cihat Çelik,NEC Nijmegen,2015,1.0,1.0,1.0,1.0,exact_after_normalize
Bart Buysse,Bart Buysse,NEC Nijmegen,2015,1.0,1.0,1.0,1.0,exact_after_normalize
Jeffrey Leiwakabessy,Jeffrey Leiwakabessy,NEC Nijmegen,2015,1.0,1.0,1.0,1.0,exact_after_normalize
Mikael Dyrestam,Mikael Dyrestam,NEC Nijmegen,2015,1.0,1.0,1.0,1.0,exact_after_normalize
Marcel Ritzmaier,Marcel Ritzmaier,NEC Nijmegen,2015,1.0,1.0,1.0,1.0,exact_after_normalize
Benjamin Kirsten,Benjamin Kirsten,NEC Nijmegen,2015,1.0,1.0,1.0,1.0,exact_after_normalize
Christian Santos,Christian Santos,NEC Nijmegen,2015,1.0,1.0,1.0,1.0,exact_after_normalize
Anthony Limbombe,Anthony Limbombe,NEC Nijmegen,2015,1.0,1.0,1.0,1.0,exact_after_normalize
Joey Sleegers,Joey Sleegers,NEC Nijmegen,2015,1.0,1.0,1.0,1.0,exact_after_normalize
Marcel Appiah,Marcel Appiah,NEC Nijmegen,2015,1.0,1.0,1.0,1.0,exact_after_normalize
Sam Lundholm,Sam Lundholm,NEC Nijmegen,2015,1.0,1.0,1.0,1.0,exact_after_normalize
Kristján Emilsson,Kristjan Emilsson,NEC Nijmegen,2015,0.7143,1.0,1.0,1.0,exact_after_normalize
Thomas Oude Kotte,Thomas Oude Kotte,Vitesse,2015,1.0,1.0,1.0,1.0,exact_after_normalize
Zhang Yuning,Zhang Yuning,Vitesse,2015,1.0,1.0,1.0,1.0,exact_after_normalize
Abiola Dauda,Abiola Dauda,Vitesse,2015,1.0,1.0,1.0,1.0,exact_after_normalize
Marvelous Nakamba,Marvelous Nakamba,Vitesse,2015,1.0,1.0,1.0,1.0,exact_after_normalize
Sheran Yeini,Sheran Yeini,Vitesse,2015,1.0,1.0,1.0,1.0,exact_after_normalize
Eloy Room,Eloy Room,Vitesse,2015,1.0,1.0,1.0,1.0,exact_after_normalize
Mitchell van Bergen,Mitchell van Bergen,Vitesse,2015,1.0,1.0,1.0,1.0,exact_after_normalize
Lewis Baker,Lewis Baker,Vitesse,2015,1.0,1.0,1.0,1.0,exact_after_normalize
Dominic Solanke,Dominic Solanke,Vitesse,2015,1.0,1.0,1.0,1.0,exact_after_normalize
Valeri Qazaishvili,Valeri Qazaishvili,Vitesse,2015,1.0,1.0,1.0,1.0,exact_after_normalize
Kosuke Ota,Kosuke Ota,Vitesse,2015,1.0,1.0,1.0,1.0,exact_after_normalize
Renato Ibarra,Renato Ibarra,Vitesse,2015,1.0,1.0,1.0,1.0,exact_after_normalize
Rochdi Achenteh,Rochdi Achenteh,Vitesse,2015,1.0,1.0,1.0,1.0,exact_after_normalize
Mohammed Osman,Mohammed Osman,Vitesse,2015,1.0,1.0,1.0,1.0,exact_after_normalize
Julian Lelieveld,Julian Lelieveld,Vitesse,2015,1.0,1.0,1.0,1.0,exact_after_normalize
Arnold Kruiswijk,Arnold Kruiswijk,Vitesse,2015,1.0,1.0,1.0,1.0,exact_after_normalize
Nathan,Nathan,Vitesse,2015,1.0,1.0,1.0,1.0,exact_after_normalize
Guram Kashia,Guram Kashia,Vitesse,2015,1.0,1.0,1.0,1.0,exact_after_normalize
Milot Rashica,Milot Rashica,Vitesse,2015,1.0,1.0,1.0,1.0,exact_after_normalize
Kevin Diks,Kevin Diks,Vitesse,2015,1.0,1.0,1.0,1.0,exact_after_normalize
Kelvin Leerdam,Kelvin Leerdam,Vitesse,2015,1.0,1.0,1.0,1.0,exact_after_normalize
Maikel van der Werff,Maikel van der Werff,Vitesse,2015,1.0,1.0,1.0,1.0,exact_after_normalize
Danilo Pantić,Danilo Pantic,Vitesse,2015,0.75,1.0,1.0,1.0,exact_after_normalize
Donny van de Beek,Donny van de Beek,Ajax,2015,1.0,1.0,1.0,1.0,exact_after_normalize
Joël Veltman,Joël Veltman,Ajax,2015,1.0,1.0,1.0,1.0,exact_after_normalize
Kenny Tete,Kenny Tete,Ajax,2015,1.0,1.0,1.0,1.0,exact_after_normalize
Diederik Boer,Diederik Boer,Ajax,2015,1.0,1.0,1.0,1.0,exact_after_normalize
Thulani Serero,Thulani Serero,Ajax,2015,1.0,1.0,1.0,1.0,exact_after_normalize
Mike van der Hoorn,Mike van der Hoorn,Ajax,2015,1.0,1.0,1.0,1.0,exact_after_normalize
Viktor Fischer,Viktor Fischer,Ajax,2015,1.0,1.0,1.0,1.0,exact_after_normalize
Anwar El Ghazi,Anwar El Ghazi,Ajax,2015,1.0,1.0,1.0,1.0,exact_after_normalize
Amin Younes,Amin Younes,Ajax,2015,1.0,1.0,1.0,1.0,exact_after_normalize
Arkadiusz Milik,Arkadiusz Milik,Ajax,2015,1.0,1.0,1.0,1.0,exact_after_normalize
Sam Hendriks,Sam Hendriks,Ajax,2015,1.0,1.0,1.0,1.0,exact_after_normalize
Davy Klaassen,Davy Klaassen,Ajax,2015,1.0,1.0,1.0,1.0,exact_after_normalize
Ricardo van Rhijn,Ricardo van Rhijn,Ajax,2015,1.0,1.0,1.0,1.0,exact_after_normalize
Daley Sinkgraven,Daley Sinkgraven,Ajax,2015,1.0,1.0,1.0,1.0,exact_after_normalize
Jasper Cillessen,Jasper Cillessen,Ajax,2015,1.0,1.0,1.0,1.0,exact_after_normalize
John Heitinga,John Heitinga,Ajax,2015,1.0,1.0,1.0,1.0,exact_after_normalize
Mitchell Dijks,Mitchell Dijks,Ajax,2015,1.0,1.0,1.0,1.0,exact_after_normalize
Yaya Sanogo,Yaya Sanogo,Ajax,2015,1.0,1.0,1.0,1.0,exact_after_normalize
Nemanja Gudelj,Nemanja Gudelj,Ajax,2015,1.0,1.0,1.0,1.0,exact_after_normalize
Nick Viergever,Nick Viergever,Ajax,2015,1.0,1.0,1.0,1.0,exact_after_normalize
Lasse Schöne,Lasse Schöne,Ajax,2015,1.0,1.0,1.0,1.0,exact_after_normalize
Riechedly Bazoer,Riechedly Bazoer,Ajax,2015,1.0,1.0,1.0,1.0,exact_after_normalize
Robert Murić,Robert Muric,Ajax,2015,0.7333,1.0,1.0,1.0,exact_after_normalize
Jaïro Riedewald,Jairo Riedewald,Ajax,2015,0.6842,1.0,1.0,1.0,exact_after_normalize
Václav Černý,Václav Cerny,Ajax,2015,0.4444,1.0,1.0,1.0,exact_after_normalize
Tom Menting,Tom Menting,De Graafschap,2015,1.0,1.0,1.0,1.0,exact_after_normalize
Lion Kaak,Lion Kaak,De Graafschap,2015,1.0,1.0,1.0,1.0,exact_after_normalize
Erik Quekel,Erik Quekel,De Graafschap,2015,1.0,1.0,1.0,1.0,exact_after_normalize
Alexander Bannink,Alexander Bannink,De Graafschap,2015,1.0,1.0,1.0,1.0,exact_after_normalize
Jan Lammers,Jan Lammers,De Graafschap,2015,1.0,1.0,1.0,1.0,exact_after_normalize
Cas Peters,Cas Peters,De Graafschap,2015,1.0,1.0,1.0,1.0,exact_after_normalize
Jeroen Tesselaar,Jeroen Tesselaar,De Graafschap,2015,1.0,1.0,1.0,1.0,exact_after_normalize
Andrew Driver,Andrew Driver,De Graafschap,2015,1.0,1.0,1.0,1.0,exact_after_normalize
Dean Koolhof,Dean Koolhof,De Graafschap,2015,1.0,1.0,1.0,1.0,exact_after_normalize
Nathan Kabasele,Nathan Kabasele,De Graafschap,2015,1.0,1.0,1.0,1.0,exact_after_normalize
Youssef El Jebli,Youssef El Jebli,De Graafschap,2015,1.0,1.0,1.0,1.0,exact_after_normalize
Ted van de Pavert,Ted van de Pavert,De Graafschap,2015,1.0,1.0,1.0,1.0,exact_after_normalize
Tim Linthorst,Tim Linthorst,De Graafschap,2015,1.0,1.0,1.0,1.0,exact_after_normalize
Bryan Smeets,Bryan Smeets,De Graafschap,2015,1.0,1.0,1.0,1.0,exact_after_normalize
Vincent Vermeij,Vincent Vermeij,De Graafschap,2015,1.0,1.0,1.0,1.0,exact_after_normalize
Thijs Bouma,Thijs Bouma,De Graafschap,2015,1.0,1.0,1.0,1.0,exact_after_normalize
Bart Straalman,Bart Straalman,De Graafschap,2015,1.0,1.0,1.0,1.0,exact_after_normalize
Hidde Jurjus,Hidde Jurjus,De Graafschap,2015,1.0,1.0,1.0,1.0,exact_after_normalize
Robin Pröpper,Robin Pröpper,De Graafschap,2015,1.0,1.0,1.0,1.0,exact_after_normalize
Karim Tarfi,Karim Tarfi,De Graafschap,2015,1.0,1.0,1.0,1.0,exact_after_normalize
Mark Diemers,Mark Diemers,De Graafschap,2015,1.0,1.0,1.0,1.0,exact_after_normalize
Piotr Parzyszek,Piotr Parzyszek,De Graafschap,2015,1.0,1.0,1.0,1.0,exact_after_normalize
Kristopher Vida,Kristopher Vida,De Graafschap,2015,1.0,1.0,1.0,1.0,exact_after_normalize
Nathaniël Will,Nathaniel Will,De Graafschap,2015,0.6667,1.0,1.0,1.0,exact_after_normalize
Tolgahan Çiçek,Tolgahan Cicek,De Graafschap,2015,0.5,1.0,1.0,1.0,exact_after_normalize
Brandley Kuwas,Brandley Kuwas,Excelsior,2015,1.0,1.0,1.0,1.0,exact_after_normalize
Khalid Karami,Khalid Karami,Excelsior,2015,1.0,1.0,1.0,1.0,exact_after_normalize
Henrico Drost,Henrico Drost,Excelsior,2015,1.0,1.0,1.0,1.0,exact_after_normalize
Nigel Hasselbaink,Nigel Hasselbaink,Excelsior,2015,1.0,1.0,1.0,1.0,exact_after_normalize
Daryl van Mieghem,Daryl van Mieghem,Excelsior,2015,1.0,1.0,1.0,1.0,exact_after_normalize
Luigi Bruins,Luigi Bruins,Excelsior,2015,1.0,1.0,1.0,1.0,exact_after_normalize
Kevin Vermeulen,Kevin Vermeulen,Excelsior,2015,1.0,1.0,1.0,1.0,exact_after_normalize
Tom Muyters,Tom Muyters,Excelsior,2015,1.0,1.0,1.0,1.0,exact_after_normalize
Daan Bovenberg,Daan Bovenberg,Excelsior,2015,1.0,1.0,1.0,1.0,exact_after_normalize
Rick Kruys,Rick Kruys,Excelsior,2015,1.0,1.0,1.0,1.0,exact_after_normalize
Stanley Elbers,Stanley Elbers,Excelsior,2015,1.0,1.0,1.0,1.0,exact_after_normalize
Adil Auassar,Adil Auassar,Excelsior,2015,1.0,1.0,1.0,1.0,exact_after_normalize
Tom Overtoom,Tom Overtoom,Excelsior,2015,1.0,1.0,1.0,1.0,exact_after_normalize
Jordan Botaka,Jordan Botaka,Excelsior,2015,1.0,1.0,1.0,1.0,exact_after_normalize
Danilho Doekhi,Danilho Doekhi,Excelsior,2015,1.0,1.0,1.0,1.0,exact_after_normalize
Filip Kurto,Filip Kurto,Excelsior,2015,1.0,1.0,1.0,1.0,exact_after_normalize
Sander Fischer,Sander Fischer,Excelsior,2015,1.0,1.0,1.0,1.0,exact_after_normalize
Bas Kuipers,Bas Kuipers,Excelsior,2015,1.0,1.0,1.0,1.0,exact_after_normalize
Jeff Stans,Jeff Stans,Excelsior,2015,1.0,1.0,1.0,1.0,exact_after_normalize
Kevin van Diermen,Kevin van Diermen,Excelsior,2015,1.0,1.0,1.0,1.0,exact_after_normalize
Jurgen Mattheij,Jurgen Mattheij,Excelsior,2015,1.0,1.0,1.0,1.0,exact_after_normalize
Michiel Hemmen,Michiel Hemmen,Excelsior,2015,1.0,1.0,1.0,1.0,exact_after_normalize
Cedric Badjeck,Cedric Badjeck,Excelsior,2015,1.0,1.0,1.0,1.0,exact_after_normalize
Tom van Weert,Tom van Weert,Excelsior,2015,1.0,1.0,1.0,1.0,exact_after_normalize
Yoell van Nieff,Yoëll van Nieff,Excelsior,2015,0.6842,1.0,1.0,1.0,exact_after_normalize
Thomas Ouwejan,Thomas Ouwejan,AZ,2015,1.0,1.0,1.0,1.0,exact_after_normalize
Gino Coutinho,Gino Coutinho,AZ,2015,1.0,1.0,1.0,1.0,exact_after_normalize
Vincent Janssen,Vincent Janssen,AZ,2015,1.0,1.0,1.0,1.0,exact_after_normalize
Robert Mühren,Robert Mühren,AZ,2015,1.0,1.0,1.0,1.0,exact_after_normalize
Guus Hupperts,Guus Hupperts,AZ,2015,1.0,1.0,1.0,1.0,exact_after_normalize
Dabney dos Santos,Dabney dos Santos,AZ,2015,1.0,1.0,1.0,1.0,exact_after_normalize
Ben Rienstra,Ben Rienstra,AZ,2015,1.0,1.0,1.0,1.0,exact_after_normalize
Fernando Lewis,Fernando Lewis,AZ,2015,1.0,1.0,1.0,1.0,exact_after_normalize
Sergio Rochet,Sergio Rochet,AZ,2015,1.0,1.0,1.0,1.0,exact_after_normalize
Markus Henriksen,Markus Henriksen,AZ,2015,1.0,1.0,1.0,1.0,exact_after_normalize
Ridgeciano Haps,Ridgeciano Haps,AZ,2015,1.0,1.0,1.0,1.0,exact_after_normalize
Mounir El Hamdaoui,Mounir El Hamdaoui,AZ,2015,1.0,1.0,1.0,1.0,exact_after_normalize
Stijn Wuytens,Stijn Wuytens,AZ,2015,1.0,1.0,1.0,1.0,exact_after_normalize
Levi Opdam,Levi Opdam,AZ,2015,1.0,1.0,1.0,1.0,exact_after_normalize
Celso Ortiz,Celso Ortiz,AZ,2015,1.0,1.0,1.0,1.0,exact_after_normalize
Thom Haye,Thom Haye,AZ,2015,1.0,1.0,1.0,1.0,exact_after_normalize
Pantelis Hatzidiakos,Pantelis Hatzidiakos,AZ,2015,1.0,1.0,1.0,1.0,exact_after_normalize
Mattias Johansson,Mattias Johansson,AZ,2015,1.0,1.0,1.0,1.0,exact_after_normalize
Alireza Jahanbakhsh,Alireza Jahanbakhsh,AZ,2015,1.0,1.0,1.0,1.0,exact_after_normalize
Ron Vlaar,Ron Vlaar,AZ,2015,1.0,1.0,1.0,1.0,exact_after_normalize
Derrick Luckassen,Derrick Luckassen,AZ,2015,1.0,1.0,1.0,1.0,exact_after_normalize
Joris van Overeem,Joris van Overeem,AZ,2015,1.0,1.0,1.0,1.0,exact_after_normalize
Jeffrey Gouweleeuw,Jeffrey Gouweleeuw,AZ,2015,1.0,1.0,1.0,1.0,exact_after_normalize
Jop van der Linden,Jop van der Linden,AZ,2015,1.0,1.0,1.0,1.0,exact_after_normalize
Achille Vaarnold,Achille Vaarnold,AZ,2015,1.0,1.0,1.0,1.0,exact_after_normalize
Muamer Tanković,Muamer Tankovic,AZ,2015,0.7778,1.0,1.0,1.0,exact_after_normalize
Levi Garcia,Levi García,AZ,2015,0.6,1.0,1.0,1.0,exact_after_normalize
Rajko Brežančić,Rajko Brezancic,AZ,2015,0.3913,1.0,1.0,1.0,exact_after_normalize
Vito Wormgoor,Vito Wormgoor,ADO Den Haag,2015,1.0,1.0,1.0,1.0,exact_after_normalize
Aaron Meijers,Aaron Meijers,ADO Den Haag,2015,1.0,1.0,1.0,1.0,exact_after_normalize
Tom Beugelsdijk,Tom Beugelsdijk,ADO Den Haag,2015,1.0,1.0,1.0,1.0,exact_after_normalize
Gervane Kastaneer,Gervane Kastaneer,ADO Den Haag,2015,1.0,1.0,1.0,1.0,exact_after_normalize
Mike Havenaar,Mike Havenaar,ADO Den Haag,2015,1.0,1.0,1.0,1.0,exact_after_normalize
Timothy Derijck,Timothy Derijck,ADO Den Haag,2015,1.0,1.0,1.0,1.0,exact_after_normalize
Dennis van der Heijden,Dennis van der Heijden,ADO Den Haag,2015,1.0,1.0,1.0,1.0,exact_after_normalize
Martin Hansen,Martin Hansen,ADO Den Haag,2015,1.0,1.0,1.0,1.0,exact_after_normalize
Kevin Jansen,Kevin Jansen,ADO Den Haag,2015,1.0,1.0,1.0,1.0,exact_after_normalize
Hector Hevel,Hector Hevel,ADO Den Haag,2015,1.0,1.0,1.0,1.0,exact_after_normalize
Gianni Zuiverloon,Gianni Zuiverloon,ADO Den Haag,2015,1.0,1.0,1.0,1.0,exact_after_normalize
Roland Alberg,Roland Alberg,ADO Den Haag,2015,1.0,1.0,1.0,1.0,exact_after_normalize
Thomas Kristensen,Thomas Kristensen,ADO Den Haag,2015,1.0,1.0,1.0,1.0,exact_after_normalize
Robert Zwinkels,Robert Zwinkels,ADO Den Haag,2015,1.0,1.0,1.0,1.0,exact_after_normalize
Giovanni Korte,Giovanni Korte,ADO Den Haag,2015,1.0,1.0,1.0,1.0,exact_after_normalize
Kenji Gorré,Kenji Gorré,ADO Den Haag,2015,1.0,1.0,1.0,1.0,exact_after_normalize
Kyle Ebecilio,Kyle Ebecilio,ADO Den Haag,2015,1.0,1.0,1.0,1.0,exact_after_normalize
Ruben Schaken,Ruben Schaken,ADO Den Haag,2015,1.0,1.0,1.0,1.0,exact_after_normalize
Dion Malone,Dion Malone,ADO Den Haag,2015,1.0,1.0,1.0,1.0,exact_after_normalize
Wilfried Kanon,Wilfried Kanon,ADO Den Haag,2015,1.0,1.0,1.0,1.0,exact_after_normalize
Danny Bakker,Danny Bakker,ADO Den Haag,2015,1.0,1.0,1.0,1.0,exact_after_normalize
Tyronne Ebuehi,Tyronne Ebuehi,ADO Den Haag,2015,1.0,1.0,1.0,1.0,exact_after_normalize
Ludcinio Marengo,Ludcinio Marengo,ADO Den Haag,2015,1.0,1.0,1.0,1.0,exact_after_normalize
Édouard Duplan,Edouard Duplan,ADO Den Haag,2015,0.6667,1.0,1.0,1.0,exact_after_normalize
Sheraldo Becker,Sheraldo Becker,PEC Zwolle,2015,1.0,1.0,1.0,1.0,exact_after_normalize
Wouter Marinus,Wouter Marinus,PEC Zwolle,2015,1.0,1.0,1.0,1.0,exact_after_normalize
Kevin Begois,Kevin Begois,PEC Zwolle,2015,1.0,1.0,1.0,1.0,exact_after_normalize
Lars Veldwijk,Lars Veldwijk,PEC Zwolle,2015,1.0,1.0,1.0,1.0,exact_after_normalize
Trent Sainsbury,Trent Sainsbury,PEC Zwolle,2015,1.0,1.0,1.0,1.0,exact_after_normalize
Bram van Polen,Bram van Polen,PEC Zwolle,2015,1.0,1.0,1.0,1.0,exact_after_normalize
Mark Bruintjes,Mark Bruintjes,PEC Zwolle,2015,1.0,1.0,1.0,1.0,exact_after_normalize
Mickey van der Hart,Mickey van der Hart,PEC Zwolle,2015,1.0,1.0,1.0,1.0,exact_after_normalize
Boy de Jong,Boy de Jong,PEC Zwolle,2015,1.0,1.0,1.0,1.0,exact_after_normalize
Rick Dekker,Rick Dekker,PEC Zwolle,2015,1.0,1.0,1.0,1.0,exact_after_normalize
Bart Schenkeveld,Bart Schenkeveld,PEC Zwolle,2015,1.0,1.0,1.0,1.0,exact_after_normalize
Sander Thomas,Sander Thomas,PEC Zwolle,2015,1.0,1.0,1.0,1.0,exact_after_normalize
Gustavo Hebling,Gustavo Hebling,PEC Zwolle,2015,1.0,1.0,1.0,1.0,exact_after_normalize
Queensy Menig,Queensy Menig,PEC Zwolle,2015,1.0,1.0,1.0,1.0,exact_after_normalize
Samet Bulut,Samet Bulut,PEC Zwolle,2015,1.0,1.0,1.0,1.0,exact_after_normalize
Dirk Marcellis,Dirk Marcellis,PEC Zwolle,2015,1.0,1.0,1.0,1.0,exact_after_normalize
Stef Nijland,Stef Nijland,PEC Zwolle,2015,1.0,1.0,1.0,1.0,exact_after_normalize
Ouasim Bouy,Ouasim Bouy,PEC Zwolle,2015,1.0,1.0,1.0,1.0,exact_after_normalize
Dario Tanda,Dario Tanda,PEC Zwolle,2015,1.0,1.0,1.0,1.0,exact_after_normalize
Ryan Thomas,Ryan Thomas,PEC Zwolle,2015,1.0,1.0,1.0,1.0,exact_after_normalize
Bart van Hintum,Bart van Hintum,PEC Zwolle,2015,1.0,1.0,1.0,1.0,exact_after_normalize
Kingsley Ehizibue,Kingsley Ehizibue,PEC Zwolle,2015,1.0,1.0,1.0,1.0,exact_after_normalize
Thomas Lam,Thomas Lam,PEC Zwolle,2015,1.0,1.0,1.0,1.0,exact_after_normalize
Ben Rienstra,Ben Rienstra,PEC Zwolle,2015,1.0,1.0,1.0,1.0,exact_after_normalize
Tarik Evre,Tarik Evre,PEC Zwolle,2015,1.0,1.0,1.0,1.0,exact_after_normalize
Wout Brama,Wout Brama,PEC Zwolle,2015,1.0,1.0,1.0,1.0,exact_after_normalize
Boban Lazić,Boban Lazic,PEC Zwolle,2015,0.7143,1.0,1.0,1.0,exact_after_normalize
Paul Gladon,Paul Gladon,Heracles Almelo,2015,1.0,1.0,1.0,1.0,exact_after_normalize
Joey Pelupessy,Joey Pelupessy,Heracles Almelo,2015,1.0,1.0,1.0,1.0,exact_after_normalize
Justin Hoogma,Justin Hoogma,Heracles Almelo,2015,1.0,1.0,1.0,1.0,exact_after_normalize
Thomas Bruns,Thomas Bruns,Heracles Almelo,2015,1.0,1.0,1.0,1.0,exact_after_normalize
Ramon Zomer,Ramon Zomer,Heracles Almelo,2015,1.0,1.0,1.0,1.0,exact_after_normalize
Mike te Wierik,Mike te Wierik,Heracles Almelo,2015,1.0,1.0,1.0,1.0,exact_after_normalize
Brahim Darri,Brahim Darri,Heracles Almelo,2015,1.0,1.0,1.0,1.0,exact_after_normalize
Peter van Ooijen,Peter van Ooijen,Heracles Almelo,2015,1.0,1.0,1.0,1.0,exact_after_normalize
Wout Droste,Wout Droste,Heracles Almelo,2015,1.0,1.0,1.0,1.0,exact_after_normalize
Mark-Jan Fledderus,Mark-Jan Fledderus,Heracles Almelo,2015,1.0,1.0,1.0,1.0,exact_after_normalize
Robin Gosens,Robin Gosens,Heracles Almelo,2015,1.0,1.0,1.0,1.0,exact_after_normalize
Oussama Tannane,Oussama Tannane,Heracles Almelo,2015,1.0,1.0,1.0,1.0,exact_after_normalize
Tim Breukers,Tim Breukers,Heracles Almelo,2015,1.0,1.0,1.0,1.0,exact_after_normalize
Wout Weghorst,Wout Weghorst,Heracles Almelo,2015,1.0,1.0,1.0,1.0,exact_after_normalize
Menno Heerkes,Menno Heerkes,Heracles Almelo,2015,1.0,1.0,1.0,1.0,exact_after_normalize
Tarik Kada,Tarik Kada,Heracles Almelo,2015,1.0,1.0,1.0,1.0,exact_after_normalize
Bram Castro,Bram Castro,Heracles Almelo,2015,1.0,1.0,1.0,1.0,exact_after_normalize
Jaroslav Navrátil,Jaroslav Navrátil,Heracles Almelo,2015,1.0,1.0,1.0,1.0,exact_after_normalize
Gino Bosz,Gino Bosz,Heracles Almelo,2015,1.0,1.0,1.0,1.0,exact_after_normalize
Iliass Bel Hassani,Iliass Bel Hassani,Heracles Almelo,2015,1.0,1.0,1.0,1.0,exact_after_normalize
Dario Vujičević,Dario Vujicevic,Heracles Almelo,2015,0.5238,1.0,1.0,1.0,exact_after_normalize
Simeon Raykov,Simeon Raykov,Roda JC,2016,1.0,1.0,1.0,1.0,exact_after_normalize
Simon Church,Simon Church,Roda JC,2016,1.0,1.0,1.0,1.0,exact_after_normalize
Adil Auassar,Adil Auassar,Roda JC,2016,1.0,1.0,1.0,1.0,exact_after_normalize
Marcos Gullón,Marcos Gullón,Roda JC,2016,1.0,1.0,1.0,1.0,exact_after_normalize
Célestin Djim,Célestin Djim,Roda JC,2016,1.0,1.0,1.0,1.0,exact_after_normalize
Tim Blättler,Tim Blättler,Roda JC,2016,1.0,1.0,1.0,1.0,exact_after_normalize
Daniel De Silva,Daniel De Silva,Roda JC,2016,1.0,1.0,1.0,1.0,exact_after_normalize
Nathan Rutjes,Nathan Rutjes,Roda JC,2016,1.0,1.0,1.0,1.0,exact_after_normalize
Bryan Verboom,Bryan Verboom,Roda JC,2016,1.0,1.0,1.0,1.0,exact_after_normalize
Gyliano van Velzen,Gyliano van Velzen,Roda JC,2016,1.0,1.0,1.0,1.0,exact_after_normalize
Tom Van Hyfte,Tom Van Hyfte,Roda JC,2016,1.0,1.0,1.0,1.0,exact_after_normalize
Frederic Ananou,Frederic Ananou,Roda JC,2016,1.0,1.0,1.0,1.0,exact_after_normalize
Danny Stassar,Danny Stassar,Roda JC,2016,1.0,1.0,1.0,1.0,exact_after_normalize
Daryl Werker,Daryl Werker,Roda JC,2016,1.0,1.0,1.0,1.0,exact_after_normalize
Benjamin van Leer,Benjamin van Leer,Roda JC,2016,1.0,1.0,1.0,1.0,exact_after_normalize
Mohamed El Makrini,Mohamed El Makrini,Roda JC,2016,1.0,1.0,1.0,1.0,exact_after_normalize
Martin Milec,Martin Milec,Roda JC,2016,1.0,1.0,1.0,1.0,exact_after_normalize
Ard van Peppen,Ard van Peppen,Roda JC,2016,1.0,1.0,1.0,1.0,exact_after_normalize
Dani Schahin,Dani Schahin,Roda JC,2016,1.0,1.0,1.0,1.0,exact_after_normalize
Christian Kum,Christian Kum,Roda JC,2016,1.0,1.0,1.0,1.0,exact_after_normalize
Mikhail Rosheuvel,Mikhail Rosheuvel,Roda JC,2016,1.0,1.0,1.0,1.0,exact_after_normalize
David Boysen,David Boysen,Roda JC,2016,1.0,1.0,1.0,1.0,exact_after_normalize
Farshad Noor,Farshad Noor,Roda JC,2016,1.0,1.0,1.0,1.0,exact_after_normalize
Roel Brouwers,Roel Brouwers,Roda JC,2016,1.0,1.0,1.0,1.0,exact_after_normalize
Ognjen Gnjatić,Ognjen Gnjatic,Roda JC,2016,0.75,1.0,1.0,1.0,exact_after_normalize
Beni Badibanga,Béni Badibanga,Roda JC,2016,0.6471,1.0,1.0,1.0,exact_after_normalize
Robbin Ruiter,Robbin Ruiter,Utrecht,2016,1.0,1.0,1.0,1.0,exact_after_normalize
Menno Koch,Menno Koch,Utrecht,2016,1.0,1.0,1.0,1.0,exact_after_normalize
Robin van der Meer,Robin van der Meer,Utrecht,2016,1.0,1.0,1.0,1.0,exact_after_normalize
David Jensen,David Jensen,Utrecht,2016,1.0,1.0,1.0,1.0,exact_after_normalize
Nacer Barazite,Nacer Barazite,Utrecht,2016,1.0,1.0,1.0,1.0,exact_after_normalize
Yassin Ayoub,Yassin Ayoub,Utrecht,2016,1.0,1.0,1.0,1.0,exact_after_normalize
Sébastien Haller,Sébastien Haller,Utrecht,2016,1.0,1.0,1.0,1.0,exact_after_normalize
Giovanni Troupée,Giovanni Troupée,Utrecht,2016,1.0,1.0,1.0,1.0,exact_after_normalize
Tafari Moore,Tafari Moore,Utrecht,2016,1.0,1.0,1.0,1.0,exact_after_normalize
Bart Ramselaar,Bart Ramselaar,Utrecht,2016,1.0,1.0,1.0,1.0,exact_after_normalize
Edson Braafheid,Edson Braafheid,Utrecht,2016,1.0,1.0,1.0,1.0,exact_after_normalize
Wout Brama,Wout Brama,Utrecht,2016,1.0,1.0,1.0,1.0,exact_after_normalize
Gyrano Kerk,Gyrano Kerk,Utrecht,2016,1.0,1.0,1.0,1.0,exact_after_normalize
Zakaria Labyad,Zakaria Labyad,Utrecht,2016,1.0,1.0,1.0,1.0,exact_after_normalize
Jeff Hardeveld,Jeff Hardeveld,Utrecht,2016,1.0,1.0,1.0,1.0,exact_after_normalize
Mark van der Maarel,Mark van der Maarel,Utrecht,2016,1.0,1.0,1.0,1.0,exact_after_normalize
Rico Strieder,Rico Strieder,Utrecht,2016,1.0,1.0,1.0,1.0,exact_after_normalize
Patrick Joosten,Patrick Joosten,Utrecht,2016,1.0,1.0,1.0,1.0,exact_after_normalize
Darren Rosheuvel,Darren Rosheuvel,Utrecht,2016,1.0,1.0,1.0,1.0,exact_after_normalize
Kristoffer Peterson,Kristoffer Peterson,Utrecht,2016,1.0,1.0,1.0,1.0,exact_after_normalize
Ramon Leeuwin,Ramon Leeuwin,Utrecht,2016,1.0,1.0,1.0,1.0,exact_after_normalize
Nick Venema,Nick Venema,Utrecht,2016,1.0,1.0,1.0,1.0,exact_after_normalize
Kevin Conboy,Kevin Conboy,Utrecht,2016,1.0,1.0,1.0,1.0,exact_after_normalize
Willem Janssen,Willem Janssen,Utrecht,2016,1.0,1.0,1.0,1.0,exact_after_normalize
Andreas Ludwig,Andreas Ludwig,Utrecht,2016,1.0,1.0,1.0,1.0,exact_after_normalize
Sean Klaiber,Sean Klaiber,Utrecht,2016,1.0,1.0,1.0,1.0,exact_after_normalize
Sofyan Amrabat,Sofyan Amrabat,Utrecht,2016,1.0,1.0,1.0,1.0,exact_after_normalize
Richairo Živković,Richairo Zivkovic,Utrecht,2016,0.5652,1.0,1.0,1.0,exact_after_normalize
Rubio Rubin,Rubio Rubín,Utrecht,2016,0.5455,1.0,1.0,1.0,exact_after_normalize
Hedwiges Maduro,Hedwiges Maduro,Groningen,2016,1.0,1.0,1.0,1.0,exact_after_normalize
Glenn Bijl,Glenn Bijl,Groningen,2016,1.0,1.0,1.0,1.0,exact_after_normalize
Albert Rusnák,Albert Rusnák,Groningen,2016,1.0,1.0,1.0,1.0,exact_after_normalize
Tom Hiariej,Tom Hiariej,Groningen,2016,1.0,1.0,1.0,1.0,exact_after_normalize
Sergio Padt,Sergio Padt,Groningen,2016,1.0,1.0,1.0,1.0,exact_after_normalize
Jarchinio Antonia,Jarchinio Antonia,Groningen,2016,1.0,1.0,1.0,1.0,exact_after_normalize
Jesper Drost,Jesper Drost,Groningen,2016,1.0,1.0,1.0,1.0,exact_after_normalize
Mimoun Mahi,Mimoun Mahi,Groningen,2016,1.0,1.0,1.0,1.0,exact_after_normalize
Alexander Sørloth,Alexander Sørloth,Groningen,2016,1.0,1.0,1.0,1.0,exact_after_normalize
Danny Hoesen,Danny Hoesen,Groningen,2016,1.0,1.0,1.0,1.0,exact_after_normalize
Bryan Linssen,Bryan Linssen,Groningen,2016,1.0,1.0,1.0,1.0,exact_after_normalize
Simon Tibbling,Simon Tibbling,Groningen,2016,1.0,1.0,1.0,1.0,exact_after_normalize
Desevio Payne,Desevio Payne,Groningen,2016,1.0,1.0,1.0,1.0,exact_after_normalize
Tom van Weert,Tom van Weert,Groningen,2016,1.0,1.0,1.0,1.0,exact_after_normalize
Jason Davidson,Jason Davidson,Groningen,2016,1.0,1.0,1.0,1.0,exact_after_normalize
Hans Hateboer,Hans Hateboer,Groningen,2016,1.0,1.0,1.0,1.0,exact_after_normalize
Etiënne Reijnen,Etiënne Reijnen,Groningen,2016,1.0,1.0,1.0,1.0,exact_after_normalize
Roland Baas,Roland Baas,Groningen,2016,1.0,1.0,1.0,1.0,exact_after_normalize
Oussama Idrissi,Oussama Idrissi,Groningen,2016,1.0,1.0,1.0,1.0,exact_after_normalize
Martijn van der Laan,Martijn van der Laan,Groningen,2016,1.0,1.0,1.0,1.0,exact_after_normalize
Juninho Bacuna,Juninho Bacuna,Groningen,2016,1.0,1.0,1.0,1.0,exact_after_normalize
Ajdin Hrustic,Ajdin Hrustic,Groningen,2016,1.0,1.0,1.0,1.0,exact_after_normalize
Kasper Larsen,Kasper Larsen,Groningen,2016,1.0,1.0,1.0,1.0,exact_after_normalize
Yoell van Nieff,Yoëll van Nieff,Groningen,2016,0.6842,1.0,1.0,1.0,exact_after_normalize
Samir Memišević,Samir Memisevic,Groningen,2016,0.5238,1.0,1.0,1.0,exact_after_normalize
Michiel Kramer,Michiel Kramer,Feyenoord,2016,1.0,1.0,1.0,1.0,exact_after_normalize
Eljero Elia,Eljero Elia,Feyenoord,2016,1.0,1.0,1.0,1.0,exact_after_normalize
Renato Tapia,Renato Tapia,Feyenoord,2016,1.0,1.0,1.0,1.0,exact_after_normalize
Jens Toornstra,Jens Toornstra,Feyenoord,2016,1.0,1.0,1.0,1.0,exact_after_normalize
Pär Hansson,Pär Hansson,Feyenoord,2016,1.0,1.0,1.0,1.0,exact_after_normalize
Rick Karsdorp,Rick Karsdorp,Feyenoord,2016,1.0,1.0,1.0,1.0,exact_after_normalize
Terence Kongolo,Terence Kongolo,Feyenoord,2016,1.0,1.0,1.0,1.0,exact_after_normalize
Simon Gustafson,Simon Gustafson,Feyenoord,2016,1.0,1.0,1.0,1.0,exact_after_normalize
Emil Hansson,Emil Hansson,Feyenoord,2016,1.0,1.0,1.0,1.0,exact_after_normalize
Lucas Woudenberg,Lucas Woudenberg,Feyenoord,2016,1.0,1.0,1.0,1.0,exact_after_normalize
Bart Nieuwkoop,Bart Nieuwkoop,Feyenoord,2016,1.0,1.0,1.0,1.0,exact_after_normalize
Kenneth Vermeer,Kenneth Vermeer,Feyenoord,2016,1.0,1.0,1.0,1.0,exact_after_normalize
Steven Berghuis,Steven Berghuis,Feyenoord,2016,1.0,1.0,1.0,1.0,exact_after_normalize
Nicolai Jørgensen,Nicolai Jørgensen,Feyenoord,2016,1.0,1.0,1.0,1.0,exact_after_normalize
Tonny Vilhena,Tonny Vilhena,Feyenoord,2016,1.0,1.0,1.0,1.0,exact_after_normalize
Miquel Nelom,Miquel Nelom,Feyenoord,2016,1.0,1.0,1.0,1.0,exact_after_normalize
Jan-Arie van der Heijden,Jan-Arie van der Heijden,Feyenoord,2016,1.0,1.0,1.0,1.0,exact_after_normalize
Karim El Ahmadi,Karim El Ahmadi,Feyenoord,2016,1.0,1.0,1.0,1.0,exact_after_normalize
Gustavo Hamer,Gustavo Hamer,Feyenoord,2016,1.0,1.0,1.0,1.0,exact_after_normalize
Marko Vejinović,Marko Vejinovic,Feyenoord,2016,0.7778,1.0,1.0,1.0,exact_after_normalize
Sam Larsson,Sam Larsson,Heerenveen,2016,1.0,1.0,1.0,1.0,exact_after_normalize
Joost van Aken,Joost van Aken,Heerenveen,2016,1.0,1.0,1.0,1.0,exact_after_normalize
Younes Namli,Younes Namli,Heerenveen,2016,1.0,1.0,1.0,1.0,exact_after_normalize
Doke Schmidt,Doke Schmidt,Heerenveen,2016,1.0,1.0,1.0,1.0,exact_after_normalize
Erwin Mulder,Erwin Mulder,Heerenveen,2016,1.0,1.0,1.0,1.0,exact_after_normalize
Pelle van Amersfoort,Pelle van Amersfoort,Heerenveen,2016,1.0,1.0,1.0,1.0,exact_after_normalize
Henk Veerman,Henk Veerman,Heerenveen,2016,1.0,1.0,1.0,1.0,exact_after_normalize
Luciano Slagveer,Luciano Slagveer,Heerenveen,2016,1.0,1.0,1.0,1.0,exact_after_normalize
Shay Facey,Shay Facey,Heerenveen,2016,1.0,1.0,1.0,1.0,exact_after_normalize
Stijn Schaars,Stijn Schaars,Heerenveen,2016,1.0,1.0,1.0,1.0,exact_after_normalize
Kik Pierie,Kik Pierie,Heerenveen,2016,1.0,1.0,1.0,1.0,exact_after_normalize
Stefano Marzo,Stefano Marzo,Heerenveen,2016,1.0,1.0,1.0,1.0,exact_after_normalize
Lucas Bijker,Lucas Bijker,Heerenveen,2016,1.0,1.0,1.0,1.0,exact_after_normalize
Yuki Kobayashi,Yuki Kobayashi,Heerenveen,2016,1.0,1.0,1.0,1.0,exact_after_normalize
Simon Thern,Simon Thern,Heerenveen,2016,1.0,1.0,1.0,1.0,exact_after_normalize
Caner Cavlan,Caner Cavlan,Heerenveen,2016,1.0,1.0,1.0,1.0,exact_after_normalize
Wout Faes,Wout Faes,Heerenveen,2016,1.0,1.0,1.0,1.0,exact_after_normalize
Morten Thorsby,Morten Thorsby,Heerenveen,2016,1.0,1.0,1.0,1.0,exact_after_normalize
Martin Ødegaard,Martin Ødegaard,Heerenveen,2016,1.0,1.0,1.0,1.0,exact_after_normalize
Michel Vlap,Michel Vlap,Heerenveen,2016,1.0,1.0,1.0,1.0,exact_after_normalize
Willem Huizing,Willem Huizing,Heerenveen,2016,1.0,1.0,1.0,1.0,exact_after_normalize
Arber Zeneli,Arbër Zeneli,Heerenveen,2016,0.625,1.0,1.0,1.0,exact_after_normalize
Chinedu Ede,Chinedu Ede,Twente,2016,1.0,1.0,1.0,1.0,exact_after_normalize
Bersant Celina,Bersant Celina,Twente,2016,1.0,1.0,1.0,1.0,exact_after_normalize
Enes Ünal,Enes Ünal,Twente,2016,1.0,1.0,1.0,1.0,exact_after_normalize
Hidde ter Avest,Hidde ter Avest,Twente,2016,1.0,1.0,1.0,1.0,exact_after_normalize
Fredrik Jensen,Fredrik Jensen,Twente,2016,1.0,1.0,1.0,1.0,exact_after_normalize
Dejan Trajkovski,Dejan Trajkovski,Twente,2016,1.0,1.0,1.0,1.0,exact_after_normalize
Oussama Assaidi,Oussama Assaidi,Twente,2016,1.0,1.0,1.0,1.0,exact_after_normalize
Mateusz Klich,Mateusz Klich,Twente,2016,1.0,1.0,1.0,1.0,exact_after_normalize
Nick Marsman,Nick Marsman,Twente,2016,1.0,1.0,1.0,1.0,exact_after_normalize
Peet Bijen,Peet Bijen,Twente,2016,1.0,1.0,1.0,1.0,exact_after_normalize
Jelle van der Heyden,Jelle van der Heyden,Twente,2016,1.0,1.0,1.0,1.0,exact_after_normalize
Dylan George,Dylan George,Twente,2016,1.0,1.0,1.0,1.0,exact_after_normalize
Hakim Ziyech,Hakim Ziyech,Twente,2016,1.0,1.0,1.0,1.0,exact_after_normalize
Jos Hooiveld,Jos Hooiveld,Twente,2016,1.0,1.0,1.0,1.0,exact_after_normalize
Enis Bunjaki,Enis Bunjaki,Twente,2016,1.0,1.0,1.0,1.0,exact_after_normalize
Stefan Thesker,Stefan Thesker,Twente,2016,1.0,1.0,1.0,1.0,exact_after_normalize
Dylan Seys,Dylan Seys,Twente,2016,1.0,1.0,1.0,1.0,exact_after_normalize
Joachim Andersen,Joachim Andersen,Twente,2016,1.0,1.0,1.0,1.0,exact_after_normalize
Tim Hölscher,Tim Hölscher,Twente,2016,1.0,1.0,1.0,1.0,exact_after_normalize
Jeroen Van der Lely,Jeroen van der Lely,Twente,2016,1.0,1.0,1.0,1.0,exact_after_normalize
Yaw Yeboah,Yaw Yeboah,Twente,2016,1.0,1.0,1.0,1.0,exact_after_normalize
Jari Oosterwijk,Jari Oosterwijk,Twente,2016,1.0,1.0,1.0,1.0,exact_after_normalize
Torgeir Børven,Torgeir Børven,Twente,2016,1.0,1.0,1.0,1.0,exact_after_normalize
Kamohelo Mokotjo,Kamohelo Mokotjo,Twente,2016,1.0,1.0,1.0,1.0,exact_after_normalize
Jorrit Hendrix,Jorrit Hendrix,PSV,2016,1.0,1.0,1.0,1.0,exact_after_normalize
Nicolas Isimat-Mirin,Nicolas Isimat-Mirin,PSV,2016,1.0,1.0,1.0,1.0,exact_after_normalize
Marco van Ginkel,Marco van Ginkel,PSV,2016,1.0,1.0,1.0,1.0,exact_after_normalize
Sam Lammers,Sam Lammers,PSV,2016,1.0,1.0,1.0,1.0,exact_after_normalize
Joshua Brenet,Joshua Brenet,PSV,2016,1.0,1.0,1.0,1.0,exact_after_normalize
Bart Ramselaar,Bart Ramselaar,PSV,2016,1.0,1.0,1.0,1.0,exact_after_normalize
Steven Bergwijn,Steven Bergwijn,PSV,2016,1.0,1.0,1.0,1.0,exact_after_normalize
Luciano Narsingh,Luciano Narsingh,PSV,2016,1.0,1.0,1.0,1.0,exact_after_normalize
Santiago Arias,Santiago Arias,PSV,2016,1.0,1.0,1.0,1.0,exact_after_normalize
Héctor Moreno,Héctor Moreno,PSV,2016,1.0,1.0,1.0,1.0,exact_after_normalize
Jetro Willems,Jetro Willems,PSV,2016,1.0,1.0,1.0,1.0,exact_after_normalize
Ramon Lundqvist,Ramon Lundqvist,PSV,2016,1.0,1.0,1.0,1.0,exact_after_normalize
Florian Jozefzoon,Florian Jozefzoon,PSV,2016,1.0,1.0,1.0,1.0,exact_after_normalize
Remko Pasveer,Remko Pasveer,PSV,2016,1.0,1.0,1.0,1.0,exact_after_normalize
Jürgen Locadia,Jürgen Locadia,PSV,2016,1.0,1.0,1.0,1.0,exact_after_normalize
Gastón Pereiro,Gastón Pereiro,PSV,2016,1.0,1.0,1.0,1.0,exact_after_normalize
Siem de Jong,Siem de Jong,PSV,2016,1.0,1.0,1.0,1.0,exact_after_normalize
Luuk de Jong,Luuk de Jong,PSV,2016,1.0,1.0,1.0,1.0,exact_after_normalize
Daniel Schwaab,Daniel Schwaab,PSV,2016,1.0,1.0,1.0,1.0,exact_after_normalize
Oleksandr Zinchenko,Oleksandr Zinchenko,PSV,2016,1.0,1.0,1.0,1.0,exact_after_normalize
Davy Pröpper,Davy Pröpper,PSV,2016,1.0,1.0,1.0,1.0,exact_after_normalize
Jeroen Zoet,Jeroen Zoet,PSV,2016,1.0,1.0,1.0,1.0,exact_after_normalize
Andrés Guardado,Andrés Guardado,PSV,2016,1.0,1.0,1.0,1.0,exact_after_normalize
Bruno Andrade,Bruno Andrade,Willem II,2016,1.0,1.0,1.0,1.0,exact_after_normalize
Kostas Lamprou,Kostas Lamprou,Willem II,2016,1.0,1.0,1.0,1.0,exact_after_normalize
Freek Heerkens,Freek Heerkens,Willem II,2016,1.0,1.0,1.0,1.0,exact_after_normalize
Thom Haye,Thom Haye,Willem II,2016,1.0,1.0,1.0,1.0,exact_after_normalize
Erik Falkenburg,Erik Falkenburg,Willem II,2016,1.0,1.0,1.0,1.0,exact_after_normalize
Anouar Kali,Anouar Kali,Willem II,2016,1.0,1.0,1.0,1.0,exact_after_normalize
Andreas Calcan,Andreas Calcan,Willem II,2016,1.0,1.0,1.0,1.0,exact_after_normalize
Jordens Peters,Jordens Peters,Willem II,2016,1.0,1.0,1.0,1.0,exact_after_normalize
Asumah Abubakar,Asumah Abubakar,Willem II,2016,1.0,1.0,1.0,1.0,exact_after_normalize
Branco van den Boomen,Branco van den Boomen,Willem II,2016,1.0,1.0,1.0,1.0,exact_after_normalize
Dries Wuytens,Dries Wuytens,Willem II,2016,1.0,1.0,1.0,1.0,exact_after_normalize
Guus Joppen,Guus Joppen,Willem II,2016,1.0,1.0,1.0,1.0,exact_after_normalize
Dico Koppers,Dico Koppers,Willem II,2016,1.0,1.0,1.0,1.0,exact_after_normalize
Funso Ojo,Funso Ojo,Willem II,2016,1.0,1.0,1.0,1.0,exact_after_normalize
Pele van Anholt,Pele van Anholt,Willem II,2016,1.0,1.0,1.0,1.0,exact_after_normalize
Derrick Tshimanga,Derrick Tshimanga,Willem II,2016,1.0,1.0,1.0,1.0,exact_after_normalize
Darryl Lachman,Darryl Lachman,Willem II,2016,1.0,1.0,1.0,1.0,exact_after_normalize
Jordy Croux,Jordy Croux,Willem II,2016,1.0,1.0,1.0,1.0,exact_after_normalize
Fran Sol,Fran Sol,Willem II,2016,1.0,1.0,1.0,1.0,exact_after_normalize
Elmo Lieftink,Elmo Lieftink,Willem II,2016,1.0,1.0,1.0,1.0,exact_after_normalize
Bartholomew Ogbeche,Bartholomew Ogbeche,Willem II,2016,1.0,1.0,1.0,1.0,exact_after_normalize
Thomas Kok,Thomas Kok,Willem II,2016,1.0,1.0,1.0,1.0,exact_after_normalize
Jari Schuurman,Jari Schuurman,Willem II,2016,1.0,1.0,1.0,1.0,exact_after_normalize
Obbi Oulare,Obbi Oularé,Willem II,2016,0.6923,1.0,1.0,1.0,exact_after_normalize
Wojciech Golla,Wojciech Golla,NEC Nijmegen,2016,1.0,1.0,1.0,1.0,exact_after_normalize
Jordan Larsson,Jordan Larsson,NEC Nijmegen,2016,1.0,1.0,1.0,1.0,exact_after_normalize
Ali Messaoud,Ali Messaoud,NEC Nijmegen,2016,1.0,1.0,1.0,1.0,exact_after_normalize
Jeffrey Leiwakabessy,Jeffrey Leiwakabessy,NEC Nijmegen,2016,1.0,1.0,1.0,1.0,exact_after_normalize
Joris Delle,Joris Delle,NEC Nijmegen,2016,1.0,1.0,1.0,1.0,exact_after_normalize
Quincy Owusu-Abeyie,Quincy Owusu-Abeyie,NEC Nijmegen,2016,1.0,1.0,1.0,1.0,exact_after_normalize
André Fomitschow,André Fomitschow,NEC Nijmegen,2016,1.0,1.0,1.0,1.0,exact_after_normalize
Michael Heinloth,Michael Heinloth,NEC Nijmegen,2016,1.0,1.0,1.0,1.0,exact_after_normalize
Gregor Breinburg,Gregor Breinburg,NEC Nijmegen,2016,1.0,1.0,1.0,1.0,exact_after_normalize
Janio Bikel,Janio Bikel,NEC Nijmegen,2016,1.0,1.0,1.0,1.0,exact_after_normalize
Stefan Mauk,Stefan Mauk,NEC Nijmegen,2016,1.0,1.0,1.0,1.0,exact_after_normalize
Mikael Dyrestam,Mikael Dyrestam,NEC Nijmegen,2016,1.0,1.0,1.0,1.0,exact_after_normalize
Jay-Roy Grot,Jay-Roy Grot,NEC Nijmegen,2016,1.0,1.0,1.0,1.0,exact_after_normalize
Lorenzo Burnet,Lorenzo Burnet,NEC Nijmegen,2016,1.0,1.0,1.0,1.0,exact_after_normalize
Frank Sturing,Frank Sturing,NEC Nijmegen,2016,1.0,1.0,1.0,1.0,exact_after_normalize
Kévin Mayi,Kévin Mayi,NEC Nijmegen,2016,1.0,1.0,1.0,1.0,exact_after_normalize
Joey Sleegers,Joey Sleegers,NEC Nijmegen,2016,1.0,1.0,1.0,1.0,exact_after_normalize
Taiwo Awoniyi,Taiwo Awoniyi,NEC Nijmegen,2016,1.0,1.0,1.0,1.0,exact_after_normalize
Fabian Gmeiner,Fabian Gmeiner,NEC Nijmegen,2016,1.0,1.0,1.0,1.0,exact_after_normalize
Sam Lundholm,Sam Lundholm,NEC Nijmegen,2016,1.0,1.0,1.0,1.0,exact_after_normalize
Julian von Haacke,Julian von Haacke,NEC Nijmegen,2016,1.0,1.0,1.0,1.0,exact_after_normalize
Arnaut Danjuma,Arnaut Danjuma,NEC Nijmegen,2016,1.0,1.0,1.0,1.0,exact_after_normalize
Ferdi Kadioglu,Ferdi Kadioglu,NEC Nijmegen,2016,1.0,1.0,1.0,1.0,exact_after_normalize
Robin Buwalda,Robin Buwalda,NEC Nijmegen,2016,1.0,1.0,1.0,1.0,exact_after_normalize
Mohamed Rayhi,Mohamed Rayhi,NEC Nijmegen,2016,1.0,1.0,1.0,1.0,exact_after_normalize
Mathias Pogba,Mathias Pogba,Sparta,2016,1.0,1.0,1.0,1.0,exact_after_normalize
Ragnar Ache,Ragnar Ache,Sparta,2016,1.0,1.0,1.0,1.0,exact_after_normalize
Michael Verrips,Michael Verrips,Sparta,2016,1.0,1.0,1.0,1.0,exact_after_normalize
Iván Calero,Iván Calero,Sparta,2016,1.0,1.0,1.0,1.0,exact_after_normalize
Denzel Dumfries,Denzel Dumfries,Sparta,2016,1.0,1.0,1.0,1.0,exact_after_normalize
Rick van Drongelen,Rick van Drongelen,Sparta,2016,1.0,1.0,1.0,1.0,exact_after_normalize
Roland Bergkamp,Roland Bergkamp,Sparta,2016,1.0,1.0,1.0,1.0,exact_after_normalize
Craig Goodwin,Craig Goodwin,Sparta,2016,1.0,1.0,1.0,1.0,exact_after_normalize
Cyril Chevreuil,Cyril Chevreuil,Sparta,2016,1.0,1.0,1.0,1.0,exact_after_normalize
Ryan Sanusi,Ryan Sanusi,Sparta,2016,1.0,1.0,1.0,1.0,exact_after_normalize
Roy Kortsmit,Roy Kortsmit,Sparta,2016,1.0,1.0,1.0,1.0,exact_after_normalize
David Mendes da Silva,David Mendes da Silva,Sparta,2016,1.0,1.0,1.0,1.0,exact_after_normalize
Jerson Cabral,Jerson Cabral,Sparta,2016,1.0,1.0,1.0,1.0,exact_after_normalize
Bart Vriends,Bart Vriends,Sparta,2016,1.0,1.0,1.0,1.0,exact_after_normalize
Ilias Alhaft,Ilias Alhaft,Sparta,2016,1.0,1.0,1.0,1.0,exact_after_normalize
Michel Breuer,Michel Breuer,Sparta,2016,1.0,1.0,1.0,1.0,exact_after_normalize
Janne Saksela,Janne Saksela,Sparta,2016,1.0,1.0,1.0,1.0,exact_after_normalize
Sherel Floranus,Sherel Floranus,Sparta,2016,1.0,1.0,1.0,1.0,exact_after_normalize
Florian Pinteaux,Florian Pinteaux,Sparta,2016,1.0,1.0,1.0,1.0,exact_after_normalize
Kenneth Dougall,Kenneth Dougall,Sparta,2016,1.0,1.0,1.0,1.0,exact_after_normalize
Stijn Spierings,Stijn Spierings,Sparta,2016,1.0,1.0,1.0,1.0,exact_after_normalize
Loris Brogno,Loris Brogno,Sparta,2016,1.0,1.0,1.0,1.0,exact_after_normalize
Zakaria El Azzouzi,Zakaria El Azzouzi,Sparta,2016,1.0,1.0,1.0,1.0,exact_after_normalize
Mart Dijkstra,Mart Dijkstra,Sparta,2016,1.0,1.0,1.0,1.0,exact_after_normalize
Paco van Moorsel,Paco van Moorsel,Sparta,2016,1.0,1.0,1.0,1.0,exact_after_normalize
Finn Stokkers,Finn Stokkers,Sparta,2016,1.0,1.0,1.0,1.0,exact_after_normalize
Thomas Verhaar,Thomas Verhaar,Sparta,2016,1.0,1.0,1.0,1.0,exact_after_normalize
Rick Ketting,Rick Ketting,Sparta,2016,1.0,1.0,1.0,1.0,exact_after_normalize
Martin Pušić,Martin Pusic,Sparta,2016,0.5294,1.0,1.0,1.0,exact_after_normalize
Lewis Baker,Lewis Baker,Vitesse,2016,1.0,1.0,1.0,1.0,exact_after_normalize
Arnold Kruiswijk,Arnold Kruiswijk,Vitesse,2016,1.0,1.0,1.0,1.0,exact_after_normalize
Lassana Faye,Lassana Faye,Vitesse,2016,1.0,1.0,1.0,1.0,exact_after_normalize
Abiola Dauda,Abiola Dauda,Vitesse,2016,1.0,1.0,1.0,1.0,exact_after_normalize
Arshak Koryan,Arshak Koryan,Vitesse,2016,1.0,1.0,1.0,1.0,exact_after_normalize
Mohammed Osman,Mohammed Osman,Vitesse,2016,1.0,1.0,1.0,1.0,exact_after_normalize
Julian Calor,Julian Calor,Vitesse,2016,1.0,1.0,1.0,1.0,exact_after_normalize
Valeri Qazaishvili,Valeri Qazaishvili,Vitesse,2016,1.0,1.0,1.0,1.0,exact_after_normalize
Marvelous Nakamba,Marvelous Nakamba,Vitesse,2016,1.0,1.0,1.0,1.0,exact_after_normalize
Eloy Room,Eloy Room,Vitesse,2016,1.0,1.0,1.0,1.0,exact_after_normalize
Nathan,Nathan,Vitesse,2016,1.0,1.0,1.0,1.0,exact_after_normalize
Guram Kashia,Guram Kashia,Vitesse,2016,1.0,1.0,1.0,1.0,exact_after_normalize
Matt Miazga,Matt Miazga,Vitesse,2016,1.0,1.0,1.0,1.0,exact_after_normalize
Navarone Foor,Navarone Foor,Vitesse,2016,1.0,1.0,1.0,1.0,exact_after_normalize
Kevin Diks,Kevin Diks,Vitesse,2016,1.0,1.0,1.0,1.0,exact_after_normalize
Ricky van Wolfswinkel,Ricky van Wolfswinkel,Vitesse,2016,1.0,1.0,1.0,1.0,exact_after_normalize
Zhang Yuning,Zhang Yuning,Vitesse,2016,1.0,1.0,1.0,1.0,exact_after_normalize
Mitchell van Bergen,Mitchell van Bergen,Vitesse,2016,1.0,1.0,1.0,1.0,exact_after_normalize
Kelvin Leerdam,Kelvin Leerdam,Vitesse,2016,1.0,1.0,1.0,1.0,exact_after_normalize
Milot Rashica,Milot Rashica,Vitesse,2016,1.0,1.0,1.0,1.0,exact_after_normalize
Adnane Tighadouini,Adnane Tighadouini,Vitesse,2016,1.0,1.0,1.0,1.0,exact_after_normalize
Kosuke Ota,Kosuke Ota,Vitesse,2016,1.0,1.0,1.0,1.0,exact_after_normalize
Michael Tørnes,Michael Tørnes,Vitesse,2016,1.0,1.0,1.0,1.0,exact_after_normalize
Mukhtar Ali,Mukhtar Ali,Vitesse,2016,1.0,1.0,1.0,1.0,exact_after_normalize
Alexander Büttner,Alexander Büttner,Vitesse,2016,1.0,1.0,1.0,1.0,exact_after_normalize
Maikel van der Werff,Maikel van der Werff,Vitesse,2016,1.0,1.0,1.0,1.0,exact_after_normalize
Sheran Yeini,Sheran Yeini,Vitesse,2016,1.0,1.0,1.0,1.0,exact_after_normalize
Nemanja Gudelj,Nemanja Gudelj,Ajax,2016,1.0,1.0,1.0,1.0,exact_after_normalize
Lasse Schöne,Lasse Schöne,Ajax,2016,1.0,1.0,1.0,1.0,exact_after_normalize
Kenny Tete,Kenny Tete,Ajax,2016,1.0,1.0,1.0,1.0,exact_after_normalize
Joël Veltman,Joël Veltman,Ajax,2016,1.0,1.0,1.0,1.0,exact_after_normalize
André Onana,André Onana,Ajax,2016,1.0,1.0,1.0,1.0,exact_after_normalize
Davinson Sánchez,Davinson Sánchez,Ajax,2016,1.0,1.0,1.0,1.0,exact_after_normalize
Nick Viergever,Nick Viergever,Ajax,2016,1.0,1.0,1.0,1.0,exact_after_normalize
Frenkie de Jong,Frenkie de Jong,Ajax,2016,1.0,1.0,1.0,1.0,exact_after_normalize
Daley Sinkgraven,Daley Sinkgraven,Ajax,2016,1.0,1.0,1.0,1.0,exact_after_normalize
Kasper Dolberg,Kasper Dolberg,Ajax,2016,1.0,1.0,1.0,1.0,exact_after_normalize
Jasper Cillessen,Jasper Cillessen,Ajax,2016,1.0,1.0,1.0,1.0,exact_after_normalize
Hakim Ziyech,Hakim Ziyech,Ajax,2016,1.0,1.0,1.0,1.0,exact_after_normalize
Anwar El Ghazi,Anwar El Ghazi,Ajax,2016,1.0,1.0,1.0,1.0,exact_after_normalize
Mateo Cassierra,Mateo Cassierra,Ajax,2016,1.0,1.0,1.0,1.0,exact_after_normalize
Davy Klaassen,Davy Klaassen,Ajax,2016,1.0,1.0,1.0,1.0,exact_after_normalize
Riechedly Bazoer,Riechedly Bazoer,Ajax,2016,1.0,1.0,1.0,1.0,exact_after_normalize
David Neres,David Neres,Ajax,2016,1.0,1.0,1.0,1.0,exact_after_normalize
Bertrand Traoré,Bertrand Traoré,Ajax,2016,1.0,1.0,1.0,1.0,exact_after_normalize
Abdelhak Nouri,Abdelhak Nouri,Ajax,2016,1.0,1.0,1.0,1.0,exact_after_normalize
Amin Younes,Amin Younes,Ajax,2016,1.0,1.0,1.0,1.0,exact_after_normalize
Heiko Westermann,Heiko Westermann,Ajax,2016,1.0,1.0,1.0,1.0,exact_after_normalize
Deyovaisio Zeefuik,Deyovaisio Zeefuik,Ajax,2016,1.0,1.0,1.0,1.0,exact_after_normalize
Pelle Clement,Pelle Clement,Ajax,2016,1.0,1.0,1.0,1.0,exact_after_normalize
Donny van de Beek,Donny van de Beek,Ajax,2016,1.0,1.0,1.0,1.0,exact_after_normalize
Mitchell Dijks,Mitchell Dijks,Ajax,2016,1.0,1.0,1.0,1.0,exact_after_normalize
Justin Kluivert,Justin Kluivert,Ajax,2016,1.0,1.0,1.0,1.0,exact_after_normalize
Matthijs de Ligt,Matthijs de Ligt,Ajax,2016,1.0,1.0,1.0,1.0,exact_after_normalize
Jaïro Riedewald,Jairo Riedewald,Ajax,2016,0.6842,1.0,1.0,1.0,exact_after_normalize
Václav Černý,Václav Cerny,Ajax,2016,0.4444,1.0,1.0,1.0,exact_after_normalize
Kevin Vermeulen,Kevin Vermeulen,Excelsior,2016,1.0,1.0,1.0,1.0,exact_after_normalize
Warner Hahn,Warner Hahn,Excelsior,2016,1.0,1.0,1.0,1.0,exact_after_normalize
Fredy,Fredy,Excelsior,2016,1.0,1.0,1.0,1.0,exact_after_normalize
Khalid Karami,Khalid Karami,Excelsior,2016,1.0,1.0,1.0,1.0,exact_after_normalize
Cedric Badjeck,Cedric Badjeck,Excelsior,2016,1.0,1.0,1.0,1.0,exact_after_normalize
Mike van Duinen,Mike van Duinen,Excelsior,2016,1.0,1.0,1.0,1.0,exact_after_normalize
Henrico Drost,Henrico Drost,Excelsior,2016,1.0,1.0,1.0,1.0,exact_after_normalize
Ryan Koolwijk,Ryan Koolwijk,Excelsior,2016,1.0,1.0,1.0,1.0,exact_after_normalize
Elso Brito,Elso Brito,Excelsior,2016,1.0,1.0,1.0,1.0,exact_after_normalize
Leeroy Owusu,Leeroy Owusu,Excelsior,2016,1.0,1.0,1.0,1.0,exact_after_normalize
Nigel Hasselbaink,Nigel Hasselbaink,Excelsior,2016,1.0,1.0,1.0,1.0,exact_after_normalize
Luigi Bruins,Luigi Bruins,Excelsior,2016,1.0,1.0,1.0,1.0,exact_after_normalize
Bas Kuipers,Bas Kuipers,Excelsior,2016,1.0,1.0,1.0,1.0,exact_after_normalize
Arghus,Arghus,Excelsior,2016,1.0,1.0,1.0,1.0,exact_after_normalize
Tom Muyters,Tom Muyters,Excelsior,2016,1.0,1.0,1.0,1.0,exact_after_normalize
Jeffry Fortes,Jeffry Fortes,Excelsior,2016,1.0,1.0,1.0,1.0,exact_after_normalize
Jordy de Wijs,Jordy de Wijs,Excelsior,2016,1.0,1.0,1.0,1.0,exact_after_normalize
Milan Massop,Milan Massop,Excelsior,2016,1.0,1.0,1.0,1.0,exact_after_normalize
Stanley Elbers,Stanley Elbers,Excelsior,2016,1.0,1.0,1.0,1.0,exact_after_normalize
Terell Ondaan,Terell Ondaan,Excelsior,2016,1.0,1.0,1.0,1.0,exact_after_normalize
Hicham Faik,Hicham Faik,Excelsior,2016,1.0,1.0,1.0,1.0,exact_after_normalize
Dogucan Haspolat,Dogucan Haspolat,Excelsior,2016,1.0,1.0,1.0,1.0,exact_after_normalize
Jurgen Mattheij,Jurgen Mattheij,Excelsior,2016,1.0,1.0,1.0,1.0,exact_after_normalize
Anouar Hadouir,Anouar Hadouir,Excelsior,2016,1.0,1.0,1.0,1.0,exact_after_normalize
Danilo Pantić,Danilo Pantic,Excelsior,2016,0.75,1.0,1.0,1.0,exact_after_normalize
Dabney dos Santos,Dabney dos Santos,AZ,2016,1.0,1.0,1.0,1.0,exact_after_normalize
Stijn Wuytens,Stijn Wuytens,AZ,2016,1.0,1.0,1.0,1.0,exact_after_normalize
Ridgeciano Haps,Ridgeciano Haps,AZ,2016,1.0,1.0,1.0,1.0,exact_after_normalize
Ben Rienstra,Ben Rienstra,AZ,2016,1.0,1.0,1.0,1.0,exact_after_normalize
Pantelis Hatzidiakos,Pantelis Hatzidiakos,AZ,2016,1.0,1.0,1.0,1.0,exact_after_normalize
Alireza Jahanbakhsh,Alireza Jahanbakhsh,AZ,2016,1.0,1.0,1.0,1.0,exact_after_normalize
Calvin Stengs,Calvin Stengs,AZ,2016,1.0,1.0,1.0,1.0,exact_after_normalize
Ron Vlaar,Ron Vlaar,AZ,2016,1.0,1.0,1.0,1.0,exact_after_normalize
Tim Krul,Tim Krul,AZ,2016,1.0,1.0,1.0,1.0,exact_after_normalize
Sergio Rochet,Sergio Rochet,AZ,2016,1.0,1.0,1.0,1.0,exact_after_normalize
Mats Seuntjens,Mats Seuntjens,AZ,2016,1.0,1.0,1.0,1.0,exact_after_normalize
Wout Weghorst,Wout Weghorst,AZ,2016,1.0,1.0,1.0,1.0,exact_after_normalize
Owen Wijndal,Owen Wijndal,AZ,2016,1.0,1.0,1.0,1.0,exact_after_normalize
Jeremy Helmer,Jeremy Helmer,AZ,2016,1.0,1.0,1.0,1.0,exact_after_normalize
Rens van Eijden,Rens van Eijden,AZ,2016,1.0,1.0,1.0,1.0,exact_after_normalize
Jop van der Linden,Jop van der Linden,AZ,2016,1.0,1.0,1.0,1.0,exact_after_normalize
Mattias Johansson,Mattias Johansson,AZ,2016,1.0,1.0,1.0,1.0,exact_after_normalize
Markus Henriksen,Markus Henriksen,AZ,2016,1.0,1.0,1.0,1.0,exact_after_normalize
Fernando Lewis,Fernando Lewis,AZ,2016,1.0,1.0,1.0,1.0,exact_after_normalize
Thomas Ouwejan,Thomas Ouwejan,AZ,2016,1.0,1.0,1.0,1.0,exact_after_normalize
Jonas Svensson,Jonas Svensson,AZ,2016,1.0,1.0,1.0,1.0,exact_after_normalize
Derrick Luckassen,Derrick Luckassen,AZ,2016,1.0,1.0,1.0,1.0,exact_after_normalize
Guus Til,Guus Til,AZ,2016,1.0,1.0,1.0,1.0,exact_after_normalize
Iliass Bel Hassani,Iliass Bel Hassani,AZ,2016,1.0,1.0,1.0,1.0,exact_after_normalize
Fred Friday,Fred Friday,AZ,2016,1.0,1.0,1.0,1.0,exact_after_normalize
Robert Mühren,Robert Mühren,AZ,2016,1.0,1.0,1.0,1.0,exact_after_normalize
Joris van Overeem,Joris van Overeem,AZ,2016,1.0,1.0,1.0,1.0,exact_after_normalize
Muamer Tanković,Muamer Tankovic,AZ,2016,0.7778,1.0,1.0,1.0,exact_after_normalize
Levi Garcia,Levi García,AZ,2016,0.6,1.0,1.0,1.0,exact_after_normalize
Abdenasser El Khayati,Abdenasser El Khayati,ADO Den Haag,2016,1.0,1.0,1.0,1.0,exact_after_normalize
Mike Havenaar,Mike Havenaar,ADO Den Haag,2016,1.0,1.0,1.0,1.0,exact_after_normalize
Tyronne Ebuehi,Tyronne Ebuehi,ADO Den Haag,2016,1.0,1.0,1.0,1.0,exact_after_normalize
Robert Zwinkels,Robert Zwinkels,ADO Den Haag,2016,1.0,1.0,1.0,1.0,exact_after_normalize
Aaron Meijers,Aaron Meijers,ADO Den Haag,2016,1.0,1.0,1.0,1.0,exact_after_normalize
Trevor David,Trevor David,ADO Den Haag,2016,1.0,1.0,1.0,1.0,exact_after_normalize
Donny Gorter,Donny Gorter,ADO Den Haag,2016,1.0,1.0,1.0,1.0,exact_after_normalize
Hector Hevel,Hector Hevel,ADO Den Haag,2016,1.0,1.0,1.0,1.0,exact_after_normalize
Sheraldo Becker,Sheraldo Becker,ADO Den Haag,2016,1.0,1.0,1.0,1.0,exact_after_normalize
Dennis van der Heijden,Dennis van der Heijden,ADO Den Haag,2016,1.0,1.0,1.0,1.0,exact_after_normalize
Tom Beugelsdijk,Tom Beugelsdijk,ADO Den Haag,2016,1.0,1.0,1.0,1.0,exact_after_normalize
Kevin Jansen,Kevin Jansen,ADO Den Haag,2016,1.0,1.0,1.0,1.0,exact_after_normalize
Guyon Fernandez,Guyon Fernandez,ADO Den Haag,2016,1.0,1.0,1.0,1.0,exact_after_normalize
Hennos Asmelash,Hennos Asmelash,ADO Den Haag,2016,1.0,1.0,1.0,1.0,exact_after_normalize
Tom Trybull,Tom Trybull,ADO Den Haag,2016,1.0,1.0,1.0,1.0,exact_after_normalize
Aschraf El Mahdioui,Aschraf El Mahdioui,ADO Den Haag,2016,1.0,1.0,1.0,1.0,exact_after_normalize
Dion Malone,Dion Malone,ADO Den Haag,2016,1.0,1.0,1.0,1.0,exact_after_normalize
Randy Wolters,Randy Wolters,ADO Den Haag,2016,1.0,1.0,1.0,1.0,exact_after_normalize
Chovanie Amatkarijo,Chovanie Amatkarijo,ADO Den Haag,2016,1.0,1.0,1.0,1.0,exact_after_normalize
Jerdy Schouten,Jerdy Schouten,ADO Den Haag,2016,1.0,1.0,1.0,1.0,exact_after_normalize
Ruben Schaken,Ruben Schaken,ADO Den Haag,2016,1.0,1.0,1.0,1.0,exact_after_normalize
Gervane Kastaneer,Gervane Kastaneer,ADO Den Haag,2016,1.0,1.0,1.0,1.0,exact_after_normalize
Ludcinio Marengo,Ludcinio Marengo,ADO Den Haag,2016,1.0,1.0,1.0,1.0,exact_after_normalize
Wilfried Kanon,Wilfried Kanon,ADO Den Haag,2016,1.0,1.0,1.0,1.0,exact_after_normalize
José San Román,José San Román,ADO Den Haag,2016,1.0,1.0,1.0,1.0,exact_after_normalize
Danny Bakker,Danny Bakker,ADO Den Haag,2016,1.0,1.0,1.0,1.0,exact_after_normalize
Ernestas Šetkus,Ernestas Setkus,ADO Den Haag,2016,0.6842,1.0,1.0,1.0,exact_after_normalize
Édouard Duplan,Edouard Duplan,ADO Den Haag,2016,0.6667,1.0,1.0,1.0,exact_after_normalize
Hervin Ongenda,Hervin Ongenda,PEC Zwolle,2016,1.0,1.0,1.0,1.0,exact_after_normalize
Mickey van der Hart,Mickey van der Hart,PEC Zwolle,2016,1.0,1.0,1.0,1.0,exact_after_normalize
Danny Holla,Danny Holla,PEC Zwolle,2016,1.0,1.0,1.0,1.0,exact_after_normalize
Anass Achahbar,Anass Achahbar,PEC Zwolle,2016,1.0,1.0,1.0,1.0,exact_after_normalize
Bart Schenkeveld,Bart Schenkeveld,PEC Zwolle,2016,1.0,1.0,1.0,1.0,exact_after_normalize
Nicolai Brock-Madsen,Nicolai Brock-Madsen,PEC Zwolle,2016,1.0,1.0,1.0,1.0,exact_after_normalize
Kingsley Ehizibue,Kingsley Ehizibue,PEC Zwolle,2016,1.0,1.0,1.0,1.0,exact_after_normalize
Ouasim Bouy,Ouasim Bouy,PEC Zwolle,2016,1.0,1.0,1.0,1.0,exact_after_normalize
Mustafa Saymak,Mustafa Saymak,PEC Zwolle,2016,1.0,1.0,1.0,1.0,exact_after_normalize
Ted van de Pavert,Ted van de Pavert,PEC Zwolle,2016,1.0,1.0,1.0,1.0,exact_after_normalize
Thanasis Karagounis,Thanasis Karagounis,PEC Zwolle,2016,1.0,1.0,1.0,1.0,exact_after_normalize
Youness Mokhtar,Youness Mokhtar,PEC Zwolle,2016,1.0,1.0,1.0,1.0,exact_after_normalize
Django Warmerdam,Django Warmerdam,PEC Zwolle,2016,1.0,1.0,1.0,1.0,exact_after_normalize
Max de Boom,Max de Boom,PEC Zwolle,2016,1.0,1.0,1.0,1.0,exact_after_normalize
Calvin Verdonk,Calvin Verdonk,PEC Zwolle,2016,1.0,1.0,1.0,1.0,exact_after_normalize
Gustavo Hebling,Gustavo Hebling,PEC Zwolle,2016,1.0,1.0,1.0,1.0,exact_after_normalize
Hachim Mastour,Hachim Mastour,PEC Zwolle,2016,1.0,1.0,1.0,1.0,exact_after_normalize
Wout Brama,Wout Brama,PEC Zwolle,2016,1.0,1.0,1.0,1.0,exact_after_normalize
Bram van Polen,Bram van Polen,PEC Zwolle,2016,1.0,1.0,1.0,1.0,exact_after_normalize
Wouter Marinus,Wouter Marinus,PEC Zwolle,2016,1.0,1.0,1.0,1.0,exact_after_normalize
Stef Nijland,Stef Nijland,PEC Zwolle,2016,1.0,1.0,1.0,1.0,exact_after_normalize
Erik Israelsson,Erik Israelsson,PEC Zwolle,2016,1.0,1.0,1.0,1.0,exact_after_normalize
Queensy Menig,Queensy Menig,PEC Zwolle,2016,1.0,1.0,1.0,1.0,exact_after_normalize
Dirk Marcellis,Dirk Marcellis,PEC Zwolle,2016,1.0,1.0,1.0,1.0,exact_after_normalize
Ryan Thomas,Ryan Thomas,PEC Zwolle,2016,1.0,1.0,1.0,1.0,exact_after_normalize
Philippe Sandler,Philippe Sandler,PEC Zwolle,2016,1.0,1.0,1.0,1.0,exact_after_normalize
Josef Kvida,Josef Kvída,PEC Zwolle,2016,0.6,1.0,1.0,1.0,exact_after_normalize
Mark-Jan Fledderus,Mark-Jan Fledderus,Heracles Almelo,2016,1.0,1.0,1.0,1.0,exact_after_normalize
Daryl van Mieghem,Daryl van Mieghem,Heracles Almelo,2016,1.0,1.0,1.0,1.0,exact_after_normalize
Renze Fij,Renze Fij,Heracles Almelo,2016,1.0,1.0,1.0,1.0,exact_after_normalize
Bram Castro,Bram Castro,Heracles Almelo,2016,1.0,1.0,1.0,1.0,exact_after_normalize
Brahim Darri,Brahim Darri,Heracles Almelo,2016,1.0,1.0,1.0,1.0,exact_after_normalize
Gor Agbaljan,Gor Agbaljan,Heracles Almelo,2016,1.0,1.0,1.0,1.0,exact_after_normalize
Kristoffer Peterson,Kristoffer Peterson,Heracles Almelo,2016,1.0,1.0,1.0,1.0,exact_after_normalize
Peter van Ooijen,Peter van Ooijen,Heracles Almelo,2016,1.0,1.0,1.0,1.0,exact_after_normalize
Brandley Kuwas,Brandley Kuwas,Heracles Almelo,2016,1.0,1.0,1.0,1.0,exact_after_normalize
Robin Gosens,Robin Gosens,Heracles Almelo,2016,1.0,1.0,1.0,1.0,exact_after_normalize
Thomas Bruns,Thomas Bruns,Heracles Almelo,2016,1.0,1.0,1.0,1.0,exact_after_normalize
Joey Pelupessy,Joey Pelupessy,Heracles Almelo,2016,1.0,1.0,1.0,1.0,exact_after_normalize
Justin Hoogma,Justin Hoogma,Heracles Almelo,2016,1.0,1.0,1.0,1.0,exact_after_normalize
Mike te Wierik,Mike te Wierik,Heracles Almelo,2016,1.0,1.0,1.0,1.0,exact_after_normalize
Robin Pröpper,Robin Pröpper,Heracles Almelo,2016,1.0,1.0,1.0,1.0,exact_after_normalize
Jaroslav Navrátil,Jaroslav Navrátil,Heracles Almelo,2016,1.0,1.0,1.0,1.0,exact_after_normalize
Lerin Duarte,Lerin Duarte,Heracles Almelo,2016,1.0,1.0,1.0,1.0,exact_after_normalize
Reuven Niemeijer,Reuven Niemeijer,Heracles Almelo,2016,1.0,1.0,1.0,1.0,exact_after_normalize
Wout Droste,Wout Droste,Heracles Almelo,2016,1.0,1.0,1.0,1.0,exact_after_normalize
Tim van de Berg,Tim van de Berg,Heracles Almelo,2016,1.0,1.0,1.0,1.0,exact_after_normalize
Tim Breukers,Tim Breukers,Heracles Almelo,2016,1.0,1.0,1.0,1.0,exact_after_normalize
Sander Thomas,Sander Thomas,Heracles Almelo,2016,1.0,1.0,1.0,1.0,exact_after_normalize
Iliass Bel Hassani,Iliass Bel Hassani,Heracles Almelo,2016,1.0,1.0,1.0,1.0,exact_after_normalize
Samuel Armenteros,Samuel Armenteros,Heracles Almelo,2016,1.0,1.0,1.0,1.0,exact_after_normalize
Vincent Vermeij,Vincent Vermeij,Heracles Almelo,2016,1.0,1.0,1.0,1.0,exact_after_normalize
Paul Gladon,Paul Gladon,Heracles Almelo,2016,1.0,1.0,1.0,1.0,exact_after_normalize
Dario Vujičević,Dario Vujicevic,Heracles Almelo,2016,0.5238,1.0,1.0,1.0,exact_after_normalize
Norichio Nieveld,Norichio Nieveld,Go Ahead Eagles,2016,1.0,1.0,1.0,1.0,exact_after_normalize
Randy Wolters,Randy Wolters,Go Ahead Eagles,2016,1.0,1.0,1.0,1.0,exact_after_normalize
Tom Daemen,Tom Daemen,Go Ahead Eagles,2016,1.0,1.0,1.0,1.0,exact_after_normalize
Joey Groenbast,Joey Groenbast,Go Ahead Eagles,2016,1.0,1.0,1.0,1.0,exact_after_normalize
Sinan Bytyqi,Sinan Bytyqi,Go Ahead Eagles,2016,1.0,1.0,1.0,1.0,exact_after_normalize
Lum Rexhepi,Lum Rexhepi,Go Ahead Eagles,2016,1.0,1.0,1.0,1.0,exact_after_normalize
Sander Fischer,Sander Fischer,Go Ahead Eagles,2016,1.0,1.0,1.0,1.0,exact_after_normalize
Marcel Ritzmaier,Marcel Ritzmaier,Go Ahead Eagles,2016,1.0,1.0,1.0,1.0,exact_after_normalize
Xandro Schenk,Xandro Schenk,Go Ahead Eagles,2016,1.0,1.0,1.0,1.0,exact_after_normalize
Joey Suk,Joey Suk,Go Ahead Eagles,2016,1.0,1.0,1.0,1.0,exact_after_normalize
Pedro Chirivella,Pedro Chirivella,Go Ahead Eagles,2016,1.0,1.0,1.0,1.0,exact_after_normalize
Patrick Maneschijn,Patrick Maneschijn,Go Ahead Eagles,2016,1.0,1.0,1.0,1.0,exact_after_normalize
Givan Werkhoven,Givan Werkhoven,Go Ahead Eagles,2016,1.0,1.0,1.0,1.0,exact_after_normalize
Ludcinio Marengo,Ludcinio Marengo,Go Ahead Eagles,2016,1.0,1.0,1.0,1.0,exact_after_normalize
Teije ten Den,Teije ten Den,Go Ahead Eagles,2016,1.0,1.0,1.0,1.0,exact_after_normalize
Henrik Ojamaa,Henrik Ojamaa,Go Ahead Eagles,2016,1.0,1.0,1.0,1.0,exact_after_normalize
Sander Duits,Sander Duits,Go Ahead Eagles,2016,1.0,1.0,1.0,1.0,exact_after_normalize
Kenny Teijsse,Kenny Teijsse,Go Ahead Eagles,2016,1.0,1.0,1.0,1.0,exact_after_normalize
Kevin Brands,Kevin Brands,Go Ahead Eagles,2016,1.0,1.0,1.0,1.0,exact_after_normalize
Robin van der Meer,Robin van der Meer,Go Ahead Eagles,2016,1.0,1.0,1.0,1.0,exact_after_normalize
Lars Lambooij,Lars Lambooij,Go Ahead Eagles,2016,1.0,1.0,1.0,1.0,exact_after_normalize
Leon de Kogel,Leon de Kogel,Go Ahead Eagles,2016,1.0,1.0,1.0,1.0,exact_after_normalize
Darren Maatsen,Darren Maatsen,Go Ahead Eagles,2016,1.0,1.0,1.0,1.0,exact_after_normalize
Sam Hendriks,Sam Hendriks,Go Ahead Eagles,2016,1.0,1.0,1.0,1.0,exact_after_normalize
Elvis Manu,Elvis Manu,Go Ahead Eagles,2016,1.0,1.0,1.0,1.0,exact_after_normalize
Jarchinio Antonia,Jarchinio Antonia,Go Ahead Eagles,2016,1.0,1.0,1.0,1.0,exact_after_normalize
Theo Zwarthoed,Theo Zwarthoed,Go Ahead Eagles,2016,1.0,1.0,1.0,1.0,exact_after_normalize
Rochdi Achenteh,Rochdi Achenteh,Go Ahead Eagles,2016,1.0,1.0,1.0,1.0,exact_after_normalize
Sébastien Locigno,Sebastien Locigno,Go Ahead Eagles,2016,0.7143,1.0,1.0,1.0,exact_after_normalize
Thomas Enevoldsen,Thomas Enevoldsen,NAC Breda,2017,1.0,1.0,1.0,1.0,exact_after_normalize
Bodi Brusselers,Bodi Brusselers,NAC Breda,2017,1.0,1.0,1.0,1.0,exact_after_normalize
Paolo Fernandes,Paolo Fernandes,NAC Breda,2017,1.0,1.0,1.0,1.0,exact_after_normalize
Rai Vloet,Rai Vloet,NAC Breda,2017,1.0,1.0,1.0,1.0,exact_after_normalize
Bart Meijers,Bart Meijers,NAC Breda,2017,1.0,1.0,1.0,1.0,exact_after_normalize
Arno Verschueren,Arno Verschueren,NAC Breda,2017,1.0,1.0,1.0,1.0,exact_after_normalize
Gianluca Nijholt,Gianluca Nijholt,NAC Breda,2017,1.0,1.0,1.0,1.0,exact_after_normalize
Mark Birighitti,Mark Birighitti,NAC Breda,2017,1.0,1.0,1.0,1.0,exact_after_normalize
Giovanni Korte,Giovanni Korte,NAC Breda,2017,1.0,1.0,1.0,1.0,exact_after_normalize
James Horsfield,James Horsfield,NAC Breda,2017,1.0,1.0,1.0,1.0,exact_after_normalize
Karol Niemczycki,Karol Niemczycki,NAC Breda,2017,1.0,1.0,1.0,1.0,exact_after_normalize
Menno Koch,Menno Koch,NAC Breda,2017,1.0,1.0,1.0,1.0,exact_after_normalize
Umar Sadiq,Umar Sadiq,NAC Breda,2017,1.0,1.0,1.0,1.0,exact_after_normalize
Thomas Agyepong,Thomas Agyepong,NAC Breda,2017,1.0,1.0,1.0,1.0,exact_after_normalize
Nigel Bertrams,Nigel Bertrams,NAC Breda,2017,1.0,1.0,1.0,1.0,exact_after_normalize
Lucas Schoofs,Lucas Schoofs,NAC Breda,2017,1.0,1.0,1.0,1.0,exact_after_normalize
Karol Mets,Karol Mets,NAC Breda,2017,1.0,1.0,1.0,1.0,exact_after_normalize
Fabian Sporkslede,Fabian Sporkslede,NAC Breda,2017,1.0,1.0,1.0,1.0,exact_after_normalize
Richelor Sprangers,Richelor Sprangers,NAC Breda,2017,1.0,1.0,1.0,1.0,exact_after_normalize
Mounir El Allouchi,Mounir El Allouchi,NAC Breda,2017,1.0,1.0,1.0,1.0,exact_after_normalize
Diego Snepvangers,Diego Snepvangers,NAC Breda,2017,1.0,1.0,1.0,1.0,exact_after_normalize
Manu García,Manu García,NAC Breda,2017,1.0,1.0,1.0,1.0,exact_after_normalize
Angeliño,Angeliño,NAC Breda,2017,1.0,1.0,1.0,1.0,exact_after_normalize
Andries Noppert,Andries Noppert,NAC Breda,2017,1.0,1.0,1.0,1.0,exact_after_normalize
Thierry Ambrose,Thierry Ambrose,NAC Breda,2017,1.0,1.0,1.0,1.0,exact_after_normalize
Pablo Marí,Pablo Marí,NAC Breda,2017,1.0,1.0,1.0,1.0,exact_after_normalize
Mitchell te Vrede,Mitchell te Vrede,NAC Breda,2017,1.0,1.0,1.0,1.0,exact_after_normalize
Livio Milts,Livio Milts,Roda JC,2017,1.0,1.0,1.0,1.0,exact_after_normalize
Célestin Djim,Célestin Djim,Roda JC,2017,1.0,1.0,1.0,1.0,exact_after_normalize
Patrick Banggaard,Patrick Banggaard,Roda JC,2017,1.0,1.0,1.0,1.0,exact_after_normalize
Maecky Ngombo,Maecky Ngombo,Roda JC,2017,1.0,1.0,1.0,1.0,exact_after_normalize
Jorn Vancamp,Jorn Vancamp,Roda JC,2017,1.0,1.0,1.0,1.0,exact_after_normalize
Donis Avdijaj,Donis Avdijaj,Roda JC,2017,1.0,1.0,1.0,1.0,exact_after_normalize
Adil Auassar,Adil Auassar,Roda JC,2017,1.0,1.0,1.0,1.0,exact_after_normalize
Ashton Götz,Ashton Götz,Roda JC,2017,1.0,1.0,1.0,1.0,exact_after_normalize
Frederic Ananou,Frederic Ananou,Roda JC,2017,1.0,1.0,1.0,1.0,exact_after_normalize
Hidde Jurjus,Hidde Jurjus,Roda JC,2017,1.0,1.0,1.0,1.0,exact_after_normalize
Ard van Peppen,Ard van Peppen,Roda JC,2017,1.0,1.0,1.0,1.0,exact_after_normalize
Dani Schahin,Dani Schahin,Roda JC,2017,1.0,1.0,1.0,1.0,exact_after_normalize
Mikhail Rosheuvel,Mikhail Rosheuvel,Roda JC,2017,1.0,1.0,1.0,1.0,exact_after_normalize
Mohamed El Makrini,Mohamed El Makrini,Roda JC,2017,1.0,1.0,1.0,1.0,exact_after_normalize
Simon Gustafson,Simon Gustafson,Roda JC,2017,1.0,1.0,1.0,1.0,exact_after_normalize
Gyliano van Velzen,Gyliano van Velzen,Roda JC,2017,1.0,1.0,1.0,1.0,exact_after_normalize
Mario Engels,Mario Engels,Roda JC,2017,1.0,1.0,1.0,1.0,exact_after_normalize
Daryl Werker,Daryl Werker,Roda JC,2017,1.0,1.0,1.0,1.0,exact_after_normalize
Henk Dijkhuizen,Henk Dijkhuizen,Roda JC,2017,1.0,1.0,1.0,1.0,exact_after_normalize
Christian Kum,Christian Kum,Roda JC,2017,1.0,1.0,1.0,1.0,exact_after_normalize
Jannes Vansteenkiste,Jannes Vansteenkiste,Roda JC,2017,1.0,1.0,1.0,1.0,exact_after_normalize
Nathan Rutjes,Nathan Rutjes,Roda JC,2017,1.0,1.0,1.0,1.0,exact_after_normalize
Ognjen Gnjatić,Ognjen Gnjatic,Roda JC,2017,0.75,1.0,1.0,1.0,exact_after_normalize
Odysseus Velanas,Odysseus Velanas,Utrecht,2017,1.0,1.0,1.0,1.0,exact_after_normalize
Zakaria Labyad,Zakaria Labyad,Utrecht,2017,1.0,1.0,1.0,1.0,exact_after_normalize
Sander van de Streek,Sander van de Streek,Utrecht,2017,1.0,1.0,1.0,1.0,exact_after_normalize
Sean Klaiber,Sean Klaiber,Utrecht,2017,1.0,1.0,1.0,1.0,exact_after_normalize
Rico Strieder,Rico Strieder,Utrecht,2017,1.0,1.0,1.0,1.0,exact_after_normalize
Cyriel Dessers,Cyriel Dessers,Utrecht,2017,1.0,1.0,1.0,1.0,exact_after_normalize
Anouar Kali,Anouar Kali,Utrecht,2017,1.0,1.0,1.0,1.0,exact_after_normalize
Gyrano Kerk,Gyrano Kerk,Utrecht,2017,1.0,1.0,1.0,1.0,exact_after_normalize
David Jensen,David Jensen,Utrecht,2017,1.0,1.0,1.0,1.0,exact_after_normalize
Urby Emanuelson,Urby Emanuelson,Utrecht,2017,1.0,1.0,1.0,1.0,exact_after_normalize
Jean-Christophe Bahebeck,Jean-Christophe Bahebeck,Utrecht,2017,1.0,1.0,1.0,1.0,exact_after_normalize
Nick Venema,Nick Venema,Utrecht,2017,1.0,1.0,1.0,1.0,exact_after_normalize
Edson Braafheid,Edson Braafheid,Utrecht,2017,1.0,1.0,1.0,1.0,exact_after_normalize
Giovanni Troupée,Giovanni Troupée,Utrecht,2017,1.0,1.0,1.0,1.0,exact_after_normalize
Mateusz Klich,Mateusz Klich,Utrecht,2017,1.0,1.0,1.0,1.0,exact_after_normalize
Yassin Ayoub,Yassin Ayoub,Utrecht,2017,1.0,1.0,1.0,1.0,exact_after_normalize
Bilal Ould-Chikh,Bilal Ould-Chikh,Utrecht,2017,1.0,1.0,1.0,1.0,exact_after_normalize
Willem Janssen,Willem Janssen,Utrecht,2017,1.0,1.0,1.0,1.0,exact_after_normalize
Robin van der Meer,Robin van der Meer,Utrecht,2017,1.0,1.0,1.0,1.0,exact_after_normalize
Matty Willock,Matty Willock,Utrecht,2017,1.0,1.0,1.0,1.0,exact_after_normalize
Mark van der Maarel,Mark van der Maarel,Utrecht,2017,1.0,1.0,1.0,1.0,exact_after_normalize
Sylla Sow,Sylla Sow,Utrecht,2017,1.0,1.0,1.0,1.0,exact_after_normalize
Lukas Görtler,Lukas Görtler,Utrecht,2017,1.0,1.0,1.0,1.0,exact_after_normalize
Ramon Leeuwin,Ramon Leeuwin,Utrecht,2017,1.0,1.0,1.0,1.0,exact_after_normalize
Nick Marsman,Nick Marsman,Utrecht,2017,1.0,1.0,1.0,1.0,exact_after_normalize
Mike te Wierik,Mike te Wierik,Groningen,2017,1.0,1.0,1.0,1.0,exact_after_normalize
Lars Veldwijk,Lars Veldwijk,Groningen,2017,1.0,1.0,1.0,1.0,exact_after_normalize
Tom van de Looi,Tom van de Looi,Groningen,2017,1.0,1.0,1.0,1.0,exact_after_normalize
Kasper Larsen,Kasper Larsen,Groningen,2017,1.0,1.0,1.0,1.0,exact_after_normalize
Deyovaisio Zeefuik,Deyovaisio Zeefuik,Groningen,2017,1.0,1.0,1.0,1.0,exact_after_normalize
Amir Absalem,Amir Absalem,Groningen,2017,1.0,1.0,1.0,1.0,exact_after_normalize
Uriel Antuna,Uriel Antuna,Groningen,2017,1.0,1.0,1.0,1.0,exact_after_normalize
Ludovit Reis,Ludovit Reis,Groningen,2017,1.0,1.0,1.0,1.0,exact_after_normalize
Michael Breij,Michael Breij,Groningen,2017,1.0,1.0,1.0,1.0,exact_after_normalize
Tim Freriks,Tim Freriks,Groningen,2017,1.0,1.0,1.0,1.0,exact_after_normalize
Lars Kramer,Lars Kramer,Groningen,2017,1.0,1.0,1.0,1.0,exact_after_normalize
Todd Kane,Todd Kane,Groningen,2017,1.0,1.0,1.0,1.0,exact_after_normalize
Oussama Idrissi,Oussama Idrissi,Groningen,2017,1.0,1.0,1.0,1.0,exact_after_normalize
Ritsu Doan,Ritsu Doan,Groningen,2017,1.0,1.0,1.0,1.0,exact_after_normalize
Django Warmerdam,Django Warmerdam,Groningen,2017,1.0,1.0,1.0,1.0,exact_after_normalize
Sergio Padt,Sergio Padt,Groningen,2017,1.0,1.0,1.0,1.0,exact_after_normalize
Mimoun Mahi,Mimoun Mahi,Groningen,2017,1.0,1.0,1.0,1.0,exact_after_normalize
Ajdin Hrustic,Ajdin Hrustic,Groningen,2017,1.0,1.0,1.0,1.0,exact_after_normalize
Tom van Weert,Tom van Weert,Groningen,2017,1.0,1.0,1.0,1.0,exact_after_normalize
Jesper Drost,Jesper Drost,Groningen,2017,1.0,1.0,1.0,1.0,exact_after_normalize
Etiënne Reijnen,Etiënne Reijnen,Groningen,2017,1.0,1.0,1.0,1.0,exact_after_normalize
Juninho Bacuna,Juninho Bacuna,Groningen,2017,1.0,1.0,1.0,1.0,exact_after_normalize
Yoell van Nieff,Yoëll van Nieff,Groningen,2017,0.6842,1.0,1.0,1.0,exact_after_normalize
Samir Memišević,Samir Memisevic,Groningen,2017,0.5238,1.0,1.0,1.0,exact_after_normalize
Justin Bijlow,Justin Bijlow,Feyenoord,2017,1.0,1.0,1.0,1.0,exact_after_normalize
Kevin Diks,Kevin Diks,Feyenoord,2017,1.0,1.0,1.0,1.0,exact_after_normalize
Sofyan Amrabat,Sofyan Amrabat,Feyenoord,2017,1.0,1.0,1.0,1.0,exact_after_normalize
Tyrell Malacia,Tyrell Malacia,Feyenoord,2017,1.0,1.0,1.0,1.0,exact_after_normalize
Renato Tapia,Renato Tapia,Feyenoord,2017,1.0,1.0,1.0,1.0,exact_after_normalize
Michiel Kramer,Michiel Kramer,Feyenoord,2017,1.0,1.0,1.0,1.0,exact_after_normalize
Nicolai Jørgensen,Nicolai Jørgensen,Feyenoord,2017,1.0,1.0,1.0,1.0,exact_after_normalize
Tonny Vilhena,Tonny Vilhena,Feyenoord,2017,1.0,1.0,1.0,1.0,exact_after_normalize
Sam Larsson,Sam Larsson,Feyenoord,2017,1.0,1.0,1.0,1.0,exact_after_normalize
Jean-Paul Boëtius,Jean-Paul Boëtius,Feyenoord,2017,1.0,1.0,1.0,1.0,exact_after_normalize
Steven Berghuis,Steven Berghuis,Feyenoord,2017,1.0,1.0,1.0,1.0,exact_after_normalize
Bart Nieuwkoop,Bart Nieuwkoop,Feyenoord,2017,1.0,1.0,1.0,1.0,exact_after_normalize
Sven van Beek,Sven van Beek,Feyenoord,2017,1.0,1.0,1.0,1.0,exact_after_normalize
Karim El Ahmadi,Karim El Ahmadi,Feyenoord,2017,1.0,1.0,1.0,1.0,exact_after_normalize
Ridgeciano Haps,Ridgeciano Haps,Feyenoord,2017,1.0,1.0,1.0,1.0,exact_after_normalize
Jens Toornstra,Jens Toornstra,Feyenoord,2017,1.0,1.0,1.0,1.0,exact_after_normalize
Emil Hansson,Emil Hansson,Feyenoord,2017,1.0,1.0,1.0,1.0,exact_after_normalize
Miquel Nelom,Miquel Nelom,Feyenoord,2017,1.0,1.0,1.0,1.0,exact_after_normalize
Dylan Vente,Dylan Vente,Feyenoord,2017,1.0,1.0,1.0,1.0,exact_after_normalize
Jan-Arie van der Heijden,Jan-Arie van der Heijden,Feyenoord,2017,1.0,1.0,1.0,1.0,exact_after_normalize
Robin van Persie,Robin van Persie,Feyenoord,2017,1.0,1.0,1.0,1.0,exact_after_normalize
Cheick Touré,Cheick Touré,Feyenoord,2017,1.0,1.0,1.0,1.0,exact_after_normalize
Jordy Bruijn,Jordy Bruijn,Heerenveen,2017,1.0,1.0,1.0,1.0,exact_after_normalize
Stijn Schaars,Stijn Schaars,Heerenveen,2017,1.0,1.0,1.0,1.0,exact_after_normalize
Yuki Kobayashi,Yuki Kobayashi,Heerenveen,2017,1.0,1.0,1.0,1.0,exact_after_normalize
Kik Pierie,Kik Pierie,Heerenveen,2017,1.0,1.0,1.0,1.0,exact_after_normalize
Martin Ødegaard,Martin Ødegaard,Heerenveen,2017,1.0,1.0,1.0,1.0,exact_after_normalize
Wouter van der Steen,Wouter van der Steen,Heerenveen,2017,1.0,1.0,1.0,1.0,exact_after_normalize
Doke Schmidt,Doke Schmidt,Heerenveen,2017,1.0,1.0,1.0,1.0,exact_after_normalize
Nicolai Næss,Nicolai Næss,Heerenveen,2017,1.0,1.0,1.0,1.0,exact_after_normalize
Warner Hahn,Warner Hahn,Heerenveen,2017,1.0,1.0,1.0,1.0,exact_after_normalize
Marco Rojas,Marco Rojas,Heerenveen,2017,1.0,1.0,1.0,1.0,exact_after_normalize
Daniel Høegh,Daniel Høegh,Heerenveen,2017,1.0,1.0,1.0,1.0,exact_after_normalize
Denzel Dumfries,Denzel Dumfries,Heerenveen,2017,1.0,1.0,1.0,1.0,exact_after_normalize
Dave Bulthuis,Dave Bulthuis,Heerenveen,2017,1.0,1.0,1.0,1.0,exact_after_normalize
Martin Hansen,Martin Hansen,Heerenveen,2017,1.0,1.0,1.0,1.0,exact_after_normalize
Pelle van Amersfoort,Pelle van Amersfoort,Heerenveen,2017,1.0,1.0,1.0,1.0,exact_after_normalize
Morten Thorsby,Morten Thorsby,Heerenveen,2017,1.0,1.0,1.0,1.0,exact_after_normalize
Michel Vlap,Michel Vlap,Heerenveen,2017,1.0,1.0,1.0,1.0,exact_after_normalize
Henk Veerman,Henk Veerman,Heerenveen,2017,1.0,1.0,1.0,1.0,exact_after_normalize
Lucas Woudenberg,Lucas Woudenberg,Heerenveen,2017,1.0,1.0,1.0,1.0,exact_after_normalize
Jizz Hornkamp,Jizz Hornkamp,Heerenveen,2017,1.0,1.0,1.0,1.0,exact_after_normalize
Joost van Aken,Joost van Aken,Heerenveen,2017,1.0,1.0,1.0,1.0,exact_after_normalize
Nemanja Mihajlović,Nemanja Mihajlovic,Heerenveen,2017,0.8095,1.0,1.0,1.0,exact_after_normalize
Arber Zeneli,Arbër Zeneli,Heerenveen,2017,0.625,1.0,1.0,1.0,exact_after_normalize
Jos Hooiveld,Jos Hooiveld,Twente,2017,1.0,1.0,1.0,1.0,exact_after_normalize
Nikola Gjorgjev,Nikola Gjorgjev,Twente,2017,1.0,1.0,1.0,1.0,exact_after_normalize
Jorn Brondeel,Jorn Brondeel,Twente,2017,1.0,1.0,1.0,1.0,exact_after_normalize
Marko Kvasina,Marko Kvasina,Twente,2017,1.0,1.0,1.0,1.0,exact_after_normalize
Michael Liendl,Michael Liendl,Twente,2017,1.0,1.0,1.0,1.0,exact_after_normalize
Hidde ter Avest,Hidde ter Avest,Twente,2017,1.0,1.0,1.0,1.0,exact_after_normalize
Oussama Assaidi,Oussama Assaidi,Twente,2017,1.0,1.0,1.0,1.0,exact_after_normalize
Michaël Maria,Michaël Maria,Twente,2017,1.0,1.0,1.0,1.0,exact_after_normalize
Mounir El Hamdaoui,Mounir El Hamdaoui,Twente,2017,1.0,1.0,1.0,1.0,exact_after_normalize
Luciano Slagveer,Luciano Slagveer,Twente,2017,1.0,1.0,1.0,1.0,exact_after_normalize
Thomas Lam,Thomas Lam,Twente,2017,1.0,1.0,1.0,1.0,exact_after_normalize
Jelle van der Heyden,Jelle van der Heyden,Twente,2017,1.0,1.0,1.0,1.0,exact_after_normalize
Fredrik Jensen,Fredrik Jensen,Twente,2017,1.0,1.0,1.0,1.0,exact_after_normalize
Jeroen Van der Lely,Jeroen van der Lely,Twente,2017,1.0,1.0,1.0,1.0,exact_after_normalize
Adam Maher,Adam Maher,Twente,2017,1.0,1.0,1.0,1.0,exact_after_normalize
Peet Bijen,Peet Bijen,Twente,2017,1.0,1.0,1.0,1.0,exact_after_normalize
Stefan Thesker,Stefan Thesker,Twente,2017,1.0,1.0,1.0,1.0,exact_after_normalize
Cristián Cuevas,Cristián Cuevas,Twente,2017,1.0,1.0,1.0,1.0,exact_after_normalize
Dejan Trajkovski,Dejan Trajkovski,Twente,2017,1.0,1.0,1.0,1.0,exact_after_normalize
Richard Jensen,Richard Jensen,Twente,2017,1.0,1.0,1.0,1.0,exact_after_normalize
Rashaan Fernandes,Rashaan Fernandes,Twente,2017,1.0,1.0,1.0,1.0,exact_after_normalize
Tom Boere,Tom Boere,Twente,2017,1.0,1.0,1.0,1.0,exact_after_normalize
Alexander Laukart,Alexander Laukart,Twente,2017,1.0,1.0,1.0,1.0,exact_after_normalize
Adnane Tighadouini,Adnane Tighadouini,Twente,2017,1.0,1.0,1.0,1.0,exact_after_normalize
Danny Holla,Danny Holla,Twente,2017,1.0,1.0,1.0,1.0,exact_after_normalize
Dylan George,Dylan George,Twente,2017,1.0,1.0,1.0,1.0,exact_after_normalize
Isaac Buckley-Ricketts,Isaac Buckley-Ricketts,Twente,2017,1.0,1.0,1.0,1.0,exact_after_normalize
Ryan Trotman,Ryan Trotman,Twente,2017,1.0,1.0,1.0,1.0,exact_after_normalize
Joachim Andersen,Joachim Andersen,Twente,2017,1.0,1.0,1.0,1.0,exact_after_normalize
Joel Drommel,Joël Drommel,Twente,2017,0.6667,1.0,1.0,1.0,exact_after_normalize
Haris Vučkić,Haris Vuckic,Twente,2017,0.4444,1.0,1.0,1.0,exact_after_normalize
Pablo Rosario,Pablo Rosario,PSV,2017,1.0,1.0,1.0,1.0,exact_after_normalize
Bart Ramselaar,Bart Ramselaar,PSV,2017,1.0,1.0,1.0,1.0,exact_after_normalize
Jordy de Wijs,Jordy de Wijs,PSV,2017,1.0,1.0,1.0,1.0,exact_after_normalize
Gastón Pereiro,Gastón Pereiro,PSV,2017,1.0,1.0,1.0,1.0,exact_after_normalize
Hirving Lozano,Hirving Lozano,PSV,2017,1.0,1.0,1.0,1.0,exact_after_normalize
Jorrit Hendrix,Jorrit Hendrix,PSV,2017,1.0,1.0,1.0,1.0,exact_after_normalize
Joshua Brenet,Joshua Brenet,PSV,2017,1.0,1.0,1.0,1.0,exact_after_normalize
Kenneth Paal,Kenneth Paal,PSV,2017,1.0,1.0,1.0,1.0,exact_after_normalize
Mauro Júnior,Mauro Júnior,PSV,2017,1.0,1.0,1.0,1.0,exact_after_normalize
Santiago Arias,Santiago Arias,PSV,2017,1.0,1.0,1.0,1.0,exact_after_normalize
Daniel Schwaab,Daniel Schwaab,PSV,2017,1.0,1.0,1.0,1.0,exact_after_normalize
Derrick Luckassen,Derrick Luckassen,PSV,2017,1.0,1.0,1.0,1.0,exact_after_normalize
Nicolas Isimat-Mirin,Nicolas Isimat-Mirin,PSV,2017,1.0,1.0,1.0,1.0,exact_after_normalize
Marco van Ginkel,Marco van Ginkel,PSV,2017,1.0,1.0,1.0,1.0,exact_after_normalize
Dante Rigo,Dante Rigo,PSV,2017,1.0,1.0,1.0,1.0,exact_after_normalize
Luuk de Jong,Luuk de Jong,PSV,2017,1.0,1.0,1.0,1.0,exact_after_normalize
Eloy Room,Eloy Room,PSV,2017,1.0,1.0,1.0,1.0,exact_after_normalize
Armando Obispo,Armando Obispo,PSV,2017,1.0,1.0,1.0,1.0,exact_after_normalize
Sam Lammers,Sam Lammers,PSV,2017,1.0,1.0,1.0,1.0,exact_after_normalize
Jeroen Zoet,Jeroen Zoet,PSV,2017,1.0,1.0,1.0,1.0,exact_after_normalize
Donyell Malen,Donyell Malen,PSV,2017,1.0,1.0,1.0,1.0,exact_after_normalize
Jürgen Locadia,Jürgen Locadia,PSV,2017,1.0,1.0,1.0,1.0,exact_after_normalize
Adam Maher,Adam Maher,PSV,2017,1.0,1.0,1.0,1.0,exact_after_normalize
Steven Bergwijn,Steven Bergwijn,PSV,2017,1.0,1.0,1.0,1.0,exact_after_normalize
Kristófer Kristinsson,Kristófer Kristinsson,Willem II,2017,1.0,1.0,1.0,1.0,exact_after_normalize
Pedro Chirivella,Pedro Chirivella,Willem II,2017,1.0,1.0,1.0,1.0,exact_after_normalize
Darryl Lachman,Darryl Lachman,Willem II,2017,1.0,1.0,1.0,1.0,exact_after_normalize
Kostas Tsimikas,Kostas Tsimikas,Willem II,2017,1.0,1.0,1.0,1.0,exact_after_normalize
Jordens Peters,Jordens Peters,Willem II,2017,1.0,1.0,1.0,1.0,exact_after_normalize
Thom Haye,Thom Haye,Willem II,2017,1.0,1.0,1.0,1.0,exact_after_normalize
Elmo Lieftink,Elmo Lieftink,Willem II,2017,1.0,1.0,1.0,1.0,exact_after_normalize
Karim Coulibaly,Karim Coulibaly,Willem II,2017,1.0,1.0,1.0,1.0,exact_after_normalize
Jop van der Linden,Jop van der Linden,Willem II,2017,1.0,1.0,1.0,1.0,exact_after_normalize
Ismail Azzaoui,Ismail Azzaoui,Willem II,2017,1.0,1.0,1.0,1.0,exact_after_normalize
Fran Sol,Fran Sol,Willem II,2017,1.0,1.0,1.0,1.0,exact_after_normalize
Andreas Calcan,Andreas Calcan,Willem II,2017,1.0,1.0,1.0,1.0,exact_after_normalize
Giliano Wijnaldum,Giliano Wijnaldum,Willem II,2017,1.0,1.0,1.0,1.0,exact_after_normalize
Jordy Croux,Jordy Croux,Willem II,2017,1.0,1.0,1.0,1.0,exact_after_normalize
Mattijs Branderhorst,Mattijs Branderhorst,Willem II,2017,1.0,1.0,1.0,1.0,exact_after_normalize
Bartholomew Ogbeche,Bartholomew Ogbeche,Willem II,2017,1.0,1.0,1.0,1.0,exact_after_normalize
Etien Velikonja,Etien Velikonja,Willem II,2017,1.0,1.0,1.0,1.0,exact_after_normalize
Eyong Enoh,Eyong Enoh,Willem II,2017,1.0,1.0,1.0,1.0,exact_after_normalize
Damil Dankerlui,Damil Dankerlui,Willem II,2017,1.0,1.0,1.0,1.0,exact_after_normalize
Timon Wellenreuther,Timon Wellenreuther,Willem II,2017,1.0,1.0,1.0,1.0,exact_after_normalize
Fernando Lewis,Fernando Lewis,Willem II,2017,1.0,1.0,1.0,1.0,exact_after_normalize
Ben Rienstra,Ben Rienstra,Willem II,2017,1.0,1.0,1.0,1.0,exact_after_normalize
Freek Heerkens,Freek Heerkens,Willem II,2017,1.0,1.0,1.0,1.0,exact_after_normalize
Nicholas Marfelt,Nicholas Marfelt,Sparta,2017,1.0,1.0,1.0,1.0,exact_after_normalize
Michel Breuer,Michel Breuer,Sparta,2017,1.0,1.0,1.0,1.0,exact_after_normalize
Ragnar Ache,Ragnar Ache,Sparta,2017,1.0,1.0,1.0,1.0,exact_after_normalize
Dabney dos Santos,Dabney dos Santos,Sparta,2017,1.0,1.0,1.0,1.0,exact_after_normalize
Stijn Spierings,Stijn Spierings,Sparta,2017,1.0,1.0,1.0,1.0,exact_after_normalize
Nick Proschwitz,Nick Proschwitz,Sparta,2017,1.0,1.0,1.0,1.0,exact_after_normalize
Mark Veenhoven,Mark Veenhoven,Sparta,2017,1.0,1.0,1.0,1.0,exact_after_normalize
Craig Goodwin,Craig Goodwin,Sparta,2017,1.0,1.0,1.0,1.0,exact_after_normalize
Jannik Huth,Jannik Huth,Sparta,2017,1.0,1.0,1.0,1.0,exact_after_normalize
Franck-Yves Bambock,Franck-Yves Bambock,Sparta,2017,1.0,1.0,1.0,1.0,exact_after_normalize
Fred Friday,Fred Friday,Sparta,2017,1.0,1.0,1.0,1.0,exact_after_normalize
Ryan Sanusi,Ryan Sanusi,Sparta,2017,1.0,1.0,1.0,1.0,exact_after_normalize
Frederik Holst,Frederik Holst,Sparta,2017,1.0,1.0,1.0,1.0,exact_after_normalize
Kenneth Dougall,Kenneth Dougall,Sparta,2017,1.0,1.0,1.0,1.0,exact_after_normalize
Sander Fischer,Sander Fischer,Sparta,2017,1.0,1.0,1.0,1.0,exact_after_normalize
Thomas Verhaar,Thomas Verhaar,Sparta,2017,1.0,1.0,1.0,1.0,exact_after_normalize
Soufyan Ahannach,Soufyan Ahannach,Sparta,2017,1.0,1.0,1.0,1.0,exact_after_normalize
Paco van Moorsel,Paco van Moorsel,Sparta,2017,1.0,1.0,1.0,1.0,exact_after_normalize
Miquel Nelom,Miquel Nelom,Sparta,2017,1.0,1.0,1.0,1.0,exact_after_normalize
Deroy Duarte,Deroy Duarte,Sparta,2017,1.0,1.0,1.0,1.0,exact_after_normalize
Robert Mühren,Robert Mühren,Sparta,2017,1.0,1.0,1.0,1.0,exact_after_normalize
Bart Vriends,Bart Vriends,Sparta,2017,1.0,1.0,1.0,1.0,exact_after_normalize
Michiel Kramer,Michiel Kramer,Sparta,2017,1.0,1.0,1.0,1.0,exact_after_normalize
Sherel Floranus,Sherel Floranus,Sparta,2017,1.0,1.0,1.0,1.0,exact_after_normalize
Loris Brogno,Loris Brogno,Sparta,2017,1.0,1.0,1.0,1.0,exact_after_normalize
Leonard Nienhuis,Leonard Nienhuis,Sparta,2017,1.0,1.0,1.0,1.0,exact_after_normalize
Roy Kortsmit,Roy Kortsmit,Sparta,2017,1.0,1.0,1.0,1.0,exact_after_normalize
Ilias Alhaft,Ilias Alhaft,Sparta,2017,1.0,1.0,1.0,1.0,exact_after_normalize
George Dobson,George Dobson,Sparta,2017,1.0,1.0,1.0,1.0,exact_after_normalize
Abdou Harroui,Abdou Harroui,Sparta,2017,1.0,1.0,1.0,1.0,exact_after_normalize
Dalibor Volaš,Dalibor Volas,Sparta,2017,0.75,1.0,1.0,1.0,exact_after_normalize
Mitchell van Bergen,Mitchell van Bergen,Vitesse,2017,1.0,1.0,1.0,1.0,exact_after_normalize
Matt Miazga,Matt Miazga,Vitesse,2017,1.0,1.0,1.0,1.0,exact_after_normalize
Jesse Schuurman,Jesse Schuurman,Vitesse,2017,1.0,1.0,1.0,1.0,exact_after_normalize
Lars ten Teije,Lars ten Teije,Vitesse,2017,1.0,1.0,1.0,1.0,exact_after_normalize
Remko Pasveer,Remko Pasveer,Vitesse,2017,1.0,1.0,1.0,1.0,exact_after_normalize
Bryan Linssen,Bryan Linssen,Vitesse,2017,1.0,1.0,1.0,1.0,exact_after_normalize
Thulani Serero,Thulani Serero,Vitesse,2017,1.0,1.0,1.0,1.0,exact_after_normalize
Julian Lelieveld,Julian Lelieveld,Vitesse,2017,1.0,1.0,1.0,1.0,exact_after_normalize
Thomas Buitink,Thomas Buitink,Vitesse,2017,1.0,1.0,1.0,1.0,exact_after_normalize
Thomas Oude Kotte,Thomas Oude Kotte,Vitesse,2017,1.0,1.0,1.0,1.0,exact_after_normalize
Roy Beerens,Roy Beerens,Vitesse,2017,1.0,1.0,1.0,1.0,exact_after_normalize
Mason Mount,Mason Mount,Vitesse,2017,1.0,1.0,1.0,1.0,exact_after_normalize
Luc Castaignos,Luc Castaignos,Vitesse,2017,1.0,1.0,1.0,1.0,exact_after_normalize
Mukhtar Ali,Mukhtar Ali,Vitesse,2017,1.0,1.0,1.0,1.0,exact_after_normalize
Milot Rashica,Milot Rashica,Vitesse,2017,1.0,1.0,1.0,1.0,exact_after_normalize
Thomas Bruns,Thomas Bruns,Vitesse,2017,1.0,1.0,1.0,1.0,exact_after_normalize
Lassana Faye,Lassana Faye,Vitesse,2017,1.0,1.0,1.0,1.0,exact_after_normalize
Maikel van der Werff,Maikel van der Werff,Vitesse,2017,1.0,1.0,1.0,1.0,exact_after_normalize
Arnold Kruiswijk,Arnold Kruiswijk,Vitesse,2017,1.0,1.0,1.0,1.0,exact_after_normalize
Navarone Foor,Navarone Foor,Vitesse,2017,1.0,1.0,1.0,1.0,exact_after_normalize
Fankaty Dabo,Fankaty Dabo,Vitesse,2017,1.0,1.0,1.0,1.0,exact_after_normalize
Jeroen Houwen,Jeroen Houwen,Vitesse,2017,1.0,1.0,1.0,1.0,exact_after_normalize
Guram Kashia,Guram Kashia,Vitesse,2017,1.0,1.0,1.0,1.0,exact_after_normalize
Alexander Büttner,Alexander Büttner,Vitesse,2017,1.0,1.0,1.0,1.0,exact_after_normalize
Charlie Colkett,Charlie Colkett,Vitesse,2017,1.0,1.0,1.0,1.0,exact_after_normalize
Tim Matavž,Tim Matavz,Vitesse,2017,0.6923,1.0,1.0,1.0,exact_after_normalize
Noussair Mazraoui,Noussair Mazraoui,Ajax,2017,1.0,1.0,1.0,1.0,exact_after_normalize
Hakim Ziyech,Hakim Ziyech,Ajax,2017,1.0,1.0,1.0,1.0,exact_after_normalize
Lasse Schöne,Lasse Schöne,Ajax,2017,1.0,1.0,1.0,1.0,exact_after_normalize
Mitchell Dijks,Mitchell Dijks,Ajax,2017,1.0,1.0,1.0,1.0,exact_after_normalize
Dennis Johnsen,Dennis Johnsen,Ajax,2017,1.0,1.0,1.0,1.0,exact_after_normalize
David Neres,David Neres,Ajax,2017,1.0,1.0,1.0,1.0,exact_after_normalize
Justin Kluivert,Justin Kluivert,Ajax,2017,1.0,1.0,1.0,1.0,exact_after_normalize
Joël Veltman,Joël Veltman,Ajax,2017,1.0,1.0,1.0,1.0,exact_after_normalize
Azor Matusiwa,Azor Matusiwa,Ajax,2017,1.0,1.0,1.0,1.0,exact_after_normalize
Kostas Lamprou,Kostas Lamprou,Ajax,2017,1.0,1.0,1.0,1.0,exact_after_normalize
Mateo Cassierra,Mateo Cassierra,Ajax,2017,1.0,1.0,1.0,1.0,exact_after_normalize
Jurgen Ekkelenkamp,Jurgen Ekkelenkamp,Ajax,2017,1.0,1.0,1.0,1.0,exact_after_normalize
Frenkie de Jong,Frenkie de Jong,Ajax,2017,1.0,1.0,1.0,1.0,exact_after_normalize
Donny van de Beek,Donny van de Beek,Ajax,2017,1.0,1.0,1.0,1.0,exact_after_normalize
Matthijs de Ligt,Matthijs de Ligt,Ajax,2017,1.0,1.0,1.0,1.0,exact_after_normalize
Kasper Dolberg,Kasper Dolberg,Ajax,2017,1.0,1.0,1.0,1.0,exact_after_normalize
Siem de Jong,Siem de Jong,Ajax,2017,1.0,1.0,1.0,1.0,exact_after_normalize
Rasmus Kristensen,Rasmus Kristensen,Ajax,2017,1.0,1.0,1.0,1.0,exact_after_normalize
Nicolás Tagliafico,Nicolás Tagliafico,Ajax,2017,1.0,1.0,1.0,1.0,exact_after_normalize
Amin Younes,Amin Younes,Ajax,2017,1.0,1.0,1.0,1.0,exact_after_normalize
Nick Viergever,Nick Viergever,Ajax,2017,1.0,1.0,1.0,1.0,exact_after_normalize
Daley Sinkgraven,Daley Sinkgraven,Ajax,2017,1.0,1.0,1.0,1.0,exact_after_normalize
Carel Eiting,Carel Eiting,Ajax,2017,1.0,1.0,1.0,1.0,exact_after_normalize
Dani de Wit,Dani de Wit,Ajax,2017,1.0,1.0,1.0,1.0,exact_after_normalize
Deyovaisio Zeefuik,Deyovaisio Zeefuik,Ajax,2017,1.0,1.0,1.0,1.0,exact_after_normalize
André Onana,André Onana,Ajax,2017,1.0,1.0,1.0,1.0,exact_after_normalize
Václav Černý,Václav Cerny,Ajax,2017,0.4444,1.0,1.0,1.0,exact_after_normalize
Ögmundur Kristinsson,Ögmundur Kristinsson,Excelsior,2017,1.0,1.0,1.0,1.0,exact_after_normalize
Luigi Bruins,Luigi Bruins,Excelsior,2017,1.0,1.0,1.0,1.0,exact_after_normalize
Lorenzo Burnet,Lorenzo Burnet,Excelsior,2017,1.0,1.0,1.0,1.0,exact_after_normalize
Milan Massop,Milan Massop,Excelsior,2017,1.0,1.0,1.0,1.0,exact_after_normalize
Alessandro Damen,Alessandro Damen,Excelsior,2017,1.0,1.0,1.0,1.0,exact_after_normalize
Desevio Payne,Desevio Payne,Excelsior,2017,1.0,1.0,1.0,1.0,exact_after_normalize
Wout Faes,Wout Faes,Excelsior,2017,1.0,1.0,1.0,1.0,exact_after_normalize
Jurgen Mattheij,Jurgen Mattheij,Excelsior,2017,1.0,1.0,1.0,1.0,exact_after_normalize
Hicham Faik,Hicham Faik,Excelsior,2017,1.0,1.0,1.0,1.0,exact_after_normalize
Zakaria El Azzouzi,Zakaria El Azzouzi,Excelsior,2017,1.0,1.0,1.0,1.0,exact_after_normalize
Jordy de Wijs,Jordy de Wijs,Excelsior,2017,1.0,1.0,1.0,1.0,exact_after_normalize
Anouar Hadouir,Anouar Hadouir,Excelsior,2017,1.0,1.0,1.0,1.0,exact_after_normalize
Ali Messaoud,Ali Messaoud,Excelsior,2017,1.0,1.0,1.0,1.0,exact_after_normalize
Khalid Karami,Khalid Karami,Excelsior,2017,1.0,1.0,1.0,1.0,exact_after_normalize
Ryan Koolwijk,Ryan Koolwijk,Excelsior,2017,1.0,1.0,1.0,1.0,exact_after_normalize
Shane O'Neill,Shane O'Neill,Excelsior,2017,1.0,1.0,1.0,1.0,exact_after_normalize
Mike van Duinen,Mike van Duinen,Excelsior,2017,1.0,1.0,1.0,1.0,exact_after_normalize
Marouane Afaker,Marouane Afaker,Excelsior,2017,1.0,1.0,1.0,1.0,exact_after_normalize
Dogucan Haspolat,Dogucan Haspolat,Excelsior,2017,1.0,1.0,1.0,1.0,exact_after_normalize
Jinty Caenepeel,Jinty Caenepeel,Excelsior,2017,1.0,1.0,1.0,1.0,exact_after_normalize
Kevin Vermeulen,Kevin Vermeulen,Excelsior,2017,1.0,1.0,1.0,1.0,exact_after_normalize
Stanley Elbers,Stanley Elbers,Excelsior,2017,1.0,1.0,1.0,1.0,exact_after_normalize
Jeffry Fortes,Jeffry Fortes,Excelsior,2017,1.0,1.0,1.0,1.0,exact_after_normalize
Theo Zwarthoed,Theo Zwarthoed,Excelsior,2017,1.0,1.0,1.0,1.0,exact_after_normalize
Levi Garcia,Levi García,Excelsior,2017,0.6,1.0,1.0,1.0,exact_after_normalize
Dabney dos Santos,Dabney dos Santos,AZ,2017,1.0,1.0,1.0,1.0,exact_after_normalize
Jeremy Helmer,Jeremy Helmer,AZ,2017,1.0,1.0,1.0,1.0,exact_after_normalize
Wout Weghorst,Wout Weghorst,AZ,2017,1.0,1.0,1.0,1.0,exact_after_normalize
Pantelis Hatzidiakos,Pantelis Hatzidiakos,AZ,2017,1.0,1.0,1.0,1.0,exact_after_normalize
Marco Bizot,Marco Bizot,AZ,2017,1.0,1.0,1.0,1.0,exact_after_normalize
Guus Til,Guus Til,AZ,2017,1.0,1.0,1.0,1.0,exact_after_normalize
Alireza Jahanbakhsh,Alireza Jahanbakhsh,AZ,2017,1.0,1.0,1.0,1.0,exact_after_normalize
Mees Hoedemakers,Mees Hoedemakers,AZ,2017,1.0,1.0,1.0,1.0,exact_after_normalize
Tijjani Reijnders,Tijjani Reijnders,AZ,2017,1.0,1.0,1.0,1.0,exact_after_normalize
Jonas Svensson,Jonas Svensson,AZ,2017,1.0,1.0,1.0,1.0,exact_after_normalize
Calvin Stengs,Calvin Stengs,AZ,2017,1.0,1.0,1.0,1.0,exact_after_normalize
Fredrik Midtsjø,Fredrik Midtsjø,AZ,2017,1.0,1.0,1.0,1.0,exact_after_normalize
Rens van Eijden,Rens van Eijden,AZ,2017,1.0,1.0,1.0,1.0,exact_after_normalize
Ricardo van Rhijn,Ricardo van Rhijn,AZ,2017,1.0,1.0,1.0,1.0,exact_after_normalize
Thomas Ouwejan,Thomas Ouwejan,AZ,2017,1.0,1.0,1.0,1.0,exact_after_normalize
Oussama Idrissi,Oussama Idrissi,AZ,2017,1.0,1.0,1.0,1.0,exact_after_normalize
Fred Friday,Fred Friday,AZ,2017,1.0,1.0,1.0,1.0,exact_after_normalize
Owen Wijndal,Owen Wijndal,AZ,2017,1.0,1.0,1.0,1.0,exact_after_normalize
Iliass Bel Hassani,Iliass Bel Hassani,AZ,2017,1.0,1.0,1.0,1.0,exact_after_normalize
Ron Vlaar,Ron Vlaar,AZ,2017,1.0,1.0,1.0,1.0,exact_after_normalize
Teun Koopmeiners,Teun Koopmeiners,AZ,2017,1.0,1.0,1.0,1.0,exact_after_normalize
Stijn Wuytens,Stijn Wuytens,AZ,2017,1.0,1.0,1.0,1.0,exact_after_normalize
Ferdy Druijf,Ferdy Druijf,AZ,2017,1.0,1.0,1.0,1.0,exact_after_normalize
Mats Seuntjens,Mats Seuntjens,AZ,2017,1.0,1.0,1.0,1.0,exact_after_normalize
Joris van Overeem,Joris van Overeem,AZ,2017,1.0,1.0,1.0,1.0,exact_after_normalize
Marko Vejinović,Marko Vejinovic,AZ,2017,0.7778,1.0,1.0,1.0,exact_after_normalize
Ondřej Mihálik,Ondrej Mihálik,AZ,2017,0.6667,1.0,1.0,1.0,exact_after_normalize
Levi Garcia,Levi García,AZ,2017,0.6,1.0,1.0,1.0,exact_after_normalize
Tom Beugelsdijk,Tom Beugelsdijk,ADO Den Haag,2017,1.0,1.0,1.0,1.0,exact_after_normalize
Trevor David,Trevor David,ADO Den Haag,2017,1.0,1.0,1.0,1.0,exact_after_normalize
Thijmen Goppel,Thijmen Goppel,ADO Den Haag,2017,1.0,1.0,1.0,1.0,exact_after_normalize
Melvyn Lorenzen,Melvyn Lorenzen,ADO Den Haag,2017,1.0,1.0,1.0,1.0,exact_after_normalize
Ricardo Kishna,Ricardo Kishna,ADO Den Haag,2017,1.0,1.0,1.0,1.0,exact_after_normalize
Bas Kuipers,Bas Kuipers,ADO Den Haag,2017,1.0,1.0,1.0,1.0,exact_after_normalize
Nick Kuipers,Nick Kuipers,ADO Den Haag,2017,1.0,1.0,1.0,1.0,exact_after_normalize
Danny Bakker,Danny Bakker,ADO Den Haag,2017,1.0,1.0,1.0,1.0,exact_after_normalize
Indy Groothuizen,Indy Groothuizen,ADO Den Haag,2017,1.0,1.0,1.0,1.0,exact_after_normalize
Wilfried Kanon,Wilfried Kanon,ADO Den Haag,2017,1.0,1.0,1.0,1.0,exact_after_normalize
Shaquille Pinas,Shaquille Pinas,ADO Den Haag,2017,1.0,1.0,1.0,1.0,exact_after_normalize
Erik Falkenburg,Erik Falkenburg,ADO Den Haag,2017,1.0,1.0,1.0,1.0,exact_after_normalize
Elson Hooi,Elson Hooi,ADO Den Haag,2017,1.0,1.0,1.0,1.0,exact_after_normalize
Robert Zwinkels,Robert Zwinkels,ADO Den Haag,2017,1.0,1.0,1.0,1.0,exact_after_normalize
Bjørn Johnsen,Bjørn Johnsen,ADO Den Haag,2017,1.0,1.0,1.0,1.0,exact_after_normalize
Tim Coremans,Tim Coremans,ADO Den Haag,2017,1.0,1.0,1.0,1.0,exact_after_normalize
Hennos Asmelash,Hennos Asmelash,ADO Den Haag,2017,1.0,1.0,1.0,1.0,exact_after_normalize
Donny Gorter,Donny Gorter,ADO Den Haag,2017,1.0,1.0,1.0,1.0,exact_after_normalize
Mats van Kins,Mats van Kins,ADO Den Haag,2017,1.0,1.0,1.0,1.0,exact_after_normalize
Delano Ladan,Delano Ladan,ADO Den Haag,2017,1.0,1.0,1.0,1.0,exact_after_normalize
Tyronne Ebuehi,Tyronne Ebuehi,ADO Den Haag,2017,1.0,1.0,1.0,1.0,exact_after_normalize
Lex Immers,Lex Immers,ADO Den Haag,2017,1.0,1.0,1.0,1.0,exact_after_normalize
Aaron Meijers,Aaron Meijers,ADO Den Haag,2017,1.0,1.0,1.0,1.0,exact_after_normalize
Abdenasser El Khayati,Abdenasser El Khayati,ADO Den Haag,2017,1.0,1.0,1.0,1.0,exact_after_normalize
Sheraldo Becker,Sheraldo Becker,ADO Den Haag,2017,1.0,1.0,1.0,1.0,exact_after_normalize
Édouard Duplan,Edouard Duplan,ADO Den Haag,2017,0.6667,1.0,1.0,1.0,exact_after_normalize
Erik Israelsson,Erik Israelsson,PEC Zwolle,2017,1.0,1.0,1.0,1.0,exact_after_normalize
Ryan Thomas,Ryan Thomas,PEC Zwolle,2017,1.0,1.0,1.0,1.0,exact_after_normalize
Stef Nijland,Stef Nijland,PEC Zwolle,2017,1.0,1.0,1.0,1.0,exact_after_normalize
Shaquile Woudstra,Shaquile Woudstra,PEC Zwolle,2017,1.0,1.0,1.0,1.0,exact_after_normalize
Dico Koppers,Dico Koppers,PEC Zwolle,2017,1.0,1.0,1.0,1.0,exact_after_normalize
Philippe Sandler,Philippe Sandler,PEC Zwolle,2017,1.0,1.0,1.0,1.0,exact_after_normalize
Erik Bakker,Erik Bakker,PEC Zwolle,2017,1.0,1.0,1.0,1.0,exact_after_normalize
Bram van Polen,Bram van Polen,PEC Zwolle,2017,1.0,1.0,1.0,1.0,exact_after_normalize
Queensy Menig,Queensy Menig,PEC Zwolle,2017,1.0,1.0,1.0,1.0,exact_after_normalize
Nicolás Freire,Nicolás Freire,PEC Zwolle,2017,1.0,1.0,1.0,1.0,exact_after_normalize
Terell Ondaan,Terell Ondaan,PEC Zwolle,2017,1.0,1.0,1.0,1.0,exact_after_normalize
Rogier Benschop,Rogier Benschop,PEC Zwolle,2017,1.0,1.0,1.0,1.0,exact_after_normalize
Mike Hauptmeijer,Mike Hauptmeijer,PEC Zwolle,2017,1.0,1.0,1.0,1.0,exact_after_normalize
Diederik Boer,Diederik Boer,PEC Zwolle,2017,1.0,1.0,1.0,1.0,exact_after_normalize
Mark Bruintjes,Mark Bruintjes,PEC Zwolle,2017,1.0,1.0,1.0,1.0,exact_after_normalize
Sander van Looy,Sander van Looy,PEC Zwolle,2017,1.0,1.0,1.0,1.0,exact_after_normalize
Thanasis Karagounis,Thanasis Karagounis,PEC Zwolle,2017,1.0,1.0,1.0,1.0,exact_after_normalize
Mickey van der Hart,Mickey van der Hart,PEC Zwolle,2017,1.0,1.0,1.0,1.0,exact_after_normalize
Dirk Marcellis,Dirk Marcellis,PEC Zwolle,2017,1.0,1.0,1.0,1.0,exact_after_normalize
Tijjani Reijnders,Tijjani Reijnders,PEC Zwolle,2017,1.0,1.0,1.0,1.0,exact_after_normalize
Kingsley Ehizibue,Kingsley Ehizibue,PEC Zwolle,2017,1.0,1.0,1.0,1.0,exact_after_normalize
Sepp van den Berg,Sepp van den Berg,PEC Zwolle,2017,1.0,1.0,1.0,1.0,exact_after_normalize
Piotr Parzyszek,Piotr Parzyszek,PEC Zwolle,2017,1.0,1.0,1.0,1.0,exact_after_normalize
Rick Dekker,Rick Dekker,PEC Zwolle,2017,1.0,1.0,1.0,1.0,exact_after_normalize
Wouter Marinus,Wouter Marinus,PEC Zwolle,2017,1.0,1.0,1.0,1.0,exact_after_normalize
Youness Mokhtar,Youness Mokhtar,PEC Zwolle,2017,1.0,1.0,1.0,1.0,exact_after_normalize
Ruben Ligeon,Ruben Ligeon,PEC Zwolle,2017,1.0,1.0,1.0,1.0,exact_after_normalize
Younes Namli,Younes Namli,PEC Zwolle,2017,1.0,1.0,1.0,1.0,exact_after_normalize
Mustafa Saymak,Mustafa Saymak,PEC Zwolle,2017,1.0,1.0,1.0,1.0,exact_after_normalize
Dries Wuytens,Dries Wuytens,Heracles Almelo,2017,1.0,1.0,1.0,1.0,exact_after_normalize
Kai Huisman,Kai Huisman,Heracles Almelo,2017,1.0,1.0,1.0,1.0,exact_after_normalize
Robin Pröpper,Robin Pröpper,Heracles Almelo,2017,1.0,1.0,1.0,1.0,exact_after_normalize
Jeff Hardeveld,Jeff Hardeveld,Heracles Almelo,2017,1.0,1.0,1.0,1.0,exact_after_normalize
Peter van Ooijen,Peter van Ooijen,Heracles Almelo,2017,1.0,1.0,1.0,1.0,exact_after_normalize
Lerin Duarte,Lerin Duarte,Heracles Almelo,2017,1.0,1.0,1.0,1.0,exact_after_normalize
Mohammed Osman,Mohammed Osman,Heracles Almelo,2017,1.0,1.0,1.0,1.0,exact_after_normalize
Bart van Hintum,Bart van Hintum,Heracles Almelo,2017,1.0,1.0,1.0,1.0,exact_after_normalize
Jaroslav Navrátil,Jaroslav Navrátil,Heracles Almelo,2017,1.0,1.0,1.0,1.0,exact_after_normalize
Niels Leemhuis,Niels Leemhuis,Heracles Almelo,2017,1.0,1.0,1.0,1.0,exact_after_normalize
Dario Van den Buijs,Dario Van den Buijs,Heracles Almelo,2017,1.0,1.0,1.0,1.0,exact_after_normalize
Tim van de Berg,Tim van de Berg,Heracles Almelo,2017,1.0,1.0,1.0,1.0,exact_after_normalize
Tim Breukers,Tim Breukers,Heracles Almelo,2017,1.0,1.0,1.0,1.0,exact_after_normalize
Bram Castro,Bram Castro,Heracles Almelo,2017,1.0,1.0,1.0,1.0,exact_after_normalize
Wout Droste,Wout Droste,Heracles Almelo,2017,1.0,1.0,1.0,1.0,exact_after_normalize
Jamiro Monteiro,Jamiro Monteiro,Heracles Almelo,2017,1.0,1.0,1.0,1.0,exact_after_normalize
Brandley Kuwas,Brandley Kuwas,Heracles Almelo,2017,1.0,1.0,1.0,1.0,exact_after_normalize
Vincent Vermeij,Vincent Vermeij,Heracles Almelo,2017,1.0,1.0,1.0,1.0,exact_after_normalize
Joey Pelupessy,Joey Pelupessy,Heracles Almelo,2017,1.0,1.0,1.0,1.0,exact_after_normalize
Kristoffer Peterson,Kristoffer Peterson,Heracles Almelo,2017,1.0,1.0,1.0,1.0,exact_after_normalize
Roland Baas,Roland Baas,Heracles Almelo,2017,1.0,1.0,1.0,1.0,exact_after_normalize
Reuven Niemeijer,Reuven Niemeijer,Heracles Almelo,2017,1.0,1.0,1.0,1.0,exact_after_normalize
Brahim Darri,Brahim Darri,Heracles Almelo,2017,1.0,1.0,1.0,1.0,exact_after_normalize
Sebastian Jakubiak,Sebastian Jakubiak,Heracles Almelo,2017,1.0,1.0,1.0,1.0,exact_after_normalize
Paul Gladon,Paul Gladon,Heracles Almelo,2017,1.0,1.0,1.0,1.0,exact_after_normalize
Jerold Promes,Jerold Promes,VVV Venlo,2017,1.0,1.0,1.0,1.0,exact_after_normalize
Tristan Dekker,Tristan Dekker,VVV Venlo,2017,1.0,1.0,1.0,1.0,exact_after_normalize
Lars Unnerstall,Lars Unnerstall,VVV Venlo,2017,1.0,1.0,1.0,1.0,exact_after_normalize
Romeo Castelen,Romeo Castelen,VVV Venlo,2017,1.0,1.0,1.0,1.0,exact_after_normalize
Evren Korkmaz,Evren Korkmaz,VVV Venlo,2017,1.0,1.0,1.0,1.0,exact_after_normalize
Damian van Bruggen,Damian van Bruggen,VVV Venlo,2017,1.0,1.0,1.0,1.0,exact_after_normalize
Lennart Thy,Lennart Thy,VVV Venlo,2017,1.0,1.0,1.0,1.0,exact_after_normalize
Torino Hunte,Torino Hunte,VVV Venlo,2017,1.0,1.0,1.0,1.0,exact_after_normalize
Johnatan Opoku,Johnatan Opoku,VVV Venlo,2017,1.0,1.0,1.0,1.0,exact_after_normalize
Moreno Rutten,Moreno Rutten,VVV Venlo,2017,1.0,1.0,1.0,1.0,exact_after_normalize
Leroy Labylle,Leroy Labylle,VVV Venlo,2017,1.0,1.0,1.0,1.0,exact_after_normalize
Jens Janse,Jens Janse,VVV Venlo,2017,1.0,1.0,1.0,1.0,exact_after_normalize
Tarik Tissoudali,Tarik Tissoudali,VVV Venlo,2017,1.0,1.0,1.0,1.0,exact_after_normalize
Etienne Amenyido,Etienne Amenyido,VVV Venlo,2017,1.0,1.0,1.0,1.0,exact_after_normalize
Kelechi Nwakali,Kelechi Nwakali,VVV Venlo,2017,1.0,1.0,1.0,1.0,exact_after_normalize
Roel Janssen,Roel Janssen,VVV Venlo,2017,1.0,1.0,1.0,1.0,exact_after_normalize
Nils Röseler,Nils Röseler,VVV Venlo,2017,1.0,1.0,1.0,1.0,exact_after_normalize
Ralf Seuntjens,Ralf Seuntjens,VVV Venlo,2017,1.0,1.0,1.0,1.0,exact_after_normalize
Clint Leemans,Clint Leemans,VVV Venlo,2017,1.0,1.0,1.0,1.0,exact_after_normalize
Vito van Crooij,Vito van Crooij,VVV Venlo,2017,1.0,1.0,1.0,1.0,exact_after_normalize
Danny Post,Danny Post,VVV Venlo,2017,1.0,1.0,1.0,1.0,exact_after_normalize
Mitchell te Vrede,Mitchell te Vrede,NAC Breda,2018,1.0,1.0,1.0,1.0,exact_after_normalize
Mark Birighitti,Mark Birighitti,NAC Breda,2018,1.0,1.0,1.0,1.0,exact_after_normalize
Jordan van der Gaag,Jordan van der Gaag,NAC Breda,2018,1.0,1.0,1.0,1.0,exact_after_normalize
Marwin Reuvers,Marwin Reuvers,NAC Breda,2018,1.0,1.0,1.0,1.0,exact_after_normalize
Arijanet Muric,Arijanet Muric,NAC Breda,2018,1.0,1.0,1.0,1.0,exact_after_normalize
Dorian Dervite,Dorian Dervite,NAC Breda,2018,1.0,1.0,1.0,1.0,exact_after_normalize
Karol Niemczycki,Karol Niemczycki,NAC Breda,2018,1.0,1.0,1.0,1.0,exact_after_normalize
Gervane Kastaneer,Gervane Kastaneer,NAC Breda,2018,1.0,1.0,1.0,1.0,exact_after_normalize
Sullay Kaikai,Sullay Kaikai,NAC Breda,2018,1.0,1.0,1.0,1.0,exact_after_normalize
Fabian Sporkslede,Fabian Sporkslede,NAC Breda,2018,1.0,1.0,1.0,1.0,exact_after_normalize
Grad Damen,Grad Damen,NAC Breda,2018,1.0,1.0,1.0,1.0,exact_after_normalize
Sydney van Hooijdonk,Sydney van Hooijdonk,NAC Breda,2018,1.0,1.0,1.0,1.0,exact_after_normalize
Pele van Anholt,Pele van Anholt,NAC Breda,2018,1.0,1.0,1.0,1.0,exact_after_normalize
Anouar Kali,Anouar Kali,NAC Breda,2018,1.0,1.0,1.0,1.0,exact_after_normalize
Mounir El Allouchi,Mounir El Allouchi,NAC Breda,2018,1.0,1.0,1.0,1.0,exact_after_normalize
Robert Mühren,Robert Mühren,NAC Breda,2018,1.0,1.0,1.0,1.0,exact_after_normalize
Ramon Lundqvist,Ramon Lundqvist,NAC Breda,2018,1.0,1.0,1.0,1.0,exact_after_normalize
Alex Gersbach,Alex Gersbach,NAC Breda,2018,1.0,1.0,1.0,1.0,exact_after_normalize
Paolo Fernandes,Paolo Fernandes,NAC Breda,2018,1.0,1.0,1.0,1.0,exact_after_normalize
Gianluca Nijholt,Gianluca Nijholt,NAC Breda,2018,1.0,1.0,1.0,1.0,exact_after_normalize
Karol Mets,Karol Mets,NAC Breda,2018,1.0,1.0,1.0,1.0,exact_after_normalize
Menno Koch,Menno Koch,NAC Breda,2018,1.0,1.0,1.0,1.0,exact_after_normalize
Greg Leigh,Greg Leigh,NAC Breda,2018,1.0,1.0,1.0,1.0,exact_after_normalize
Khalid Karami,Khalid Karami,NAC Breda,2018,1.0,1.0,1.0,1.0,exact_after_normalize
Daan Klomp,Daan Klomp,NAC Breda,2018,1.0,1.0,1.0,1.0,exact_after_normalize
Jurich Carolina,Jurich Carolina,NAC Breda,2018,1.0,1.0,1.0,1.0,exact_after_normalize
Arno Verschueren,Arno Verschueren,NAC Breda,2018,1.0,1.0,1.0,1.0,exact_after_normalize
Erik Palmer-Brown,Erik Palmer-Brown,NAC Breda,2018,1.0,1.0,1.0,1.0,exact_after_normalize
Jethro Mashart,Jethro Mashart,NAC Breda,2018,1.0,1.0,1.0,1.0,exact_after_normalize
Benjamin van Leer,Benjamin van Leer,NAC Breda,2018,1.0,1.0,1.0,1.0,exact_after_normalize
Giovanni Korte,Giovanni Korte,NAC Breda,2018,1.0,1.0,1.0,1.0,exact_after_normalize
Mikhail Rosheuvel,Mikhail Rosheuvel,NAC Breda,2018,1.0,1.0,1.0,1.0,exact_after_normalize
Yassine Azzagari,Yassine Azzagari,NAC Breda,2018,1.0,1.0,1.0,1.0,exact_after_normalize
Luka Ilić,Luka Ilic,NAC Breda,2018,0.6667,1.0,1.0,1.0,exact_after_normalize
Leon Guwara,Leon Guwara,Utrecht,2018,1.0,1.0,1.0,1.0,exact_after_normalize
Sean Klaiber,Sean Klaiber,Utrecht,2018,1.0,1.0,1.0,1.0,exact_after_normalize
Timo Letschert,Timo Letschert,Utrecht,2018,1.0,1.0,1.0,1.0,exact_after_normalize
Ramon Leeuwin,Ramon Leeuwin,Utrecht,2018,1.0,1.0,1.0,1.0,exact_after_normalize
Simon Makienok,Simon Makienok,Utrecht,2018,1.0,1.0,1.0,1.0,exact_after_normalize
Willem Janssen,Willem Janssen,Utrecht,2018,1.0,1.0,1.0,1.0,exact_after_normalize
Nicolas Gavory,Nicolas Gavory,Utrecht,2018,1.0,1.0,1.0,1.0,exact_after_normalize
Giovanni Troupée,Giovanni Troupée,Utrecht,2018,1.0,1.0,1.0,1.0,exact_after_normalize
Gyrano Kerk,Gyrano Kerk,Utrecht,2018,1.0,1.0,1.0,1.0,exact_after_normalize
Rico Strieder,Rico Strieder,Utrecht,2018,1.0,1.0,1.0,1.0,exact_after_normalize
Nick Marsman,Nick Marsman,Utrecht,2018,1.0,1.0,1.0,1.0,exact_after_normalize
Michiel Kramer,Michiel Kramer,Utrecht,2018,1.0,1.0,1.0,1.0,exact_after_normalize
Simon Gustafson,Simon Gustafson,Utrecht,2018,1.0,1.0,1.0,1.0,exact_after_normalize
Maarten Paes,Maarten Paes,Utrecht,2018,1.0,1.0,1.0,1.0,exact_after_normalize
Oussama Tannane,Oussama Tannane,Utrecht,2018,1.0,1.0,1.0,1.0,exact_after_normalize
Cyriel Dessers,Cyriel Dessers,Utrecht,2018,1.0,1.0,1.0,1.0,exact_after_normalize
Jean-Christophe Bahebeck,Jean-Christophe Bahebeck,Utrecht,2018,1.0,1.0,1.0,1.0,exact_after_normalize
Sander van de Streek,Sander van de Streek,Utrecht,2018,1.0,1.0,1.0,1.0,exact_after_normalize
Joris van Overeem,Joris van Overeem,Utrecht,2018,1.0,1.0,1.0,1.0,exact_after_normalize
Emil Bergström,Emil Bergström,Utrecht,2018,1.0,1.0,1.0,1.0,exact_after_normalize
Riechedly Bazoer,Riechedly Bazoer,Utrecht,2018,1.0,1.0,1.0,1.0,exact_after_normalize
Urby Emanuelson,Urby Emanuelson,Utrecht,2018,1.0,1.0,1.0,1.0,exact_after_normalize
David Jensen,David Jensen,Utrecht,2018,1.0,1.0,1.0,1.0,exact_after_normalize
Nick Venema,Nick Venema,Utrecht,2018,1.0,1.0,1.0,1.0,exact_after_normalize
Lukas Görtler,Lukas Görtler,Utrecht,2018,1.0,1.0,1.0,1.0,exact_after_normalize
Mark van der Maarel,Mark van der Maarel,Utrecht,2018,1.0,1.0,1.0,1.0,exact_after_normalize
Uriel Antuna,Uriel Antuna,Groningen,2018,1.0,1.0,1.0,1.0,exact_after_normalize
Paul Gladon,Paul Gladon,Groningen,2018,1.0,1.0,1.0,1.0,exact_after_normalize
Jannik Pohl,Jannik Pohl,Groningen,2018,1.0,1.0,1.0,1.0,exact_after_normalize
Tim Handwerker,Tim Handwerker,Groningen,2018,1.0,1.0,1.0,1.0,exact_after_normalize
Ritsu Doan,Ritsu Doan,Groningen,2018,1.0,1.0,1.0,1.0,exact_after_normalize
Ludovit Reis,Ludovit Reis,Groningen,2018,1.0,1.0,1.0,1.0,exact_after_normalize
Tom van de Looi,Tom van de Looi,Groningen,2018,1.0,1.0,1.0,1.0,exact_after_normalize
Amir Absalem,Amir Absalem,Groningen,2018,1.0,1.0,1.0,1.0,exact_after_normalize
Jesper Drost,Jesper Drost,Groningen,2018,1.0,1.0,1.0,1.0,exact_after_normalize
Tom van Weert,Tom van Weert,Groningen,2018,1.0,1.0,1.0,1.0,exact_after_normalize
Daniël van Kaam,Daniël van Kaam,Groningen,2018,1.0,1.0,1.0,1.0,exact_after_normalize
Django Warmerdam,Django Warmerdam,Groningen,2018,1.0,1.0,1.0,1.0,exact_after_normalize
Deyovaisio Zeefuik,Deyovaisio Zeefuik,Groningen,2018,1.0,1.0,1.0,1.0,exact_after_normalize
Sergio Padt,Sergio Padt,Groningen,2018,1.0,1.0,1.0,1.0,exact_after_normalize
Mike te Wierik,Mike te Wierik,Groningen,2018,1.0,1.0,1.0,1.0,exact_after_normalize
Ajdin Hrustic,Ajdin Hrustic,Groningen,2018,1.0,1.0,1.0,1.0,exact_after_normalize
Mimoun Mahi,Mimoun Mahi,Groningen,2018,1.0,1.0,1.0,1.0,exact_after_normalize
Ahmad Mendes Moreira,Ahmad Mendes Moreira,Groningen,2018,1.0,1.0,1.0,1.0,exact_after_normalize
Mateo Cassierra,Mateo Cassierra,Groningen,2018,1.0,1.0,1.0,1.0,exact_after_normalize
Tim Freriks,Tim Freriks,Groningen,2018,1.0,1.0,1.0,1.0,exact_after_normalize
Iliass Bel Hassani,Iliass Bel Hassani,Groningen,2018,1.0,1.0,1.0,1.0,exact_after_normalize
Thomas Bruns,Thomas Bruns,Groningen,2018,1.0,1.0,1.0,1.0,exact_after_normalize
Kaj Sierhuis,Kaj Sierhuis,Groningen,2018,1.0,1.0,1.0,1.0,exact_after_normalize
Michael Breij,Michael Breij,Groningen,2018,1.0,1.0,1.0,1.0,exact_after_normalize
Samir Memišević,Samir Memisevic,Groningen,2018,0.5238,1.0,1.0,1.0,exact_after_normalize
Renato Tapia,Renato Tapia,Feyenoord,2018,1.0,1.0,1.0,1.0,exact_after_normalize
Robin van Persie,Robin van Persie,Feyenoord,2018,1.0,1.0,1.0,1.0,exact_after_normalize
Lutsharel Geertruida,Lutsharel Geertruida,Feyenoord,2018,1.0,1.0,1.0,1.0,exact_after_normalize
Jean-Paul Boëtius,Jean-Paul Boëtius,Feyenoord,2018,1.0,1.0,1.0,1.0,exact_after_normalize
Luis Sinisterra,Luis Sinisterra,Feyenoord,2018,1.0,1.0,1.0,1.0,exact_after_normalize
Orkun Kökçü,Orkun Kökçü,Feyenoord,2018,1.0,1.0,1.0,1.0,exact_after_normalize
Kenneth Vermeer,Kenneth Vermeer,Feyenoord,2018,1.0,1.0,1.0,1.0,exact_after_normalize
Steven Berghuis,Steven Berghuis,Feyenoord,2018,1.0,1.0,1.0,1.0,exact_after_normalize
Wouter Burger,Wouter Burger,Feyenoord,2018,1.0,1.0,1.0,1.0,exact_after_normalize
Jan-Arie van der Heijden,Jan-Arie van der Heijden,Feyenoord,2018,1.0,1.0,1.0,1.0,exact_after_normalize
Cuco Martina,Cuco Martina,Feyenoord,2018,1.0,1.0,1.0,1.0,exact_after_normalize
Jens Toornstra,Jens Toornstra,Feyenoord,2018,1.0,1.0,1.0,1.0,exact_after_normalize
Tyrell Malacia,Tyrell Malacia,Feyenoord,2018,1.0,1.0,1.0,1.0,exact_after_normalize
Sam Larsson,Sam Larsson,Feyenoord,2018,1.0,1.0,1.0,1.0,exact_after_normalize
Justin Bijlow,Justin Bijlow,Feyenoord,2018,1.0,1.0,1.0,1.0,exact_after_normalize
Tonny Vilhena,Tonny Vilhena,Feyenoord,2018,1.0,1.0,1.0,1.0,exact_after_normalize
Bart Nieuwkoop,Bart Nieuwkoop,Feyenoord,2018,1.0,1.0,1.0,1.0,exact_after_normalize
Jordy Clasie,Jordy Clasie,Feyenoord,2018,1.0,1.0,1.0,1.0,exact_after_normalize
Nicolai Jørgensen,Nicolai Jørgensen,Feyenoord,2018,1.0,1.0,1.0,1.0,exact_after_normalize
Yassin Ayoub,Yassin Ayoub,Feyenoord,2018,1.0,1.0,1.0,1.0,exact_after_normalize
Dylan Vente,Dylan Vente,Feyenoord,2018,1.0,1.0,1.0,1.0,exact_after_normalize
Ridgeciano Haps,Ridgeciano Haps,Feyenoord,2018,1.0,1.0,1.0,1.0,exact_after_normalize
Joris Delle,Joris Delle,Feyenoord,2018,1.0,1.0,1.0,1.0,exact_after_normalize
Sven van Beek,Sven van Beek,Feyenoord,2018,1.0,1.0,1.0,1.0,exact_after_normalize
Calvin Verdonk,Calvin Verdonk,Feyenoord,2018,1.0,1.0,1.0,1.0,exact_after_normalize
Mitchell van Bergen,Mitchell van Bergen,Heerenveen,2018,1.0,1.0,1.0,1.0,exact_after_normalize
Ben Rienstra,Ben Rienstra,Heerenveen,2018,1.0,1.0,1.0,1.0,exact_after_normalize
Dave Bulthuis,Dave Bulthuis,Heerenveen,2018,1.0,1.0,1.0,1.0,exact_after_normalize
Nicolai Næss,Nicolai Næss,Heerenveen,2018,1.0,1.0,1.0,1.0,exact_after_normalize
Kik Pierie,Kik Pierie,Heerenveen,2018,1.0,1.0,1.0,1.0,exact_after_normalize
Warner Hahn,Warner Hahn,Heerenveen,2018,1.0,1.0,1.0,1.0,exact_after_normalize
Jordy Bruijn,Jordy Bruijn,Heerenveen,2018,1.0,1.0,1.0,1.0,exact_after_normalize
Dennis Johnsen,Dennis Johnsen,Heerenveen,2018,1.0,1.0,1.0,1.0,exact_after_normalize
Marco Rojas,Marco Rojas,Heerenveen,2018,1.0,1.0,1.0,1.0,exact_after_normalize
Sherel Floranus,Sherel Floranus,Heerenveen,2018,1.0,1.0,1.0,1.0,exact_after_normalize
Pelle van Amersfoort,Pelle van Amersfoort,Heerenveen,2018,1.0,1.0,1.0,1.0,exact_after_normalize
Yuki Kobayashi,Yuki Kobayashi,Heerenveen,2018,1.0,1.0,1.0,1.0,exact_after_normalize
Jizz Hornkamp,Jizz Hornkamp,Heerenveen,2018,1.0,1.0,1.0,1.0,exact_after_normalize
Stijn Schaars,Stijn Schaars,Heerenveen,2018,1.0,1.0,1.0,1.0,exact_after_normalize
Rodney Kongolo,Rodney Kongolo,Heerenveen,2018,1.0,1.0,1.0,1.0,exact_after_normalize
Morten Thorsby,Morten Thorsby,Heerenveen,2018,1.0,1.0,1.0,1.0,exact_after_normalize
Daniel Høegh,Daniel Høegh,Heerenveen,2018,1.0,1.0,1.0,1.0,exact_after_normalize
Lucas Woudenberg,Lucas Woudenberg,Heerenveen,2018,1.0,1.0,1.0,1.0,exact_after_normalize
Doke Schmidt,Doke Schmidt,Heerenveen,2018,1.0,1.0,1.0,1.0,exact_after_normalize
Sam Lammers,Sam Lammers,Heerenveen,2018,1.0,1.0,1.0,1.0,exact_after_normalize
Michel Vlap,Michel Vlap,Heerenveen,2018,1.0,1.0,1.0,1.0,exact_after_normalize
Nemanja Mihajlović,Nemanja Mihajlovic,Heerenveen,2018,0.8095,1.0,1.0,1.0,exact_after_normalize
Arber Zeneli,Arbër Zeneli,Heerenveen,2018,0.625,1.0,1.0,1.0,exact_after_normalize
Ibrahim Drešević,Ibrahim Dresevic,Heerenveen,2018,0.5455,1.0,1.0,1.0,exact_after_normalize
Michal Sadílek,Michal Sadílek,PSV,2018,1.0,1.0,1.0,1.0,exact_after_normalize
Nick Viergever,Nick Viergever,PSV,2018,1.0,1.0,1.0,1.0,exact_after_normalize
Cody Gakpo,Cody Gakpo,PSV,2018,1.0,1.0,1.0,1.0,exact_after_normalize
Gastón Pereiro,Gastón Pereiro,PSV,2018,1.0,1.0,1.0,1.0,exact_after_normalize
Angeliño,Angeliño,PSV,2018,1.0,1.0,1.0,1.0,exact_after_normalize
Donyell Malen,Donyell Malen,PSV,2018,1.0,1.0,1.0,1.0,exact_after_normalize
Aziz Behich,Aziz Behich,PSV,2018,1.0,1.0,1.0,1.0,exact_after_normalize
Denzel Dumfries,Denzel Dumfries,PSV,2018,1.0,1.0,1.0,1.0,exact_after_normalize
Pablo Rosario,Pablo Rosario,PSV,2018,1.0,1.0,1.0,1.0,exact_after_normalize
Nicolas Isimat-Mirin,Nicolas Isimat-Mirin,PSV,2018,1.0,1.0,1.0,1.0,exact_after_normalize
Maximiliano Romero,Maximiliano Romero,PSV,2018,1.0,1.0,1.0,1.0,exact_after_normalize
Jordan Teze,Jordan Teze,PSV,2018,1.0,1.0,1.0,1.0,exact_after_normalize
Mauro Júnior,Mauro Júnior,PSV,2018,1.0,1.0,1.0,1.0,exact_after_normalize
Matthias Verreth,Matthias Verreth,PSV,2018,1.0,1.0,1.0,1.0,exact_after_normalize
Trent Sainsbury,Trent Sainsbury,PSV,2018,1.0,1.0,1.0,1.0,exact_after_normalize
Zakaria Aboukhlal,Zakaria Aboukhlal,PSV,2018,1.0,1.0,1.0,1.0,exact_after_normalize
Jeroen Zoet,Jeroen Zoet,PSV,2018,1.0,1.0,1.0,1.0,exact_after_normalize
Hirving Lozano,Hirving Lozano,PSV,2018,1.0,1.0,1.0,1.0,exact_after_normalize
Daniel Schwaab,Daniel Schwaab,PSV,2018,1.0,1.0,1.0,1.0,exact_after_normalize
Luuk de Jong,Luuk de Jong,PSV,2018,1.0,1.0,1.0,1.0,exact_after_normalize
Jorrit Hendrix,Jorrit Hendrix,PSV,2018,1.0,1.0,1.0,1.0,exact_after_normalize
Bart Ramselaar,Bart Ramselaar,PSV,2018,1.0,1.0,1.0,1.0,exact_after_normalize
Dante Rigo,Dante Rigo,PSV,2018,1.0,1.0,1.0,1.0,exact_after_normalize
Steven Bergwijn,Steven Bergwijn,PSV,2018,1.0,1.0,1.0,1.0,exact_after_normalize
Erick Gutiérrez,Érick Gutiérrez,PSV,2018,0.6842,1.0,1.0,1.0,exact_after_normalize
Áron Dobos,Áron Dobos,Fortuna Sittard,2018,1.0,1.0,1.0,1.0,exact_after_normalize
Marco Ospitalieri,Marco Ospitalieri,Fortuna Sittard,2018,1.0,1.0,1.0,1.0,exact_after_normalize
Anthony Syhre,Anthony Syhre,Fortuna Sittard,2018,1.0,1.0,1.0,1.0,exact_after_normalize
Lisandro Semedo,Lisandro Semedo,Fortuna Sittard,2018,1.0,1.0,1.0,1.0,exact_after_normalize
Finn Stokkers,Finn Stokkers,Fortuna Sittard,2018,1.0,1.0,1.0,1.0,exact_after_normalize
Ahmed El Messaoudi,Ahmed El Messaoudi,Fortuna Sittard,2018,1.0,1.0,1.0,1.0,exact_after_normalize
Lazaros Lamprou,Lazaros Lamprou,Fortuna Sittard,2018,1.0,1.0,1.0,1.0,exact_after_normalize
Mahamadou Dembélé,Mahamadou Dembélé,Fortuna Sittard,2018,1.0,1.0,1.0,1.0,exact_after_normalize
Alessandro Ciranni,Alessandro Ciranni,Fortuna Sittard,2018,1.0,1.0,1.0,1.0,exact_after_normalize
Djibril Dianessy,Djibril Dianessy,Fortuna Sittard,2018,1.0,1.0,1.0,1.0,exact_after_normalize
José Rodríguez,José Rodríguez,Fortuna Sittard,2018,1.0,1.0,1.0,1.0,exact_after_normalize
Amadou Ciss,Amadou Ciss,Fortuna Sittard,2018,1.0,1.0,1.0,1.0,exact_after_normalize
Calvin Mac-Intosch,Calvin Mac-Intosch,Fortuna Sittard,2018,1.0,1.0,1.0,1.0,exact_after_normalize
Michael Pinto,Michael Pinto,Fortuna Sittard,2018,1.0,1.0,1.0,1.0,exact_after_normalize
Lars Hutten,Lars Hutten,Fortuna Sittard,2018,1.0,1.0,1.0,1.0,exact_after_normalize
Rubén Ramírez,Rubén Ramírez,Fortuna Sittard,2018,1.0,1.0,1.0,1.0,exact_after_normalize
Clint Essers,Clint Essers,Fortuna Sittard,2018,1.0,1.0,1.0,1.0,exact_after_normalize
Gavin Vlijter,Gavin Vlijter,Fortuna Sittard,2018,1.0,1.0,1.0,1.0,exact_after_normalize
Kai Heerings,Kai Heerings,Fortuna Sittard,2018,1.0,1.0,1.0,1.0,exact_after_normalize
André Vidigal,André Vidigal,Fortuna Sittard,2018,1.0,1.0,1.0,1.0,exact_after_normalize
Agim Zeka,Agim Zeka,Fortuna Sittard,2018,1.0,1.0,1.0,1.0,exact_after_normalize
Andrija Novakovich,Andrija Novakovich,Fortuna Sittard,2018,1.0,1.0,1.0,1.0,exact_after_normalize
Jorrit Smeets,Jorrit Smeets,Fortuna Sittard,2018,1.0,1.0,1.0,1.0,exact_after_normalize
Mark Diemers,Mark Diemers,Fortuna Sittard,2018,1.0,1.0,1.0,1.0,exact_after_normalize
Wessel Dammers,Wessel Dammers,Fortuna Sittard,2018,1.0,1.0,1.0,1.0,exact_after_normalize
Andrija Balić,Andrija Balic,Fortuna Sittard,2018,0.75,1.0,1.0,1.0,exact_after_normalize
Branislav Niňaj,Branislav Ninaj,Fortuna Sittard,2018,0.6842,1.0,1.0,1.0,exact_after_normalize
Alexei Koșelev,Alexei Koselev,Fortuna Sittard,2018,0.6667,1.0,1.0,1.0,exact_after_normalize
Mattijs Branderhorst,Mattijs Branderhorst,Willem II,2018,1.0,1.0,1.0,1.0,exact_after_normalize
Michael Woud,Michael Woud,Willem II,2018,1.0,1.0,1.0,1.0,exact_after_normalize
Aras Özbiliz,Aras Özbiliz,Willem II,2018,1.0,1.0,1.0,1.0,exact_after_normalize
Damil Dankerlui,Damil Dankerlui,Willem II,2018,1.0,1.0,1.0,1.0,exact_after_normalize
Victor van den Bogert,Victor van den Bogert,Willem II,2018,1.0,1.0,1.0,1.0,exact_after_normalize
James McGarry,James McGarry,Willem II,2018,1.0,1.0,1.0,1.0,exact_after_normalize
Karim Coulibaly,Karim Coulibaly,Willem II,2018,1.0,1.0,1.0,1.0,exact_after_normalize
Diego Palacios,Diego Palacios,Willem II,2018,1.0,1.0,1.0,1.0,exact_after_normalize
Fernando Lewis,Fernando Lewis,Willem II,2018,1.0,1.0,1.0,1.0,exact_after_normalize
Pol Llonch,Pol Llonch,Willem II,2018,1.0,1.0,1.0,1.0,exact_after_normalize
Freek Heerkens,Freek Heerkens,Willem II,2018,1.0,1.0,1.0,1.0,exact_after_normalize
Elmo Lieftink,Elmo Lieftink,Willem II,2018,1.0,1.0,1.0,1.0,exact_after_normalize
Donis Avdijaj,Donis Avdijaj,Willem II,2018,1.0,1.0,1.0,1.0,exact_after_normalize
Timon Wellenreuther,Timon Wellenreuther,Willem II,2018,1.0,1.0,1.0,1.0,exact_after_normalize
Fran Sol,Fran Sol,Willem II,2018,1.0,1.0,1.0,1.0,exact_after_normalize
Vurnon Anita,Vurnon Anita,Willem II,2018,1.0,1.0,1.0,1.0,exact_after_normalize
Kristófer Kristinsson,Kristófer Kristinsson,Willem II,2018,1.0,1.0,1.0,1.0,exact_after_normalize
Atakan Akkaynak,Atakan Akkaynak,Willem II,2018,1.0,1.0,1.0,1.0,exact_after_normalize
Jordy Croux,Jordy Croux,Willem II,2018,1.0,1.0,1.0,1.0,exact_after_normalize
Renato Tapia,Renato Tapia,Willem II,2018,1.0,1.0,1.0,1.0,exact_after_normalize
Vangelis Pavlidis,Vangelis Pavlidis,Willem II,2018,1.0,1.0,1.0,1.0,exact_after_normalize
Jordens Peters,Jordens Peters,Willem II,2018,1.0,1.0,1.0,1.0,exact_after_normalize
Alexander Isak,Alexander Isak,Willem II,2018,1.0,1.0,1.0,1.0,exact_after_normalize
Dimitris Kolovos,Dimitris Kolovos,Willem II,2018,1.0,1.0,1.0,1.0,exact_after_normalize
Rasmus Thelander,Rasmus Thelander,Vitesse,2018,1.0,1.0,1.0,1.0,exact_after_normalize
Hilary Gong,Hilary Gong,Vitesse,2018,1.0,1.0,1.0,1.0,exact_after_normalize
Navarone Foor,Navarone Foor,Vitesse,2018,1.0,1.0,1.0,1.0,exact_after_normalize
Oussama Darfalou,Oussama Darfalou,Vitesse,2018,1.0,1.0,1.0,1.0,exact_after_normalize
Alexander Büttner,Alexander Büttner,Vitesse,2018,1.0,1.0,1.0,1.0,exact_after_normalize
Martin Ødegaard,Martin Ødegaard,Vitesse,2018,1.0,1.0,1.0,1.0,exact_after_normalize
Bryan Linssen,Bryan Linssen,Vitesse,2018,1.0,1.0,1.0,1.0,exact_after_normalize
Thomas Bruns,Thomas Bruns,Vitesse,2018,1.0,1.0,1.0,1.0,exact_after_normalize
Richie Musaba,Richie Musaba,Vitesse,2018,1.0,1.0,1.0,1.0,exact_after_normalize
Richonell Margaret,Richonell Margaret,Vitesse,2018,1.0,1.0,1.0,1.0,exact_after_normalize
Mitchell van Bergen,Mitchell van Bergen,Vitesse,2018,1.0,1.0,1.0,1.0,exact_after_normalize
Thulani Serero,Thulani Serero,Vitesse,2018,1.0,1.0,1.0,1.0,exact_after_normalize
Danilho Doekhi,Danilho Doekhi,Vitesse,2018,1.0,1.0,1.0,1.0,exact_after_normalize
Remko Pasveer,Remko Pasveer,Vitesse,2018,1.0,1.0,1.0,1.0,exact_after_normalize
Max Clark,Max Clark,Vitesse,2018,1.0,1.0,1.0,1.0,exact_after_normalize
Thomas Buitink,Thomas Buitink,Vitesse,2018,1.0,1.0,1.0,1.0,exact_after_normalize
Jake Clarke-Salter,Jake Clarke-Salter,Vitesse,2018,1.0,1.0,1.0,1.0,exact_after_normalize
Roy Beerens,Roy Beerens,Vitesse,2018,1.0,1.0,1.0,1.0,exact_after_normalize
Maikel van der Werff,Maikel van der Werff,Vitesse,2018,1.0,1.0,1.0,1.0,exact_after_normalize
Mukhtar Ali,Mukhtar Ali,Vitesse,2018,1.0,1.0,1.0,1.0,exact_after_normalize
Tim Matavž,Tim Matavz,Vitesse,2018,0.6923,1.0,1.0,1.0,exact_after_normalize
Matúš Bero,Matús Bero,Vitesse,2018,0.6923,1.0,1.0,1.0,exact_after_normalize
Donny van de Beek,Donny van de Beek,Ajax,2018,1.0,1.0,1.0,1.0,exact_after_normalize
Zakaria Labyad,Zakaria Labyad,Ajax,2018,1.0,1.0,1.0,1.0,exact_after_normalize
Daley Sinkgraven,Daley Sinkgraven,Ajax,2018,1.0,1.0,1.0,1.0,exact_after_normalize
Kostas Lamprou,Kostas Lamprou,Ajax,2018,1.0,1.0,1.0,1.0,exact_after_normalize
Dani de Wit,Dani de Wit,Ajax,2018,1.0,1.0,1.0,1.0,exact_after_normalize
Kasper Dolberg,Kasper Dolberg,Ajax,2018,1.0,1.0,1.0,1.0,exact_after_normalize
Noa Lang,Noa Lang,Ajax,2018,1.0,1.0,1.0,1.0,exact_after_normalize
Joël Veltman,Joël Veltman,Ajax,2018,1.0,1.0,1.0,1.0,exact_after_normalize
Rasmus Kristensen,Rasmus Kristensen,Ajax,2018,1.0,1.0,1.0,1.0,exact_after_normalize
David Neres,David Neres,Ajax,2018,1.0,1.0,1.0,1.0,exact_after_normalize
Kaj Sierhuis,Kaj Sierhuis,Ajax,2018,1.0,1.0,1.0,1.0,exact_after_normalize
Lasse Schöne,Lasse Schöne,Ajax,2018,1.0,1.0,1.0,1.0,exact_after_normalize
Daley Blind,Daley Blind,Ajax,2018,1.0,1.0,1.0,1.0,exact_after_normalize
Nicolás Tagliafico,Nicolás Tagliafico,Ajax,2018,1.0,1.0,1.0,1.0,exact_after_normalize
Matthijs de Ligt,Matthijs de Ligt,Ajax,2018,1.0,1.0,1.0,1.0,exact_after_normalize
Lisandro Magallán,Lisandro Magallán,Ajax,2018,1.0,1.0,1.0,1.0,exact_after_normalize
André Onana,André Onana,Ajax,2018,1.0,1.0,1.0,1.0,exact_after_normalize
Frenkie de Jong,Frenkie de Jong,Ajax,2018,1.0,1.0,1.0,1.0,exact_after_normalize
Ryan Gravenberch,Ryan Gravenberch,Ajax,2018,1.0,1.0,1.0,1.0,exact_after_normalize
Perr Schuurs,Perr Schuurs,Ajax,2018,1.0,1.0,1.0,1.0,exact_after_normalize
Carel Eiting,Carel Eiting,Ajax,2018,1.0,1.0,1.0,1.0,exact_after_normalize
Dennis Johnsen,Dennis Johnsen,Ajax,2018,1.0,1.0,1.0,1.0,exact_after_normalize
Noussair Mazraoui,Noussair Mazraoui,Ajax,2018,1.0,1.0,1.0,1.0,exact_after_normalize
Hakim Ziyech,Hakim Ziyech,Ajax,2018,1.0,1.0,1.0,1.0,exact_after_normalize
Jurgen Ekkelenkamp,Jurgen Ekkelenkamp,Ajax,2018,1.0,1.0,1.0,1.0,exact_after_normalize
Dušan Tadić,Dusan Tadic,Ajax,2018,0.4118,1.0,1.0,1.0,exact_after_normalize
Erik Bakker,Erik Bakker,De Graafschap,2018,1.0,1.0,1.0,1.0,exact_after_normalize
Charlison Benschop,Charlison Benschop,De Graafschap,2018,1.0,1.0,1.0,1.0,exact_after_normalize
Jordy Tutuarima,Jordy Tutuarima,De Graafschap,2018,1.0,1.0,1.0,1.0,exact_after_normalize
Leeroy Owusu,Leeroy Owusu,De Graafschap,2018,1.0,1.0,1.0,1.0,exact_after_normalize
Nigel Bertrams,Nigel Bertrams,De Graafschap,2018,1.0,1.0,1.0,1.0,exact_after_normalize
Ruben Ligeon,Ruben Ligeon,De Graafschap,2018,1.0,1.0,1.0,1.0,exact_after_normalize
Agil Etemadi,Agil Etemadi,De Graafschap,2018,1.0,1.0,1.0,1.0,exact_after_normalize
Frank Olijve,Frank Olijve,De Graafschap,2018,1.0,1.0,1.0,1.0,exact_after_normalize
Daryl van Mieghem,Daryl van Mieghem,De Graafschap,2018,1.0,1.0,1.0,1.0,exact_after_normalize
Azor Matusiwa,Azor Matusiwa,De Graafschap,2018,1.0,1.0,1.0,1.0,exact_after_normalize
Hidde Jurjus,Hidde Jurjus,De Graafschap,2018,1.0,1.0,1.0,1.0,exact_after_normalize
Bart Straalman,Bart Straalman,De Graafschap,2018,1.0,1.0,1.0,1.0,exact_after_normalize
Nabil Bahoui,Nabil Bahoui,De Graafschap,2018,1.0,1.0,1.0,1.0,exact_after_normalize
Sven Nieuwpoort,Sven Nieuwpoort,De Graafschap,2018,1.0,1.0,1.0,1.0,exact_after_normalize
Ted van de Pavert,Ted van de Pavert,De Graafschap,2018,1.0,1.0,1.0,1.0,exact_after_normalize
Delano Burgzorg,Delano Burgzorg,De Graafschap,2018,1.0,1.0,1.0,1.0,exact_after_normalize
Youssef El Jebli,Youssef El Jebli,De Graafschap,2018,1.0,1.0,1.0,1.0,exact_after_normalize
Stef Nijland,Stef Nijland,De Graafschap,2018,1.0,1.0,1.0,1.0,exact_after_normalize
Jordy Thomassen,Jordy Thomassen,De Graafschap,2018,1.0,1.0,1.0,1.0,exact_after_normalize
Myenty Abena,Myenty Abena,De Graafschap,2018,1.0,1.0,1.0,1.0,exact_after_normalize
Javier Vet,Javier Vet,De Graafschap,2018,1.0,1.0,1.0,1.0,exact_after_normalize
Lars Nieuwpoort,Lars Nieuwpoort,De Graafschap,2018,1.0,1.0,1.0,1.0,exact_after_normalize
Robert Klaasen,Robert Klaasen,De Graafschap,2018,1.0,1.0,1.0,1.0,exact_after_normalize
Fabian Serrarens,Fabian Serrarens,De Graafschap,2018,1.0,1.0,1.0,1.0,exact_after_normalize
Siebe Horemans,Siebe Horemans,Excelsior,2018,1.0,1.0,1.0,1.0,exact_after_normalize
Jerdy Schouten,Jerdy Schouten,Excelsior,2018,1.0,1.0,1.0,1.0,exact_after_normalize
Lorenzo Burnet,Lorenzo Burnet,Excelsior,2018,1.0,1.0,1.0,1.0,exact_after_normalize
Mikael Anderson,Mikael Anderson,Excelsior,2018,1.0,1.0,1.0,1.0,exact_after_normalize
Ryan Koolwijk,Ryan Koolwijk,Excelsior,2018,1.0,1.0,1.0,1.0,exact_after_normalize
Redouan El Hankouri,Redouan El Hankouri,Excelsior,2018,1.0,1.0,1.0,1.0,exact_after_normalize
Marcus Edwards,Marcus Edwards,Excelsior,2018,1.0,1.0,1.0,1.0,exact_after_normalize
Dogucan Haspolat,Dogucan Haspolat,Excelsior,2018,1.0,1.0,1.0,1.0,exact_after_normalize
Robin van der Meer,Robin van der Meer,Excelsior,2018,1.0,1.0,1.0,1.0,exact_after_normalize
Jeffry Fortes,Jeffry Fortes,Excelsior,2018,1.0,1.0,1.0,1.0,exact_after_normalize
Jurgen Mattheij,Jurgen Mattheij,Excelsior,2018,1.0,1.0,1.0,1.0,exact_after_normalize
Thomas Oude Kotte,Thomas Oude Kotte,Excelsior,2018,1.0,1.0,1.0,1.0,exact_after_normalize
Alessandro Damen,Alessandro Damen,Excelsior,2018,1.0,1.0,1.0,1.0,exact_after_normalize
Jinty Caenepeel,Jinty Caenepeel,Excelsior,2018,1.0,1.0,1.0,1.0,exact_after_normalize
Elías Már Ómarsson,Elías Már Ómarsson,Excelsior,2018,1.0,1.0,1.0,1.0,exact_after_normalize
Sonny Stevens,Sonny Stevens,Excelsior,2018,1.0,1.0,1.0,1.0,exact_after_normalize
Hervé Matthys,Hervé Matthys,Excelsior,2018,1.0,1.0,1.0,1.0,exact_after_normalize
Mounir El Hamdaoui,Mounir El Hamdaoui,Excelsior,2018,1.0,1.0,1.0,1.0,exact_after_normalize
Anouar Hadouir,Anouar Hadouir,Excelsior,2018,1.0,1.0,1.0,1.0,exact_after_normalize
Carlito Fermina,Carlito Fermina,Excelsior,2018,1.0,1.0,1.0,1.0,exact_after_normalize
Ali Messaoud,Ali Messaoud,Excelsior,2018,1.0,1.0,1.0,1.0,exact_after_normalize
Luigi Bruins,Luigi Bruins,Excelsior,2018,1.0,1.0,1.0,1.0,exact_after_normalize
Denis Mahmudov,Denis Mahmudov,Excelsior,2018,1.0,1.0,1.0,1.0,exact_after_normalize
Myron Boadu,Myron Boadu,AZ,2018,1.0,1.0,1.0,1.0,exact_after_normalize
Kenzo Goudmijn,Kenzo Goudmijn,AZ,2018,1.0,1.0,1.0,1.0,exact_after_normalize
Ron Vlaar,Ron Vlaar,AZ,2018,1.0,1.0,1.0,1.0,exact_after_normalize
Jonas Svensson,Jonas Svensson,AZ,2018,1.0,1.0,1.0,1.0,exact_after_normalize
Adam Maher,Adam Maher,AZ,2018,1.0,1.0,1.0,1.0,exact_after_normalize
Calvin Stengs,Calvin Stengs,AZ,2018,1.0,1.0,1.0,1.0,exact_after_normalize
Thomas Ouwejan,Thomas Ouwejan,AZ,2018,1.0,1.0,1.0,1.0,exact_after_normalize
Teun Koopmeiners,Teun Koopmeiners,AZ,2018,1.0,1.0,1.0,1.0,exact_after_normalize
Pantelis Hatzidiakos,Pantelis Hatzidiakos,AZ,2018,1.0,1.0,1.0,1.0,exact_after_normalize
Bjørn Johnsen,Bjørn Johnsen,AZ,2018,1.0,1.0,1.0,1.0,exact_after_normalize
Mats Seuntjens,Mats Seuntjens,AZ,2018,1.0,1.0,1.0,1.0,exact_after_normalize
Ricardo van Rhijn,Ricardo van Rhijn,AZ,2018,1.0,1.0,1.0,1.0,exact_after_normalize
Oussama Idrissi,Oussama Idrissi,AZ,2018,1.0,1.0,1.0,1.0,exact_after_normalize
Guus Til,Guus Til,AZ,2018,1.0,1.0,1.0,1.0,exact_after_normalize
Dorin Rotariu,Dorin Rotariu,AZ,2018,1.0,1.0,1.0,1.0,exact_after_normalize
Owen Wijndal,Owen Wijndal,AZ,2018,1.0,1.0,1.0,1.0,exact_after_normalize
Stijn Wuytens,Stijn Wuytens,AZ,2018,1.0,1.0,1.0,1.0,exact_after_normalize
Marco Bizot,Marco Bizot,AZ,2018,1.0,1.0,1.0,1.0,exact_after_normalize
Jeremy Helmer,Jeremy Helmer,AZ,2018,1.0,1.0,1.0,1.0,exact_after_normalize
Ferdy Druijf,Ferdy Druijf,AZ,2018,1.0,1.0,1.0,1.0,exact_after_normalize
Fredrik Midtsjø,Fredrik Midtsjø,AZ,2018,1.0,1.0,1.0,1.0,exact_after_normalize
Marko Vejinović,Marko Vejinovic,AZ,2018,0.7778,1.0,1.0,1.0,exact_after_normalize
Leon Bergsma,Léon Bergsma,AZ,2018,0.625,1.0,1.0,1.0,exact_after_normalize
Kyle Ebecilio,Kyle Ebecilio,ADO Den Haag,2018,1.0,1.0,1.0,1.0,exact_after_normalize
Indy Groothuizen,Indy Groothuizen,ADO Den Haag,2018,1.0,1.0,1.0,1.0,exact_after_normalize
Donny Gorter,Donny Gorter,ADO Den Haag,2018,1.0,1.0,1.0,1.0,exact_after_normalize
Giovanni Troupée,Giovanni Troupée,ADO Den Haag,2018,1.0,1.0,1.0,1.0,exact_after_normalize
Yahya Boussakou,Yahya Boussakou,ADO Den Haag,2018,1.0,1.0,1.0,1.0,exact_after_normalize
Mike Havekotte,Mike Havekotte,ADO Den Haag,2018,1.0,1.0,1.0,1.0,exact_after_normalize
Wilfried Kanon,Wilfried Kanon,ADO Den Haag,2018,1.0,1.0,1.0,1.0,exact_after_normalize
Abdenasser El Khayati,Abdenasser El Khayati,ADO Den Haag,2018,1.0,1.0,1.0,1.0,exact_after_normalize
Zhang Yuning,Zhang Yuning,ADO Den Haag,2018,1.0,1.0,1.0,1.0,exact_after_normalize
Shaquille Pinas,Shaquille Pinas,ADO Den Haag,2018,1.0,1.0,1.0,1.0,exact_after_normalize
Aaron Meijers,Aaron Meijers,ADO Den Haag,2018,1.0,1.0,1.0,1.0,exact_after_normalize
Bas Kuipers,Bas Kuipers,ADO Den Haag,2018,1.0,1.0,1.0,1.0,exact_after_normalize
Erik Falkenburg,Erik Falkenburg,ADO Den Haag,2018,1.0,1.0,1.0,1.0,exact_after_normalize
Lex Immers,Lex Immers,ADO Den Haag,2018,1.0,1.0,1.0,1.0,exact_after_normalize
Robert Zwinkels,Robert Zwinkels,ADO Den Haag,2018,1.0,1.0,1.0,1.0,exact_after_normalize
Nick Kuipers,Nick Kuipers,ADO Den Haag,2018,1.0,1.0,1.0,1.0,exact_after_normalize
Danny Bakker,Danny Bakker,ADO Den Haag,2018,1.0,1.0,1.0,1.0,exact_after_normalize
Dion Malone,Dion Malone,ADO Den Haag,2018,1.0,1.0,1.0,1.0,exact_after_normalize
Sheraldo Becker,Sheraldo Becker,ADO Den Haag,2018,1.0,1.0,1.0,1.0,exact_after_normalize
Elson Hooi,Elson Hooi,ADO Den Haag,2018,1.0,1.0,1.0,1.0,exact_after_normalize
Tom Beugelsdijk,Tom Beugelsdijk,ADO Den Haag,2018,1.0,1.0,1.0,1.0,exact_after_normalize
John Goossens,John Goossens,ADO Den Haag,2018,1.0,1.0,1.0,1.0,exact_after_normalize
Thijmen Goppel,Thijmen Goppel,ADO Den Haag,2018,1.0,1.0,1.0,1.0,exact_after_normalize
Melvyn Lorenzen,Melvyn Lorenzen,ADO Den Haag,2018,1.0,1.0,1.0,1.0,exact_after_normalize
Tomáš Necid,Tomás Necid,ADO Den Haag,2018,0.7143,1.0,1.0,1.0,exact_after_normalize
Vito van Crooij,Vito van Crooij,PEC Zwolle,2018,1.0,1.0,1.0,1.0,exact_after_normalize
Gustavo Hamer,Gustavo Hamer,PEC Zwolle,2018,1.0,1.0,1.0,1.0,exact_after_normalize
Mickey van der Hart,Mickey van der Hart,PEC Zwolle,2018,1.0,1.0,1.0,1.0,exact_after_normalize
Zian Flemming,Zian Flemming,PEC Zwolle,2018,1.0,1.0,1.0,1.0,exact_after_normalize
Diederik Boer,Diederik Boer,PEC Zwolle,2018,1.0,1.0,1.0,1.0,exact_after_normalize
Dirk Marcellis,Dirk Marcellis,PEC Zwolle,2018,1.0,1.0,1.0,1.0,exact_after_normalize
Younes Namli,Younes Namli,PEC Zwolle,2018,1.0,1.0,1.0,1.0,exact_after_normalize
Sepp van den Berg,Sepp van den Berg,PEC Zwolle,2018,1.0,1.0,1.0,1.0,exact_after_normalize
Pelle Clement,Pelle Clement,PEC Zwolle,2018,1.0,1.0,1.0,1.0,exact_after_normalize
Yuta Nakayama,Yuta Nakayama,PEC Zwolle,2018,1.0,1.0,1.0,1.0,exact_after_normalize
Bram van Polen,Bram van Polen,PEC Zwolle,2018,1.0,1.0,1.0,1.0,exact_after_normalize
Lennart Thy,Lennart Thy,PEC Zwolle,2018,1.0,1.0,1.0,1.0,exact_after_normalize
Alessandro Tripaldelli,Alessandro Tripaldelli,PEC Zwolle,2018,1.0,1.0,1.0,1.0,exact_after_normalize
Rick Dekker,Rick Dekker,PEC Zwolle,2018,1.0,1.0,1.0,1.0,exact_after_normalize
Ruben Ligeon,Ruben Ligeon,PEC Zwolle,2018,1.0,1.0,1.0,1.0,exact_after_normalize
Thomas Lam,Thomas Lam,PEC Zwolle,2018,1.0,1.0,1.0,1.0,exact_after_normalize
Stanley Elbers,Stanley Elbers,PEC Zwolle,2018,1.0,1.0,1.0,1.0,exact_after_normalize
Denis Genreau,Denis Genreau,PEC Zwolle,2018,1.0,1.0,1.0,1.0,exact_after_normalize
Terell Ondaan,Terell Ondaan,PEC Zwolle,2018,1.0,1.0,1.0,1.0,exact_after_normalize
Mike van Duinen,Mike van Duinen,PEC Zwolle,2018,1.0,1.0,1.0,1.0,exact_after_normalize
Clint Leemans,Clint Leemans,PEC Zwolle,2018,1.0,1.0,1.0,1.0,exact_after_normalize
Gianluca Scamacca,Gianluca Scamacca,PEC Zwolle,2018,1.0,1.0,1.0,1.0,exact_after_normalize
Darryl Lachman,Darryl Lachman,PEC Zwolle,2018,1.0,1.0,1.0,1.0,exact_after_normalize
Kingsley Ehizibue,Kingsley Ehizibue,PEC Zwolle,2018,1.0,1.0,1.0,1.0,exact_after_normalize
Kenneth Paal,Kenneth Paal,PEC Zwolle,2018,1.0,1.0,1.0,1.0,exact_after_normalize
Ouasim Bouy,Ouasim Bouy,PEC Zwolle,2018,1.0,1.0,1.0,1.0,exact_after_normalize
Jafar Arias,Jafar Arias,Emmen,2018,1.0,1.0,1.0,1.0,exact_after_normalize
Wouter Marinus,Wouter Marinus,Emmen,2018,1.0,1.0,1.0,1.0,exact_after_normalize
Kjelt Engbers,Kjelt Engbers,Emmen,2018,1.0,1.0,1.0,1.0,exact_after_normalize
Cas Peters,Cas Peters,Emmen,2018,1.0,1.0,1.0,1.0,exact_after_normalize
Kjell Scherpen,Kjell Scherpen,Emmen,2018,1.0,1.0,1.0,1.0,exact_after_normalize
Robbert de Vos,Robbert de Vos,Emmen,2018,1.0,1.0,1.0,1.0,exact_after_normalize
Nick Kuipers,Nick Kuipers,Emmen,2018,1.0,1.0,1.0,1.0,exact_after_normalize
Easah Suliman,Easah Suliman,Emmen,2018,1.0,1.0,1.0,1.0,exact_after_normalize
Dennis Telgenkamp,Dennis Telgenkamp,Emmen,2018,1.0,1.0,1.0,1.0,exact_after_normalize
Tim Siekman,Tim Siekman,Emmen,2018,1.0,1.0,1.0,1.0,exact_after_normalize
Glenn Bijl,Glenn Bijl,Emmen,2018,1.0,1.0,1.0,1.0,exact_after_normalize
Caner Cavlan,Caner Cavlan,Emmen,2018,1.0,1.0,1.0,1.0,exact_after_normalize
Keziah Veendorp,Keziah Veendorp,Emmen,2018,1.0,1.0,1.0,1.0,exact_after_normalize
Nick Bakker,Nick Bakker,Emmen,2018,1.0,1.0,1.0,1.0,exact_after_normalize
Anco Jansen,Anco Jansen,Emmen,2018,1.0,1.0,1.0,1.0,exact_after_normalize
Luciano Slagveer,Luciano Slagveer,Emmen,2018,1.0,1.0,1.0,1.0,exact_after_normalize
Michael de Leeuw,Michael de Leeuw,Emmen,2018,1.0,1.0,1.0,1.0,exact_after_normalize
Hilal Ben Moussa,Hilal Ben Moussa,Emmen,2018,1.0,1.0,1.0,1.0,exact_after_normalize
Alexander Bannink,Alexander Bannink,Emmen,2018,1.0,1.0,1.0,1.0,exact_after_normalize
Henk Bos,Henk Bos,Emmen,2018,1.0,1.0,1.0,1.0,exact_after_normalize
Reuven Niemeijer,Reuven Niemeijer,Emmen,2018,1.0,1.0,1.0,1.0,exact_after_normalize
Nicklas Pedersen,Nicklas Pedersen,Emmen,2018,1.0,1.0,1.0,1.0,exact_after_normalize
Stef Gronsveld,Stef Gronsveld,Emmen,2018,1.0,1.0,1.0,1.0,exact_after_normalize
Nico Neidhart,Nico Neidhart,Emmen,2018,1.0,1.0,1.0,1.0,exact_after_normalize
Gersom Klok,Gersom Klok,Emmen,2018,1.0,1.0,1.0,1.0,exact_after_normalize
Sven Braken,Sven Braken,Emmen,2018,1.0,1.0,1.0,1.0,exact_after_normalize
Andrej Lukić,Andrej Lukic,Emmen,2018,0.7333,1.0,1.0,1.0,exact_after_normalize
Michael Chacon,Michael Chacón,Emmen,2018,0.6471,1.0,1.0,1.0,exact_after_normalize
Janis Blaswich,Janis Blaswich,Heracles Almelo,2018,1.0,1.0,1.0,1.0,exact_after_normalize
Wout Droste,Wout Droste,Heracles Almelo,2018,1.0,1.0,1.0,1.0,exact_after_normalize
Kristoffer Peterson,Kristoffer Peterson,Heracles Almelo,2018,1.0,1.0,1.0,1.0,exact_after_normalize
Tim van de Berg,Tim van de Berg,Heracles Almelo,2018,1.0,1.0,1.0,1.0,exact_after_normalize
Robin Pröpper,Robin Pröpper,Heracles Almelo,2018,1.0,1.0,1.0,1.0,exact_after_normalize
Lerin Duarte,Lerin Duarte,Heracles Almelo,2018,1.0,1.0,1.0,1.0,exact_after_normalize
Stephen Sama,Stephen Sama,Heracles Almelo,2018,1.0,1.0,1.0,1.0,exact_after_normalize
Silvester van der Water,Silvester van der Water,Heracles Almelo,2018,1.0,1.0,1.0,1.0,exact_after_normalize
Dabney dos Santos,Dabney dos Santos,Heracles Almelo,2018,1.0,1.0,1.0,1.0,exact_after_normalize
Vincent Vermeij,Vincent Vermeij,Heracles Almelo,2018,1.0,1.0,1.0,1.0,exact_after_normalize
Jesper Drost,Jesper Drost,Heracles Almelo,2018,1.0,1.0,1.0,1.0,exact_after_normalize
Bart van Hintum,Bart van Hintum,Heracles Almelo,2018,1.0,1.0,1.0,1.0,exact_after_normalize
Maximilian Rossmann,Maximilian Rossmann,Heracles Almelo,2018,1.0,1.0,1.0,1.0,exact_after_normalize
Mats Knoester,Mats Knoester,Heracles Almelo,2018,1.0,1.0,1.0,1.0,exact_after_normalize
Dario Van den Buijs,Dario Van den Buijs,Heracles Almelo,2018,1.0,1.0,1.0,1.0,exact_after_normalize
Brandley Kuwas,Brandley Kuwas,Heracles Almelo,2018,1.0,1.0,1.0,1.0,exact_after_normalize
Michael Brouwer,Michael Brouwer,Heracles Almelo,2018,1.0,1.0,1.0,1.0,exact_after_normalize
Mohammed Osman,Mohammed Osman,Heracles Almelo,2018,1.0,1.0,1.0,1.0,exact_after_normalize
Zeki Erkilinc,Zeki Erkilinc,Heracles Almelo,2018,1.0,1.0,1.0,1.0,exact_after_normalize
Adrián Dalmau,Adrián Dalmau,Heracles Almelo,2018,1.0,1.0,1.0,1.0,exact_after_normalize
Joey Konings,Joey Konings,Heracles Almelo,2018,1.0,1.0,1.0,1.0,exact_after_normalize
Tim Breukers,Tim Breukers,Heracles Almelo,2018,1.0,1.0,1.0,1.0,exact_after_normalize
Alexander Merkel,Alexander Merkel,Heracles Almelo,2018,1.0,1.0,1.0,1.0,exact_after_normalize
Yoell van Nieff,Yoëll van Nieff,Heracles Almelo,2018,0.6842,1.0,1.0,1.0,exact_after_normalize
Evren Korkmaz,Evren Korkmaz,VVV Venlo,2018,1.0,1.0,1.0,1.0,exact_after_normalize
Danny Post,Danny Post,VVV Venlo,2018,1.0,1.0,1.0,1.0,exact_after_normalize
Jerold Promes,Jerold Promes,VVV Venlo,2018,1.0,1.0,1.0,1.0,exact_after_normalize
Jay-Roy Grot,Jay-Roy Grot,VVV Venlo,2018,1.0,1.0,1.0,1.0,exact_after_normalize
Peter van Ooijen,Peter van Ooijen,VVV Venlo,2018,1.0,1.0,1.0,1.0,exact_after_normalize
Ralf Seuntjens,Ralf Seuntjens,VVV Venlo,2018,1.0,1.0,1.0,1.0,exact_after_normalize
Lars Unnerstall,Lars Unnerstall,VVV Venlo,2018,1.0,1.0,1.0,1.0,exact_after_normalize
Axel Borgmann,Axel Borgmann,VVV Venlo,2018,1.0,1.0,1.0,1.0,exact_after_normalize
Johnatan Opoku,Johnatan Opoku,VVV Venlo,2018,1.0,1.0,1.0,1.0,exact_after_normalize
Patrick Joosten,Patrick Joosten,VVV Venlo,2018,1.0,1.0,1.0,1.0,exact_after_normalize
Damian van Bruggen,Damian van Bruggen,VVV Venlo,2018,1.0,1.0,1.0,1.0,exact_after_normalize
Evert Linthorst,Evert Linthorst,VVV Venlo,2018,1.0,1.0,1.0,1.0,exact_after_normalize
Tristan Dekker,Tristan Dekker,VVV Venlo,2018,1.0,1.0,1.0,1.0,exact_after_normalize
Simon Janssen,Simon Janssen,VVV Venlo,2018,1.0,1.0,1.0,1.0,exact_after_normalize
Peniel Mlapa,Peniel Mlapa,VVV Venlo,2018,1.0,1.0,1.0,1.0,exact_after_normalize
Martin Samuelsen,Martin Samuelsen,VVV Venlo,2018,1.0,1.0,1.0,1.0,exact_after_normalize
Sem Steijn,Sem Steijn,VVV Venlo,2018,1.0,1.0,1.0,1.0,exact_after_normalize
Josimar Lima,Josimar Lima,VVV Venlo,2018,1.0,1.0,1.0,1.0,exact_after_normalize
Christian Kum,Christian Kum,VVV Venlo,2018,1.0,1.0,1.0,1.0,exact_after_normalize
Moreno Rutten,Moreno Rutten,VVV Venlo,2018,1.0,1.0,1.0,1.0,exact_after_normalize
Nils Röseler,Nils Röseler,VVV Venlo,2018,1.0,1.0,1.0,1.0,exact_after_normalize
Roel Janssen,Roel Janssen,VVV Venlo,2018,1.0,1.0,1.0,1.0,exact_after_normalize
Tino-Sven Sušić,Tino-Sven Susic,VVV Venlo,2018,0.5789,1.0,1.0,1.0,exact_after_normalize
Urby Emanuelson,Urby Emanuelson,Utrecht,2019,1.0,1.0,1.0,1.0,exact_after_normalize
Sean Klaiber,Sean Klaiber,Utrecht,2019,1.0,1.0,1.0,1.0,exact_after_normalize
Jean-Christophe Bahebeck,Jean-Christophe Bahebeck,Utrecht,2019,1.0,1.0,1.0,1.0,exact_after_normalize
Lamine Sané,Lamine Sané,Utrecht,2019,1.0,1.0,1.0,1.0,exact_after_normalize
Mitchell van Rooijen,Mitchell van Rooijen,Utrecht,2019,1.0,1.0,1.0,1.0,exact_after_normalize
Emil Bergström,Emil Bergström,Utrecht,2019,1.0,1.0,1.0,1.0,exact_after_normalize
Tommy St. Jago,Tommy St. Jago,Utrecht,2019,1.0,1.0,1.0,1.0,exact_after_normalize
Simon Makienok,Simon Makienok,Utrecht,2019,1.0,1.0,1.0,1.0,exact_after_normalize
Nick Venema,Nick Venema,Utrecht,2019,1.0,1.0,1.0,1.0,exact_after_normalize
Rico Strieder,Rico Strieder,Utrecht,2019,1.0,1.0,1.0,1.0,exact_after_normalize
Adrián Dalmau,Adrián Dalmau,Utrecht,2019,1.0,1.0,1.0,1.0,exact_after_normalize
Leon Guwara,Leon Guwara,Utrecht,2019,1.0,1.0,1.0,1.0,exact_after_normalize
Justin Lonwijk,Justin Lonwijk,Utrecht,2019,1.0,1.0,1.0,1.0,exact_after_normalize
Patrick Joosten,Patrick Joosten,Utrecht,2019,1.0,1.0,1.0,1.0,exact_after_normalize
Giovanni Troupée,Giovanni Troupée,Utrecht,2019,1.0,1.0,1.0,1.0,exact_after_normalize
Jeroen Zoet,Jeroen Zoet,Utrecht,2019,1.0,1.0,1.0,1.0,exact_after_normalize
Bart Ramselaar,Bart Ramselaar,Utrecht,2019,1.0,1.0,1.0,1.0,exact_after_normalize
Mark van der Maarel,Mark van der Maarel,Utrecht,2019,1.0,1.0,1.0,1.0,exact_after_normalize
Maarten Paes,Maarten Paes,Utrecht,2019,1.0,1.0,1.0,1.0,exact_after_normalize
Simon Gustafson,Simon Gustafson,Utrecht,2019,1.0,1.0,1.0,1.0,exact_after_normalize
Willem Janssen,Willem Janssen,Utrecht,2019,1.0,1.0,1.0,1.0,exact_after_normalize
Justin Hoogma,Justin Hoogma,Utrecht,2019,1.0,1.0,1.0,1.0,exact_after_normalize
Adam Maher,Adam Maher,Utrecht,2019,1.0,1.0,1.0,1.0,exact_after_normalize
Jonas Arweiler,Jonas Arweiler,Utrecht,2019,1.0,1.0,1.0,1.0,exact_after_normalize
Kristoffer Peterson,Kristoffer Peterson,Utrecht,2019,1.0,1.0,1.0,1.0,exact_after_normalize
Joris van Overeem,Joris van Overeem,Utrecht,2019,1.0,1.0,1.0,1.0,exact_after_normalize
Gyrano Kerk,Gyrano Kerk,Utrecht,2019,1.0,1.0,1.0,1.0,exact_after_normalize
Sander van de Streek,Sander van de Streek,Utrecht,2019,1.0,1.0,1.0,1.0,exact_after_normalize
Václav Černý,Václav Cerny,Utrecht,2019,0.4444,1.0,1.0,1.0,exact_after_normalize
Mike te Wierik,Mike te Wierik,Groningen,2019,1.0,1.0,1.0,1.0,exact_after_normalize
Ahmed El Messaoudi,Ahmed El Messaoudi,Groningen,2019,1.0,1.0,1.0,1.0,exact_after_normalize
Ritsu Doan,Ritsu Doan,Groningen,2019,1.0,1.0,1.0,1.0,exact_after_normalize
Charlison Benschop,Charlison Benschop,Groningen,2019,1.0,1.0,1.0,1.0,exact_after_normalize
Kaj Sierhuis,Kaj Sierhuis,Groningen,2019,1.0,1.0,1.0,1.0,exact_after_normalize
Amir Absalem,Amir Absalem,Groningen,2019,1.0,1.0,1.0,1.0,exact_after_normalize
Kian Slor,Kian Slor,Groningen,2019,1.0,1.0,1.0,1.0,exact_after_normalize
Ramon Lundqvist,Ramon Lundqvist,Groningen,2019,1.0,1.0,1.0,1.0,exact_after_normalize
Joel Asoro,Joel Asoro,Groningen,2019,1.0,1.0,1.0,1.0,exact_after_normalize
Sergio Padt,Sergio Padt,Groningen,2019,1.0,1.0,1.0,1.0,exact_after_normalize
Ajdin Hrustic,Ajdin Hrustic,Groningen,2019,1.0,1.0,1.0,1.0,exact_after_normalize
Romano Postema,Romano Postema,Groningen,2019,1.0,1.0,1.0,1.0,exact_after_normalize
Deyovaisio Zeefuik,Deyovaisio Zeefuik,Groningen,2019,1.0,1.0,1.0,1.0,exact_after_normalize
Azor Matusiwa,Azor Matusiwa,Groningen,2019,1.0,1.0,1.0,1.0,exact_after_normalize
Bart van Hintum,Bart van Hintum,Groningen,2019,1.0,1.0,1.0,1.0,exact_after_normalize
Thomas Poll,Thomas Poll,Groningen,2019,1.0,1.0,1.0,1.0,exact_after_normalize
Daniël van Kaam,Daniël van Kaam,Groningen,2019,1.0,1.0,1.0,1.0,exact_after_normalize
Daishawn Redan,Daishawn Redan,Groningen,2019,1.0,1.0,1.0,1.0,exact_after_normalize
Sam Schreck,Sam Schreck,Groningen,2019,1.0,1.0,1.0,1.0,exact_after_normalize
Ko Itakura,Ko Itakura,Groningen,2019,1.0,1.0,1.0,1.0,exact_after_normalize
Gabriel Gudmundsson,Gabriel Gudmundsson,Groningen,2019,1.0,1.0,1.0,1.0,exact_after_normalize
Django Warmerdam,Django Warmerdam,Groningen,2019,1.0,1.0,1.0,1.0,exact_after_normalize
Tomáš Suslov,Tomás Suslov,Groningen,2019,0.7333,1.0,1.0,1.0,exact_after_normalize
Samir Memišević,Samir Memisevic,Groningen,2019,0.5238,1.0,1.0,1.0,exact_after_normalize
Nicolai Jørgensen,Nicolai Jørgensen,Feyenoord,2019,1.0,1.0,1.0,1.0,exact_after_normalize
Tyrell Malacia,Tyrell Malacia,Feyenoord,2019,1.0,1.0,1.0,1.0,exact_after_normalize
Jens Toornstra,Jens Toornstra,Feyenoord,2019,1.0,1.0,1.0,1.0,exact_after_normalize
Leroy Fer,Leroy Fer,Feyenoord,2019,1.0,1.0,1.0,1.0,exact_after_normalize
Steven Berghuis,Steven Berghuis,Feyenoord,2019,1.0,1.0,1.0,1.0,exact_after_normalize
Ridgeciano Haps,Ridgeciano Haps,Feyenoord,2019,1.0,1.0,1.0,1.0,exact_after_normalize
Orkun Kökçü,Orkun Kökçü,Feyenoord,2019,1.0,1.0,1.0,1.0,exact_after_normalize
Renato Tapia,Renato Tapia,Feyenoord,2019,1.0,1.0,1.0,1.0,exact_after_normalize
Jan-Arie van der Heijden,Jan-Arie van der Heijden,Feyenoord,2019,1.0,1.0,1.0,1.0,exact_after_normalize
Kenneth Vermeer,Kenneth Vermeer,Feyenoord,2019,1.0,1.0,1.0,1.0,exact_after_normalize
Sam Larsson,Sam Larsson,Feyenoord,2019,1.0,1.0,1.0,1.0,exact_after_normalize
Justin Bijlow,Justin Bijlow,Feyenoord,2019,1.0,1.0,1.0,1.0,exact_after_normalize
Luciano Narsingh,Luciano Narsingh,Feyenoord,2019,1.0,1.0,1.0,1.0,exact_after_normalize
Yassin Ayoub,Yassin Ayoub,Feyenoord,2019,1.0,1.0,1.0,1.0,exact_after_normalize
Edgar Ié,Edgar Ié,Feyenoord,2019,1.0,1.0,1.0,1.0,exact_after_normalize
Rick Karsdorp,Rick Karsdorp,Feyenoord,2019,1.0,1.0,1.0,1.0,exact_after_normalize
Wouter Burger,Wouter Burger,Feyenoord,2019,1.0,1.0,1.0,1.0,exact_after_normalize
Liam Kelly,Liam Kelly,Feyenoord,2019,1.0,1.0,1.0,1.0,exact_after_normalize
Luis Sinisterra,Luis Sinisterra,Feyenoord,2019,1.0,1.0,1.0,1.0,exact_after_normalize
Nick Marsman,Nick Marsman,Feyenoord,2019,1.0,1.0,1.0,1.0,exact_after_normalize
Sven van Beek,Sven van Beek,Feyenoord,2019,1.0,1.0,1.0,1.0,exact_after_normalize
Marcos Senesi,Marcos Senesi,Feyenoord,2019,1.0,1.0,1.0,1.0,exact_after_normalize
Dylan Vente,Dylan Vente,Feyenoord,2019,1.0,1.0,1.0,1.0,exact_after_normalize
Marouan Azarkan,Marouan Azarkan,Feyenoord,2019,1.0,1.0,1.0,1.0,exact_after_normalize
Naoufal Bannis,Naoufal Bannis,Feyenoord,2019,1.0,1.0,1.0,1.0,exact_after_normalize
Lutsharel Geertruida,Lutsharel Geertruida,Feyenoord,2019,1.0,1.0,1.0,1.0,exact_after_normalize
Oğuzhan Özyakup,Oguzhan Özyakup,Feyenoord,2019,0.6842,1.0,1.0,1.0,exact_after_normalize
Róbert Boženík,Róbert Bozeník,Feyenoord,2019,0.6667,1.0,1.0,1.0,exact_after_normalize
Clint Leemans,Clint Leemans,RKC Waalwijk,2019,1.0,1.0,1.0,1.0,exact_after_normalize
Lars Nieuwpoort,Lars Nieuwpoort,RKC Waalwijk,2019,1.0,1.0,1.0,1.0,exact_after_normalize
Ingo van Weert,Ingo van Weert,RKC Waalwijk,2019,1.0,1.0,1.0,1.0,exact_after_normalize
Kevin Vermeulen,Kevin Vermeulen,RKC Waalwijk,2019,1.0,1.0,1.0,1.0,exact_after_normalize
Stefan Velkov,Stefan Velkov,RKC Waalwijk,2019,1.0,1.0,1.0,1.0,exact_after_normalize
Dylan Seys,Dylan Seys,RKC Waalwijk,2019,1.0,1.0,1.0,1.0,exact_after_normalize
Kees Heemskerk,Kees Heemskerk,RKC Waalwijk,2019,1.0,1.0,1.0,1.0,exact_after_normalize
Fabian Sporkslede,Fabian Sporkslede,RKC Waalwijk,2019,1.0,1.0,1.0,1.0,exact_after_normalize
Hans Mulder,Hans Mulder,RKC Waalwijk,2019,1.0,1.0,1.0,1.0,exact_after_normalize
Mario Bilate,Mario Bilate,RKC Waalwijk,2019,1.0,1.0,1.0,1.0,exact_after_normalize
Paul Quasten,Paul Quasten,RKC Waalwijk,2019,1.0,1.0,1.0,1.0,exact_after_normalize
Richard van der Venne,Richard van der Venne,RKC Waalwijk,2019,1.0,1.0,1.0,1.0,exact_after_normalize
Juriën Gaari,Juriën Gaari,RKC Waalwijk,2019,1.0,1.0,1.0,1.0,exact_after_normalize
Etienne Vaessen,Etienne Vaessen,RKC Waalwijk,2019,1.0,1.0,1.0,1.0,exact_after_normalize
Hannes Delcroix,Hannes Delcroix,RKC Waalwijk,2019,1.0,1.0,1.0,1.0,exact_after_normalize
Anas Tahiri,Anas Tahiri,RKC Waalwijk,2019,1.0,1.0,1.0,1.0,exact_after_normalize
Lennerd Daneels,Lennerd Daneels,RKC Waalwijk,2019,1.0,1.0,1.0,1.0,exact_after_normalize
Sylla Sow,Sylla Sow,RKC Waalwijk,2019,1.0,1.0,1.0,1.0,exact_after_normalize
Tijjani Reijnders,Tijjani Reijnders,RKC Waalwijk,2019,1.0,1.0,1.0,1.0,exact_after_normalize
Melle Meulensteen,Melle Meulensteen,RKC Waalwijk,2019,1.0,1.0,1.0,1.0,exact_after_normalize
Dylan Vente,Dylan Vente,RKC Waalwijk,2019,1.0,1.0,1.0,1.0,exact_after_normalize
Daan Rienstra,Daan Rienstra,RKC Waalwijk,2019,1.0,1.0,1.0,1.0,exact_after_normalize
Henrico Drost,Henrico Drost,RKC Waalwijk,2019,1.0,1.0,1.0,1.0,exact_after_normalize
Stijn Spierings,Stijn Spierings,RKC Waalwijk,2019,1.0,1.0,1.0,1.0,exact_after_normalize
Stanley Elbers,Stanley Elbers,RKC Waalwijk,2019,1.0,1.0,1.0,1.0,exact_after_normalize
Emil Hansson,Emil Hansson,RKC Waalwijk,2019,1.0,1.0,1.0,1.0,exact_after_normalize
Saïd Bakari,Saïd Bakari,RKC Waalwijk,2019,1.0,1.0,1.0,1.0,exact_after_normalize
Darren Maatsen,Darren Maatsen,RKC Waalwijk,2019,1.0,1.0,1.0,1.0,exact_after_normalize
Hamdi Akujobi,Hamdi Akujobi,Heerenveen,2019,1.0,1.0,1.0,1.0,exact_after_normalize
Hicham Faik,Hicham Faik,Heerenveen,2019,1.0,1.0,1.0,1.0,exact_after_normalize
Sven Botman,Sven Botman,Heerenveen,2019,1.0,1.0,1.0,1.0,exact_after_normalize
Sherel Floranus,Sherel Floranus,Heerenveen,2019,1.0,1.0,1.0,1.0,exact_after_normalize
Ricardo van Rhijn,Ricardo van Rhijn,Heerenveen,2019,1.0,1.0,1.0,1.0,exact_after_normalize
Joey Veerman,Joey Veerman,Heerenveen,2019,1.0,1.0,1.0,1.0,exact_after_normalize
Mitchell van Bergen,Mitchell van Bergen,Heerenveen,2019,1.0,1.0,1.0,1.0,exact_after_normalize
Warner Hahn,Warner Hahn,Heerenveen,2019,1.0,1.0,1.0,1.0,exact_after_normalize
Chidera Ejuke,Chidera Ejuke,Heerenveen,2019,1.0,1.0,1.0,1.0,exact_after_normalize
Jens Odgaard,Jens Odgaard,Heerenveen,2019,1.0,1.0,1.0,1.0,exact_after_normalize
Jordy Bruijn,Jordy Bruijn,Heerenveen,2019,1.0,1.0,1.0,1.0,exact_after_normalize
Daniel Høegh,Daniel Høegh,Heerenveen,2019,1.0,1.0,1.0,1.0,exact_after_normalize
Ben Rienstra,Ben Rienstra,Heerenveen,2019,1.0,1.0,1.0,1.0,exact_after_normalize
Runar Espejord,Runar Espejord,Heerenveen,2019,1.0,1.0,1.0,1.0,exact_after_normalize
Rein Smit,Rein Smit,Heerenveen,2019,1.0,1.0,1.0,1.0,exact_after_normalize
Anders Dreyer,Anders Dreyer,Heerenveen,2019,1.0,1.0,1.0,1.0,exact_after_normalize
Lucas Woudenberg,Lucas Woudenberg,Heerenveen,2019,1.0,1.0,1.0,1.0,exact_after_normalize
Rodney Kongolo,Rodney Kongolo,Heerenveen,2019,1.0,1.0,1.0,1.0,exact_after_normalize
Arjen van der Heide,Arjen van der Heide,Heerenveen,2019,1.0,1.0,1.0,1.0,exact_after_normalize
Jan Ras,Jan Ras,Heerenveen,2019,1.0,1.0,1.0,1.0,exact_after_normalize
Filip Bednarek,Filip Bednarek,Heerenveen,2019,1.0,1.0,1.0,1.0,exact_after_normalize
Rami Al Hajj,Rami Al Hajj,Heerenveen,2019,1.0,1.0,1.0,1.0,exact_after_normalize
Alen Halilović,Alen Halilovic,Heerenveen,2019,0.7647,1.0,1.0,1.0,exact_after_normalize
Ibrahim Drešević,Ibrahim Dresevic,Heerenveen,2019,0.5455,1.0,1.0,1.0,exact_after_normalize
Oriol Busquets,Oriol Busquets,Twente,2019,1.0,1.0,1.0,1.0,exact_after_normalize
Giovanni Troupée,Giovanni Troupée,Twente,2019,1.0,1.0,1.0,1.0,exact_after_normalize
Lindon Selahi,Lindon Selahi,Twente,2019,1.0,1.0,1.0,1.0,exact_after_normalize
Jorn Brondeel,Jorn Brondeel,Twente,2019,1.0,1.0,1.0,1.0,exact_after_normalize
Tom Boere,Tom Boere,Twente,2019,1.0,1.0,1.0,1.0,exact_after_normalize
Wout Brama,Wout Brama,Twente,2019,1.0,1.0,1.0,1.0,exact_after_normalize
Paul Verhaegh,Paul Verhaegh,Twente,2019,1.0,1.0,1.0,1.0,exact_after_normalize
Peet Bijen,Peet Bijen,Twente,2019,1.0,1.0,1.0,1.0,exact_after_normalize
Xandro Schenk,Xandro Schenk,Twente,2019,1.0,1.0,1.0,1.0,exact_after_normalize
Jesse Bosch,Jesse Bosch,Twente,2019,1.0,1.0,1.0,1.0,exact_after_normalize
Keito Nakamura,Keito Nakamura,Twente,2019,1.0,1.0,1.0,1.0,exact_after_normalize
Rafik Zekhnini,Rafik Zekhnini,Twente,2019,1.0,1.0,1.0,1.0,exact_after_normalize
Giorgi Aburjania,Giorgi Aburjania,Twente,2019,1.0,1.0,1.0,1.0,exact_after_normalize
Noa Lang,Noa Lang,Twente,2019,1.0,1.0,1.0,1.0,exact_after_normalize
Queensy Menig,Queensy Menig,Twente,2019,1.0,1.0,1.0,1.0,exact_after_normalize
Julio Pleguezuelo,Julio Pleguezuelo,Twente,2019,1.0,1.0,1.0,1.0,exact_after_normalize
Calvin Verdonk,Calvin Verdonk,Twente,2019,1.0,1.0,1.0,1.0,exact_after_normalize
Emil Berggreen,Emil Berggreen,Twente,2019,1.0,1.0,1.0,1.0,exact_after_normalize
Aitor Cantalapiedra,Aitor Cantalapiedra,Twente,2019,1.0,1.0,1.0,1.0,exact_after_normalize
Godfried Roemeratoe,Godfried Roemeratoe,Twente,2019,1.0,1.0,1.0,1.0,exact_after_normalize
Jose Matos,José Matos,Twente,2019,0.6923,1.0,1.0,1.0,exact_after_normalize
Joel Drommel,Joël Drommel,Twente,2019,0.6667,1.0,1.0,1.0,exact_after_normalize
Joël Latibeaudière,Joel Latibeaudiere,Twente,2019,0.52,1.0,1.0,1.0,exact_after_normalize
Haris Vučkić,Haris Vuckic,Twente,2019,0.4444,1.0,1.0,1.0,exact_after_normalize
Ricardo Rodríguez,Ricardo Rodríguez,PSV,2019,1.0,1.0,1.0,1.0,exact_after_normalize
Trent Sainsbury,Trent Sainsbury,PSV,2019,1.0,1.0,1.0,1.0,exact_after_normalize
Nick Viergever,Nick Viergever,PSV,2019,1.0,1.0,1.0,1.0,exact_after_normalize
Pablo Rosario,Pablo Rosario,PSV,2019,1.0,1.0,1.0,1.0,exact_after_normalize
Michal Sadílek,Michal Sadílek,PSV,2019,1.0,1.0,1.0,1.0,exact_after_normalize
Daniel Schwaab,Daniel Schwaab,PSV,2019,1.0,1.0,1.0,1.0,exact_after_normalize
Denzel Dumfries,Denzel Dumfries,PSV,2019,1.0,1.0,1.0,1.0,exact_after_normalize
Zakaria Aboukhlal,Zakaria Aboukhlal,PSV,2019,1.0,1.0,1.0,1.0,exact_after_normalize
Ritsu Doan,Ritsu Doan,PSV,2019,1.0,1.0,1.0,1.0,exact_after_normalize
Bruma,Bruma,PSV,2019,1.0,1.0,1.0,1.0,exact_after_normalize
Donyell Malen,Donyell Malen,PSV,2019,1.0,1.0,1.0,1.0,exact_after_normalize
Steven Bergwijn,Steven Bergwijn,PSV,2019,1.0,1.0,1.0,1.0,exact_after_normalize
Cody Gakpo,Cody Gakpo,PSV,2019,1.0,1.0,1.0,1.0,exact_after_normalize
Robbin Ruiter,Robbin Ruiter,PSV,2019,1.0,1.0,1.0,1.0,exact_after_normalize
Ryan Thomas,Ryan Thomas,PSV,2019,1.0,1.0,1.0,1.0,exact_after_normalize
Timo Baumgartl,Timo Baumgartl,PSV,2019,1.0,1.0,1.0,1.0,exact_after_normalize
Olivier Boscagli,Olivier Boscagli,PSV,2019,1.0,1.0,1.0,1.0,exact_after_normalize
Ibrahim Afellay,Ibrahim Afellay,PSV,2019,1.0,1.0,1.0,1.0,exact_after_normalize
Jordan Teze,Jordan Teze,PSV,2019,1.0,1.0,1.0,1.0,exact_after_normalize
Sam Lammers,Sam Lammers,PSV,2019,1.0,1.0,1.0,1.0,exact_after_normalize
Lars Unnerstall,Lars Unnerstall,PSV,2019,1.0,1.0,1.0,1.0,exact_after_normalize
Jorrit Hendrix,Jorrit Hendrix,PSV,2019,1.0,1.0,1.0,1.0,exact_after_normalize
Noni Madueke,Noni Madueke,PSV,2019,1.0,1.0,1.0,1.0,exact_after_normalize
Jeroen Zoet,Jeroen Zoet,PSV,2019,1.0,1.0,1.0,1.0,exact_after_normalize
Hirving Lozano,Hirving Lozano,PSV,2019,1.0,1.0,1.0,1.0,exact_after_normalize
Gastón Pereiro,Gastón Pereiro,PSV,2019,1.0,1.0,1.0,1.0,exact_after_normalize
Erick Gutiérrez,Érick Gutiérrez,PSV,2019,0.6842,1.0,1.0,1.0,exact_after_normalize
Amadou Ciss,Amadou Ciss,Fortuna Sittard,2019,1.0,1.0,1.0,1.0,exact_after_normalize
Martin Angha,Martin Angha,Fortuna Sittard,2019,1.0,1.0,1.0,1.0,exact_after_normalize
Àlex Carbonell,Àlex Carbonell,Fortuna Sittard,2019,1.0,1.0,1.0,1.0,exact_after_normalize
Clint Essers,Clint Essers,Fortuna Sittard,2019,1.0,1.0,1.0,1.0,exact_after_normalize
Patrik Raitanen,Patrik Raitanen,Fortuna Sittard,2019,1.0,1.0,1.0,1.0,exact_after_normalize
Rasmus Karjalainen,Rasmus Karjalainen,Fortuna Sittard,2019,1.0,1.0,1.0,1.0,exact_after_normalize
Felix Passlack,Felix Passlack,Fortuna Sittard,2019,1.0,1.0,1.0,1.0,exact_after_normalize
George Cox,George Cox,Fortuna Sittard,2019,1.0,1.0,1.0,1.0,exact_after_normalize
Michael Pinto,Michael Pinto,Fortuna Sittard,2019,1.0,1.0,1.0,1.0,exact_after_normalize
Wessel Dammers,Wessel Dammers,Fortuna Sittard,2019,1.0,1.0,1.0,1.0,exact_after_normalize
Bassala Sambou,Bassala Sambou,Fortuna Sittard,2019,1.0,1.0,1.0,1.0,exact_after_normalize
Adnan Ugur,Adnan Ugur,Fortuna Sittard,2019,1.0,1.0,1.0,1.0,exact_after_normalize
Dimitrios Ioannidis,Dimitrios Ioannidis,Fortuna Sittard,2019,1.0,1.0,1.0,1.0,exact_after_normalize
Tesfaldet Tekie,Tesfaldet Tekie,Fortuna Sittard,2019,1.0,1.0,1.0,1.0,exact_after_normalize
Nassim El Ablak,Nassim El Ablak,Fortuna Sittard,2019,1.0,1.0,1.0,1.0,exact_after_normalize
Jacky Donkor,Jacky Donkor,Fortuna Sittard,2019,1.0,1.0,1.0,1.0,exact_after_normalize
Leandro Fernandes,Leandro Fernandes,Fortuna Sittard,2019,1.0,1.0,1.0,1.0,exact_after_normalize
Jorrit Smeets,Jorrit Smeets,Fortuna Sittard,2019,1.0,1.0,1.0,1.0,exact_after_normalize
Cian Harries,Cian Harries,Fortuna Sittard,2019,1.0,1.0,1.0,1.0,exact_after_normalize
Agim Zeka,Agim Zeka,Fortuna Sittard,2019,1.0,1.0,1.0,1.0,exact_after_normalize
Mark Diemers,Mark Diemers,Fortuna Sittard,2019,1.0,1.0,1.0,1.0,exact_after_normalize
Vitalie Damașcan,Vitalie Damascan,Fortuna Sittard,2019,0.7,1.0,1.0,1.0,exact_after_normalize
Branislav Niňaj,Branislav Ninaj,Fortuna Sittard,2019,0.6842,1.0,1.0,1.0,exact_after_normalize
Alexei Koșelev,Alexei Koselev,Fortuna Sittard,2019,0.6667,1.0,1.0,1.0,exact_after_normalize
Gregoire Amiot,Grégoire Amiot,Fortuna Sittard,2019,0.6667,1.0,1.0,1.0,exact_after_normalize
Mike Trésor,Mike Trésor,Willem II,2019,1.0,1.0,1.0,1.0,exact_after_normalize
Vangelis Pavlidis,Vangelis Pavlidis,Willem II,2019,1.0,1.0,1.0,1.0,exact_after_normalize
Michael Woud,Michael Woud,Willem II,2019,1.0,1.0,1.0,1.0,exact_after_normalize
Elton Kabangu,Elton Kabangu,Willem II,2019,1.0,1.0,1.0,1.0,exact_after_normalize
Jordens Peters,Jordens Peters,Willem II,2019,1.0,1.0,1.0,1.0,exact_after_normalize
Sebastian Holmén,Sebastian Holmén,Willem II,2019,1.0,1.0,1.0,1.0,exact_after_normalize
Pol Llonch,Pol Llonch,Willem II,2019,1.0,1.0,1.0,1.0,exact_after_normalize
Justin Ogenia,Justin Ogenia,Willem II,2019,1.0,1.0,1.0,1.0,exact_after_normalize
Damil Dankerlui,Damil Dankerlui,Willem II,2019,1.0,1.0,1.0,1.0,exact_after_normalize
Jhonny Quiñónez,Jhonny Quiñónez,Willem II,2019,1.0,1.0,1.0,1.0,exact_after_normalize
Freek Heerkens,Freek Heerkens,Willem II,2019,1.0,1.0,1.0,1.0,exact_after_normalize
Bart Nieuwkoop,Bart Nieuwkoop,Willem II,2019,1.0,1.0,1.0,1.0,exact_after_normalize
Ché Nunnely,Ché Nunnely,Willem II,2019,1.0,1.0,1.0,1.0,exact_after_normalize
Paul Gladon,Paul Gladon,Willem II,2019,1.0,1.0,1.0,1.0,exact_after_normalize
Karim Coulibaly,Karim Coulibaly,Willem II,2019,1.0,1.0,1.0,1.0,exact_after_normalize
Rick Zuijderwijk,Rick Zuijderwijk,Willem II,2019,1.0,1.0,1.0,1.0,exact_after_normalize
Fernando Lewis,Fernando Lewis,Willem II,2019,1.0,1.0,1.0,1.0,exact_after_normalize
Timon Wellenreuther,Timon Wellenreuther,Willem II,2019,1.0,1.0,1.0,1.0,exact_after_normalize
Mats Köhlert,Mats Köhlert,Willem II,2019,1.0,1.0,1.0,1.0,exact_after_normalize
Miquel Nelom,Miquel Nelom,Willem II,2019,1.0,1.0,1.0,1.0,exact_after_normalize
James McGarry,James McGarry,Willem II,2019,1.0,1.0,1.0,1.0,exact_after_normalize
Görkem Sağlam,Görkem Saglam,Willem II,2019,0.6471,1.0,1.0,1.0,exact_after_normalize
Dante Rigo,Dante Rigo,Sparta,2019,1.0,1.0,1.0,1.0,exact_after_normalize
Jeffry Fortes,Jeffry Fortes,Sparta,2019,1.0,1.0,1.0,1.0,exact_after_normalize
Deroy Duarte,Deroy Duarte,Sparta,2019,1.0,1.0,1.0,1.0,exact_after_normalize
Abdallah Aberkane,Abdallah Aberkane,Sparta,2019,1.0,1.0,1.0,1.0,exact_after_normalize
Youssef El Kachati,Youssef El Kachati,Sparta,2019,1.0,1.0,1.0,1.0,exact_after_normalize
Michael Pinto,Michael Pinto,Sparta,2019,1.0,1.0,1.0,1.0,exact_after_normalize
Khalid Karami,Khalid Karami,Sparta,2019,1.0,1.0,1.0,1.0,exact_after_normalize
Patrick Joosten,Patrick Joosten,Sparta,2019,1.0,1.0,1.0,1.0,exact_after_normalize
Jurgen Mattheij,Jurgen Mattheij,Sparta,2019,1.0,1.0,1.0,1.0,exact_after_normalize
Bryan Smeets,Bryan Smeets,Sparta,2019,1.0,1.0,1.0,1.0,exact_after_normalize
Lassana Faye,Lassana Faye,Sparta,2019,1.0,1.0,1.0,1.0,exact_after_normalize
Dirk Abels,Dirk Abels,Sparta,2019,1.0,1.0,1.0,1.0,exact_after_normalize
Laros Duarte,Laros Duarte,Sparta,2019,1.0,1.0,1.0,1.0,exact_after_normalize
Tim Coremans,Tim Coremans,Sparta,2019,1.0,1.0,1.0,1.0,exact_after_normalize
Abdou Harroui,Abdou Harroui,Sparta,2019,1.0,1.0,1.0,1.0,exact_after_normalize
Mohamed Rayhi,Mohamed Rayhi,Sparta,2019,1.0,1.0,1.0,1.0,exact_after_normalize
Bart Vriends,Bart Vriends,Sparta,2019,1.0,1.0,1.0,1.0,exact_after_normalize
Lars Veldwijk,Lars Veldwijk,Sparta,2019,1.0,1.0,1.0,1.0,exact_after_normalize
Joël Piroe,Joël Piroe,Sparta,2019,1.0,1.0,1.0,1.0,exact_after_normalize
Adil Auassar,Adil Auassar,Sparta,2019,1.0,1.0,1.0,1.0,exact_after_normalize
Ariel Harush,Ariel Harush,Sparta,2019,1.0,1.0,1.0,1.0,exact_after_normalize
Ragnar Ache,Ragnar Ache,Sparta,2019,1.0,1.0,1.0,1.0,exact_after_normalize
Halil Dervişoğlu,Halil Dervisoglu,Sparta,2019,0.5455,1.0,1.0,1.0,exact_after_normalize
Oussama Darfalou,Oussama Darfalou,Vitesse,2019,1.0,1.0,1.0,1.0,exact_after_normalize
Julian Lelieveld,Julian Lelieveld,Vitesse,2019,1.0,1.0,1.0,1.0,exact_after_normalize
Yassin Oukili,Yassin Oukili,Vitesse,2019,1.0,1.0,1.0,1.0,exact_after_normalize
Danilho Doekhi,Danilho Doekhi,Vitesse,2019,1.0,1.0,1.0,1.0,exact_after_normalize
Joshua Brenet,Joshua Brenet,Vitesse,2019,1.0,1.0,1.0,1.0,exact_after_normalize
Eli Dasa,Eli Dasa,Vitesse,2019,1.0,1.0,1.0,1.0,exact_after_normalize
Thomas Buitink,Thomas Buitink,Vitesse,2019,1.0,1.0,1.0,1.0,exact_after_normalize
Sondre Tronstad,Sondre Tronstad,Vitesse,2019,1.0,1.0,1.0,1.0,exact_after_normalize
Oussama Tannane,Oussama Tannane,Vitesse,2019,1.0,1.0,1.0,1.0,exact_after_normalize
Riechedly Bazoer,Riechedly Bazoer,Vitesse,2019,1.0,1.0,1.0,1.0,exact_after_normalize
Bryan Linssen,Bryan Linssen,Vitesse,2019,1.0,1.0,1.0,1.0,exact_after_normalize
Max Clark,Max Clark,Vitesse,2019,1.0,1.0,1.0,1.0,exact_after_normalize
Armando Obispo,Armando Obispo,Vitesse,2019,1.0,1.0,1.0,1.0,exact_after_normalize
Remko Pasveer,Remko Pasveer,Vitesse,2019,1.0,1.0,1.0,1.0,exact_after_normalize
Navarone Foor,Navarone Foor,Vitesse,2019,1.0,1.0,1.0,1.0,exact_after_normalize
Thulani Serero,Thulani Serero,Vitesse,2019,1.0,1.0,1.0,1.0,exact_after_normalize
Jay-Roy Grot,Jay-Roy Grot,Vitesse,2019,1.0,1.0,1.0,1.0,exact_after_normalize
Nouha Dicko,Nouha Dicko,Vitesse,2019,1.0,1.0,1.0,1.0,exact_after_normalize
Hilary Gong,Hilary Gong,Vitesse,2019,1.0,1.0,1.0,1.0,exact_after_normalize
Keisuke Honda,Keisuke Honda,Vitesse,2019,1.0,1.0,1.0,1.0,exact_after_normalize
Patrick Vroegh,Patrick Vroegh,Vitesse,2019,1.0,1.0,1.0,1.0,exact_after_normalize
Matúš Bero,Matús Bero,Vitesse,2019,0.6923,1.0,1.0,1.0,exact_after_normalize
Tim Matavž,Tim Matavz,Vitesse,2019,0.6923,1.0,1.0,1.0,exact_after_normalize
Sontje Hansen,Sontje Hansen,Ajax,2019,1.0,1.0,1.0,1.0,exact_after_normalize
Danilo,Danilo,Ajax,2019,1.0,1.0,1.0,1.0,exact_after_normalize
Hakim Ziyech,Hakim Ziyech,Ajax,2019,1.0,1.0,1.0,1.0,exact_after_normalize
Quincy Promes,Quincy Promes,Ajax,2019,1.0,1.0,1.0,1.0,exact_after_normalize
Carel Eiting,Carel Eiting,Ajax,2019,1.0,1.0,1.0,1.0,exact_after_normalize
Zakaria Labyad,Zakaria Labyad,Ajax,2019,1.0,1.0,1.0,1.0,exact_after_normalize
Edson Álvarez,Edson Álvarez,Ajax,2019,1.0,1.0,1.0,1.0,exact_after_normalize
Joël Veltman,Joël Veltman,Ajax,2019,1.0,1.0,1.0,1.0,exact_after_normalize
Daley Blind,Daley Blind,Ajax,2019,1.0,1.0,1.0,1.0,exact_after_normalize
Lisandro Martínez,Lisandro Martínez,Ajax,2019,1.0,1.0,1.0,1.0,exact_after_normalize
Jurriën Timber,Jurriën Timber,Ajax,2019,1.0,1.0,1.0,1.0,exact_after_normalize
Ryan Babel,Ryan Babel,Ajax,2019,1.0,1.0,1.0,1.0,exact_after_normalize
Siem de Jong,Siem de Jong,Ajax,2019,1.0,1.0,1.0,1.0,exact_after_normalize
Noussair Mazraoui,Noussair Mazraoui,Ajax,2019,1.0,1.0,1.0,1.0,exact_after_normalize
Sergiño Dest,Sergiño Dest,Ajax,2019,1.0,1.0,1.0,1.0,exact_after_normalize
Bruno Varela,Bruno Varela,Ajax,2019,1.0,1.0,1.0,1.0,exact_after_normalize
David Neres,David Neres,Ajax,2019,1.0,1.0,1.0,1.0,exact_after_normalize
Kasper Dolberg,Kasper Dolberg,Ajax,2019,1.0,1.0,1.0,1.0,exact_after_normalize
Perr Schuurs,Perr Schuurs,Ajax,2019,1.0,1.0,1.0,1.0,exact_after_normalize
André Onana,André Onana,Ajax,2019,1.0,1.0,1.0,1.0,exact_after_normalize
Ryan Gravenberch,Ryan Gravenberch,Ajax,2019,1.0,1.0,1.0,1.0,exact_after_normalize
Donny van de Beek,Donny van de Beek,Ajax,2019,1.0,1.0,1.0,1.0,exact_after_normalize
Noa Lang,Noa Lang,Ajax,2019,1.0,1.0,1.0,1.0,exact_after_normalize
Jurgen Ekkelenkamp,Jurgen Ekkelenkamp,Ajax,2019,1.0,1.0,1.0,1.0,exact_after_normalize
Nicolás Tagliafico,Nicolás Tagliafico,Ajax,2019,1.0,1.0,1.0,1.0,exact_after_normalize
Răzvan Marin,Razvan Marin,Ajax,2019,0.625,1.0,1.0,1.0,exact_after_normalize
Dušan Tadić,Dusan Tadic,Ajax,2019,0.4118,1.0,1.0,1.0,exact_after_normalize
Jordy Clasie,Jordy Clasie,AZ,2019,1.0,1.0,1.0,1.0,exact_after_normalize
Stijn Wuytens,Stijn Wuytens,AZ,2019,1.0,1.0,1.0,1.0,exact_after_normalize
Jonas Svensson,Jonas Svensson,AZ,2019,1.0,1.0,1.0,1.0,exact_after_normalize
Fredrik Midtsjø,Fredrik Midtsjø,AZ,2019,1.0,1.0,1.0,1.0,exact_after_normalize
Oussama Idrissi,Oussama Idrissi,AZ,2019,1.0,1.0,1.0,1.0,exact_after_normalize
Calvin Stengs,Calvin Stengs,AZ,2019,1.0,1.0,1.0,1.0,exact_after_normalize
Rody de Boer,Rody de Boer,AZ,2019,1.0,1.0,1.0,1.0,exact_after_normalize
Myron Boadu,Myron Boadu,AZ,2019,1.0,1.0,1.0,1.0,exact_after_normalize
Zakaria Aboukhlal,Zakaria Aboukhlal,AZ,2019,1.0,1.0,1.0,1.0,exact_after_normalize
Dani de Wit,Dani de Wit,AZ,2019,1.0,1.0,1.0,1.0,exact_after_normalize
Ferdy Druijf,Ferdy Druijf,AZ,2019,1.0,1.0,1.0,1.0,exact_after_normalize
Håkon Evjen,Håkon Evjen,AZ,2019,1.0,1.0,1.0,1.0,exact_after_normalize
Marco Bizot,Marco Bizot,AZ,2019,1.0,1.0,1.0,1.0,exact_after_normalize
Joris Kramer,Joris Kramer,AZ,2019,1.0,1.0,1.0,1.0,exact_after_normalize
Yukinari Sugawara,Yukinari Sugawara,AZ,2019,1.0,1.0,1.0,1.0,exact_after_normalize
Tijjani Reijnders,Tijjani Reijnders,AZ,2019,1.0,1.0,1.0,1.0,exact_after_normalize
Pantelis Hatzidiakos,Pantelis Hatzidiakos,AZ,2019,1.0,1.0,1.0,1.0,exact_after_normalize
Thomas Ouwejan,Thomas Ouwejan,AZ,2019,1.0,1.0,1.0,1.0,exact_after_normalize
Ron Vlaar,Ron Vlaar,AZ,2019,1.0,1.0,1.0,1.0,exact_after_normalize
Ramon Leeuwin,Ramon Leeuwin,AZ,2019,1.0,1.0,1.0,1.0,exact_after_normalize
Kenzo Goudmijn,Kenzo Goudmijn,AZ,2019,1.0,1.0,1.0,1.0,exact_after_normalize
Owen Wijndal,Owen Wijndal,AZ,2019,1.0,1.0,1.0,1.0,exact_after_normalize
Teun Koopmeiners,Teun Koopmeiners,AZ,2019,1.0,1.0,1.0,1.0,exact_after_normalize
Dehninio Muringen,Dehninio Muringen,ADO Den Haag,2019,1.0,1.0,1.0,1.0,exact_after_normalize
Dion Malone,Dion Malone,ADO Den Haag,2019,1.0,1.0,1.0,1.0,exact_after_normalize
Laurens De Bock,Laurens De Bock,ADO Den Haag,2019,1.0,1.0,1.0,1.0,exact_after_normalize
John Goossens,John Goossens,ADO Den Haag,2019,1.0,1.0,1.0,1.0,exact_after_normalize
Sam Stubbs,Sam Stubbs,ADO Den Haag,2019,1.0,1.0,1.0,1.0,exact_after_normalize
Shaquille Pinas,Shaquille Pinas,ADO Den Haag,2019,1.0,1.0,1.0,1.0,exact_after_normalize
Lex Immers,Lex Immers,ADO Den Haag,2019,1.0,1.0,1.0,1.0,exact_after_normalize
Luuk Koopmans,Luuk Koopmans,ADO Den Haag,2019,1.0,1.0,1.0,1.0,exact_after_normalize
Mark Duffy,Mark Duffy,ADO Den Haag,2019,1.0,1.0,1.0,1.0,exact_after_normalize
Crysencio Summerville,Crysencio Summerville,ADO Den Haag,2019,1.0,1.0,1.0,1.0,exact_after_normalize
Aaron Meijers,Aaron Meijers,ADO Den Haag,2019,1.0,1.0,1.0,1.0,exact_after_normalize
Mike Havekotte,Mike Havekotte,ADO Den Haag,2019,1.0,1.0,1.0,1.0,exact_after_normalize
Robin Polley,Robin Polley,ADO Den Haag,2019,1.0,1.0,1.0,1.0,exact_after_normalize
Nick Kuipers,Nick Kuipers,ADO Den Haag,2019,1.0,1.0,1.0,1.0,exact_after_normalize
Lorenzo van Kleef,Lorenzo van Kleef,ADO Den Haag,2019,1.0,1.0,1.0,1.0,exact_after_normalize
Omar Bogle,Omar Bogle,ADO Den Haag,2019,1.0,1.0,1.0,1.0,exact_after_normalize
Bilal Ould-Chikh,Bilal Ould-Chikh,ADO Den Haag,2019,1.0,1.0,1.0,1.0,exact_after_normalize
Tom Beugelsdijk,Tom Beugelsdijk,ADO Den Haag,2019,1.0,1.0,1.0,1.0,exact_after_normalize
Thom Haye,Thom Haye,ADO Den Haag,2019,1.0,1.0,1.0,1.0,exact_after_normalize
Erik Falkenburg,Erik Falkenburg,ADO Den Haag,2019,1.0,1.0,1.0,1.0,exact_after_normalize
Danny Bakker,Danny Bakker,ADO Den Haag,2019,1.0,1.0,1.0,1.0,exact_after_normalize
Aleksandar Bjelica,Aleksandar Bjelica,ADO Den Haag,2019,1.0,1.0,1.0,1.0,exact_after_normalize
Jordan Spence,Jordan Spence,ADO Den Haag,2019,1.0,1.0,1.0,1.0,exact_after_normalize
Mick van Buren,Mick van Buren,ADO Den Haag,2019,1.0,1.0,1.0,1.0,exact_after_normalize
Michiel Kramer,Michiel Kramer,ADO Den Haag,2019,1.0,1.0,1.0,1.0,exact_after_normalize
George Thomas,George Thomas,ADO Den Haag,2019,1.0,1.0,1.0,1.0,exact_after_normalize
Milan van Ewijk,Milan van Ewijk,ADO Den Haag,2019,1.0,1.0,1.0,1.0,exact_after_normalize
Robert Zwinkels,Robert Zwinkels,ADO Den Haag,2019,1.0,1.0,1.0,1.0,exact_after_normalize
Elson Hooi,Elson Hooi,ADO Den Haag,2019,1.0,1.0,1.0,1.0,exact_after_normalize
Thijmen Goppel,Thijmen Goppel,ADO Den Haag,2019,1.0,1.0,1.0,1.0,exact_after_normalize
Wilfried Kanon,Wilfried Kanon,ADO Den Haag,2019,1.0,1.0,1.0,1.0,exact_after_normalize
Tomáš Necid,Tomás Necid,ADO Den Haag,2019,0.7143,1.0,1.0,1.0,exact_after_normalize
Tudor Băluță,Tudor Baluta,ADO Den Haag,2019,0.3684,1.0,1.0,1.0,exact_after_normalize
Marc-Olivier Doué,Marc-Olivier Doué,PEC Zwolle,2019,1.0,1.0,1.0,1.0,exact_after_normalize
Sai van Wermeskerken,Sai van Wermeskerken,PEC Zwolle,2019,1.0,1.0,1.0,1.0,exact_after_normalize
Dean Huiberts,Dean Huiberts,PEC Zwolle,2019,1.0,1.0,1.0,1.0,exact_after_normalize
Michael Zetterer,Michael Zetterer,PEC Zwolle,2019,1.0,1.0,1.0,1.0,exact_after_normalize
Etiënne Reijnen,Etiënne Reijnen,PEC Zwolle,2019,1.0,1.0,1.0,1.0,exact_after_normalize
Zian Flemming,Zian Flemming,PEC Zwolle,2019,1.0,1.0,1.0,1.0,exact_after_normalize
Vito van Crooij,Vito van Crooij,PEC Zwolle,2019,1.0,1.0,1.0,1.0,exact_after_normalize
Stanley Elbers,Stanley Elbers,PEC Zwolle,2019,1.0,1.0,1.0,1.0,exact_after_normalize
Thomas Lam,Thomas Lam,PEC Zwolle,2019,1.0,1.0,1.0,1.0,exact_after_normalize
Kenneth Paal,Kenneth Paal,PEC Zwolle,2019,1.0,1.0,1.0,1.0,exact_after_normalize
Destan Bajselmani,Destan Bajselmani,PEC Zwolle,2019,1.0,1.0,1.0,1.0,exact_after_normalize
Mike van Duinen,Mike van Duinen,PEC Zwolle,2019,1.0,1.0,1.0,1.0,exact_after_normalize
Rick Dekker,Rick Dekker,PEC Zwolle,2019,1.0,1.0,1.0,1.0,exact_after_normalize
Yuta Nakayama,Yuta Nakayama,PEC Zwolle,2019,1.0,1.0,1.0,1.0,exact_after_normalize
Lennart Thy,Lennart Thy,PEC Zwolle,2019,1.0,1.0,1.0,1.0,exact_after_normalize
Xavier Mous,Xavier Mous,PEC Zwolle,2019,1.0,1.0,1.0,1.0,exact_after_normalize
Clint Leemans,Clint Leemans,PEC Zwolle,2019,1.0,1.0,1.0,1.0,exact_after_normalize
Dennis Johnsen,Dennis Johnsen,PEC Zwolle,2019,1.0,1.0,1.0,1.0,exact_after_normalize
Rico Strieder,Rico Strieder,PEC Zwolle,2019,1.0,1.0,1.0,1.0,exact_after_normalize
Jarno Westerman,Jarno Westerman,PEC Zwolle,2019,1.0,1.0,1.0,1.0,exact_after_normalize
Gustavo Hamer,Gustavo Hamer,PEC Zwolle,2019,1.0,1.0,1.0,1.0,exact_after_normalize
Mustafa Saymak,Mustafa Saymak,PEC Zwolle,2019,1.0,1.0,1.0,1.0,exact_after_normalize
Iliass Bel Hassani,Iliass Bel Hassani,PEC Zwolle,2019,1.0,1.0,1.0,1.0,exact_after_normalize
Bram van Polen,Bram van Polen,PEC Zwolle,2019,1.0,1.0,1.0,1.0,exact_after_normalize
Jarni Koorman,Jarni Koorman,PEC Zwolle,2019,1.0,1.0,1.0,1.0,exact_after_normalize
Thomas Bruns,Thomas Bruns,PEC Zwolle,2019,1.0,1.0,1.0,1.0,exact_after_normalize
Darryl Lachman,Darryl Lachman,PEC Zwolle,2019,1.0,1.0,1.0,1.0,exact_after_normalize
Sam Kersten,Sam Kersten,PEC Zwolle,2019,1.0,1.0,1.0,1.0,exact_after_normalize
Pelle Clement,Pelle Clement,PEC Zwolle,2019,1.0,1.0,1.0,1.0,exact_after_normalize
Glenn Bijl,Glenn Bijl,Emmen,2019,1.0,1.0,1.0,1.0,exact_after_normalize
Keziah Veendorp,Keziah Veendorp,Emmen,2019,1.0,1.0,1.0,1.0,exact_after_normalize
Freddy Quispel,Freddy Quispel,Emmen,2019,1.0,1.0,1.0,1.0,exact_after_normalize
Michaël Heylen,Michaël Heylen,Emmen,2019,1.0,1.0,1.0,1.0,exact_after_normalize
Miguel Araujo,Miguel Araujo,Emmen,2019,1.0,1.0,1.0,1.0,exact_after_normalize
Sergio Peña,Sergio Peña,Emmen,2019,1.0,1.0,1.0,1.0,exact_after_normalize
Dennis Telgenkamp,Dennis Telgenkamp,Emmen,2019,1.0,1.0,1.0,1.0,exact_after_normalize
Tom Hiariej,Tom Hiariej,Emmen,2019,1.0,1.0,1.0,1.0,exact_after_normalize
Michael de Leeuw,Michael de Leeuw,Emmen,2019,1.0,1.0,1.0,1.0,exact_after_normalize
Hilal Ben Moussa,Hilal Ben Moussa,Emmen,2019,1.0,1.0,1.0,1.0,exact_after_normalize
Kerim Frei,Kerim Frei,Emmen,2019,1.0,1.0,1.0,1.0,exact_after_normalize
Nikolai Laursen,Nikolai Laursen,Emmen,2019,1.0,1.0,1.0,1.0,exact_after_normalize
Ferhat Görgülü,Ferhat Görgülü,Emmen,2019,1.0,1.0,1.0,1.0,exact_after_normalize
Leon Sopic,Leon Sopic,Emmen,2019,1.0,1.0,1.0,1.0,exact_after_normalize
Nick Bakker,Nick Bakker,Emmen,2019,1.0,1.0,1.0,1.0,exact_after_normalize
Filip Ugrinic,Filip Ugrinic,Emmen,2019,1.0,1.0,1.0,1.0,exact_after_normalize
Jafar Arias,Jafar Arias,Emmen,2019,1.0,1.0,1.0,1.0,exact_after_normalize
Marko Kolar,Marko Kolar,Emmen,2019,1.0,1.0,1.0,1.0,exact_after_normalize
Robbert de Vos,Robbert de Vos,Emmen,2019,1.0,1.0,1.0,1.0,exact_after_normalize
Luciano Slagveer,Luciano Slagveer,Emmen,2019,1.0,1.0,1.0,1.0,exact_after_normalize
Anco Jansen,Anco Jansen,Emmen,2019,1.0,1.0,1.0,1.0,exact_after_normalize
Desevio Payne,Desevio Payne,Emmen,2019,1.0,1.0,1.0,1.0,exact_after_normalize
Ruben Roosken,Ruben Roosken,Emmen,2019,1.0,1.0,1.0,1.0,exact_after_normalize
Lorenzo Burnet,Lorenzo Burnet,Emmen,2019,1.0,1.0,1.0,1.0,exact_after_normalize
Henk Bos,Henk Bos,Emmen,2019,1.0,1.0,1.0,1.0,exact_after_normalize
Wouter Marinus,Wouter Marinus,Emmen,2019,1.0,1.0,1.0,1.0,exact_after_normalize
Michael Chacon,Michael Chacón,Emmen,2019,0.6471,1.0,1.0,1.0,exact_after_normalize
Luka Adžić,Luka Adzic,Emmen,2019,0.4667,1.0,1.0,1.0,exact_after_normalize
Joey Konings,Joey Konings,Heracles Almelo,2019,1.0,1.0,1.0,1.0,exact_after_normalize
Silvester van der Water,Silvester van der Water,Heracles Almelo,2019,1.0,1.0,1.0,1.0,exact_after_normalize
Cyriel Dessers,Cyriel Dessers,Heracles Almelo,2019,1.0,1.0,1.0,1.0,exact_after_normalize
Navajo Bakboord,Navajo Bakboord,Heracles Almelo,2019,1.0,1.0,1.0,1.0,exact_after_normalize
Mats Knoester,Mats Knoester,Heracles Almelo,2019,1.0,1.0,1.0,1.0,exact_after_normalize
Alexander Merkel,Alexander Merkel,Heracles Almelo,2019,1.0,1.0,1.0,1.0,exact_after_normalize
Teun Bijleveld,Teun Bijleveld,Heracles Almelo,2019,1.0,1.0,1.0,1.0,exact_after_normalize
Dario Van den Buijs,Dario Van den Buijs,Heracles Almelo,2019,1.0,1.0,1.0,1.0,exact_after_normalize
Jeremy Cijntje,Jeremy Cijntje,Heracles Almelo,2019,1.0,1.0,1.0,1.0,exact_after_normalize
Maximilian Rossmann,Maximilian Rossmann,Heracles Almelo,2019,1.0,1.0,1.0,1.0,exact_after_normalize
Mauro Júnior,Mauro Júnior,Heracles Almelo,2019,1.0,1.0,1.0,1.0,exact_after_normalize
Robin Pröpper,Robin Pröpper,Heracles Almelo,2019,1.0,1.0,1.0,1.0,exact_after_normalize
Orestis Kiomourtzoglou,Orestis Kiomourtzoglou,Heracles Almelo,2019,1.0,1.0,1.0,1.0,exact_after_normalize
Delano Burgzorg,Delano Burgzorg,Heracles Almelo,2019,1.0,1.0,1.0,1.0,exact_after_normalize
Mohammed Osman,Mohammed Osman,Heracles Almelo,2019,1.0,1.0,1.0,1.0,exact_after_normalize
Tim Breukers,Tim Breukers,Heracles Almelo,2019,1.0,1.0,1.0,1.0,exact_after_normalize
Sebastian Jakubiak,Sebastian Jakubiak,Heracles Almelo,2019,1.0,1.0,1.0,1.0,exact_after_normalize
Janis Blaswich,Janis Blaswich,Heracles Almelo,2019,1.0,1.0,1.0,1.0,exact_after_normalize
Lucas Schoofs,Lucas Schoofs,Heracles Almelo,2019,1.0,1.0,1.0,1.0,exact_after_normalize
Jeff Hardeveld,Jeff Hardeveld,Heracles Almelo,2019,1.0,1.0,1.0,1.0,exact_after_normalize
Dabney dos Santos,Dabney dos Santos,Heracles Almelo,2019,1.0,1.0,1.0,1.0,exact_after_normalize
Adrian Szöke,Adrián Szoke,Heracles Almelo,2019,0.3684,1.0,1.0,1.0,exact_after_normalize
Stan van Dijck,Stan van Dijck,VVV Venlo,2019,1.0,1.0,1.0,1.0,exact_after_normalize
Roy Gelmi,Roy Gelmi,VVV Venlo,2019,1.0,1.0,1.0,1.0,exact_after_normalize
Tobias Pachonik,Tobias Pachonik,VVV Venlo,2019,1.0,1.0,1.0,1.0,exact_after_normalize
Roel Janssen,Roel Janssen,VVV Venlo,2019,1.0,1.0,1.0,1.0,exact_after_normalize
Simon Janssen,Simon Janssen,VVV Venlo,2019,1.0,1.0,1.0,1.0,exact_after_normalize
Oussama Darfalou,Oussama Darfalou,VVV Venlo,2019,1.0,1.0,1.0,1.0,exact_after_normalize
Elia Soriano,Elia Soriano,VVV Venlo,2019,1.0,1.0,1.0,1.0,exact_after_normalize
Johnatan Opoku,Johnatan Opoku,VVV Venlo,2019,1.0,1.0,1.0,1.0,exact_after_normalize
Haji Wright,Haji Wright,VVV Venlo,2019,1.0,1.0,1.0,1.0,exact_after_normalize
Jerome Sinclair,Jerome Sinclair,VVV Venlo,2019,1.0,1.0,1.0,1.0,exact_after_normalize
Peter van Ooijen,Peter van Ooijen,VVV Venlo,2019,1.0,1.0,1.0,1.0,exact_after_normalize
Richard Neudecker,Richard Neudecker,VVV Venlo,2019,1.0,1.0,1.0,1.0,exact_after_normalize
John Yeboah,John Yeboah,VVV Venlo,2019,1.0,1.0,1.0,1.0,exact_after_normalize
Thorsten Kirschbaum,Thorsten Kirschbaum,VVV Venlo,2019,1.0,1.0,1.0,1.0,exact_after_normalize
Evert Linthorst,Evert Linthorst,VVV Venlo,2019,1.0,1.0,1.0,1.0,exact_after_normalize
Christian Kum,Christian Kum,VVV Venlo,2019,1.0,1.0,1.0,1.0,exact_after_normalize
Tristan Dekker,Tristan Dekker,VVV Venlo,2019,1.0,1.0,1.0,1.0,exact_after_normalize
Thomas Bruns,Thomas Bruns,VVV Venlo,2019,1.0,1.0,1.0,1.0,exact_after_normalize
Samuel Scheimann,Samuel Scheimann,VVV Venlo,2019,1.0,1.0,1.0,1.0,exact_after_normalize
Damian van Bruggen,Damian van Bruggen,VVV Venlo,2019,1.0,1.0,1.0,1.0,exact_after_normalize
Aaron Bastiaans,Aaron Bastiaans,VVV Venlo,2019,1.0,1.0,1.0,1.0,exact_after_normalize
Lee Cattermole,Lee Cattermole,VVV Venlo,2019,1.0,1.0,1.0,1.0,exact_after_normalize
Nils Röseler,Nils Röseler,VVV Venlo,2019,1.0,1.0,1.0,1.0,exact_after_normalize
Danny Post,Danny Post,VVV Venlo,2019,1.0,1.0,1.0,1.0,exact_after_normalize
Steffen Schäfer,Steffen Schäfer,VVV Venlo,2019,1.0,1.0,1.0,1.0,exact_after_normalize
Sean Klaiber,Sean Klaiber,Utrecht,2020,1.0,1.0,1.0,1.0,exact_after_normalize
Odysseus Velanas,Odysseus Velanas,Utrecht,2020,1.0,1.0,1.0,1.0,exact_after_normalize
Urby Emanuelson,Urby Emanuelson,Utrecht,2020,1.0,1.0,1.0,1.0,exact_after_normalize
Sylian Mokono,Sylian Mokono,Utrecht,2020,1.0,1.0,1.0,1.0,exact_after_normalize
Justin Hoogma,Justin Hoogma,Utrecht,2020,1.0,1.0,1.0,1.0,exact_after_normalize
Jeredy Hilterman,Jeredy Hilterman,Utrecht,2020,1.0,1.0,1.0,1.0,exact_after_normalize
Adrián Dalmau,Adrián Dalmau,Utrecht,2020,1.0,1.0,1.0,1.0,exact_after_normalize
Django Warmerdam,Django Warmerdam,Utrecht,2020,1.0,1.0,1.0,1.0,exact_after_normalize
Eric Oelschlägel,Eric Oelschlägel,Utrecht,2020,1.0,1.0,1.0,1.0,exact_after_normalize
Sander van de Streek,Sander van de Streek,Utrecht,2020,1.0,1.0,1.0,1.0,exact_after_normalize
Joris van Overeem,Joris van Overeem,Utrecht,2020,1.0,1.0,1.0,1.0,exact_after_normalize
Remco Balk,Remco Balk,Utrecht,2020,1.0,1.0,1.0,1.0,exact_after_normalize
Eljero Elia,Eljero Elia,Utrecht,2020,1.0,1.0,1.0,1.0,exact_after_normalize
Maarten Paes,Maarten Paes,Utrecht,2020,1.0,1.0,1.0,1.0,exact_after_normalize
Hidde ter Avest,Hidde ter Avest,Utrecht,2020,1.0,1.0,1.0,1.0,exact_after_normalize
Willem Janssen,Willem Janssen,Utrecht,2020,1.0,1.0,1.0,1.0,exact_after_normalize
Mark van der Maarel,Mark van der Maarel,Utrecht,2020,1.0,1.0,1.0,1.0,exact_after_normalize
Adam Maher,Adam Maher,Utrecht,2020,1.0,1.0,1.0,1.0,exact_after_normalize
Emil Bergström,Emil Bergström,Utrecht,2020,1.0,1.0,1.0,1.0,exact_after_normalize
Simon Gustafson,Simon Gustafson,Utrecht,2020,1.0,1.0,1.0,1.0,exact_after_normalize
Mimoun Mahi,Mimoun Mahi,Utrecht,2020,1.0,1.0,1.0,1.0,exact_after_normalize
Gyrano Kerk,Gyrano Kerk,Utrecht,2020,1.0,1.0,1.0,1.0,exact_after_normalize
Bart Ramselaar,Bart Ramselaar,Utrecht,2020,1.0,1.0,1.0,1.0,exact_after_normalize
Tommy St. Jago,Tommy St. Jago,Utrecht,2020,1.0,1.0,1.0,1.0,exact_after_normalize
Daniel Arzani,Daniel Arzani,Utrecht,2020,1.0,1.0,1.0,1.0,exact_after_normalize
Thijmen Nijhuis,Thijmen Nijhuis,Utrecht,2020,1.0,1.0,1.0,1.0,exact_after_normalize
Moussa Sylla,Moussa Sylla,Utrecht,2020,1.0,1.0,1.0,1.0,exact_after_normalize
Leon Guwara,Leon Guwara,Utrecht,2020,1.0,1.0,1.0,1.0,exact_after_normalize
Giovanni Troupée,Giovanni Troupée,Utrecht,2020,1.0,1.0,1.0,1.0,exact_after_normalize
Wessel Dammers,Wessel Dammers,Groningen,2020,1.0,1.0,1.0,1.0,exact_after_normalize
Ko Itakura,Ko Itakura,Groningen,2020,1.0,1.0,1.0,1.0,exact_after_normalize
Bart van Hintum,Bart van Hintum,Groningen,2020,1.0,1.0,1.0,1.0,exact_after_normalize
Arjen Robben,Arjen Robben,Groningen,2020,1.0,1.0,1.0,1.0,exact_after_normalize
Jørgen Strand Larsen,Jørgen Strand Larsen,Groningen,2020,1.0,1.0,1.0,1.0,exact_after_normalize
Patrick Joosten,Patrick Joosten,Groningen,2020,1.0,1.0,1.0,1.0,exact_after_normalize
Alessio da Cruz,Alessio da Cruz,Groningen,2020,1.0,1.0,1.0,1.0,exact_after_normalize
Remco Balk,Remco Balk,Groningen,2020,1.0,1.0,1.0,1.0,exact_after_normalize
Azor Matusiwa,Azor Matusiwa,Groningen,2020,1.0,1.0,1.0,1.0,exact_after_normalize
Sam Schreck,Sam Schreck,Groningen,2020,1.0,1.0,1.0,1.0,exact_after_normalize
Sergio Padt,Sergio Padt,Groningen,2020,1.0,1.0,1.0,1.0,exact_after_normalize
Gabriel Gudmundsson,Gabriel Gudmundsson,Groningen,2020,1.0,1.0,1.0,1.0,exact_after_normalize
Damil Dankerlui,Damil Dankerlui,Groningen,2020,1.0,1.0,1.0,1.0,exact_after_normalize
Bjorn Meijer,Bjorn Meijer,Groningen,2020,1.0,1.0,1.0,1.0,exact_after_normalize
Leonel Miguel,Leonel Miguel,Groningen,2020,1.0,1.0,1.0,1.0,exact_after_normalize
Joël van Kaam,Joël van Kaam,Groningen,2020,1.0,1.0,1.0,1.0,exact_after_normalize
Romano Postema,Romano Postema,Groningen,2020,1.0,1.0,1.0,1.0,exact_after_normalize
Daniël van Kaam,Daniël van Kaam,Groningen,2020,1.0,1.0,1.0,1.0,exact_after_normalize
Ajdin Hrustic,Ajdin Hrustic,Groningen,2020,1.0,1.0,1.0,1.0,exact_after_normalize
Thomas Poll,Thomas Poll,Groningen,2020,1.0,1.0,1.0,1.0,exact_after_normalize
Paulos Abraham,Paulos Abraham,Groningen,2020,1.0,1.0,1.0,1.0,exact_after_normalize
Ahmed El Messaoudi,Ahmed El Messaoudi,Groningen,2020,1.0,1.0,1.0,1.0,exact_after_normalize
Thijs Dallinga,Thijs Dallinga,Groningen,2020,1.0,1.0,1.0,1.0,exact_after_normalize
Kian Slor,Kian Slor,Groningen,2020,1.0,1.0,1.0,1.0,exact_after_normalize
Ramon Lundqvist,Ramon Lundqvist,Groningen,2020,1.0,1.0,1.0,1.0,exact_after_normalize
Mike te Wierik,Mike te Wierik,Groningen,2020,1.0,1.0,1.0,1.0,exact_after_normalize
Tomáš Suslov,Tomás Suslov,Groningen,2020,0.7333,1.0,1.0,1.0,exact_after_normalize
Mark Diemers,Mark Diemers,Feyenoord,2020,1.0,1.0,1.0,1.0,exact_after_normalize
Leroy Fer,Leroy Fer,Feyenoord,2020,1.0,1.0,1.0,1.0,exact_after_normalize
Nicolai Jørgensen,Nicolai Jørgensen,Feyenoord,2020,1.0,1.0,1.0,1.0,exact_after_normalize
Steven Berghuis,Steven Berghuis,Feyenoord,2020,1.0,1.0,1.0,1.0,exact_after_normalize
Lucas Pratto,Lucas Pratto,Feyenoord,2020,1.0,1.0,1.0,1.0,exact_after_normalize
George Johnston,George Johnston,Feyenoord,2020,1.0,1.0,1.0,1.0,exact_after_normalize
Dylan Vente,Dylan Vente,Feyenoord,2020,1.0,1.0,1.0,1.0,exact_after_normalize
Luis Sinisterra,Luis Sinisterra,Feyenoord,2020,1.0,1.0,1.0,1.0,exact_after_normalize
Jordy Wehrmann,Jordy Wehrmann,Feyenoord,2020,1.0,1.0,1.0,1.0,exact_after_normalize
Wouter Burger,Wouter Burger,Feyenoord,2020,1.0,1.0,1.0,1.0,exact_after_normalize
Luciano Narsingh,Luciano Narsingh,Feyenoord,2020,1.0,1.0,1.0,1.0,exact_after_normalize
Orkun Kökçü,Orkun Kökçü,Feyenoord,2020,1.0,1.0,1.0,1.0,exact_after_normalize
Bart Nieuwkoop,Bart Nieuwkoop,Feyenoord,2020,1.0,1.0,1.0,1.0,exact_after_normalize
Ridgeciano Haps,Ridgeciano Haps,Feyenoord,2020,1.0,1.0,1.0,1.0,exact_after_normalize
Marcos Senesi,Marcos Senesi,Feyenoord,2020,1.0,1.0,1.0,1.0,exact_after_normalize
Lutsharel Geertruida,Lutsharel Geertruida,Feyenoord,2020,1.0,1.0,1.0,1.0,exact_after_normalize
Jens Toornstra,Jens Toornstra,Feyenoord,2020,1.0,1.0,1.0,1.0,exact_after_normalize
Achraf El Bouchataoui,Achraf El Bouchataoui,Feyenoord,2020,1.0,1.0,1.0,1.0,exact_after_normalize
Tyrell Malacia,Tyrell Malacia,Feyenoord,2020,1.0,1.0,1.0,1.0,exact_after_normalize
Christian Conteh,Christian Conteh,Feyenoord,2020,1.0,1.0,1.0,1.0,exact_after_normalize
Naoufal Bannis,Naoufal Bannis,Feyenoord,2020,1.0,1.0,1.0,1.0,exact_after_normalize
Marouan Azarkan,Marouan Azarkan,Feyenoord,2020,1.0,1.0,1.0,1.0,exact_after_normalize
Bryan Linssen,Bryan Linssen,Feyenoord,2020,1.0,1.0,1.0,1.0,exact_after_normalize
Justin Bijlow,Justin Bijlow,Feyenoord,2020,1.0,1.0,1.0,1.0,exact_after_normalize
Nick Marsman,Nick Marsman,Feyenoord,2020,1.0,1.0,1.0,1.0,exact_after_normalize
Róbert Boženík,Róbert Bozeník,Feyenoord,2020,0.6667,1.0,1.0,1.0,exact_after_normalize
Uroš Spajić,Uros Spajic,Feyenoord,2020,0.5,1.0,1.0,1.0,exact_after_normalize
Finn Stokkers,Finn Stokkers,RKC Waalwijk,2020,1.0,1.0,1.0,1.0,exact_after_normalize
Ayman Azhil,Ayman Azhil,RKC Waalwijk,2020,1.0,1.0,1.0,1.0,exact_after_normalize
Thierry Lutonda,Thierry Lutonda,RKC Waalwijk,2020,1.0,1.0,1.0,1.0,exact_after_normalize
Sylla Sow,Sylla Sow,RKC Waalwijk,2020,1.0,1.0,1.0,1.0,exact_after_normalize
Ola John,Ola John,RKC Waalwijk,2020,1.0,1.0,1.0,1.0,exact_after_normalize
Lennerd Daneels,Lennerd Daneels,RKC Waalwijk,2020,1.0,1.0,1.0,1.0,exact_after_normalize
Ahmed Touba,Ahmed Touba,RKC Waalwijk,2020,1.0,1.0,1.0,1.0,exact_after_normalize
Richard van der Venne,Richard van der Venne,RKC Waalwijk,2020,1.0,1.0,1.0,1.0,exact_after_normalize
Vurnon Anita,Vurnon Anita,RKC Waalwijk,2020,1.0,1.0,1.0,1.0,exact_after_normalize
Kostas Lamprou,Kostas Lamprou,RKC Waalwijk,2020,1.0,1.0,1.0,1.0,exact_after_normalize
Melle Meulensteen,Melle Meulensteen,RKC Waalwijk,2020,1.0,1.0,1.0,1.0,exact_after_normalize
Anas Tahiri,Anas Tahiri,RKC Waalwijk,2020,1.0,1.0,1.0,1.0,exact_after_normalize
Paul Quasten,Paul Quasten,RKC Waalwijk,2020,1.0,1.0,1.0,1.0,exact_after_normalize
Saïd Bakari,Saïd Bakari,RKC Waalwijk,2020,1.0,1.0,1.0,1.0,exact_after_normalize
Luuk Wouters,Luuk Wouters,RKC Waalwijk,2020,1.0,1.0,1.0,1.0,exact_after_normalize
Shawn Adewoye,Shawn Adewoye,RKC Waalwijk,2020,1.0,1.0,1.0,1.0,exact_after_normalize
Lars Nieuwpoort,Lars Nieuwpoort,RKC Waalwijk,2020,1.0,1.0,1.0,1.0,exact_after_normalize
James Efmorfidis,James Efmorfidis,RKC Waalwijk,2020,1.0,1.0,1.0,1.0,exact_after_normalize
David Min,David Min,RKC Waalwijk,2020,1.0,1.0,1.0,1.0,exact_after_normalize
Morad El Haddouti,Morad El Haddouti,RKC Waalwijk,2020,1.0,1.0,1.0,1.0,exact_after_normalize
Sebbe Augustijns,Sebbe Augustijns,RKC Waalwijk,2020,1.0,1.0,1.0,1.0,exact_after_normalize
Thijs Oosting,Thijs Oosting,RKC Waalwijk,2020,1.0,1.0,1.0,1.0,exact_after_normalize
Cyril Ngonge,Cyril Ngonge,RKC Waalwijk,2020,1.0,1.0,1.0,1.0,exact_after_normalize
Juriën Gaari,Juriën Gaari,RKC Waalwijk,2020,1.0,1.0,1.0,1.0,exact_after_normalize
Hans Mulder,Hans Mulder,RKC Waalwijk,2020,1.0,1.0,1.0,1.0,exact_after_normalize
Vitalie Damașcan,Vitalie Damascan,RKC Waalwijk,2020,0.7,1.0,1.0,1.0,exact_after_normalize
Mitchell van Bergen,Mitchell van Bergen,Heerenveen,2020,1.0,1.0,1.0,1.0,exact_after_normalize
Rodney Kongolo,Rodney Kongolo,Heerenveen,2020,1.0,1.0,1.0,1.0,exact_after_normalize
Hamdi Akujobi,Hamdi Akujobi,Heerenveen,2020,1.0,1.0,1.0,1.0,exact_after_normalize
Sherel Floranus,Sherel Floranus,Heerenveen,2020,1.0,1.0,1.0,1.0,exact_after_normalize
Rein Smit,Rein Smit,Heerenveen,2020,1.0,1.0,1.0,1.0,exact_after_normalize
Siem de Jong,Siem de Jong,Heerenveen,2020,1.0,1.0,1.0,1.0,exact_after_normalize
Benjamin Nygren,Benjamin Nygren,Heerenveen,2020,1.0,1.0,1.0,1.0,exact_after_normalize
Sieben Dewaele,Sieben Dewaele,Heerenveen,2020,1.0,1.0,1.0,1.0,exact_after_normalize
Rami Kaib,Rami Kaib,Heerenveen,2020,1.0,1.0,1.0,1.0,exact_after_normalize
Lasse Schöne,Lasse Schöne,Heerenveen,2020,1.0,1.0,1.0,1.0,exact_after_normalize
Syb Van Ottele,Syb van Ottele,Heerenveen,2020,1.0,1.0,1.0,1.0,exact_after_normalize
Couhaib Driouech,Couhaib Driouech,Heerenveen,2020,1.0,1.0,1.0,1.0,exact_after_normalize
Rami Al Hajj,Rami Al Hajj,Heerenveen,2020,1.0,1.0,1.0,1.0,exact_after_normalize
Henk Veerman,Henk Veerman,Heerenveen,2020,1.0,1.0,1.0,1.0,exact_after_normalize
Jan Paul van Hecke,Jan Paul van Hecke,Heerenveen,2020,1.0,1.0,1.0,1.0,exact_after_normalize
Joey Veerman,Joey Veerman,Heerenveen,2020,1.0,1.0,1.0,1.0,exact_after_normalize
Lucas Woudenberg,Lucas Woudenberg,Heerenveen,2020,1.0,1.0,1.0,1.0,exact_after_normalize
Arjen van der Heide,Arjen van der Heide,Heerenveen,2020,1.0,1.0,1.0,1.0,exact_after_normalize
Erwin Mulder,Erwin Mulder,Heerenveen,2020,1.0,1.0,1.0,1.0,exact_after_normalize
Ulysses Llanez,Ulysses Llanez,Heerenveen,2020,1.0,1.0,1.0,1.0,exact_after_normalize
Tibor Halilović,Tibor Halilovic,Heerenveen,2020,0.7778,1.0,1.0,1.0,exact_after_normalize
Ibrahim Drešević,Ibrahim Dresevic,Heerenveen,2020,0.5455,1.0,1.0,1.0,exact_after_normalize
Xandro Schenk,Xandro Schenk,Twente,2020,1.0,1.0,1.0,1.0,exact_after_normalize
Casper Staring,Casper Staring,Twente,2020,1.0,1.0,1.0,1.0,exact_after_normalize
Thijs van Leeuwen,Thijs van Leeuwen,Twente,2020,1.0,1.0,1.0,1.0,exact_after_normalize
Alexander Jeremejeff,Alexander Jeremejeff,Twente,2020,1.0,1.0,1.0,1.0,exact_after_normalize
Max Bruns,Max Bruns,Twente,2020,1.0,1.0,1.0,1.0,exact_after_normalize
Daan Rots,Daan Rots,Twente,2020,1.0,1.0,1.0,1.0,exact_after_normalize
Tyronne Ebuehi,Tyronne Ebuehi,Twente,2020,1.0,1.0,1.0,1.0,exact_after_normalize
Julio Pleguezuelo,Julio Pleguezuelo,Twente,2020,1.0,1.0,1.0,1.0,exact_after_normalize
Kik Pierie,Kik Pierie,Twente,2020,1.0,1.0,1.0,1.0,exact_after_normalize
Godfried Roemeratoe,Godfried Roemeratoe,Twente,2020,1.0,1.0,1.0,1.0,exact_after_normalize
Luciano Narsingh,Luciano Narsingh,Twente,2020,1.0,1.0,1.0,1.0,exact_after_normalize
Lindon Selahi,Lindon Selahi,Twente,2020,1.0,1.0,1.0,1.0,exact_after_normalize
Queensy Menig,Queensy Menig,Twente,2020,1.0,1.0,1.0,1.0,exact_after_normalize
Danilo,Danilo,Twente,2020,1.0,1.0,1.0,1.0,exact_after_normalize
Jayden Oosterwolde,Jayden Oosterwolde,Twente,2020,1.0,1.0,1.0,1.0,exact_after_normalize
Gijs Smal,Gijs Smal,Twente,2020,1.0,1.0,1.0,1.0,exact_after_normalize
Wout Brama,Wout Brama,Twente,2020,1.0,1.0,1.0,1.0,exact_after_normalize
Lazaros Lamprou,Lazaros Lamprou,Twente,2020,1.0,1.0,1.0,1.0,exact_after_normalize
Mees Hilgers,Mees Hilgers,Twente,2020,1.0,1.0,1.0,1.0,exact_after_normalize
Ramiz Zerrouki,Ramiz Zerrouki,Twente,2020,1.0,1.0,1.0,1.0,exact_after_normalize
Jesse Bosch,Jesse Bosch,Twente,2020,1.0,1.0,1.0,1.0,exact_after_normalize
Joel Drommel,Joël Drommel,Twente,2020,0.6667,1.0,1.0,1.0,exact_after_normalize
Luka Ilić,Luka Ilic,Twente,2020,0.6667,1.0,1.0,1.0,exact_after_normalize
Halil Dervişoğlu,Halil Dervisoglu,Twente,2020,0.5455,1.0,1.0,1.0,exact_after_normalize
Václav Černý,Václav Cerny,Twente,2020,0.4444,1.0,1.0,1.0,exact_after_normalize
Mathias Kjølø,Mathias Kjølø,PSV,2020,1.0,1.0,1.0,1.0,exact_after_normalize
Yorbe Vertessen,Yorbe Vertessen,PSV,2020,1.0,1.0,1.0,1.0,exact_after_normalize
Marco van Ginkel,Marco van Ginkel,PSV,2020,1.0,1.0,1.0,1.0,exact_after_normalize
Nick Viergever,Nick Viergever,PSV,2020,1.0,1.0,1.0,1.0,exact_after_normalize
Mario Götze,Mario Götze,PSV,2020,1.0,1.0,1.0,1.0,exact_after_normalize
Joël Piroe,Joël Piroe,PSV,2020,1.0,1.0,1.0,1.0,exact_after_normalize
Eran Zahavi,Eran Zahavi,PSV,2020,1.0,1.0,1.0,1.0,exact_after_normalize
Shurandy Sambo,Shurandy Sambo,PSV,2020,1.0,1.0,1.0,1.0,exact_after_normalize
Jeremy Antonisse,Jeremy Antonisse,PSV,2020,1.0,1.0,1.0,1.0,exact_after_normalize
Michal Sadílek,Michal Sadílek,PSV,2020,1.0,1.0,1.0,1.0,exact_after_normalize
Yvon Mvogo,Yvon Mvogo,PSV,2020,1.0,1.0,1.0,1.0,exact_after_normalize
Mauro Júnior,Mauro Júnior,PSV,2020,1.0,1.0,1.0,1.0,exact_after_normalize
Donyell Malen,Donyell Malen,PSV,2020,1.0,1.0,1.0,1.0,exact_after_normalize
Noni Madueke,Noni Madueke,PSV,2020,1.0,1.0,1.0,1.0,exact_after_normalize
Adrian Fein,Adrian Fein,PSV,2020,1.0,1.0,1.0,1.0,exact_after_normalize
Ryan Thomas,Ryan Thomas,PSV,2020,1.0,1.0,1.0,1.0,exact_after_normalize
Ismael Saibari,Ismael Saibari,PSV,2020,1.0,1.0,1.0,1.0,exact_after_normalize
Cody Gakpo,Cody Gakpo,PSV,2020,1.0,1.0,1.0,1.0,exact_after_normalize
Jordan Teze,Jordan Teze,PSV,2020,1.0,1.0,1.0,1.0,exact_after_normalize
Ibrahim Sangaré,Ibrahim Sangaré,PSV,2020,1.0,1.0,1.0,1.0,exact_after_normalize
Olivier Boscagli,Olivier Boscagli,PSV,2020,1.0,1.0,1.0,1.0,exact_after_normalize
Pablo Rosario,Pablo Rosario,PSV,2020,1.0,1.0,1.0,1.0,exact_after_normalize
Philipp Max,Philipp Max,PSV,2020,1.0,1.0,1.0,1.0,exact_after_normalize
Denzel Dumfries,Denzel Dumfries,PSV,2020,1.0,1.0,1.0,1.0,exact_after_normalize
Timo Baumgartl,Timo Baumgartl,PSV,2020,1.0,1.0,1.0,1.0,exact_after_normalize
Armando Obispo,Armando Obispo,PSV,2020,1.0,1.0,1.0,1.0,exact_after_normalize
Jorrit Hendrix,Jorrit Hendrix,PSV,2020,1.0,1.0,1.0,1.0,exact_after_normalize
Sam Lammers,Sam Lammers,PSV,2020,1.0,1.0,1.0,1.0,exact_after_normalize
Bruma,Bruma,PSV,2020,1.0,1.0,1.0,1.0,exact_after_normalize
Maximiliano Romero,Maximiliano Romero,PSV,2020,1.0,1.0,1.0,1.0,exact_after_normalize
Lars Unnerstall,Lars Unnerstall,PSV,2020,1.0,1.0,1.0,1.0,exact_after_normalize
Fredrik Oppegard,Fredrik Oppegård,PSV,2020,0.7,1.0,1.0,1.0,exact_after_normalize
Erick Gutiérrez,Érick Gutiérrez,PSV,2020,0.6842,1.0,1.0,1.0,exact_after_normalize
Bassala Sambou,Bassala Sambou,Fortuna Sittard,2020,1.0,1.0,1.0,1.0,exact_after_normalize
Lisandro Semedo,Lisandro Semedo,Fortuna Sittard,2020,1.0,1.0,1.0,1.0,exact_after_normalize
Arian Kastrati,Arian Kastrati,Fortuna Sittard,2020,1.0,1.0,1.0,1.0,exact_after_normalize
Zian Flemming,Zian Flemming,Fortuna Sittard,2020,1.0,1.0,1.0,1.0,exact_after_normalize
Mats Seuntjens,Mats Seuntjens,Fortuna Sittard,2020,1.0,1.0,1.0,1.0,exact_after_normalize
Roel Janssen,Roel Janssen,Fortuna Sittard,2020,1.0,1.0,1.0,1.0,exact_after_normalize
Sebastian Polter,Sebastian Polter,Fortuna Sittard,2020,1.0,1.0,1.0,1.0,exact_after_normalize
Piet Velthuizen,Piet Velthuizen,Fortuna Sittard,2020,1.0,1.0,1.0,1.0,exact_after_normalize
Nassim El Ablak,Nassim El Ablak,Fortuna Sittard,2020,1.0,1.0,1.0,1.0,exact_after_normalize
Dimitris Emmanouilidis,Dimitris Emmanouilidis,Fortuna Sittard,2020,1.0,1.0,1.0,1.0,exact_after_normalize
Jorrit Smeets,Jorrit Smeets,Fortuna Sittard,2020,1.0,1.0,1.0,1.0,exact_after_normalize
Emil Hansson,Emil Hansson,Fortuna Sittard,2020,1.0,1.0,1.0,1.0,exact_after_normalize
Ben Rienstra,Ben Rienstra,Fortuna Sittard,2020,1.0,1.0,1.0,1.0,exact_after_normalize
Martin Angha,Martin Angha,Fortuna Sittard,2020,1.0,1.0,1.0,1.0,exact_after_normalize
Djibril Dianessy,Djibril Dianessy,Fortuna Sittard,2020,1.0,1.0,1.0,1.0,exact_after_normalize
Mickaël Tirpan,Mickaël Tirpan,Fortuna Sittard,2020,1.0,1.0,1.0,1.0,exact_after_normalize
Leroy George,Leroy George,Fortuna Sittard,2020,1.0,1.0,1.0,1.0,exact_after_normalize
George Cox,George Cox,Fortuna Sittard,2020,1.0,1.0,1.0,1.0,exact_after_normalize
Yanick van Osch,Yanick van Osch,Fortuna Sittard,2020,1.0,1.0,1.0,1.0,exact_after_normalize
Dario Van den Buijs,Dario Van den Buijs,Fortuna Sittard,2020,1.0,1.0,1.0,1.0,exact_after_normalize
Thibaud Verlinden,Thibaud Verlinden,Fortuna Sittard,2020,1.0,1.0,1.0,1.0,exact_after_normalize
Mike van Beijnen,Mike van Beijnen,Fortuna Sittard,2020,1.0,1.0,1.0,1.0,exact_after_normalize
Tesfaldet Tekie,Tesfaldet Tekie,Fortuna Sittard,2020,1.0,1.0,1.0,1.0,exact_after_normalize
Samuel Moutoussamy,Samuel Moutoussamy,Fortuna Sittard,2020,1.0,1.0,1.0,1.0,exact_after_normalize
Clint Essers,Clint Essers,Fortuna Sittard,2020,1.0,1.0,1.0,1.0,exact_after_normalize
Branislav Niňaj,Branislav Ninaj,Fortuna Sittard,2020,0.6842,1.0,1.0,1.0,exact_after_normalize
Alexei Koșelev,Alexei Koselev,Fortuna Sittard,2020,0.6667,1.0,1.0,1.0,exact_after_normalize
Gregoire Amiot,Grégoire Amiot,Fortuna Sittard,2020,0.6667,1.0,1.0,1.0,exact_after_normalize
Ian Smeulers,Ian Smeulers,Willem II,2020,1.0,1.0,1.0,1.0,exact_after_normalize
Ole Romeny,Ole Romeny,Willem II,2020,1.0,1.0,1.0,1.0,exact_after_normalize
John Yeboah,John Yeboah,Willem II,2020,1.0,1.0,1.0,1.0,exact_after_normalize
Mats Köhlert,Mats Köhlert,Willem II,2020,1.0,1.0,1.0,1.0,exact_after_normalize
Ché Nunnely,Ché Nunnely,Willem II,2020,1.0,1.0,1.0,1.0,exact_after_normalize
Vangelis Pavlidis,Vangelis Pavlidis,Willem II,2020,1.0,1.0,1.0,1.0,exact_after_normalize
Pol Llonch,Pol Llonch,Willem II,2020,1.0,1.0,1.0,1.0,exact_after_normalize
Jorn Brondeel,Jorn Brondeel,Willem II,2020,1.0,1.0,1.0,1.0,exact_after_normalize
Wesley Spieringhs,Wesley Spieringhs,Willem II,2020,1.0,1.0,1.0,1.0,exact_after_normalize
Vincent Schippers,Vincent Schippers,Willem II,2020,1.0,1.0,1.0,1.0,exact_after_normalize
Derrick Köhn,Derrick Köhn,Willem II,2020,1.0,1.0,1.0,1.0,exact_after_normalize
Jordens Peters,Jordens Peters,Willem II,2020,1.0,1.0,1.0,1.0,exact_after_normalize
Miquel Nelom,Miquel Nelom,Willem II,2020,1.0,1.0,1.0,1.0,exact_after_normalize
Robbin Ruiter,Robbin Ruiter,Willem II,2020,1.0,1.0,1.0,1.0,exact_after_normalize
Paul Gladon,Paul Gladon,Willem II,2020,1.0,1.0,1.0,1.0,exact_after_normalize
Rick Zuijderwijk,Rick Zuijderwijk,Willem II,2020,1.0,1.0,1.0,1.0,exact_after_normalize
Victor van den Bogert,Victor van den Bogert,Willem II,2020,1.0,1.0,1.0,1.0,exact_after_normalize
Freek Heerkens,Freek Heerkens,Willem II,2020,1.0,1.0,1.0,1.0,exact_after_normalize
Jasper Dahlhaus,Jasper Dahlhaus,Willem II,2020,1.0,1.0,1.0,1.0,exact_after_normalize
Sebastian Holmén,Sebastian Holmén,Willem II,2020,1.0,1.0,1.0,1.0,exact_after_normalize
Jan-Arie van der Heijden,Jan-Arie van der Heijden,Willem II,2020,1.0,1.0,1.0,1.0,exact_after_normalize
Leeroy Owusu,Leeroy Owusu,Willem II,2020,1.0,1.0,1.0,1.0,exact_after_normalize
Sven van Beek,Sven van Beek,Willem II,2020,1.0,1.0,1.0,1.0,exact_after_normalize
Arijanet Muric,Arijanet Muric,Willem II,2020,1.0,1.0,1.0,1.0,exact_after_normalize
Lindon Selahi,Lindon Selahi,Willem II,2020,1.0,1.0,1.0,1.0,exact_after_normalize
Mike Trésor,Mike Trésor,Willem II,2020,1.0,1.0,1.0,1.0,exact_after_normalize
Görkem Sağlam,Görkem Saglam,Willem II,2020,0.6471,1.0,1.0,1.0,exact_after_normalize
Adil Auassar,Adil Auassar,Sparta,2020,1.0,1.0,1.0,1.0,exact_after_normalize
Dirk Abels,Dirk Abels,Sparta,2020,1.0,1.0,1.0,1.0,exact_after_normalize
Mohamed Rayhi,Mohamed Rayhi,Sparta,2020,1.0,1.0,1.0,1.0,exact_after_normalize
Benjamin van Leer,Benjamin van Leer,Sparta,2020,1.0,1.0,1.0,1.0,exact_after_normalize
Bryan Smeets,Bryan Smeets,Sparta,2020,1.0,1.0,1.0,1.0,exact_after_normalize
Bart Vriends,Bart Vriends,Sparta,2020,1.0,1.0,1.0,1.0,exact_after_normalize
Danzell Gravenberch,Danzell Gravenberch,Sparta,2020,1.0,1.0,1.0,1.0,exact_after_normalize
Aaron Meijers,Aaron Meijers,Sparta,2020,1.0,1.0,1.0,1.0,exact_after_normalize
Jeremy van Mullem,Jeremy van Mullem,Sparta,2020,1.0,1.0,1.0,1.0,exact_after_normalize
Jeffry Fortes,Jeffry Fortes,Sparta,2020,1.0,1.0,1.0,1.0,exact_after_normalize
Wouter Burger,Wouter Burger,Sparta,2020,1.0,1.0,1.0,1.0,exact_after_normalize
Mario Engels,Mario Engels,Sparta,2020,1.0,1.0,1.0,1.0,exact_after_normalize
Deroy Duarte,Deroy Duarte,Sparta,2020,1.0,1.0,1.0,1.0,exact_after_normalize
Reda Kharchouch,Reda Kharchouch,Sparta,2020,1.0,1.0,1.0,1.0,exact_after_normalize
Tom Beugelsdijk,Tom Beugelsdijk,Sparta,2020,1.0,1.0,1.0,1.0,exact_after_normalize
Abdou Harroui,Abdou Harroui,Sparta,2020,1.0,1.0,1.0,1.0,exact_after_normalize
Michaël Heylen,Michaël Heylen,Sparta,2020,1.0,1.0,1.0,1.0,exact_after_normalize
Maduka Okoye,Maduka Okoye,Sparta,2020,1.0,1.0,1.0,1.0,exact_after_normalize
Sven Mijnans,Sven Mijnans,Sparta,2020,1.0,1.0,1.0,1.0,exact_after_normalize
Lennart Thy,Lennart Thy,Sparta,2020,1.0,1.0,1.0,1.0,exact_after_normalize
Laros Duarte,Laros Duarte,Sparta,2020,1.0,1.0,1.0,1.0,exact_after_normalize
Michael Pinto,Michael Pinto,Sparta,2020,1.0,1.0,1.0,1.0,exact_after_normalize
Jeroen Houwen,Jeroen Houwen,Vitesse,2020,1.0,1.0,1.0,1.0,exact_after_normalize
Patrick Vroegh,Patrick Vroegh,Vitesse,2020,1.0,1.0,1.0,1.0,exact_after_normalize
Sondre Tronstad,Sondre Tronstad,Vitesse,2020,1.0,1.0,1.0,1.0,exact_after_normalize
Noah Ohio,Noah Ohio,Vitesse,2020,1.0,1.0,1.0,1.0,exact_after_normalize
Enzo Cornelisse,Enzo Cornelisse,Vitesse,2020,1.0,1.0,1.0,1.0,exact_after_normalize
Thomas Buitink,Thomas Buitink,Vitesse,2020,1.0,1.0,1.0,1.0,exact_after_normalize
Armando Broja,Armando Broja,Vitesse,2020,1.0,1.0,1.0,1.0,exact_after_normalize
Loïs Openda,Loïs Openda,Vitesse,2020,1.0,1.0,1.0,1.0,exact_after_normalize
Jacob Rasmussen,Jacob Rasmussen,Vitesse,2020,1.0,1.0,1.0,1.0,exact_after_normalize
Riechedly Bazoer,Riechedly Bazoer,Vitesse,2020,1.0,1.0,1.0,1.0,exact_after_normalize
Remko Pasveer,Remko Pasveer,Vitesse,2020,1.0,1.0,1.0,1.0,exact_after_normalize
Thomas Bruns,Thomas Bruns,Vitesse,2020,1.0,1.0,1.0,1.0,exact_after_normalize
Oussama Darfalou,Oussama Darfalou,Vitesse,2020,1.0,1.0,1.0,1.0,exact_after_normalize
Eli Dasa,Eli Dasa,Vitesse,2020,1.0,1.0,1.0,1.0,exact_after_normalize
Idrissa Touré,Idrissa Touré,Vitesse,2020,1.0,1.0,1.0,1.0,exact_after_normalize
Hilary Gong,Hilary Gong,Vitesse,2020,1.0,1.0,1.0,1.0,exact_after_normalize
Daan Huisman,Daan Huisman,Vitesse,2020,1.0,1.0,1.0,1.0,exact_after_normalize
Maximilian Wittek,Maximilian Wittek,Vitesse,2020,1.0,1.0,1.0,1.0,exact_after_normalize
Danilho Doekhi,Danilho Doekhi,Vitesse,2020,1.0,1.0,1.0,1.0,exact_after_normalize
Oussama Tannane,Oussama Tannane,Vitesse,2020,1.0,1.0,1.0,1.0,exact_after_normalize
Million Manhoef,Million Manhoef,Vitesse,2020,1.0,1.0,1.0,1.0,exact_after_normalize
Tomáš Hájek,Tomás Hájek,Vitesse,2020,0.7143,1.0,1.0,1.0,exact_after_normalize
Matúš Bero,Matús Bero,Vitesse,2020,0.6923,1.0,1.0,1.0,exact_after_normalize
Edson Álvarez,Edson Álvarez,Ajax,2020,1.0,1.0,1.0,1.0,exact_after_normalize
Antony,Antony,Ajax,2020,1.0,1.0,1.0,1.0,exact_after_normalize
Kjell Scherpen,Kjell Scherpen,Ajax,2020,1.0,1.0,1.0,1.0,exact_after_normalize
Sergiño Dest,Sergiño Dest,Ajax,2020,1.0,1.0,1.0,1.0,exact_after_normalize
Noa Lang,Noa Lang,Ajax,2020,1.0,1.0,1.0,1.0,exact_after_normalize
Sean Klaiber,Sean Klaiber,Ajax,2020,1.0,1.0,1.0,1.0,exact_after_normalize
Lisandro Martínez,Lisandro Martínez,Ajax,2020,1.0,1.0,1.0,1.0,exact_after_normalize
Perr Schuurs,Perr Schuurs,Ajax,2020,1.0,1.0,1.0,1.0,exact_after_normalize
Daley Blind,Daley Blind,Ajax,2020,1.0,1.0,1.0,1.0,exact_after_normalize
Noussair Mazraoui,Noussair Mazraoui,Ajax,2020,1.0,1.0,1.0,1.0,exact_after_normalize
Maarten Stekelenburg,Maarten Stekelenburg,Ajax,2020,1.0,1.0,1.0,1.0,exact_after_normalize
Zakaria Labyad,Zakaria Labyad,Ajax,2020,1.0,1.0,1.0,1.0,exact_after_normalize
Brian Brobbey,Brian Brobbey,Ajax,2020,1.0,1.0,1.0,1.0,exact_after_normalize
Devyne Rensch,Devyne Rensch,Ajax,2020,1.0,1.0,1.0,1.0,exact_after_normalize
Jurriën Timber,Jurriën Timber,Ajax,2020,1.0,1.0,1.0,1.0,exact_after_normalize
Ryan Gravenberch,Ryan Gravenberch,Ajax,2020,1.0,1.0,1.0,1.0,exact_after_normalize
Davy Klaassen,Davy Klaassen,Ajax,2020,1.0,1.0,1.0,1.0,exact_after_normalize
Oussama Idrissi,Oussama Idrissi,Ajax,2020,1.0,1.0,1.0,1.0,exact_after_normalize
Sébastien Haller,Sébastien Haller,Ajax,2020,1.0,1.0,1.0,1.0,exact_after_normalize
David Neres,David Neres,Ajax,2020,1.0,1.0,1.0,1.0,exact_after_normalize
Quincy Promes,Quincy Promes,Ajax,2020,1.0,1.0,1.0,1.0,exact_after_normalize
André Onana,André Onana,Ajax,2020,1.0,1.0,1.0,1.0,exact_after_normalize
Kenneth Taylor,Kenneth Taylor,Ajax,2020,1.0,1.0,1.0,1.0,exact_after_normalize
Victor Jensen,Victor Jensen,Ajax,2020,1.0,1.0,1.0,1.0,exact_after_normalize
Mohammed Kudus,Mohammed Kudus,Ajax,2020,1.0,1.0,1.0,1.0,exact_after_normalize
Jurgen Ekkelenkamp,Jurgen Ekkelenkamp,Ajax,2020,1.0,1.0,1.0,1.0,exact_after_normalize
Nicolás Tagliafico,Nicolás Tagliafico,Ajax,2020,1.0,1.0,1.0,1.0,exact_after_normalize
Dušan Tadić,Dusan Tadic,Ajax,2020,0.4118,1.0,1.0,1.0,exact_after_normalize
Bruno Martins Indi,Bruno Martins Indi,AZ,2020,1.0,1.0,1.0,1.0,exact_after_normalize
Hobie Verhulst,Hobie Verhulst,AZ,2020,1.0,1.0,1.0,1.0,exact_after_normalize
Owen Wijndal,Owen Wijndal,AZ,2020,1.0,1.0,1.0,1.0,exact_after_normalize
Teun Koopmeiners,Teun Koopmeiners,AZ,2020,1.0,1.0,1.0,1.0,exact_after_normalize
Jordy Clasie,Jordy Clasie,AZ,2020,1.0,1.0,1.0,1.0,exact_after_normalize
Tijjani Reijnders,Tijjani Reijnders,AZ,2020,1.0,1.0,1.0,1.0,exact_after_normalize
Ferdy Druijf,Ferdy Druijf,AZ,2020,1.0,1.0,1.0,1.0,exact_after_normalize
Zakaria Aboukhlal,Zakaria Aboukhlal,AZ,2020,1.0,1.0,1.0,1.0,exact_after_normalize
Jorn Berkhout,Jorn Berkhout,AZ,2020,1.0,1.0,1.0,1.0,exact_after_normalize
Myron Boadu,Myron Boadu,AZ,2020,1.0,1.0,1.0,1.0,exact_after_normalize
Jelle Duin,Jelle Duin,AZ,2020,1.0,1.0,1.0,1.0,exact_after_normalize
Pantelis Hatzidiakos,Pantelis Hatzidiakos,AZ,2020,1.0,1.0,1.0,1.0,exact_after_normalize
Fredrik Midtsjø,Fredrik Midtsjø,AZ,2020,1.0,1.0,1.0,1.0,exact_after_normalize
Dani de Wit,Dani de Wit,AZ,2020,1.0,1.0,1.0,1.0,exact_after_normalize
Jesper Karlsson,Jesper Karlsson,AZ,2020,1.0,1.0,1.0,1.0,exact_after_normalize
Håkon Evjen,Håkon Evjen,AZ,2020,1.0,1.0,1.0,1.0,exact_after_normalize
Timo Letschert,Timo Letschert,AZ,2020,1.0,1.0,1.0,1.0,exact_after_normalize
Marco Bizot,Marco Bizot,AZ,2020,1.0,1.0,1.0,1.0,exact_after_normalize
Kenzo Goudmijn,Kenzo Goudmijn,AZ,2020,1.0,1.0,1.0,1.0,exact_after_normalize
Yukinari Sugawara,Yukinari Sugawara,AZ,2020,1.0,1.0,1.0,1.0,exact_after_normalize
Calvin Stengs,Calvin Stengs,AZ,2020,1.0,1.0,1.0,1.0,exact_after_normalize
Jonas Svensson,Jonas Svensson,AZ,2020,1.0,1.0,1.0,1.0,exact_after_normalize
Ramon Leeuwin,Ramon Leeuwin,AZ,2020,1.0,1.0,1.0,1.0,exact_after_normalize
Dario Del Fabro,Dario Del Fabro,ADO Den Haag,2020,1.0,1.0,1.0,1.0,exact_after_normalize
Tomislav Gomelt,Tomislav Gomelt,ADO Den Haag,2020,1.0,1.0,1.0,1.0,exact_after_normalize
Silvinho Esajas,Silvinho Esajas,ADO Den Haag,2020,1.0,1.0,1.0,1.0,exact_after_normalize
Cain Seedorf,Cain Seedorf,ADO Den Haag,2020,1.0,1.0,1.0,1.0,exact_after_normalize
Youness Mokhtar,Youness Mokhtar,ADO Den Haag,2020,1.0,1.0,1.0,1.0,exact_after_normalize
Ricardo Kishna,Ricardo Kishna,ADO Den Haag,2020,1.0,1.0,1.0,1.0,exact_after_normalize
Abdenasser El Khayati,Abdenasser El Khayati,ADO Den Haag,2020,1.0,1.0,1.0,1.0,exact_after_normalize
Boy Kemper,Boy Kemper,ADO Den Haag,2020,1.0,1.0,1.0,1.0,exact_after_normalize
Michiel Kramer,Michiel Kramer,ADO Den Haag,2020,1.0,1.0,1.0,1.0,exact_after_normalize
Ravel Morrison,Ravel Morrison,ADO Den Haag,2020,1.0,1.0,1.0,1.0,exact_after_normalize
Vicente Besuijen,Vicente Besuijen,ADO Den Haag,2020,1.0,1.0,1.0,1.0,exact_after_normalize
Jonas Arweiler,Jonas Arweiler,ADO Den Haag,2020,1.0,1.0,1.0,1.0,exact_after_normalize
Ilay Elmkies,Ilay Elmkies,ADO Den Haag,2020,1.0,1.0,1.0,1.0,exact_after_normalize
Kees De Boer,Kees de Boer,ADO Den Haag,2020,1.0,1.0,1.0,1.0,exact_after_normalize
David Philipp,David Philipp,ADO Den Haag,2020,1.0,1.0,1.0,1.0,exact_after_normalize
John Goossens,John Goossens,ADO Den Haag,2020,1.0,1.0,1.0,1.0,exact_after_normalize
Luuk Koopmans,Luuk Koopmans,ADO Den Haag,2020,1.0,1.0,1.0,1.0,exact_after_normalize
Lassana Faye,Lassana Faye,ADO Den Haag,2020,1.0,1.0,1.0,1.0,exact_after_normalize
Shaquille Pinas,Shaquille Pinas,ADO Den Haag,2020,1.0,1.0,1.0,1.0,exact_after_normalize
Dante Rigo,Dante Rigo,ADO Den Haag,2020,1.0,1.0,1.0,1.0,exact_after_normalize
Peet Bijen,Peet Bijen,ADO Den Haag,2020,1.0,1.0,1.0,1.0,exact_after_normalize
Milan van Ewijk,Milan van Ewijk,ADO Den Haag,2020,1.0,1.0,1.0,1.0,exact_after_normalize
Samy Bourard,Samy Bourard,ADO Den Haag,2020,1.0,1.0,1.0,1.0,exact_after_normalize
Andrei Ratiu,Andrei Ratiu,ADO Den Haag,2020,1.0,1.0,1.0,1.0,exact_after_normalize
Bilal Ould-Chikh,Bilal Ould-Chikh,ADO Den Haag,2020,1.0,1.0,1.0,1.0,exact_after_normalize
Xander Severina,Xander Severina,ADO Den Haag,2020,1.0,1.0,1.0,1.0,exact_after_normalize
Gianni Zuiverloon,Gianni Zuiverloon,ADO Den Haag,2020,1.0,1.0,1.0,1.0,exact_after_normalize
Martin Fraisl,Martin Fraisl,ADO Den Haag,2020,1.0,1.0,1.0,1.0,exact_after_normalize
Bobby Adekanye,Bobby Adekanye,ADO Den Haag,2020,1.0,1.0,1.0,1.0,exact_after_normalize
Daryl Janmaat,Daryl Janmaat,ADO Den Haag,2020,1.0,1.0,1.0,1.0,exact_after_normalize
Jamal Amofa,Jamal Amofa,ADO Den Haag,2020,1.0,1.0,1.0,1.0,exact_after_normalize
Jonathan Mulder,Jonathan Mulder,ADO Den Haag,2020,1.0,1.0,1.0,1.0,exact_after_normalize
Marko Vejinović,Marko Vejinovic,ADO Den Haag,2020,0.7778,1.0,1.0,1.0,exact_after_normalize
Amar Ćatić,Amar Catic,ADO Den Haag,2020,0.375,1.0,1.0,1.0,exact_after_normalize
Mustafa Saymak,Mustafa Saymak,PEC Zwolle,2020,1.0,1.0,1.0,1.0,exact_after_normalize
Sai van Wermeskerken,Sai van Wermeskerken,PEC Zwolle,2020,1.0,1.0,1.0,1.0,exact_after_normalize
Rico Strieder,Rico Strieder,PEC Zwolle,2020,1.0,1.0,1.0,1.0,exact_after_normalize
Kenneth Paal,Kenneth Paal,PEC Zwolle,2020,1.0,1.0,1.0,1.0,exact_after_normalize
Samir Lagsir,Samir Lagsir,PEC Zwolle,2020,1.0,1.0,1.0,1.0,exact_after_normalize
Michael Zetterer,Michael Zetterer,PEC Zwolle,2020,1.0,1.0,1.0,1.0,exact_after_normalize
Bram van Polen,Bram van Polen,PEC Zwolle,2020,1.0,1.0,1.0,1.0,exact_after_normalize
Pelle Clement,Pelle Clement,PEC Zwolle,2020,1.0,1.0,1.0,1.0,exact_after_normalize
Rav van den Berg,Rav van den Berg,PEC Zwolle,2020,1.0,1.0,1.0,1.0,exact_after_normalize
Thomas van den Belt,Thomas van den Belt,PEC Zwolle,2020,1.0,1.0,1.0,1.0,exact_after_normalize
Xavier Mous,Xavier Mous,PEC Zwolle,2020,1.0,1.0,1.0,1.0,exact_after_normalize
Marc-Olivier Doué,Marc-Olivier Doué,PEC Zwolle,2020,1.0,1.0,1.0,1.0,exact_after_normalize
Jesper Drost,Jesper Drost,PEC Zwolle,2020,1.0,1.0,1.0,1.0,exact_after_normalize
Clint Leemans,Clint Leemans,PEC Zwolle,2020,1.0,1.0,1.0,1.0,exact_after_normalize
Dean Huiberts,Dean Huiberts,PEC Zwolle,2020,1.0,1.0,1.0,1.0,exact_after_normalize
Thomas Buitink,Thomas Buitink,PEC Zwolle,2020,1.0,1.0,1.0,1.0,exact_after_normalize
Eliano Reijnders,Eliano Reijnders,PEC Zwolle,2020,1.0,1.0,1.0,1.0,exact_after_normalize
Mike van Duinen,Mike van Duinen,PEC Zwolle,2020,1.0,1.0,1.0,1.0,exact_after_normalize
Virgil Misidjan,Virgil Misidjan,PEC Zwolle,2020,1.0,1.0,1.0,1.0,exact_after_normalize
Yuta Nakayama,Yuta Nakayama,PEC Zwolle,2020,1.0,1.0,1.0,1.0,exact_after_normalize
Thomas Lam,Thomas Lam,PEC Zwolle,2020,1.0,1.0,1.0,1.0,exact_after_normalize
Sam Kersten,Sam Kersten,PEC Zwolle,2020,1.0,1.0,1.0,1.0,exact_after_normalize
Destan Bajselmani,Destan Bajselmani,PEC Zwolle,2020,1.0,1.0,1.0,1.0,exact_after_normalize
Slobodan Tedić,Slobodan Tedic,PEC Zwolle,2020,0.7647,1.0,1.0,1.0,exact_after_normalize
Immanuel Pherai,Immanuël Pherai,PEC Zwolle,2020,0.6842,1.0,1.0,1.0,exact_after_normalize
Sekou Sidibe,Sekou Sidibe,Emmen,2020,1.0,1.0,1.0,1.0,exact_after_normalize
Caner Cavlan,Caner Cavlan,Emmen,2020,1.0,1.0,1.0,1.0,exact_after_normalize
Keziah Veendorp,Keziah Veendorp,Emmen,2020,1.0,1.0,1.0,1.0,exact_after_normalize
Paul Gladon,Paul Gladon,Emmen,2020,1.0,1.0,1.0,1.0,exact_after_normalize
Robbert de Vos,Robbert de Vos,Emmen,2020,1.0,1.0,1.0,1.0,exact_after_normalize
Michael Verrips,Michael Verrips,Emmen,2020,1.0,1.0,1.0,1.0,exact_after_normalize
Didier La Torre,Didier La Torre,Emmen,2020,1.0,1.0,1.0,1.0,exact_after_normalize
Nick Bakker,Nick Bakker,Emmen,2020,1.0,1.0,1.0,1.0,exact_after_normalize
Ben Scholte,Ben Scholte,Emmen,2020,1.0,1.0,1.0,1.0,exact_after_normalize
Jean-Pierre Rhyner,Jean-Pierre Rhyner,Emmen,2020,1.0,1.0,1.0,1.0,exact_after_normalize
Sergio Peña,Sergio Peña,Emmen,2020,1.0,1.0,1.0,1.0,exact_after_normalize
Lucas Bernadou,Lucas Bernadou,Emmen,2020,1.0,1.0,1.0,1.0,exact_after_normalize
Kerim Frei,Kerim Frei,Emmen,2020,1.0,1.0,1.0,1.0,exact_after_normalize
Donis Avdijaj,Donis Avdijaj,Emmen,2020,1.0,1.0,1.0,1.0,exact_after_normalize
Michael de Leeuw,Michael de Leeuw,Emmen,2020,1.0,1.0,1.0,1.0,exact_after_normalize
Nikolai Laursen,Nikolai Laursen,Emmen,2020,1.0,1.0,1.0,1.0,exact_after_normalize
Simon Tibbling,Simon Tibbling,Emmen,2020,1.0,1.0,1.0,1.0,exact_after_normalize
Glenn Bijl,Glenn Bijl,Emmen,2020,1.0,1.0,1.0,1.0,exact_after_normalize
Ricardo van Rhijn,Ricardo van Rhijn,Emmen,2020,1.0,1.0,1.0,1.0,exact_after_normalize
Miguel Araujo,Miguel Araujo,Emmen,2020,1.0,1.0,1.0,1.0,exact_after_normalize
Luciano Carty,Luciano Carty,Emmen,2020,1.0,1.0,1.0,1.0,exact_after_normalize
Desevio Payne,Desevio Payne,Emmen,2020,1.0,1.0,1.0,1.0,exact_after_normalize
Jari Vlak,Jari Vlak,Emmen,2020,1.0,1.0,1.0,1.0,exact_after_normalize
Hilal Ben Moussa,Hilal Ben Moussa,Emmen,2020,1.0,1.0,1.0,1.0,exact_after_normalize
Anco Jansen,Anco Jansen,Emmen,2020,1.0,1.0,1.0,1.0,exact_after_normalize
Marko Kolar,Marko Kolar,Emmen,2020,1.0,1.0,1.0,1.0,exact_after_normalize
Dennis Telgenkamp,Dennis Telgenkamp,Emmen,2020,1.0,1.0,1.0,1.0,exact_after_normalize
Felix Wiedwald,Felix Wiedwald,Emmen,2020,1.0,1.0,1.0,1.0,exact_after_normalize
Lentini Caciano,Lentini Caciano,Emmen,2020,1.0,1.0,1.0,1.0,exact_after_normalize
Michael Chacon,Michael Chacón,Emmen,2020,0.6471,1.0,1.0,1.0,exact_after_normalize
Denis Granečný,Denis Granecny,Emmen,2020,0.5789,1.0,1.0,1.0,exact_after_normalize
Luka Adžić,Luka Adzic,Emmen,2020,0.4667,1.0,1.0,1.0,exact_after_normalize
Delano Burgzorg,Delano Burgzorg,Heracles Almelo,2020,1.0,1.0,1.0,1.0,exact_after_normalize
Ismail Azzaoui,Ismail Azzaoui,Heracles Almelo,2020,1.0,1.0,1.0,1.0,exact_after_normalize
Mohamed Amissi,Mohamed Amissi,Heracles Almelo,2020,1.0,1.0,1.0,1.0,exact_after_normalize
Rohat Agca,Rohat Agca,Heracles Almelo,2020,1.0,1.0,1.0,1.0,exact_after_normalize
Mats Knoester,Mats Knoester,Heracles Almelo,2020,1.0,1.0,1.0,1.0,exact_after_normalize
Lucas Schoofs,Lucas Schoofs,Heracles Almelo,2020,1.0,1.0,1.0,1.0,exact_after_normalize
Teun Bijleveld,Teun Bijleveld,Heracles Almelo,2020,1.0,1.0,1.0,1.0,exact_after_normalize
Jeremy Cijntje,Jeremy Cijntje,Heracles Almelo,2020,1.0,1.0,1.0,1.0,exact_after_normalize
Jeff Hardeveld,Jeff Hardeveld,Heracles Almelo,2020,1.0,1.0,1.0,1.0,exact_after_normalize
Marco Rente,Marco Rente,Heracles Almelo,2020,1.0,1.0,1.0,1.0,exact_after_normalize
Orestis Kiomourtzoglou,Orestis Kiomourtzoglou,Heracles Almelo,2020,1.0,1.0,1.0,1.0,exact_after_normalize
Ahmed Kutucu,Ahmed Kutucu,Heracles Almelo,2020,1.0,1.0,1.0,1.0,exact_after_normalize
Noah Fadiga,Noah Fadiga,Heracles Almelo,2020,1.0,1.0,1.0,1.0,exact_after_normalize
Kasper Lunding,Kasper Lunding,Heracles Almelo,2020,1.0,1.0,1.0,1.0,exact_after_normalize
Melih Ibrahimoglu,Melih Ibrahimoglu,Heracles Almelo,2020,1.0,1.0,1.0,1.0,exact_after_normalize
Robin Pröpper,Robin Pröpper,Heracles Almelo,2020,1.0,1.0,1.0,1.0,exact_after_normalize
Tim Breukers,Tim Breukers,Heracles Almelo,2020,1.0,1.0,1.0,1.0,exact_after_normalize
Luca de la Torre,Luca de la Torre,Heracles Almelo,2020,1.0,1.0,1.0,1.0,exact_after_normalize
Janis Blaswich,Janis Blaswich,Heracles Almelo,2020,1.0,1.0,1.0,1.0,exact_after_normalize
Silvester van der Water,Silvester van der Water,Heracles Almelo,2020,1.0,1.0,1.0,1.0,exact_after_normalize
Koen Bucker,Koen Bucker,Heracles Almelo,2020,1.0,1.0,1.0,1.0,exact_after_normalize
Giacomo Quagliata,Giacomo Quagliata,Heracles Almelo,2020,1.0,1.0,1.0,1.0,exact_after_normalize
Rai Vloet,Rai Vloet,Heracles Almelo,2020,1.0,1.0,1.0,1.0,exact_after_normalize
Michael Brouwer,Michael Brouwer,Heracles Almelo,2020,1.0,1.0,1.0,1.0,exact_after_normalize
Mateo Leš,Mateo Les,Heracles Almelo,2020,0.6667,1.0,1.0,1.0,exact_after_normalize
Adrian Szöke,Adrián Szoke,Heracles Almelo,2020,0.3684,1.0,1.0,1.0,exact_after_normalize
Jafar Arias,Jafar Arias,VVV Venlo,2020,1.0,1.0,1.0,1.0,exact_after_normalize
Tobias Pachonik,Tobias Pachonik,VVV Venlo,2020,1.0,1.0,1.0,1.0,exact_after_normalize
Lukas Schmitz,Lukas Schmitz,VVV Venlo,2020,1.0,1.0,1.0,1.0,exact_after_normalize
Christian Kum,Christian Kum,VVV Venlo,2020,1.0,1.0,1.0,1.0,exact_after_normalize
Simon Janssen,Simon Janssen,VVV Venlo,2020,1.0,1.0,1.0,1.0,exact_after_normalize
Leon Guwara,Leon Guwara,VVV Venlo,2020,1.0,1.0,1.0,1.0,exact_after_normalize
Evert Linthorst,Evert Linthorst,VVV Venlo,2020,1.0,1.0,1.0,1.0,exact_after_normalize
Danny Post,Danny Post,VVV Venlo,2020,1.0,1.0,1.0,1.0,exact_after_normalize
Thorsten Kirschbaum,Thorsten Kirschbaum,VVV Venlo,2020,1.0,1.0,1.0,1.0,exact_after_normalize
Stan van Dijck,Stan van Dijck,VVV Venlo,2020,1.0,1.0,1.0,1.0,exact_after_normalize
Tristan Dekker,Tristan Dekker,VVV Venlo,2020,1.0,1.0,1.0,1.0,exact_after_normalize
Arjan Swinkels,Arjan Swinkels,VVV Venlo,2020,1.0,1.0,1.0,1.0,exact_after_normalize
Vito van Crooij,Vito van Crooij,VVV Venlo,2020,1.0,1.0,1.0,1.0,exact_after_normalize
Zinédine Machach,Zinédine Machach,VVV Venlo,2020,1.0,1.0,1.0,1.0,exact_after_normalize
Torino Hunte,Torino Hunte,VVV Venlo,2020,1.0,1.0,1.0,1.0,exact_after_normalize
Giorgos Giakoumakis,Giorgos Giakoumakis,VVV Venlo,2020,1.0,1.0,1.0,1.0,exact_after_normalize
Roy Gelmi,Roy Gelmi,VVV Venlo,2020,1.0,1.0,1.0,1.0,exact_after_normalize
Guus Hupperts,Guus Hupperts,VVV Venlo,2020,1.0,1.0,1.0,1.0,exact_after_normalize
Wassim Essanoussi,Wassim Essanoussi,VVV Venlo,2020,1.0,1.0,1.0,1.0,exact_after_normalize
Aaron Bastiaans,Aaron Bastiaans,VVV Venlo,2020,1.0,1.0,1.0,1.0,exact_after_normalize
Steffen Schäfer,Steffen Schäfer,VVV Venlo,2020,1.0,1.0,1.0,1.0,exact_after_normalize
Christos Donis,Christos Donis,VVV Venlo,2020,1.0,1.0,1.0,1.0,exact_after_normalize
Anastasios Donis,Anastasios Donis,VVV Venlo,2020,1.0,1.0,1.0,1.0,exact_after_normalize
Yahcuroo Roemer,Yahcuroo Roemer,VVV Venlo,2020,1.0,1.0,1.0,1.0,exact_after_normalize
Meritan Shabani,Meritan Shabani,VVV Venlo,2020,1.0,1.0,1.0,1.0,exact_after_normalize
Kristopher Da Graca,Kristopher Da Graça,VVV Venlo,2020,0.7391,1.0,1.0,1.0,exact_after_normalize
Ante Ćorić,Ante Coric,VVV Venlo,2020,0.375,1.0,1.0,1.0,exact_after_normalize
Nick Doodeman,Nick Doodeman,Cambuur,2021,1.0,1.0,1.0,1.0,exact_after_normalize
Filip Krastev,Filip Krastev,Cambuur,2021,1.0,1.0,1.0,1.0,exact_after_normalize
Maxim Gullit,Maxim Gullit,Cambuur,2021,1.0,1.0,1.0,1.0,exact_after_normalize
Jamie Jacobs,Jamie Jacobs,Cambuur,2021,1.0,1.0,1.0,1.0,exact_after_normalize
Jasper Ter Heide,Jasper ter Heide,Cambuur,2021,1.0,1.0,1.0,1.0,exact_after_normalize
Patrick Joosten,Patrick Joosten,Cambuur,2021,1.0,1.0,1.0,1.0,exact_after_normalize
Tom Boere,Tom Boere,Cambuur,2021,1.0,1.0,1.0,1.0,exact_after_normalize
Jhondly van der Meer,Jhondly van der Meer,Cambuur,2021,1.0,1.0,1.0,1.0,exact_after_normalize
Thomas Rier,Thomas Rier,Cambuur,2021,1.0,1.0,1.0,1.0,exact_after_normalize
David Sambissa,David Sambissa,Cambuur,2021,1.0,1.0,1.0,1.0,exact_after_normalize
Milan Smit,Milan Smit,Cambuur,2021,1.0,1.0,1.0,1.0,exact_after_normalize
Issa Kallon,Issa Kallon,Cambuur,2021,1.0,1.0,1.0,1.0,exact_after_normalize
Erik Schouten,Erik Schouten,Cambuur,2021,1.0,1.0,1.0,1.0,exact_after_normalize
Pieter Bos,Pieter Bos,Cambuur,2021,1.0,1.0,1.0,1.0,exact_after_normalize
Robin Maulun,Robin Maulun,Cambuur,2021,1.0,1.0,1.0,1.0,exact_after_normalize
Alex Bangura,Alex Bangura,Cambuur,2021,1.0,1.0,1.0,1.0,exact_after_normalize
Sonny Stevens,Sonny Stevens,Cambuur,2021,1.0,1.0,1.0,1.0,exact_after_normalize
Tamás Kiss,Tamás Kiss,Cambuur,2021,1.0,1.0,1.0,1.0,exact_after_normalize
Mees Hoedemakers,Mees Hoedemakers,Cambuur,2021,1.0,1.0,1.0,1.0,exact_after_normalize
Michael Breij,Michael Breij,Cambuur,2021,1.0,1.0,1.0,1.0,exact_after_normalize
Sam Hendriks,Sam Hendriks,Cambuur,2021,1.0,1.0,1.0,1.0,exact_after_normalize
Calvin Mac-Intosch,Calvin Mac-Intosch,Cambuur,2021,1.0,1.0,1.0,1.0,exact_after_normalize
Doke Schmidt,Doke Schmidt,Cambuur,2021,1.0,1.0,1.0,1.0,exact_after_normalize
Marco Tol,Marco Tol,Cambuur,2021,1.0,1.0,1.0,1.0,exact_after_normalize
Roberts Uldriķis,Roberts Uldrikis,Cambuur,2021,0.7,1.0,1.0,1.0,exact_after_normalize
Mohamed Mallahi,Mohamed Mallahi,Utrecht,2021,1.0,1.0,1.0,1.0,exact_after_normalize
Quinten Timber,Quinten Timber,Utrecht,2021,1.0,1.0,1.0,1.0,exact_after_normalize
Naoki Maeda,Naoki Maeda,Utrecht,2021,1.0,1.0,1.0,1.0,exact_after_normalize
Eros Maddy,Eros Maddy,Utrecht,2021,1.0,1.0,1.0,1.0,exact_after_normalize
Rocco Shein,Rocco Shein,Utrecht,2021,1.0,1.0,1.0,1.0,exact_after_normalize
Willem Janssen,Willem Janssen,Utrecht,2021,1.0,1.0,1.0,1.0,exact_after_normalize
Bart Ramselaar,Bart Ramselaar,Utrecht,2021,1.0,1.0,1.0,1.0,exact_after_normalize
Mark van der Maarel,Mark van der Maarel,Utrecht,2021,1.0,1.0,1.0,1.0,exact_after_normalize
Hidde ter Avest,Hidde ter Avest,Utrecht,2021,1.0,1.0,1.0,1.0,exact_after_normalize
Mees Rijks,Mees Rijks,Utrecht,2021,1.0,1.0,1.0,1.0,exact_after_normalize
Rick Meissen,Rick Meissen,Utrecht,2021,1.0,1.0,1.0,1.0,exact_after_normalize
Django Warmerdam,Django Warmerdam,Utrecht,2021,1.0,1.0,1.0,1.0,exact_after_normalize
Tommy St. Jago,Tommy St. Jago,Utrecht,2021,1.0,1.0,1.0,1.0,exact_after_normalize
Joris van Overeem,Joris van Overeem,Utrecht,2021,1.0,1.0,1.0,1.0,exact_after_normalize
Henk Veerman,Henk Veerman,Utrecht,2021,1.0,1.0,1.0,1.0,exact_after_normalize
Adam Maher,Adam Maher,Utrecht,2021,1.0,1.0,1.0,1.0,exact_after_normalize
Djevencio van der Kust,Djevencio van der Kust,Utrecht,2021,1.0,1.0,1.0,1.0,exact_after_normalize
Moussa Sylla,Moussa Sylla,Utrecht,2021,1.0,1.0,1.0,1.0,exact_after_normalize
Ruben Kluivert,Ruben Kluivert,Utrecht,2021,1.0,1.0,1.0,1.0,exact_after_normalize
Mike van der Hoorn,Mike van der Hoorn,Utrecht,2021,1.0,1.0,1.0,1.0,exact_after_normalize
Maarten Paes,Maarten Paes,Utrecht,2021,1.0,1.0,1.0,1.0,exact_after_normalize
Sander van de Streek,Sander van de Streek,Utrecht,2021,1.0,1.0,1.0,1.0,exact_after_normalize
Mimoun Mahi,Mimoun Mahi,Utrecht,2021,1.0,1.0,1.0,1.0,exact_after_normalize
Pontus Almqvist,Pontus Almqvist,Utrecht,2021,1.0,1.0,1.0,1.0,exact_after_normalize
Simon Gustafson,Simon Gustafson,Utrecht,2021,1.0,1.0,1.0,1.0,exact_after_normalize
Remco Balk,Remco Balk,Utrecht,2021,1.0,1.0,1.0,1.0,exact_after_normalize
Eric Oelschlägel,Eric Oelschlägel,Utrecht,2021,1.0,1.0,1.0,1.0,exact_after_normalize
Gyrano Kerk,Gyrano Kerk,Utrecht,2021,1.0,1.0,1.0,1.0,exact_after_normalize
Sylian Mokono,Sylian Mokono,Utrecht,2021,1.0,1.0,1.0,1.0,exact_after_normalize
Adrián Dalmau,Adrián Dalmau,Utrecht,2021,1.0,1.0,1.0,1.0,exact_after_normalize
Fabian de Keijzer,Fabian de Keijzer,Utrecht,2021,1.0,1.0,1.0,1.0,exact_after_normalize
Arthur Zagre,Arthur Zagré,Utrecht,2021,0.7333,1.0,1.0,1.0,exact_after_normalize
Patrick Joosten,Patrick Joosten,Groningen,2021,1.0,1.0,1.0,1.0,exact_after_normalize
Ramon Lundqvist,Ramon Lundqvist,Groningen,2021,1.0,1.0,1.0,1.0,exact_after_normalize
Bjorn Meijer,Bjorn Meijer,Groningen,2021,1.0,1.0,1.0,1.0,exact_after_normalize
Mike te Wierik,Mike te Wierik,Groningen,2021,1.0,1.0,1.0,1.0,exact_after_normalize
Paulos Abraham,Paulos Abraham,Groningen,2021,1.0,1.0,1.0,1.0,exact_after_normalize
Romano Postema,Romano Postema,Groningen,2021,1.0,1.0,1.0,1.0,exact_after_normalize
Yahya Kalley,Yahya Kalley,Groningen,2021,1.0,1.0,1.0,1.0,exact_after_normalize
Jørgen Strand Larsen,Jørgen Strand Larsen,Groningen,2021,1.0,1.0,1.0,1.0,exact_after_normalize
Laros Duarte,Laros Duarte,Groningen,2021,1.0,1.0,1.0,1.0,exact_after_normalize
Daniël van Kaam,Daniël van Kaam,Groningen,2021,1.0,1.0,1.0,1.0,exact_after_normalize
Alex Mortensen,Alex Mortensen,Groningen,2021,1.0,1.0,1.0,1.0,exact_after_normalize
Michael de Leeuw,Michael de Leeuw,Groningen,2021,1.0,1.0,1.0,1.0,exact_after_normalize
Damil Dankerlui,Damil Dankerlui,Groningen,2021,1.0,1.0,1.0,1.0,exact_after_normalize
Neraysho Kasanwirjo,Neraysho Kasanwirjo,Groningen,2021,1.0,1.0,1.0,1.0,exact_after_normalize
Daleho Irandust,Daleho Irandust,Groningen,2021,1.0,1.0,1.0,1.0,exact_after_normalize
Wessel Dammers,Wessel Dammers,Groningen,2021,1.0,1.0,1.0,1.0,exact_after_normalize
Bart van Hintum,Bart van Hintum,Groningen,2021,1.0,1.0,1.0,1.0,exact_after_normalize
Peter Leeuwenburgh,Peter Leeuwenburgh,Groningen,2021,1.0,1.0,1.0,1.0,exact_after_normalize
Elias Olsson,Elias Olsson,Groningen,2021,1.0,1.0,1.0,1.0,exact_after_normalize
Ahmed El Messaoudi,Ahmed El Messaoudi,Groningen,2021,1.0,1.0,1.0,1.0,exact_after_normalize
Gabriel Gudmundsson,Gabriel Gudmundsson,Groningen,2021,1.0,1.0,1.0,1.0,exact_after_normalize
Azor Matusiwa,Azor Matusiwa,Groningen,2021,1.0,1.0,1.0,1.0,exact_after_normalize
Emmanuel Matuta,Emmanuel Matuta,Groningen,2021,1.0,1.0,1.0,1.0,exact_after_normalize
Cyril Ngonge,Cyril Ngonge,Groningen,2021,1.0,1.0,1.0,1.0,exact_after_normalize
Melayro Bogarde,Melayro Bogarde,Groningen,2021,1.0,1.0,1.0,1.0,exact_after_normalize
Tomáš Suslov,Tomás Suslov,Groningen,2021,0.7333,1.0,1.0,1.0,exact_after_normalize
Marin Šverko,Marin Sverko,Groningen,2021,0.625,1.0,1.0,1.0,exact_after_normalize
Wouter Burger,Wouter Burger,Feyenoord,2021,1.0,1.0,1.0,1.0,exact_after_normalize
Ramon Hendriks,Ramon Hendriks,Feyenoord,2021,1.0,1.0,1.0,1.0,exact_after_normalize
Tyrell Malacia,Tyrell Malacia,Feyenoord,2021,1.0,1.0,1.0,1.0,exact_after_normalize
Mark Diemers,Mark Diemers,Feyenoord,2021,1.0,1.0,1.0,1.0,exact_after_normalize
Lutsharel Geertruida,Lutsharel Geertruida,Feyenoord,2021,1.0,1.0,1.0,1.0,exact_after_normalize
Reiss Nelson,Reiss Nelson,Feyenoord,2021,1.0,1.0,1.0,1.0,exact_after_normalize
Philippe Sandler,Philippe Sandler,Feyenoord,2021,1.0,1.0,1.0,1.0,exact_after_normalize
Ridgeciano Haps,Ridgeciano Haps,Feyenoord,2021,1.0,1.0,1.0,1.0,exact_after_normalize
Leroy Fer,Leroy Fer,Feyenoord,2021,1.0,1.0,1.0,1.0,exact_after_normalize
Naoufal Bannis,Naoufal Bannis,Feyenoord,2021,1.0,1.0,1.0,1.0,exact_after_normalize
Cyriel Dessers,Cyriel Dessers,Feyenoord,2021,1.0,1.0,1.0,1.0,exact_after_normalize
Patrik Wålemark,Patrik Wålemark,Feyenoord,2021,1.0,1.0,1.0,1.0,exact_after_normalize
Ofir Marciano,Ofir Marciano,Feyenoord,2021,1.0,1.0,1.0,1.0,exact_after_normalize
Guus Til,Guus Til,Feyenoord,2021,1.0,1.0,1.0,1.0,exact_after_normalize
Cole Bassett,Cole Bassett,Feyenoord,2021,1.0,1.0,1.0,1.0,exact_after_normalize
Dermane Karim,Dermane Karim,Feyenoord,2021,1.0,1.0,1.0,1.0,exact_after_normalize
Gernot Trauner,Gernot Trauner,Feyenoord,2021,1.0,1.0,1.0,1.0,exact_after_normalize
Luis Sinisterra,Luis Sinisterra,Feyenoord,2021,1.0,1.0,1.0,1.0,exact_after_normalize
Orkun Kökçü,Orkun Kökçü,Feyenoord,2021,1.0,1.0,1.0,1.0,exact_after_normalize
Marcos Senesi,Marcos Senesi,Feyenoord,2021,1.0,1.0,1.0,1.0,exact_after_normalize
Jens Toornstra,Jens Toornstra,Feyenoord,2021,1.0,1.0,1.0,1.0,exact_after_normalize
Denzel Hall,Denzel Hall,Feyenoord,2021,1.0,1.0,1.0,1.0,exact_after_normalize
Alireza Jahanbakhsh,Alireza Jahanbakhsh,Feyenoord,2021,1.0,1.0,1.0,1.0,exact_after_normalize
Jorrit Hendrix,Jorrit Hendrix,Feyenoord,2021,1.0,1.0,1.0,1.0,exact_after_normalize
Justin Bijlow,Justin Bijlow,Feyenoord,2021,1.0,1.0,1.0,1.0,exact_after_normalize
Bryan Linssen,Bryan Linssen,Feyenoord,2021,1.0,1.0,1.0,1.0,exact_after_normalize
Marcus Pedersen,Marcus Pedersen,Feyenoord,2021,1.0,1.0,1.0,1.0,exact_after_normalize
Fredrik Aursnes,Fredrik Aursnes,Feyenoord,2021,1.0,1.0,1.0,1.0,exact_after_normalize
Róbert Boženík,Róbert Bozeník,Feyenoord,2021,0.6667,1.0,1.0,1.0,exact_after_normalize
Lennerd Daneels,Lennerd Daneels,RKC Waalwijk,2021,1.0,1.0,1.0,1.0,exact_after_normalize
Luuk Wouters,Luuk Wouters,RKC Waalwijk,2021,1.0,1.0,1.0,1.0,exact_after_normalize
Hans Mulder,Hans Mulder,RKC Waalwijk,2021,1.0,1.0,1.0,1.0,exact_after_normalize
Juriën Gaari,Juriën Gaari,RKC Waalwijk,2021,1.0,1.0,1.0,1.0,exact_after_normalize
Sebbe Augustijns,Sebbe Augustijns,RKC Waalwijk,2021,1.0,1.0,1.0,1.0,exact_after_normalize
Issam El Maach,Issam El Maach,RKC Waalwijk,2021,1.0,1.0,1.0,1.0,exact_after_normalize
Achraf El Bouchataoui,Achraf El Bouchataoui,RKC Waalwijk,2021,1.0,1.0,1.0,1.0,exact_after_normalize
Lars Nieuwpoort,Lars Nieuwpoort,RKC Waalwijk,2021,1.0,1.0,1.0,1.0,exact_after_normalize
Melle Meulensteen,Melle Meulensteen,RKC Waalwijk,2021,1.0,1.0,1.0,1.0,exact_after_normalize
Ahmed Touba,Ahmed Touba,RKC Waalwijk,2021,1.0,1.0,1.0,1.0,exact_after_normalize
Saïd Bakari,Saïd Bakari,RKC Waalwijk,2021,1.0,1.0,1.0,1.0,exact_after_normalize
Etienne Vaessen,Etienne Vaessen,RKC Waalwijk,2021,1.0,1.0,1.0,1.0,exact_after_normalize
Vurnon Anita,Vurnon Anita,RKC Waalwijk,2021,1.0,1.0,1.0,1.0,exact_after_normalize
Michiel Kramer,Michiel Kramer,RKC Waalwijk,2021,1.0,1.0,1.0,1.0,exact_after_normalize
Richard van der Venne,Richard van der Venne,RKC Waalwijk,2021,1.0,1.0,1.0,1.0,exact_after_normalize
Shawn Adewoye,Shawn Adewoye,RKC Waalwijk,2021,1.0,1.0,1.0,1.0,exact_after_normalize
Ayman Azhil,Ayman Azhil,RKC Waalwijk,2021,1.0,1.0,1.0,1.0,exact_after_normalize
Finn Stokkers,Finn Stokkers,RKC Waalwijk,2021,1.0,1.0,1.0,1.0,exact_after_normalize
Iliass Bel Hassani,Iliass Bel Hassani,RKC Waalwijk,2021,1.0,1.0,1.0,1.0,exact_after_normalize
Yassin Oukili,Yassin Oukili,RKC Waalwijk,2021,1.0,1.0,1.0,1.0,exact_after_normalize
Alexander Büttner,Alexander Büttner,RKC Waalwijk,2021,1.0,1.0,1.0,1.0,exact_after_normalize
Dario Van den Buijs,Dario Van den Buijs,RKC Waalwijk,2021,1.0,1.0,1.0,1.0,exact_after_normalize
Thierry Lutonda,Thierry Lutonda,RKC Waalwijk,2021,1.0,1.0,1.0,1.0,exact_after_normalize
Roy Kuijpers,Roy Kuijpers,RKC Waalwijk,2021,1.0,1.0,1.0,1.0,exact_after_normalize
Jens Odgaard,Jens Odgaard,RKC Waalwijk,2021,1.0,1.0,1.0,1.0,exact_after_normalize
Lucas Woudenberg,Lucas Woudenberg,Heerenveen,2021,1.0,1.0,1.0,1.0,exact_after_normalize
Jan Ras,Jan Ras,Heerenveen,2021,1.0,1.0,1.0,1.0,exact_after_normalize
Joost van Aken,Joost van Aken,Heerenveen,2021,1.0,1.0,1.0,1.0,exact_after_normalize
Erwin Mulder,Erwin Mulder,Heerenveen,2021,1.0,1.0,1.0,1.0,exact_after_normalize
Joey Veerman,Joey Veerman,Heerenveen,2021,1.0,1.0,1.0,1.0,exact_after_normalize
Djenahro Nunumete,Djenahro Nunumete,Heerenveen,2021,1.0,1.0,1.0,1.0,exact_after_normalize
Mitchell van Bergen,Mitchell van Bergen,Heerenveen,2021,1.0,1.0,1.0,1.0,exact_after_normalize
Arjen van der Heide,Arjen van der Heide,Heerenveen,2021,1.0,1.0,1.0,1.0,exact_after_normalize
Stanislav Shopov,Stanislav Shopov,Heerenveen,2021,1.0,1.0,1.0,1.0,exact_after_normalize
Sven van Beek,Sven van Beek,Heerenveen,2021,1.0,1.0,1.0,1.0,exact_after_normalize
Nicolas Madsen,Nicolas Madsen,Heerenveen,2021,1.0,1.0,1.0,1.0,exact_after_normalize
Anas Tahiri,Anas Tahiri,Heerenveen,2021,1.0,1.0,1.0,1.0,exact_after_normalize
Thom Haye,Thom Haye,Heerenveen,2021,1.0,1.0,1.0,1.0,exact_after_normalize
Syb Van Ottele,Syb van Ottele,Heerenveen,2021,1.0,1.0,1.0,1.0,exact_after_normalize
Hamdi Akujobi,Hamdi Akujobi,Heerenveen,2021,1.0,1.0,1.0,1.0,exact_after_normalize
Rami Kaib,Rami Kaib,Heerenveen,2021,1.0,1.0,1.0,1.0,exact_after_normalize
Nick Bakker,Nick Bakker,Heerenveen,2021,1.0,1.0,1.0,1.0,exact_after_normalize
Xavier Mous,Xavier Mous,Heerenveen,2021,1.0,1.0,1.0,1.0,exact_after_normalize
Siem de Jong,Siem de Jong,Heerenveen,2021,1.0,1.0,1.0,1.0,exact_after_normalize
Milan van Ewijk,Milan van Ewijk,Heerenveen,2021,1.0,1.0,1.0,1.0,exact_after_normalize
Rodney Kongolo,Rodney Kongolo,Heerenveen,2021,1.0,1.0,1.0,1.0,exact_after_normalize
Anthony Musaba,Anthony Musaba,Heerenveen,2021,1.0,1.0,1.0,1.0,exact_after_normalize
Benjamin Nygren,Benjamin Nygren,Heerenveen,2021,1.0,1.0,1.0,1.0,exact_after_normalize
Rami Al Hajj,Rami Al Hajj,Heerenveen,2021,1.0,1.0,1.0,1.0,exact_after_normalize
Henk Veerman,Henk Veerman,Heerenveen,2021,1.0,1.0,1.0,1.0,exact_after_normalize
Amin Sarr,Amin Sarr,Heerenveen,2021,1.0,1.0,1.0,1.0,exact_after_normalize
Timo Zaal,Timo Zaal,Heerenveen,2021,1.0,1.0,1.0,1.0,exact_after_normalize
Trustin van 't Loo,Trustin van 't Loo,Heerenveen,2021,1.0,1.0,1.0,1.0,exact_after_normalize
Sydney van Hooijdonk,Sydney van Hooijdonk,Heerenveen,2021,1.0,1.0,1.0,1.0,exact_after_normalize
Filip Stevanovic,Filip Stevanovic,Heerenveen,2021,1.0,1.0,1.0,1.0,exact_after_normalize
Tibor Halilović,Tibor Halilovic,Heerenveen,2021,0.7778,1.0,1.0,1.0,exact_after_normalize
Ibrahim Drešević,Ibrahim Dresevic,Heerenveen,2021,0.5455,1.0,1.0,1.0,exact_after_normalize
Jesse Bosch,Jesse Bosch,Twente,2021,1.0,1.0,1.0,1.0,exact_after_normalize
Michel Vlap,Michel Vlap,Twente,2021,1.0,1.0,1.0,1.0,exact_after_normalize
Ramiz Zerrouki,Ramiz Zerrouki,Twente,2021,1.0,1.0,1.0,1.0,exact_after_normalize
Joshua Brenet,Joshua Brenet,Twente,2021,1.0,1.0,1.0,1.0,exact_after_normalize
Lars Unnerstall,Lars Unnerstall,Twente,2021,1.0,1.0,1.0,1.0,exact_after_normalize
Ricky van Wolfswinkel,Ricky van Wolfswinkel,Twente,2021,1.0,1.0,1.0,1.0,exact_after_normalize
Virgil Misidjan,Virgil Misidjan,Twente,2021,1.0,1.0,1.0,1.0,exact_after_normalize
Denilho Cleonise,Denilho Cleonise,Twente,2021,1.0,1.0,1.0,1.0,exact_after_normalize
Casper Staring,Casper Staring,Twente,2021,1.0,1.0,1.0,1.0,exact_after_normalize
Robin Pröpper,Robin Pröpper,Twente,2021,1.0,1.0,1.0,1.0,exact_after_normalize
Queensy Menig,Queensy Menig,Twente,2021,1.0,1.0,1.0,1.0,exact_after_normalize
Max Bruns,Max Bruns,Twente,2021,1.0,1.0,1.0,1.0,exact_after_normalize
Manfred Ugalde,Manfred Ugalde,Twente,2021,1.0,1.0,1.0,1.0,exact_after_normalize
Mees Hilgers,Mees Hilgers,Twente,2021,1.0,1.0,1.0,1.0,exact_after_normalize
Giovanni Troupée,Giovanni Troupée,Twente,2021,1.0,1.0,1.0,1.0,exact_after_normalize
Jayden Oosterwolde,Jayden Oosterwolde,Twente,2021,1.0,1.0,1.0,1.0,exact_after_normalize
Wout Brama,Wout Brama,Twente,2021,1.0,1.0,1.0,1.0,exact_after_normalize
Daan Rots,Daan Rots,Twente,2021,1.0,1.0,1.0,1.0,exact_after_normalize
Kik Pierie,Kik Pierie,Twente,2021,1.0,1.0,1.0,1.0,exact_after_normalize
Luca Everink,Luca Everink,Twente,2021,1.0,1.0,1.0,1.0,exact_after_normalize
Gijs Smal,Gijs Smal,Twente,2021,1.0,1.0,1.0,1.0,exact_after_normalize
Jeffrey De Lange,Jeffrey de Lange,Twente,2021,1.0,1.0,1.0,1.0,exact_after_normalize
Michal Sadílek,Michal Sadílek,Twente,2021,1.0,1.0,1.0,1.0,exact_after_normalize
Julio Pleguezuelo,Julio Pleguezuelo,Twente,2021,1.0,1.0,1.0,1.0,exact_after_normalize
Luka Ilić,Luka Ilic,Twente,2021,0.6667,1.0,1.0,1.0,exact_after_normalize
Václav Černý,Václav Cerny,Twente,2021,0.4444,1.0,1.0,1.0,exact_after_normalize
Carlos Vinícius,Carlos Vinícius,PSV,2021,1.0,1.0,1.0,1.0,exact_after_normalize
Marco van Ginkel,Marco van Ginkel,PSV,2021,1.0,1.0,1.0,1.0,exact_after_normalize
Mario Götze,Mario Götze,PSV,2021,1.0,1.0,1.0,1.0,exact_after_normalize
Phillipp Mwene,Phillipp Mwene,PSV,2021,1.0,1.0,1.0,1.0,exact_after_normalize
Noni Madueke,Noni Madueke,PSV,2021,1.0,1.0,1.0,1.0,exact_after_normalize
Bruma,Bruma,PSV,2021,1.0,1.0,1.0,1.0,exact_after_normalize
Davy Pröpper,Davy Pröpper,PSV,2021,1.0,1.0,1.0,1.0,exact_after_normalize
Nick Viergever,Nick Viergever,PSV,2021,1.0,1.0,1.0,1.0,exact_after_normalize
Yvon Mvogo,Yvon Mvogo,PSV,2021,1.0,1.0,1.0,1.0,exact_after_normalize
Maximiliano Romero,Maximiliano Romero,PSV,2021,1.0,1.0,1.0,1.0,exact_after_normalize
Mauro Júnior,Mauro Júnior,PSV,2021,1.0,1.0,1.0,1.0,exact_after_normalize
Yorbe Vertessen,Yorbe Vertessen,PSV,2021,1.0,1.0,1.0,1.0,exact_after_normalize
Ritsu Doan,Ritsu Doan,PSV,2021,1.0,1.0,1.0,1.0,exact_after_normalize
Jordan Teze,Jordan Teze,PSV,2021,1.0,1.0,1.0,1.0,exact_after_normalize
Armando Obispo,Armando Obispo,PSV,2021,1.0,1.0,1.0,1.0,exact_after_normalize
André Ramalho,André Ramalho,PSV,2021,1.0,1.0,1.0,1.0,exact_after_normalize
Olivier Boscagli,Olivier Boscagli,PSV,2021,1.0,1.0,1.0,1.0,exact_after_normalize
Ibrahim Sangaré,Ibrahim Sangaré,PSV,2021,1.0,1.0,1.0,1.0,exact_after_normalize
Eran Zahavi,Eran Zahavi,PSV,2021,1.0,1.0,1.0,1.0,exact_after_normalize
Dennis Vos,Dennis Vos,PSV,2021,1.0,1.0,1.0,1.0,exact_after_normalize
Ryan Thomas,Ryan Thomas,PSV,2021,1.0,1.0,1.0,1.0,exact_after_normalize
Johan Bakayoko,Johan Bakayoko,PSV,2021,1.0,1.0,1.0,1.0,exact_after_normalize
Philipp Max,Philipp Max,PSV,2021,1.0,1.0,1.0,1.0,exact_after_normalize
Cody Gakpo,Cody Gakpo,PSV,2021,1.0,1.0,1.0,1.0,exact_after_normalize
Jenson Seelt,Jenson Seelt,PSV,2021,1.0,1.0,1.0,1.0,exact_after_normalize
Joey Veerman,Joey Veerman,PSV,2021,1.0,1.0,1.0,1.0,exact_after_normalize
Fredrik Oppegard,Fredrik Oppegård,PSV,2021,0.7,1.0,1.0,1.0,exact_after_normalize
Erick Gutiérrez,Érick Gutiérrez,PSV,2021,0.6842,1.0,1.0,1.0,exact_after_normalize
Joel Drommel,Joël Drommel,PSV,2021,0.6667,1.0,1.0,1.0,exact_after_normalize
Deroy Duarte,Deroy Duarte,Fortuna Sittard,2021,1.0,1.0,1.0,1.0,exact_after_normalize
Zian Flemming,Zian Flemming,Fortuna Sittard,2021,1.0,1.0,1.0,1.0,exact_after_normalize
Ben Rienstra,Ben Rienstra,Fortuna Sittard,2021,1.0,1.0,1.0,1.0,exact_after_normalize
Martin Angha,Martin Angha,Fortuna Sittard,2021,1.0,1.0,1.0,1.0,exact_after_normalize
Mickaël Tirpan,Mickaël Tirpan,Fortuna Sittard,2021,1.0,1.0,1.0,1.0,exact_after_normalize
Yanick van Osch,Yanick van Osch,Fortuna Sittard,2021,1.0,1.0,1.0,1.0,exact_after_normalize
Ivo Pinto,Ivo Pinto,Fortuna Sittard,2021,1.0,1.0,1.0,1.0,exact_after_normalize
George Cox,George Cox,Fortuna Sittard,2021,1.0,1.0,1.0,1.0,exact_after_normalize
Nigel Lonwijk,Nigel Lonwijk,Fortuna Sittard,2021,1.0,1.0,1.0,1.0,exact_after_normalize
Thibaud Verlinden,Thibaud Verlinden,Fortuna Sittard,2021,1.0,1.0,1.0,1.0,exact_after_normalize
Bassala Sambou,Bassala Sambou,Fortuna Sittard,2021,1.0,1.0,1.0,1.0,exact_after_normalize
Tijjani Noslin,Tijjani Noslin,Fortuna Sittard,2021,1.0,1.0,1.0,1.0,exact_after_normalize
Emil Hansson,Emil Hansson,Fortuna Sittard,2021,1.0,1.0,1.0,1.0,exact_after_normalize
Jordan Botaka,Jordan Botaka,Fortuna Sittard,2021,1.0,1.0,1.0,1.0,exact_after_normalize
Michael Verrips,Michael Verrips,Fortuna Sittard,2021,1.0,1.0,1.0,1.0,exact_after_normalize
Lisandro Semedo,Lisandro Semedo,Fortuna Sittard,2021,1.0,1.0,1.0,1.0,exact_after_normalize
Tesfaldet Tekie,Tesfaldet Tekie,Fortuna Sittard,2021,1.0,1.0,1.0,1.0,exact_after_normalize
Mats Seuntjens,Mats Seuntjens,Fortuna Sittard,2021,1.0,1.0,1.0,1.0,exact_after_normalize
Roel Janssen,Roel Janssen,Fortuna Sittard,2021,1.0,1.0,1.0,1.0,exact_after_normalize
Samy Baghdadi,Samy Baghdadi,Fortuna Sittard,2021,1.0,1.0,1.0,1.0,exact_after_normalize
Toshio Lake,Toshio Lake,Fortuna Sittard,2021,1.0,1.0,1.0,1.0,exact_after_normalize
Richie Musaba,Richie Musaba,Fortuna Sittard,2021,1.0,1.0,1.0,1.0,exact_after_normalize
Andreas Samaris,Andreas Samaris,Fortuna Sittard,2021,1.0,1.0,1.0,1.0,exact_after_normalize
Arianit Ferati,Arianit Ferati,Fortuna Sittard,2021,1.0,1.0,1.0,1.0,exact_after_normalize
Ryan Johansson,Ryan Johansson,Fortuna Sittard,2021,1.0,1.0,1.0,1.0,exact_after_normalize
Paul Gladon,Paul Gladon,Fortuna Sittard,2021,1.0,1.0,1.0,1.0,exact_after_normalize
Charlison Benschop,Charlison Benschop,Fortuna Sittard,2021,1.0,1.0,1.0,1.0,exact_after_normalize
Abdenasser El Khayati,Abdenasser El Khayati,Willem II,2021,1.0,1.0,1.0,1.0,exact_after_normalize
Robbin Ruiter,Robbin Ruiter,Willem II,2021,1.0,1.0,1.0,1.0,exact_after_normalize
Mats Köhlert,Mats Köhlert,Willem II,2021,1.0,1.0,1.0,1.0,exact_after_normalize
Pol Llonch,Pol Llonch,Willem II,2021,1.0,1.0,1.0,1.0,exact_after_normalize
Ringo Meerveld,Ringo Meerveld,Willem II,2021,1.0,1.0,1.0,1.0,exact_after_normalize
Vincent Schippers,Vincent Schippers,Willem II,2021,1.0,1.0,1.0,1.0,exact_after_normalize
Freek Heerkens,Freek Heerkens,Willem II,2021,1.0,1.0,1.0,1.0,exact_after_normalize
Kilian Ludewig,Kilian Ludewig,Willem II,2021,1.0,1.0,1.0,1.0,exact_after_normalize
Wesley Spieringhs,Wesley Spieringhs,Willem II,2021,1.0,1.0,1.0,1.0,exact_after_normalize
Emil Bergström,Emil Bergström,Willem II,2021,1.0,1.0,1.0,1.0,exact_after_normalize
Jorn Brondeel,Jorn Brondeel,Willem II,2021,1.0,1.0,1.0,1.0,exact_after_normalize
Connor van den Berg,Connor van den Berg,Willem II,2021,1.0,1.0,1.0,1.0,exact_after_normalize
Elton Kabangu,Elton Kabangu,Willem II,2021,1.0,1.0,1.0,1.0,exact_after_normalize
John Yeboah,John Yeboah,Willem II,2021,1.0,1.0,1.0,1.0,exact_after_normalize
Miquel Nelom,Miquel Nelom,Willem II,2021,1.0,1.0,1.0,1.0,exact_after_normalize
Godfried Roemeratoe,Godfried Roemeratoe,Willem II,2021,1.0,1.0,1.0,1.0,exact_after_normalize
Derrick Köhn,Derrick Köhn,Willem II,2021,1.0,1.0,1.0,1.0,exact_after_normalize
Leeroy Owusu,Leeroy Owusu,Willem II,2021,1.0,1.0,1.0,1.0,exact_after_normalize
Thijs Oosting,Thijs Oosting,Willem II,2021,1.0,1.0,1.0,1.0,exact_after_normalize
Timon Wellenreuther,Timon Wellenreuther,Willem II,2021,1.0,1.0,1.0,1.0,exact_after_normalize
Anargyros Kampetsis,Anargyros Kampetsis,Willem II,2021,1.0,1.0,1.0,1.0,exact_after_normalize
Ché Nunnely,Ché Nunnely,Willem II,2021,1.0,1.0,1.0,1.0,exact_after_normalize
Jelte Pal,Jelte Pal,Willem II,2021,1.0,1.0,1.0,1.0,exact_after_normalize
Wessel Dammers,Wessel Dammers,Willem II,2021,1.0,1.0,1.0,1.0,exact_after_normalize
Ulrik Yttergård Jenssen,Ulrik Yttergård Jenssen,Willem II,2021,1.0,1.0,1.0,1.0,exact_after_normalize
Jizz Hornkamp,Jizz Hornkamp,Willem II,2021,1.0,1.0,1.0,1.0,exact_after_normalize
Max Svensson,Max Svensson,Willem II,2021,1.0,1.0,1.0,1.0,exact_after_normalize
Rick Zuijderwijk,Rick Zuijderwijk,Willem II,2021,1.0,1.0,1.0,1.0,exact_after_normalize
Görkem Sağlam,Görkem Saglam,Willem II,2021,0.6471,1.0,1.0,1.0,exact_after_normalize
Rens van Eijden,Rens van Eijden,NEC Nijmegen,2021,1.0,1.0,1.0,1.0,exact_after_normalize
Jonathan Okita,Jonathan Okita,NEC Nijmegen,2021,1.0,1.0,1.0,1.0,exact_after_normalize
Jordy Bruijn,Jordy Bruijn,NEC Nijmegen,2021,1.0,1.0,1.0,1.0,exact_after_normalize
Mikkel Duelund,Mikkel Duelund,NEC Nijmegen,2021,1.0,1.0,1.0,1.0,exact_after_normalize
Mathias De Wolf,Mathias De Wolf,NEC Nijmegen,2021,1.0,1.0,1.0,1.0,exact_after_normalize
Mattijs Branderhorst,Mattijs Branderhorst,NEC Nijmegen,2021,1.0,1.0,1.0,1.0,exact_after_normalize
Ole Romeny,Ole Romeny,NEC Nijmegen,2021,1.0,1.0,1.0,1.0,exact_after_normalize
Rodrigo Guth,Rodrigo Guth,NEC Nijmegen,2021,1.0,1.0,1.0,1.0,exact_after_normalize
Wilfried Bony,Wilfried Bony,NEC Nijmegen,2021,1.0,1.0,1.0,1.0,exact_after_normalize
Souffian El Karouani,Souffian El Karouani,NEC Nijmegen,2021,1.0,1.0,1.0,1.0,exact_after_normalize
Ilias Bronkhorst,Ilias Bronkhorst,NEC Nijmegen,2021,1.0,1.0,1.0,1.0,exact_after_normalize
Dirk Proper,Dirk Proper,NEC Nijmegen,2021,1.0,1.0,1.0,1.0,exact_after_normalize
Iván Márquez,Iván Márquez,NEC Nijmegen,2021,1.0,1.0,1.0,1.0,exact_after_normalize
Ibrahim Cissoko,Ibrahim Cissoko,NEC Nijmegen,2021,1.0,1.0,1.0,1.0,exact_after_normalize
Javier Vet,Javier Vet,NEC Nijmegen,2021,1.0,1.0,1.0,1.0,exact_after_normalize
Cas Odenthal,Cas Odenthal,NEC Nijmegen,2021,1.0,1.0,1.0,1.0,exact_after_normalize
Ali Akman,Ali Akman,NEC Nijmegen,2021,1.0,1.0,1.0,1.0,exact_after_normalize
Thomas Beekman,Thomas Beekman,NEC Nijmegen,2021,1.0,1.0,1.0,1.0,exact_after_normalize
Elayis Tavsan,Elayis Tavsan,NEC Nijmegen,2021,1.0,1.0,1.0,1.0,exact_after_normalize
Lasse Schöne,Lasse Schöne,NEC Nijmegen,2021,1.0,1.0,1.0,1.0,exact_after_normalize
Bart van Rooij,Bart van Rooij,NEC Nijmegen,2021,1.0,1.0,1.0,1.0,exact_after_normalize
Calvin Verdonk,Calvin Verdonk,NEC Nijmegen,2021,1.0,1.0,1.0,1.0,exact_after_normalize
Magnus Mattsson,Magnus Mattsson,NEC Nijmegen,2021,1.0,1.0,1.0,1.0,exact_after_normalize
Édgar Barreto,Edgar Barreto,NEC Nijmegen,2021,0.6471,1.0,1.0,1.0,exact_after_normalize
Tim Coremans,Tim Coremans,Sparta,2021,1.0,1.0,1.0,1.0,exact_after_normalize
Jeremy van Mullem,Jeremy van Mullem,Sparta,2021,1.0,1.0,1.0,1.0,exact_after_normalize
Riza Durmisi,Riza Durmisi,Sparta,2021,1.0,1.0,1.0,1.0,exact_after_normalize
Michaël Heylen,Michaël Heylen,Sparta,2021,1.0,1.0,1.0,1.0,exact_after_normalize
Achraf Madi,Achraf Madi,Sparta,2021,1.0,1.0,1.0,1.0,exact_after_normalize
Mario Engels,Mario Engels,Sparta,2021,1.0,1.0,1.0,1.0,exact_after_normalize
Laurent Jans,Laurent Jans,Sparta,2021,1.0,1.0,1.0,1.0,exact_after_normalize
Kenzo Goudmijn,Kenzo Goudmijn,Sparta,2021,1.0,1.0,1.0,1.0,exact_after_normalize
Adil Auassar,Adil Auassar,Sparta,2021,1.0,1.0,1.0,1.0,exact_after_normalize
Vito van Crooij,Vito van Crooij,Sparta,2021,1.0,1.0,1.0,1.0,exact_after_normalize
Maduka Okoye,Maduka Okoye,Sparta,2021,1.0,1.0,1.0,1.0,exact_after_normalize
Laros Duarte,Laros Duarte,Sparta,2021,1.0,1.0,1.0,1.0,exact_after_normalize
Lennart Thy,Lennart Thy,Sparta,2021,1.0,1.0,1.0,1.0,exact_after_normalize
Bryan Smeets,Bryan Smeets,Sparta,2021,1.0,1.0,1.0,1.0,exact_after_normalize
Dirk Abels,Dirk Abels,Sparta,2021,1.0,1.0,1.0,1.0,exact_after_normalize
Abdou Harroui,Abdou Harroui,Sparta,2021,1.0,1.0,1.0,1.0,exact_after_normalize
Gaultiér Overman,Gaultiér Overman,Sparta,2021,1.0,1.0,1.0,1.0,exact_after_normalize
Bart Vriends,Bart Vriends,Sparta,2021,1.0,1.0,1.0,1.0,exact_after_normalize
Jason Meerstadt,Jason Meerstadt,Sparta,2021,1.0,1.0,1.0,1.0,exact_after_normalize
Michael Pinto,Michael Pinto,Sparta,2021,1.0,1.0,1.0,1.0,exact_after_normalize
Augustin Drakpe,Augustin Drakpe,Sparta,2021,1.0,1.0,1.0,1.0,exact_after_normalize
Benjamin van Leer,Benjamin van Leer,Sparta,2021,1.0,1.0,1.0,1.0,exact_after_normalize
Aaron Meijers,Aaron Meijers,Sparta,2021,1.0,1.0,1.0,1.0,exact_after_normalize
Tom Beugelsdijk,Tom Beugelsdijk,Sparta,2021,1.0,1.0,1.0,1.0,exact_after_normalize
Giannis Masouras,Giannis Masouras,Sparta,2021,1.0,1.0,1.0,1.0,exact_after_normalize
Mohammed Osman,Mohammed Osman,Sparta,2021,1.0,1.0,1.0,1.0,exact_after_normalize
Sven Mijnans,Sven Mijnans,Sparta,2021,1.0,1.0,1.0,1.0,exact_after_normalize
Joeri de Kamps,Joeri de Kamps,Sparta,2021,1.0,1.0,1.0,1.0,exact_after_normalize
Arno Verschueren,Arno Verschueren,Sparta,2021,1.0,1.0,1.0,1.0,exact_after_normalize
Adrián Dalmau,Adrián Dalmau,Sparta,2021,1.0,1.0,1.0,1.0,exact_after_normalize
Younes Namli,Younes Namli,Sparta,2021,1.0,1.0,1.0,1.0,exact_after_normalize
Maximilian Wittek,Maximilian Wittek,Vitesse,2021,1.0,1.0,1.0,1.0,exact_after_normalize
Loïs Openda,Loïs Openda,Vitesse,2021,1.0,1.0,1.0,1.0,exact_after_normalize
Eli Dasa,Eli Dasa,Vitesse,2021,1.0,1.0,1.0,1.0,exact_after_normalize
Million Manhoef,Million Manhoef,Vitesse,2021,1.0,1.0,1.0,1.0,exact_after_normalize
Miliano Jonathans,Miliano Jonathans,Vitesse,2021,1.0,1.0,1.0,1.0,exact_after_normalize
Enzo Cornelisse,Enzo Cornelisse,Vitesse,2021,1.0,1.0,1.0,1.0,exact_after_normalize
Riechedly Bazoer,Riechedly Bazoer,Vitesse,2021,1.0,1.0,1.0,1.0,exact_after_normalize
Daan Huisman,Daan Huisman,Vitesse,2021,1.0,1.0,1.0,1.0,exact_after_normalize
Markus Schubert,Markus Schubert,Vitesse,2021,1.0,1.0,1.0,1.0,exact_after_normalize
Jacob Rasmussen,Jacob Rasmussen,Vitesse,2021,1.0,1.0,1.0,1.0,exact_after_normalize
Danilho Doekhi,Danilho Doekhi,Vitesse,2021,1.0,1.0,1.0,1.0,exact_after_normalize
Sondre Tronstad,Sondre Tronstad,Vitesse,2021,1.0,1.0,1.0,1.0,exact_after_normalize
Jeroen Houwen,Jeroen Houwen,Vitesse,2021,1.0,1.0,1.0,1.0,exact_after_normalize
Oussama Tannane,Oussama Tannane,Vitesse,2021,1.0,1.0,1.0,1.0,exact_after_normalize
Toni Domgjoni,Toni Domgjoni,Vitesse,2021,1.0,1.0,1.0,1.0,exact_after_normalize
Romaric Yapi,Romaric Yapi,Vitesse,2021,1.0,1.0,1.0,1.0,exact_after_normalize
Julian von Moos,Julian von Moos,Vitesse,2021,1.0,1.0,1.0,1.0,exact_after_normalize
Hilary Gong,Hilary Gong,Vitesse,2021,1.0,1.0,1.0,1.0,exact_after_normalize
Gyan de Regt,Gyan de Regt,Vitesse,2021,1.0,1.0,1.0,1.0,exact_after_normalize
Thomas Buitink,Thomas Buitink,Vitesse,2021,1.0,1.0,1.0,1.0,exact_after_normalize
Patrick Vroegh,Patrick Vroegh,Vitesse,2021,1.0,1.0,1.0,1.0,exact_after_normalize
Simon Van Duivenbooden,Simon van Duivenbooden,Vitesse,2021,1.0,1.0,1.0,1.0,exact_after_normalize
Marcus Steffen,Marcus Steffen,Vitesse,2021,1.0,1.0,1.0,1.0,exact_after_normalize
Oussama Darfalou,Oussama Darfalou,Vitesse,2021,1.0,1.0,1.0,1.0,exact_after_normalize
Yann Gboho,Yann Gboho,Vitesse,2021,1.0,1.0,1.0,1.0,exact_after_normalize
Adrian Grbić,Adrian Grbic,Vitesse,2021,0.7333,1.0,1.0,1.0,exact_after_normalize
Tomáš Hájek,Tomás Hájek,Vitesse,2021,0.7143,1.0,1.0,1.0,exact_after_normalize
Matúš Bero,Matús Bero,Vitesse,2021,0.6923,1.0,1.0,1.0,exact_after_normalize
Nicolás Tagliafico,Nicolás Tagliafico,Ajax,2021,1.0,1.0,1.0,1.0,exact_after_normalize
André Onana,André Onana,Ajax,2021,1.0,1.0,1.0,1.0,exact_after_normalize
Youri Regeer,Youri Regeer,Ajax,2021,1.0,1.0,1.0,1.0,exact_after_normalize
Devyne Rensch,Devyne Rensch,Ajax,2021,1.0,1.0,1.0,1.0,exact_after_normalize
Victor Jensen,Victor Jensen,Ajax,2021,1.0,1.0,1.0,1.0,exact_after_normalize
Liam van Gelderen,Liam van Gelderen,Ajax,2021,1.0,1.0,1.0,1.0,exact_after_normalize
Zakaria Labyad,Zakaria Labyad,Ajax,2021,1.0,1.0,1.0,1.0,exact_after_normalize
Anass Salah-Eddine,Anass Salah-Eddine,Ajax,2021,1.0,1.0,1.0,1.0,exact_after_normalize
Jay Gorter,Jay Gorter,Ajax,2021,1.0,1.0,1.0,1.0,exact_after_normalize
Maarten Stekelenburg,Maarten Stekelenburg,Ajax,2021,1.0,1.0,1.0,1.0,exact_after_normalize
Mohammed Kudus,Mohammed Kudus,Ajax,2021,1.0,1.0,1.0,1.0,exact_after_normalize
David Neres,David Neres,Ajax,2021,1.0,1.0,1.0,1.0,exact_after_normalize
Kenneth Taylor,Kenneth Taylor,Ajax,2021,1.0,1.0,1.0,1.0,exact_after_normalize
Mohamed Daramy,Mohamed Daramy,Ajax,2021,1.0,1.0,1.0,1.0,exact_after_normalize
Perr Schuurs,Perr Schuurs,Ajax,2021,1.0,1.0,1.0,1.0,exact_after_normalize
Danilo,Danilo,Ajax,2021,1.0,1.0,1.0,1.0,exact_after_normalize
Davy Klaassen,Davy Klaassen,Ajax,2021,1.0,1.0,1.0,1.0,exact_after_normalize
Ryan Gravenberch,Ryan Gravenberch,Ajax,2021,1.0,1.0,1.0,1.0,exact_after_normalize
Sébastien Haller,Sébastien Haller,Ajax,2021,1.0,1.0,1.0,1.0,exact_after_normalize
Remko Pasveer,Remko Pasveer,Ajax,2021,1.0,1.0,1.0,1.0,exact_after_normalize
Edson Álvarez,Edson Álvarez,Ajax,2021,1.0,1.0,1.0,1.0,exact_after_normalize
Jurriën Timber,Jurriën Timber,Ajax,2021,1.0,1.0,1.0,1.0,exact_after_normalize
Antony,Antony,Ajax,2021,1.0,1.0,1.0,1.0,exact_after_normalize
Lisandro Martínez,Lisandro Martínez,Ajax,2021,1.0,1.0,1.0,1.0,exact_after_normalize
Steven Berghuis,Steven Berghuis,Ajax,2021,1.0,1.0,1.0,1.0,exact_after_normalize
Noussair Mazraoui,Noussair Mazraoui,Ajax,2021,1.0,1.0,1.0,1.0,exact_after_normalize
Daley Blind,Daley Blind,Ajax,2021,1.0,1.0,1.0,1.0,exact_after_normalize
Brian Brobbey,Brian Brobbey,Ajax,2021,1.0,1.0,1.0,1.0,exact_after_normalize
Dušan Tadić,Dusan Tadic,Ajax,2021,0.4118,1.0,1.0,1.0,exact_after_normalize
Myron van Brederode,Myron van Brederode,AZ,2021,1.0,1.0,1.0,1.0,exact_after_normalize
Mohamed Taabouni,Mohamed Taabouni,AZ,2021,1.0,1.0,1.0,1.0,exact_after_normalize
Yusuf Barasi,Yusuf Barasi,AZ,2021,1.0,1.0,1.0,1.0,exact_after_normalize
Zico Buurmeester,Zico Buurmeester,AZ,2021,1.0,1.0,1.0,1.0,exact_after_normalize
Maxim Dekker,Maxim Dekker,AZ,2021,1.0,1.0,1.0,1.0,exact_after_normalize
Yukinari Sugawara,Yukinari Sugawara,AZ,2021,1.0,1.0,1.0,1.0,exact_after_normalize
Vangelis Pavlidis,Vangelis Pavlidis,AZ,2021,1.0,1.0,1.0,1.0,exact_after_normalize
Håkon Evjen,Håkon Evjen,AZ,2021,1.0,1.0,1.0,1.0,exact_after_normalize
Peer Koopmeiners,Peer Koopmeiners,AZ,2021,1.0,1.0,1.0,1.0,exact_after_normalize
Tijjani Reijnders,Tijjani Reijnders,AZ,2021,1.0,1.0,1.0,1.0,exact_after_normalize
Bruno Martins Indi,Bruno Martins Indi,AZ,2021,1.0,1.0,1.0,1.0,exact_after_normalize
Pantelis Hatzidiakos,Pantelis Hatzidiakos,AZ,2021,1.0,1.0,1.0,1.0,exact_after_normalize
Jordy Clasie,Jordy Clasie,AZ,2021,1.0,1.0,1.0,1.0,exact_after_normalize
Aslak Witry,Aslak Witry,AZ,2021,1.0,1.0,1.0,1.0,exact_after_normalize
Milos Kerkez,Milos Kerkez,AZ,2021,1.0,1.0,1.0,1.0,exact_after_normalize
Fredrik Midtsjø,Fredrik Midtsjø,AZ,2021,1.0,1.0,1.0,1.0,exact_after_normalize
Owen Wijndal,Owen Wijndal,AZ,2021,1.0,1.0,1.0,1.0,exact_after_normalize
Dani de Wit,Dani de Wit,AZ,2021,1.0,1.0,1.0,1.0,exact_after_normalize
Jesper Karlsson,Jesper Karlsson,AZ,2021,1.0,1.0,1.0,1.0,exact_after_normalize
Zakaria Aboukhlal,Zakaria Aboukhlal,AZ,2021,1.0,1.0,1.0,1.0,exact_after_normalize
Jelle Duin,Jelle Duin,AZ,2021,1.0,1.0,1.0,1.0,exact_after_normalize
Hobie Verhulst,Hobie Verhulst,AZ,2021,1.0,1.0,1.0,1.0,exact_after_normalize
Teun Koopmeiners,Teun Koopmeiners,AZ,2021,1.0,1.0,1.0,1.0,exact_after_normalize
Thijs Oosting,Thijs Oosting,AZ,2021,1.0,1.0,1.0,1.0,exact_after_normalize
Timo Letschert,Timo Letschert,AZ,2021,1.0,1.0,1.0,1.0,exact_after_normalize
Ernest Poku,Ernest Poku,AZ,2021,1.0,1.0,1.0,1.0,exact_after_normalize
Sam Beukema,Sam Beukema,AZ,2021,1.0,1.0,1.0,1.0,exact_after_normalize
Kamal Sowah,Kamal Sowah,AZ,2021,1.0,1.0,1.0,1.0,exact_after_normalize
Samir Lagsir,Samir Lagsir,PEC Zwolle,2021,1.0,1.0,1.0,1.0,exact_after_normalize
Daishawn Redan,Daishawn Redan,PEC Zwolle,2021,1.0,1.0,1.0,1.0,exact_after_normalize
Gervane Kastaneer,Gervane Kastaneer,PEC Zwolle,2021,1.0,1.0,1.0,1.0,exact_after_normalize
Sai van Wermeskerken,Sai van Wermeskerken,PEC Zwolle,2021,1.0,1.0,1.0,1.0,exact_after_normalize
Oussama Darfalou,Oussama Darfalou,PEC Zwolle,2021,1.0,1.0,1.0,1.0,exact_after_normalize
Gabi Caschili,Gabi Caschili,PEC Zwolle,2021,1.0,1.0,1.0,1.0,exact_after_normalize
Rav van den Berg,Rav van den Berg,PEC Zwolle,2021,1.0,1.0,1.0,1.0,exact_after_normalize
Ryan Koolwijk,Ryan Koolwijk,PEC Zwolle,2021,1.0,1.0,1.0,1.0,exact_after_normalize
Thomas Beelen,Thomas Beelen,PEC Zwolle,2021,1.0,1.0,1.0,1.0,exact_after_normalize
Leandro Fernandes,Leandro Fernandes,PEC Zwolle,2021,1.0,1.0,1.0,1.0,exact_after_normalize
Elikia Mbinga,Elikia Mbinga,PEC Zwolle,2021,1.0,1.0,1.0,1.0,exact_after_normalize
Chardi Landu,Chardi Landu,PEC Zwolle,2021,1.0,1.0,1.0,1.0,exact_after_normalize
Maikel van der Werff,Maikel van der Werff,PEC Zwolle,2021,1.0,1.0,1.0,1.0,exact_after_normalize
Sam Kersten,Sam Kersten,PEC Zwolle,2021,1.0,1.0,1.0,1.0,exact_after_normalize
Dean Huiberts,Dean Huiberts,PEC Zwolle,2021,1.0,1.0,1.0,1.0,exact_after_normalize
Mark Pabai,Mark Pabai,PEC Zwolle,2021,1.0,1.0,1.0,1.0,exact_after_normalize
Tristan van Gilst,Tristan van Gilst,PEC Zwolle,2021,1.0,1.0,1.0,1.0,exact_after_normalize
Siemen Voet,Siemen Voet,PEC Zwolle,2021,1.0,1.0,1.0,1.0,exact_after_normalize
Max de Waal,Max de Waal,PEC Zwolle,2021,1.0,1.0,1.0,1.0,exact_after_normalize
Kenneth Paal,Kenneth Paal,PEC Zwolle,2021,1.0,1.0,1.0,1.0,exact_after_normalize
Bram van Polen,Bram van Polen,PEC Zwolle,2021,1.0,1.0,1.0,1.0,exact_after_normalize
Eliano Reijnders,Eliano Reijnders,PEC Zwolle,2021,1.0,1.0,1.0,1.0,exact_after_normalize
Rico Strieder,Rico Strieder,PEC Zwolle,2021,1.0,1.0,1.0,1.0,exact_after_normalize
Kostas Lamprou,Kostas Lamprou,PEC Zwolle,2021,1.0,1.0,1.0,1.0,exact_after_normalize
Pelle Clement,Pelle Clement,PEC Zwolle,2021,1.0,1.0,1.0,1.0,exact_after_normalize
Mustafa Saymak,Mustafa Saymak,PEC Zwolle,2021,1.0,1.0,1.0,1.0,exact_after_normalize
Thomas van den Belt,Thomas van den Belt,PEC Zwolle,2021,1.0,1.0,1.0,1.0,exact_after_normalize
Yuta Nakayama,Yuta Nakayama,PEC Zwolle,2021,1.0,1.0,1.0,1.0,exact_after_normalize
Mees de Wit,Mees de Wit,PEC Zwolle,2021,1.0,1.0,1.0,1.0,exact_after_normalize
Djavan Anderson,Djavan Anderson,PEC Zwolle,2021,1.0,1.0,1.0,1.0,exact_after_normalize
Slobodan Tedić,Slobodan Tedic,PEC Zwolle,2021,0.7647,1.0,1.0,1.0,exact_after_normalize
Luka Adžić,Luka Adzic,PEC Zwolle,2021,0.4667,1.0,1.0,1.0,exact_after_normalize
Kasper Lunding,Kasper Lunding,Heracles Almelo,2021,1.0,1.0,1.0,1.0,exact_after_normalize
Rai Vloet,Rai Vloet,Heracles Almelo,2021,1.0,1.0,1.0,1.0,exact_after_normalize
Robin Polley,Robin Polley,Heracles Almelo,2021,1.0,1.0,1.0,1.0,exact_after_normalize
Sven Sonnenberg,Sven Sonnenberg,Heracles Almelo,2021,1.0,1.0,1.0,1.0,exact_after_normalize
Sem Scheperman,Sem Scheperman,Heracles Almelo,2021,1.0,1.0,1.0,1.0,exact_after_normalize
Navajo Bakboord,Navajo Bakboord,Heracles Almelo,2021,1.0,1.0,1.0,1.0,exact_after_normalize
Ruben Roosken,Ruben Roosken,Heracles Almelo,2021,1.0,1.0,1.0,1.0,exact_after_normalize
Giacomo Quagliata,Giacomo Quagliata,Heracles Almelo,2021,1.0,1.0,1.0,1.0,exact_after_normalize
Anas Ouahim,Anas Ouahim,Heracles Almelo,2021,1.0,1.0,1.0,1.0,exact_after_normalize
Kaj Sierhuis,Kaj Sierhuis,Heracles Almelo,2021,1.0,1.0,1.0,1.0,exact_after_normalize
Mohamed Amissi,Mohamed Amissi,Heracles Almelo,2021,1.0,1.0,1.0,1.0,exact_after_normalize
Melih Ibrahimoglu,Melih Ibrahimoglu,Heracles Almelo,2021,1.0,1.0,1.0,1.0,exact_after_normalize
Justin Hoogma,Justin Hoogma,Heracles Almelo,2021,1.0,1.0,1.0,1.0,exact_after_normalize
Orestis Kiomourtzoglou,Orestis Kiomourtzoglou,Heracles Almelo,2021,1.0,1.0,1.0,1.0,exact_after_normalize
Mats Knoester,Mats Knoester,Heracles Almelo,2021,1.0,1.0,1.0,1.0,exact_after_normalize
Noah Fadiga,Noah Fadiga,Heracles Almelo,2021,1.0,1.0,1.0,1.0,exact_after_normalize
Nikolai Laursen,Nikolai Laursen,Heracles Almelo,2021,1.0,1.0,1.0,1.0,exact_after_normalize
Janis Blaswich,Janis Blaswich,Heracles Almelo,2021,1.0,1.0,1.0,1.0,exact_after_normalize
Luca de la Torre,Luca de la Torre,Heracles Almelo,2021,1.0,1.0,1.0,1.0,exact_after_normalize
Marco Rente,Marco Rente,Heracles Almelo,2021,1.0,1.0,1.0,1.0,exact_after_normalize
Emil Hansson,Emil Hansson,Heracles Almelo,2021,1.0,1.0,1.0,1.0,exact_after_normalize
Samuel Armenteros,Samuel Armenteros,Heracles Almelo,2021,1.0,1.0,1.0,1.0,exact_after_normalize
Lucas Schoofs,Lucas Schoofs,Heracles Almelo,2021,1.0,1.0,1.0,1.0,exact_after_normalize
Ismail Azzaoui,Ismail Azzaoui,Heracles Almelo,2021,1.0,1.0,1.0,1.0,exact_after_normalize
Delano Burgzorg,Delano Burgzorg,Heracles Almelo,2021,1.0,1.0,1.0,1.0,exact_after_normalize
Koen Bucker,Koen Bucker,Heracles Almelo,2021,1.0,1.0,1.0,1.0,exact_after_normalize
Mateo Leš,Mateo Les,Heracles Almelo,2021,0.6667,1.0,1.0,1.0,exact_after_normalize
Adrian Szöke,Adrián Szoke,Heracles Almelo,2021,0.3684,1.0,1.0,1.0,exact_after_normalize
Martijn Berden,Martijn Berden,Go Ahead Eagles,2021,1.0,1.0,1.0,1.0,exact_after_normalize
Isac Lidberg,Isac Lidberg,Go Ahead Eagles,2021,1.0,1.0,1.0,1.0,exact_after_normalize
Ogechika Heil,Ogechika Heil,Go Ahead Eagles,2021,1.0,1.0,1.0,1.0,exact_after_normalize
Turan Tuzlacik,Turan Tuzlacik,Go Ahead Eagles,2021,1.0,1.0,1.0,1.0,exact_after_normalize
Aventis Aventisian,Aventis Aventisian,Go Ahead Eagles,2021,1.0,1.0,1.0,1.0,exact_after_normalize
Jacob Mulenga,Jacob Mulenga,Go Ahead Eagles,2021,1.0,1.0,1.0,1.0,exact_after_normalize
Gerrit Nauber,Gerrit Nauber,Go Ahead Eagles,2021,1.0,1.0,1.0,1.0,exact_after_normalize
Bas Kuipers,Bas Kuipers,Go Ahead Eagles,2021,1.0,1.0,1.0,1.0,exact_after_normalize
Zakaria Eddahchouri,Zakaria Eddahchouri,Go Ahead Eagles,2021,1.0,1.0,1.0,1.0,exact_after_normalize
Iñigo Córdoba,Iñigo Córdoba,Go Ahead Eagles,2021,1.0,1.0,1.0,1.0,exact_after_normalize
Frank Ross,Frank Ross,Go Ahead Eagles,2021,1.0,1.0,1.0,1.0,exact_after_normalize
Luuk Brouwers,Luuk Brouwers,Go Ahead Eagles,2021,1.0,1.0,1.0,1.0,exact_after_normalize
Ragnar Oratmangoen,Ragnar Oratmangoen,Go Ahead Eagles,2021,1.0,1.0,1.0,1.0,exact_after_normalize
Jay Idzes,Jay Idzes,Go Ahead Eagles,2021,1.0,1.0,1.0,1.0,exact_after_normalize
Philippe Rommens,Philippe Rommens,Go Ahead Eagles,2021,1.0,1.0,1.0,1.0,exact_after_normalize
Warner Hahn,Warner Hahn,Go Ahead Eagles,2021,1.0,1.0,1.0,1.0,exact_after_normalize
Evert Linthorst,Evert Linthorst,Go Ahead Eagles,2021,1.0,1.0,1.0,1.0,exact_after_normalize
Andries Noppert,Andries Noppert,Go Ahead Eagles,2021,1.0,1.0,1.0,1.0,exact_after_normalize
Mats Deijl,Mats Deijl,Go Ahead Eagles,2021,1.0,1.0,1.0,1.0,exact_after_normalize
Joris Kramer,Joris Kramer,Go Ahead Eagles,2021,1.0,1.0,1.0,1.0,exact_after_normalize
Cuco Martina,Cuco Martina,Go Ahead Eagles,2021,1.0,1.0,1.0,1.0,exact_after_normalize
Yacine Bourhane,Yacine Bourhane,Go Ahead Eagles,2021,1.0,1.0,1.0,1.0,exact_after_normalize
Marc Cardona,Marc Cardona,Go Ahead Eagles,2021,1.0,1.0,1.0,1.0,exact_after_normalize
Boyd Lucassen,Boyd Lucassen,Go Ahead Eagles,2021,1.0,1.0,1.0,1.0,exact_after_normalize
Justin Bakker,Justin Bakker,Go Ahead Eagles,2021,1.0,1.0,1.0,1.0,exact_after_normalize
Navarone Foor,Navarone Foor,Cambuur,2022,1.0,1.0,1.0,1.0,exact_after_normalize
Felix Mambimbi,Felix Mambimbi,Cambuur,2022,1.0,1.0,1.0,1.0,exact_after_normalize
Daniël van Kaam,Daniël van Kaam,Cambuur,2022,1.0,1.0,1.0,1.0,exact_after_normalize
Robbin Ruiter,Robbin Ruiter,Cambuur,2022,1.0,1.0,1.0,1.0,exact_after_normalize
Mees Hoedemakers,Mees Hoedemakers,Cambuur,2022,1.0,1.0,1.0,1.0,exact_after_normalize
Alex Bangura,Alex Bangura,Cambuur,2022,1.0,1.0,1.0,1.0,exact_after_normalize
Sai van Wermeskerken,Sai van Wermeskerken,Cambuur,2022,1.0,1.0,1.0,1.0,exact_after_normalize
Floris Smand,Floris Smand,Cambuur,2022,1.0,1.0,1.0,1.0,exact_after_normalize
Jasper Ter Heide,Jasper ter Heide,Cambuur,2022,1.0,1.0,1.0,1.0,exact_after_normalize
David Sambissa,David Sambissa,Cambuur,2022,1.0,1.0,1.0,1.0,exact_after_normalize
Milan Smit,Milan Smit,Cambuur,2022,1.0,1.0,1.0,1.0,exact_after_normalize
Tom Boere,Tom Boere,Cambuur,2022,1.0,1.0,1.0,1.0,exact_after_normalize
João Virgínia,João Virgínia,Cambuur,2022,1.0,1.0,1.0,1.0,exact_after_normalize
Marco Tol,Marco Tol,Cambuur,2022,1.0,1.0,1.0,1.0,exact_after_normalize
Bjørn Johnsen,Bjørn Johnsen,Cambuur,2022,1.0,1.0,1.0,1.0,exact_after_normalize
Remco Balk,Remco Balk,Cambuur,2022,1.0,1.0,1.0,1.0,exact_after_normalize
Robin Maulun,Robin Maulun,Cambuur,2022,1.0,1.0,1.0,1.0,exact_after_normalize
Michael Breij,Michael Breij,Cambuur,2022,1.0,1.0,1.0,1.0,exact_after_normalize
Calvin Mac-Intosch,Calvin Mac-Intosch,Cambuur,2022,1.0,1.0,1.0,1.0,exact_after_normalize
Brett Minnema,Brett Minnema,Cambuur,2022,1.0,1.0,1.0,1.0,exact_after_normalize
Ben Rienstra,Ben Rienstra,Cambuur,2022,1.0,1.0,1.0,1.0,exact_after_normalize
Jamie Jacobs,Jamie Jacobs,Cambuur,2022,1.0,1.0,1.0,1.0,exact_after_normalize
Vincent Pichel,Vincent Pichel,Cambuur,2022,1.0,1.0,1.0,1.0,exact_after_normalize
Doke Schmidt,Doke Schmidt,Cambuur,2022,1.0,1.0,1.0,1.0,exact_after_normalize
Silvester van der Water,Silvester van der Water,Cambuur,2022,1.0,1.0,1.0,1.0,exact_after_normalize
Mimoun Mahi,Mimoun Mahi,Cambuur,2022,1.0,1.0,1.0,1.0,exact_after_normalize
Roberts Uldriķis,Roberts Uldrikis,Cambuur,2022,0.7,1.0,1.0,1.0,exact_after_normalize
Leon Bergsma,Léon Bergsma,Cambuur,2022,0.625,1.0,1.0,1.0,exact_after_normalize
Anthony Descotte,Anthony Descotte,Utrecht,2022,1.0,1.0,1.0,1.0,exact_after_normalize
Taylor Booth,Taylor Booth,Utrecht,2022,1.0,1.0,1.0,1.0,exact_after_normalize
Nick Viergever,Nick Viergever,Utrecht,2022,1.0,1.0,1.0,1.0,exact_after_normalize
Django Warmerdam,Django Warmerdam,Utrecht,2022,1.0,1.0,1.0,1.0,exact_after_normalize
Bas Dost,Bas Dost,Utrecht,2022,1.0,1.0,1.0,1.0,exact_after_normalize
Amin Younes,Amin Younes,Utrecht,2022,1.0,1.0,1.0,1.0,exact_after_normalize
Luuk Brouwers,Luuk Brouwers,Utrecht,2022,1.0,1.0,1.0,1.0,exact_after_normalize
Naoki Maeda,Naoki Maeda,Utrecht,2022,1.0,1.0,1.0,1.0,exact_after_normalize
Modibo Sagnan,Modibo Sagnan,Utrecht,2022,1.0,1.0,1.0,1.0,exact_after_normalize
Vasilios Barkas,Vasilios Barkas,Utrecht,2022,1.0,1.0,1.0,1.0,exact_after_normalize
Can Bozdogan,Can Bozdogan,Utrecht,2022,1.0,1.0,1.0,1.0,exact_after_normalize
Djevencio van der Kust,Djevencio van der Kust,Utrecht,2022,1.0,1.0,1.0,1.0,exact_after_normalize
Daishawn Redan,Daishawn Redan,Utrecht,2022,1.0,1.0,1.0,1.0,exact_after_normalize
Rocco Shein,Rocco Shein,Utrecht,2022,1.0,1.0,1.0,1.0,exact_after_normalize
Sander van de Streek,Sander van de Streek,Utrecht,2022,1.0,1.0,1.0,1.0,exact_after_normalize
Moussa Sylla,Moussa Sylla,Utrecht,2022,1.0,1.0,1.0,1.0,exact_after_normalize
Ramon Hendriks,Ramon Hendriks,Utrecht,2022,1.0,1.0,1.0,1.0,exact_after_normalize
Fabian de Keijzer,Fabian de Keijzer,Utrecht,2022,1.0,1.0,1.0,1.0,exact_after_normalize
Mimoun Mahi,Mimoun Mahi,Utrecht,2022,1.0,1.0,1.0,1.0,exact_after_normalize
Victor Jensen,Victor Jensen,Utrecht,2022,1.0,1.0,1.0,1.0,exact_after_normalize
Zakaria Labyad,Zakaria Labyad,Utrecht,2022,1.0,1.0,1.0,1.0,exact_after_normalize
Sean Klaiber,Sean Klaiber,Utrecht,2022,1.0,1.0,1.0,1.0,exact_after_normalize
Mark van der Maarel,Mark van der Maarel,Utrecht,2022,1.0,1.0,1.0,1.0,exact_after_normalize
Mike van der Hoorn,Mike van der Hoorn,Utrecht,2022,1.0,1.0,1.0,1.0,exact_after_normalize
Hidde ter Avest,Hidde ter Avest,Utrecht,2022,1.0,1.0,1.0,1.0,exact_after_normalize
Ruben Kluivert,Ruben Kluivert,Utrecht,2022,1.0,1.0,1.0,1.0,exact_after_normalize
Albert Lottin,Albert Lottin,Utrecht,2022,1.0,1.0,1.0,1.0,exact_after_normalize
Jens Toornstra,Jens Toornstra,Utrecht,2022,1.0,1.0,1.0,1.0,exact_after_normalize
Bart Ramselaar,Bart Ramselaar,Utrecht,2022,1.0,1.0,1.0,1.0,exact_after_normalize
Arthur Zagre,Arthur Zagré,Utrecht,2022,0.7333,1.0,1.0,1.0,exact_after_normalize
Aimar Sher,Aimar Sher,Groningen,2022,1.0,1.0,1.0,1.0,exact_after_normalize
Neraysho Kasanwirjo,Neraysho Kasanwirjo,Groningen,2022,1.0,1.0,1.0,1.0,exact_after_normalize
Oliver Antman,Oliver Antman,Groningen,2022,1.0,1.0,1.0,1.0,exact_after_normalize
Jetro Willems,Jetro Willems,Groningen,2022,1.0,1.0,1.0,1.0,exact_after_normalize
Cyril Ngonge,Cyril Ngonge,Groningen,2022,1.0,1.0,1.0,1.0,exact_after_normalize
Radinio Balker,Radinio Balker,Groningen,2022,1.0,1.0,1.0,1.0,exact_after_normalize
Mike te Wierik,Mike te Wierik,Groningen,2022,1.0,1.0,1.0,1.0,exact_after_normalize
Ragnar Oratmangoen,Ragnar Oratmangoen,Groningen,2022,1.0,1.0,1.0,1.0,exact_after_normalize
Damil Dankerlui,Damil Dankerlui,Groningen,2022,1.0,1.0,1.0,1.0,exact_after_normalize
Jørgen Strand Larsen,Jørgen Strand Larsen,Groningen,2022,1.0,1.0,1.0,1.0,exact_after_normalize
Yahya Kalley,Yahya Kalley,Groningen,2022,1.0,1.0,1.0,1.0,exact_after_normalize
Romano Postema,Romano Postema,Groningen,2022,1.0,1.0,1.0,1.0,exact_after_normalize
Liam van Gelderen,Liam van Gelderen,Groningen,2022,1.0,1.0,1.0,1.0,exact_after_normalize
Thijmen Blokzijl,Thijmen Blokzijl,Groningen,2022,1.0,1.0,1.0,1.0,exact_after_normalize
Isak Määttä,Isak Määttä,Groningen,2022,1.0,1.0,1.0,1.0,exact_after_normalize
Michael Verrips,Michael Verrips,Groningen,2022,1.0,1.0,1.0,1.0,exact_after_normalize
Jorg Schreuders,Jorg Schreuders,Groningen,2022,1.0,1.0,1.0,1.0,exact_after_normalize
Jan de Boer,Jan de Boer,Groningen,2022,1.0,1.0,1.0,1.0,exact_after_normalize
Laros Duarte,Laros Duarte,Groningen,2022,1.0,1.0,1.0,1.0,exact_after_normalize
Daleho Irandust,Daleho Irandust,Groningen,2022,1.0,1.0,1.0,1.0,exact_after_normalize
Johan Hove,Johan Hove,Groningen,2022,1.0,1.0,1.0,1.0,exact_after_normalize
Peter Leeuwenburgh,Peter Leeuwenburgh,Groningen,2022,1.0,1.0,1.0,1.0,exact_after_normalize
Patrick Joosten,Patrick Joosten,Groningen,2022,1.0,1.0,1.0,1.0,exact_after_normalize
Thom van Bergen,Thom van Bergen,Groningen,2022,1.0,1.0,1.0,1.0,exact_after_normalize
Ramon Lundqvist,Ramon Lundqvist,Groningen,2022,1.0,1.0,1.0,1.0,exact_after_normalize
Ricardo Pepi,Ricardo Pepi,Groningen,2022,1.0,1.0,1.0,1.0,exact_after_normalize
Paulos Abraham,Paulos Abraham,Groningen,2022,1.0,1.0,1.0,1.0,exact_after_normalize
Florian Krüger,Florian Krüger,Groningen,2022,1.0,1.0,1.0,1.0,exact_after_normalize
Joey Pelupessy,Joey Pelupessy,Groningen,2022,1.0,1.0,1.0,1.0,exact_after_normalize
Elvis Manu,Elvis Manu,Groningen,2022,1.0,1.0,1.0,1.0,exact_after_normalize
Nordin Musampa,Nordin Musampa,Groningen,2022,1.0,1.0,1.0,1.0,exact_after_normalize
Luciano Valente,Luciano Valente,Groningen,2022,1.0,1.0,1.0,1.0,exact_after_normalize
Tomáš Suslov,Tomás Suslov,Groningen,2022,0.7333,1.0,1.0,1.0,exact_after_normalize
Marin Šverko,Marin Sverko,Groningen,2022,0.625,1.0,1.0,1.0,exact_after_normalize
Matěj Chaluš,Matej Chalus,Groningen,2022,0.4444,1.0,1.0,1.0,exact_after_normalize
Patrik Wålemark,Patrik Wålemark,Feyenoord,2022,1.0,1.0,1.0,1.0,exact_after_normalize
Mohamed Taabouni,Mohamed Taabouni,Feyenoord,2022,1.0,1.0,1.0,1.0,exact_after_normalize
Orkun Kökçü,Orkun Kökçü,Feyenoord,2022,1.0,1.0,1.0,1.0,exact_after_normalize
Lutsharel Geertruida,Lutsharel Geertruida,Feyenoord,2022,1.0,1.0,1.0,1.0,exact_after_normalize
Dávid Hancko,Dávid Hancko,Feyenoord,2022,1.0,1.0,1.0,1.0,exact_after_normalize
Jacob Rasmussen,Jacob Rasmussen,Feyenoord,2022,1.0,1.0,1.0,1.0,exact_after_normalize
Marcus Pedersen,Marcus Pedersen,Feyenoord,2022,1.0,1.0,1.0,1.0,exact_after_normalize
Marcos López,Marcos López,Feyenoord,2022,1.0,1.0,1.0,1.0,exact_after_normalize
Gernot Trauner,Gernot Trauner,Feyenoord,2022,1.0,1.0,1.0,1.0,exact_after_normalize
Mimeirhel Benita,Mimeirhel Benita,Feyenoord,2022,1.0,1.0,1.0,1.0,exact_after_normalize
Mats Wieffer,Mats Wieffer,Feyenoord,2022,1.0,1.0,1.0,1.0,exact_after_normalize
Alireza Jahanbakhsh,Alireza Jahanbakhsh,Feyenoord,2022,1.0,1.0,1.0,1.0,exact_after_normalize
Oussama Idrissi,Oussama Idrissi,Feyenoord,2022,1.0,1.0,1.0,1.0,exact_after_normalize
Justin Bijlow,Justin Bijlow,Feyenoord,2022,1.0,1.0,1.0,1.0,exact_after_normalize
Danilo,Danilo,Feyenoord,2022,1.0,1.0,1.0,1.0,exact_after_normalize
Igor Paixão,Igor Paixão,Feyenoord,2022,1.0,1.0,1.0,1.0,exact_after_normalize
Santiago Giménez,Santiago Giménez,Feyenoord,2022,1.0,1.0,1.0,1.0,exact_after_normalize
Ezequiel Bullaude,Ezequiel Bullaude,Feyenoord,2022,1.0,1.0,1.0,1.0,exact_after_normalize
Antoni Milambo,Antoni Milambo,Feyenoord,2022,1.0,1.0,1.0,1.0,exact_after_normalize
Javairô Dilrosun,Javairô Dilrosun,Feyenoord,2022,1.0,1.0,1.0,1.0,exact_after_normalize
Noah Naujoks,Noah Naujoks,Feyenoord,2022,1.0,1.0,1.0,1.0,exact_after_normalize
Cole Bassett,Cole Bassett,Feyenoord,2022,1.0,1.0,1.0,1.0,exact_after_normalize
Jens Toornstra,Jens Toornstra,Feyenoord,2022,1.0,1.0,1.0,1.0,exact_after_normalize
Fredrik Aursnes,Fredrik Aursnes,Feyenoord,2022,1.0,1.0,1.0,1.0,exact_after_normalize
Quilindschy Hartman,Quilindschy Hartman,Feyenoord,2022,1.0,1.0,1.0,1.0,exact_after_normalize
Timon Wellenreuther,Timon Wellenreuther,Feyenoord,2022,1.0,1.0,1.0,1.0,exact_after_normalize
Quinten Timber,Quinten Timber,Feyenoord,2022,1.0,1.0,1.0,1.0,exact_after_normalize
Neraysho Kasanwirjo,Neraysho Kasanwirjo,Feyenoord,2022,1.0,1.0,1.0,1.0,exact_after_normalize
Sebastian Szymański,Sebastian Szymanski,Feyenoord,2022,0.7273,1.0,1.0,1.0,exact_after_normalize
Pelle Clement,Pelle Clement,RKC Waalwijk,2022,1.0,1.0,1.0,1.0,exact_after_normalize
Shawn Adewoye,Shawn Adewoye,RKC Waalwijk,2022,1.0,1.0,1.0,1.0,exact_after_normalize
Thierry Lutonda,Thierry Lutonda,RKC Waalwijk,2022,1.0,1.0,1.0,1.0,exact_after_normalize
Sebbe Augustijns,Sebbe Augustijns,RKC Waalwijk,2022,1.0,1.0,1.0,1.0,exact_after_normalize
Florian Jozefzoon,Florian Jozefzoon,RKC Waalwijk,2022,1.0,1.0,1.0,1.0,exact_after_normalize
Michiel Kramer,Michiel Kramer,RKC Waalwijk,2022,1.0,1.0,1.0,1.0,exact_after_normalize
Yassin Oukili,Yassin Oukili,RKC Waalwijk,2022,1.0,1.0,1.0,1.0,exact_after_normalize
Lennerd Daneels,Lennerd Daneels,RKC Waalwijk,2022,1.0,1.0,1.0,1.0,exact_after_normalize
Mats Seuntjens,Mats Seuntjens,RKC Waalwijk,2022,1.0,1.0,1.0,1.0,exact_after_normalize
Hans Mulder,Hans Mulder,RKC Waalwijk,2022,1.0,1.0,1.0,1.0,exact_after_normalize
Mika Biereth,Mika Biereth,RKC Waalwijk,2022,1.0,1.0,1.0,1.0,exact_after_normalize
Zakaria Bakkali,Zakaria Bakkali,RKC Waalwijk,2022,1.0,1.0,1.0,1.0,exact_after_normalize
Saïd Bakari,Saïd Bakari,RKC Waalwijk,2022,1.0,1.0,1.0,1.0,exact_after_normalize
Julian Lelieveld,Julian Lelieveld,RKC Waalwijk,2022,1.0,1.0,1.0,1.0,exact_after_normalize
Kevin Felida,Kevin Felida,RKC Waalwijk,2022,1.0,1.0,1.0,1.0,exact_after_normalize
Vurnon Anita,Vurnon Anita,RKC Waalwijk,2022,1.0,1.0,1.0,1.0,exact_after_normalize
Etienne Vaessen,Etienne Vaessen,RKC Waalwijk,2022,1.0,1.0,1.0,1.0,exact_after_normalize
Iliass Bel Hassani,Iliass Bel Hassani,RKC Waalwijk,2022,1.0,1.0,1.0,1.0,exact_after_normalize
Lars Nieuwpoort,Lars Nieuwpoort,RKC Waalwijk,2022,1.0,1.0,1.0,1.0,exact_after_normalize
Roy Kuijpers,Roy Kuijpers,RKC Waalwijk,2022,1.0,1.0,1.0,1.0,exact_after_normalize
Juriën Gaari,Juriën Gaari,RKC Waalwijk,2022,1.0,1.0,1.0,1.0,exact_after_normalize
Chris Lokesa,Chris Lokesa,RKC Waalwijk,2022,1.0,1.0,1.0,1.0,exact_after_normalize
Julen Lobete,Julen Lobete,RKC Waalwijk,2022,1.0,1.0,1.0,1.0,exact_after_normalize
Luuk Wouters,Luuk Wouters,RKC Waalwijk,2022,1.0,1.0,1.0,1.0,exact_after_normalize
Dario Van den Buijs,Dario Van den Buijs,RKC Waalwijk,2022,1.0,1.0,1.0,1.0,exact_after_normalize
Patrick Vroegh,Patrick Vroegh,RKC Waalwijk,2022,1.0,1.0,1.0,1.0,exact_after_normalize
Rami Al Hajj,Rami Al Hajj,Heerenveen,2022,1.0,1.0,1.0,1.0,exact_after_normalize
Jan Bekkema,Jan Bekkema,Heerenveen,2022,1.0,1.0,1.0,1.0,exact_after_normalize
Mats Köhlert,Mats Köhlert,Heerenveen,2022,1.0,1.0,1.0,1.0,exact_after_normalize
Daniel Karlsbakk,Daniel Karlsbakk,Heerenveen,2022,1.0,1.0,1.0,1.0,exact_after_normalize
Rami Kaib,Rami Kaib,Heerenveen,2022,1.0,1.0,1.0,1.0,exact_after_normalize
Anas Tahiri,Anas Tahiri,Heerenveen,2022,1.0,1.0,1.0,1.0,exact_after_normalize
Hussein Ali,Hussein Ali,Heerenveen,2022,1.0,1.0,1.0,1.0,exact_after_normalize
Ché Nunnely,Ché Nunnely,Heerenveen,2022,1.0,1.0,1.0,1.0,exact_after_normalize
Milan van Ewijk,Milan van Ewijk,Heerenveen,2022,1.0,1.0,1.0,1.0,exact_after_normalize
Xavier Mous,Xavier Mous,Heerenveen,2022,1.0,1.0,1.0,1.0,exact_after_normalize
Pelle van Amersfoort,Pelle van Amersfoort,Heerenveen,2022,1.0,1.0,1.0,1.0,exact_after_normalize
Thom Haye,Thom Haye,Heerenveen,2022,1.0,1.0,1.0,1.0,exact_after_normalize
Amin Sarr,Amin Sarr,Heerenveen,2022,1.0,1.0,1.0,1.0,exact_after_normalize
Andries Noppert,Andries Noppert,Heerenveen,2022,1.0,1.0,1.0,1.0,exact_after_normalize
Osame Sahraoui,Osame Sahraoui,Heerenveen,2022,1.0,1.0,1.0,1.0,exact_after_normalize
Antoine Colassin,Antoine Colassin,Heerenveen,2022,1.0,1.0,1.0,1.0,exact_after_normalize
Syb Van Ottele,Syb van Ottele,Heerenveen,2022,1.0,1.0,1.0,1.0,exact_after_normalize
Simon Olsson,Simon Olsson,Heerenveen,2022,1.0,1.0,1.0,1.0,exact_after_normalize
Sydney van Hooijdonk,Sydney van Hooijdonk,Heerenveen,2022,1.0,1.0,1.0,1.0,exact_after_normalize
Joost van Aken,Joost van Aken,Heerenveen,2022,1.0,1.0,1.0,1.0,exact_after_normalize
Jeffrey Bruma,Jeffrey Bruma,Heerenveen,2022,1.0,1.0,1.0,1.0,exact_after_normalize
Alex Timossi Andersson,Alex Timossi Andersson,Heerenveen,2022,1.0,1.0,1.0,1.0,exact_after_normalize
Sven van Beek,Sven van Beek,Heerenveen,2022,1.0,1.0,1.0,1.0,exact_after_normalize
Tibor Halilović,Tibor Halilovic,Heerenveen,2022,0.7778,1.0,1.0,1.0,exact_after_normalize
Max Bruns,Max Bruns,Twente,2022,1.0,1.0,1.0,1.0,exact_after_normalize
Anass Salah-Eddine,Anass Salah-Eddine,Twente,2022,1.0,1.0,1.0,1.0,exact_after_normalize
Sander Sybrandy,Sander Sybrandy,Twente,2022,1.0,1.0,1.0,1.0,exact_after_normalize
Christos Tzolis,Christos Tzolis,Twente,2022,1.0,1.0,1.0,1.0,exact_after_normalize
Daan Rots,Daan Rots,Twente,2022,1.0,1.0,1.0,1.0,exact_after_normalize
Julio Pleguezuelo,Julio Pleguezuelo,Twente,2022,1.0,1.0,1.0,1.0,exact_after_normalize
Ricky van Wolfswinkel,Ricky van Wolfswinkel,Twente,2022,1.0,1.0,1.0,1.0,exact_after_normalize
Wout Brama,Wout Brama,Twente,2022,1.0,1.0,1.0,1.0,exact_after_normalize
Casper Staring,Casper Staring,Twente,2022,1.0,1.0,1.0,1.0,exact_after_normalize
Denilho Cleonise,Denilho Cleonise,Twente,2022,1.0,1.0,1.0,1.0,exact_after_normalize
Michal Sadílek,Michal Sadílek,Twente,2022,1.0,1.0,1.0,1.0,exact_after_normalize
Lars Unnerstall,Lars Unnerstall,Twente,2022,1.0,1.0,1.0,1.0,exact_after_normalize
Alfons Sampsted,Alfons Sampsted,Twente,2022,1.0,1.0,1.0,1.0,exact_after_normalize
Luca Everink,Luca Everink,Twente,2022,1.0,1.0,1.0,1.0,exact_after_normalize
Ramiz Zerrouki,Ramiz Zerrouki,Twente,2022,1.0,1.0,1.0,1.0,exact_after_normalize
Robin Pröpper,Robin Pröpper,Twente,2022,1.0,1.0,1.0,1.0,exact_after_normalize
Mathias Kjølø,Mathias Kjølø,Twente,2022,1.0,1.0,1.0,1.0,exact_after_normalize
Joshua Brenet,Joshua Brenet,Twente,2022,1.0,1.0,1.0,1.0,exact_after_normalize
Mees Hilgers,Mees Hilgers,Twente,2022,1.0,1.0,1.0,1.0,exact_after_normalize
Gijs Smal,Gijs Smal,Twente,2022,1.0,1.0,1.0,1.0,exact_after_normalize
Michel Vlap,Michel Vlap,Twente,2022,1.0,1.0,1.0,1.0,exact_after_normalize
Virgil Misidjan,Virgil Misidjan,Twente,2022,1.0,1.0,1.0,1.0,exact_after_normalize
Manfred Ugalde,Manfred Ugalde,Twente,2022,1.0,1.0,1.0,1.0,exact_after_normalize
Sem Steijn,Sem Steijn,Twente,2022,1.0,1.0,1.0,1.0,exact_after_normalize
Václav Černý,Václav Cerny,Twente,2022,0.4444,1.0,1.0,1.0,exact_after_normalize
Yorbe Vertessen,Yorbe Vertessen,PSV,2022,1.0,1.0,1.0,1.0,exact_after_normalize
Olivier Boscagli,Olivier Boscagli,PSV,2022,1.0,1.0,1.0,1.0,exact_after_normalize
Fábio Silva,Fábio Silva,PSV,2022,1.0,1.0,1.0,1.0,exact_after_normalize
Jordan Teze,Jordan Teze,PSV,2022,1.0,1.0,1.0,1.0,exact_after_normalize
Mauro Júnior,Mauro Júnior,PSV,2022,1.0,1.0,1.0,1.0,exact_after_normalize
Carlos Vinícius,Carlos Vinícius,PSV,2022,1.0,1.0,1.0,1.0,exact_after_normalize
Marco van Ginkel,Marco van Ginkel,PSV,2022,1.0,1.0,1.0,1.0,exact_after_normalize
Armando Obispo,Armando Obispo,PSV,2022,1.0,1.0,1.0,1.0,exact_after_normalize
Joey Veerman,Joey Veerman,PSV,2022,1.0,1.0,1.0,1.0,exact_after_normalize
Phillipp Mwene,Phillipp Mwene,PSV,2022,1.0,1.0,1.0,1.0,exact_after_normalize
Guus Til,Guus Til,PSV,2022,1.0,1.0,1.0,1.0,exact_after_normalize
Fodé Fofana,Fodé Fofana,PSV,2022,1.0,1.0,1.0,1.0,exact_after_normalize
Johan Bakayoko,Johan Bakayoko,PSV,2022,1.0,1.0,1.0,1.0,exact_after_normalize
Ki-Jana Hoever,Ki-Jana Hoever,PSV,2022,1.0,1.0,1.0,1.0,exact_after_normalize
Sávio,Sávio,PSV,2022,1.0,1.0,1.0,1.0,exact_after_normalize
Ismael Saibari,Ismael Saibari,PSV,2022,1.0,1.0,1.0,1.0,exact_after_normalize
Ibrahim Sangaré,Ibrahim Sangaré,PSV,2022,1.0,1.0,1.0,1.0,exact_after_normalize
Philipp Max,Philipp Max,PSV,2022,1.0,1.0,1.0,1.0,exact_after_normalize
André Ramalho,André Ramalho,PSV,2022,1.0,1.0,1.0,1.0,exact_after_normalize
Jarrad Branthwaite,Jarrad Branthwaite,PSV,2022,1.0,1.0,1.0,1.0,exact_after_normalize
Cody Gakpo,Cody Gakpo,PSV,2022,1.0,1.0,1.0,1.0,exact_after_normalize
Thorgan Hazard,Thorgan Hazard,PSV,2022,1.0,1.0,1.0,1.0,exact_after_normalize
Anwar El Ghazi,Anwar El Ghazi,PSV,2022,1.0,1.0,1.0,1.0,exact_after_normalize
Noni Madueke,Noni Madueke,PSV,2022,1.0,1.0,1.0,1.0,exact_after_normalize
Walter Benítez,Walter Benítez,PSV,2022,1.0,1.0,1.0,1.0,exact_after_normalize
Xavi Simons,Xavi Simons,PSV,2022,1.0,1.0,1.0,1.0,exact_after_normalize
Luuk de Jong,Luuk de Jong,PSV,2022,1.0,1.0,1.0,1.0,exact_after_normalize
Patrick van Aanholt,Patrick van Aanholt,PSV,2022,1.0,1.0,1.0,1.0,exact_after_normalize
Fredrik Oppegard,Fredrik Oppegård,PSV,2022,0.7,1.0,1.0,1.0,exact_after_normalize
Erick Gutiérrez,Érick Gutiérrez,PSV,2022,0.6842,1.0,1.0,1.0,exact_after_normalize
Joel Drommel,Joël Drommel,PSV,2022,0.6667,1.0,1.0,1.0,exact_after_normalize
Gianmarco Cangiano,Gianmarco Cangiano,Fortuna Sittard,2022,1.0,1.0,1.0,1.0,exact_after_normalize
Rémy Vita,Rémy Vita,Fortuna Sittard,2022,1.0,1.0,1.0,1.0,exact_after_normalize
Cole Bassett,Cole Bassett,Fortuna Sittard,2022,1.0,1.0,1.0,1.0,exact_after_normalize
Roel Janssen,Roel Janssen,Fortuna Sittard,2022,1.0,1.0,1.0,1.0,exact_after_normalize
Úmaro Embaló,Úmaro Embaló,Fortuna Sittard,2022,1.0,1.0,1.0,1.0,exact_after_normalize
Mickaël Tirpan,Mickaël Tirpan,Fortuna Sittard,2022,1.0,1.0,1.0,1.0,exact_after_normalize
Iñigo Córdoba,Iñigo Córdoba,Fortuna Sittard,2022,1.0,1.0,1.0,1.0,exact_after_normalize
Deroy Duarte,Deroy Duarte,Fortuna Sittard,2022,1.0,1.0,1.0,1.0,exact_after_normalize
Mats Seuntjens,Mats Seuntjens,Fortuna Sittard,2022,1.0,1.0,1.0,1.0,exact_after_normalize
Ivo Pinto,Ivo Pinto,Fortuna Sittard,2022,1.0,1.0,1.0,1.0,exact_after_normalize
Arianit Ferati,Arianit Ferati,Fortuna Sittard,2022,1.0,1.0,1.0,1.0,exact_after_normalize
George Cox,George Cox,Fortuna Sittard,2022,1.0,1.0,1.0,1.0,exact_after_normalize
Yanick van Osch,Yanick van Osch,Fortuna Sittard,2022,1.0,1.0,1.0,1.0,exact_after_normalize
Tijjani Noslin,Tijjani Noslin,Fortuna Sittard,2022,1.0,1.0,1.0,1.0,exact_after_normalize
Ivor Pandur,Ivor Pandur,Fortuna Sittard,2022,1.0,1.0,1.0,1.0,exact_after_normalize
Rodrigo Guth,Rodrigo Guth,Fortuna Sittard,2022,1.0,1.0,1.0,1.0,exact_after_normalize
Ximo Navarro,Ximo Navarro,Fortuna Sittard,2022,1.0,1.0,1.0,1.0,exact_after_normalize
Paul Gladon,Paul Gladon,Fortuna Sittard,2022,1.0,1.0,1.0,1.0,exact_after_normalize
Thomas Buitink,Thomas Buitink,Fortuna Sittard,2022,1.0,1.0,1.0,1.0,exact_after_normalize
Mike van Beijnen,Mike van Beijnen,Fortuna Sittard,2022,1.0,1.0,1.0,1.0,exact_after_normalize
Kristijan Bistrović,Kristijan Bistrovic,Fortuna Sittard,2022,0.8095,1.0,1.0,1.0,exact_after_normalize
Stipe Radić,Stipe Radic,Fortuna Sittard,2022,0.7143,1.0,1.0,1.0,exact_after_normalize
Oğuzhan Özyakup,Oguzhan Özyakup,Fortuna Sittard,2022,0.6842,1.0,1.0,1.0,exact_after_normalize
Doğan Erdoğan,Dogan Erdogan,Fortuna Sittard,2022,0.5385,1.0,1.0,1.0,exact_after_normalize
Magnus Mattsson,Magnus Mattsson,NEC Nijmegen,2022,1.0,1.0,1.0,1.0,exact_after_normalize
Dirk Proper,Dirk Proper,NEC Nijmegen,2022,1.0,1.0,1.0,1.0,exact_after_normalize
Philippe Sandler,Philippe Sandler,NEC Nijmegen,2022,1.0,1.0,1.0,1.0,exact_after_normalize
Jordy Bruijn,Jordy Bruijn,NEC Nijmegen,2022,1.0,1.0,1.0,1.0,exact_after_normalize
Anthony Musaba,Anthony Musaba,NEC Nijmegen,2022,1.0,1.0,1.0,1.0,exact_after_normalize
Jasper Cillessen,Jasper Cillessen,NEC Nijmegen,2022,1.0,1.0,1.0,1.0,exact_after_normalize
Oussama Tannane,Oussama Tannane,NEC Nijmegen,2022,1.0,1.0,1.0,1.0,exact_after_normalize
Joris Kramer,Joris Kramer,NEC Nijmegen,2022,1.0,1.0,1.0,1.0,exact_after_normalize
Bart van Rooij,Bart van Rooij,NEC Nijmegen,2022,1.0,1.0,1.0,1.0,exact_after_normalize
Pedro Marques,Pedro Marques,NEC Nijmegen,2022,1.0,1.0,1.0,1.0,exact_after_normalize
Ibrahim Cissoko,Ibrahim Cissoko,NEC Nijmegen,2022,1.0,1.0,1.0,1.0,exact_after_normalize
Souffian El Karouani,Souffian El Karouani,NEC Nijmegen,2022,1.0,1.0,1.0,1.0,exact_after_normalize
Iván Márquez,Iván Márquez,NEC Nijmegen,2022,1.0,1.0,1.0,1.0,exact_after_normalize
Ilias Bronkhorst,Ilias Bronkhorst,NEC Nijmegen,2022,1.0,1.0,1.0,1.0,exact_after_normalize
Lasse Schöne,Lasse Schöne,NEC Nijmegen,2022,1.0,1.0,1.0,1.0,exact_after_normalize
Landry Dimata,Landry Dimata,NEC Nijmegen,2022,1.0,1.0,1.0,1.0,exact_after_normalize
Mikkel Duelund,Mikkel Duelund,NEC Nijmegen,2022,1.0,1.0,1.0,1.0,exact_after_normalize
Calvin Verdonk,Calvin Verdonk,NEC Nijmegen,2022,1.0,1.0,1.0,1.0,exact_after_normalize
Elayis Tavsan,Elayis Tavsan,NEC Nijmegen,2022,1.0,1.0,1.0,1.0,exact_after_normalize
Mattijs Branderhorst,Mattijs Branderhorst,NEC Nijmegen,2022,1.0,1.0,1.0,1.0,exact_after_normalize
Mike Eerdhuijzen,Mike Eerdhuijzen,Sparta,2022,1.0,1.0,1.0,1.0,exact_after_normalize
Jeremy van Mullem,Jeremy van Mullem,Sparta,2022,1.0,1.0,1.0,1.0,exact_after_normalize
Younes Namli,Younes Namli,Sparta,2022,1.0,1.0,1.0,1.0,exact_after_normalize
Jason Lokilo,Jason Lokilo,Sparta,2022,1.0,1.0,1.0,1.0,exact_after_normalize
Joshua Kitolano,Joshua Kitolano,Sparta,2022,1.0,1.0,1.0,1.0,exact_after_normalize
Mohammed Tahiri,Mohammed Tahiri,Sparta,2022,1.0,1.0,1.0,1.0,exact_after_normalize
Michael Pinto,Michael Pinto,Sparta,2022,1.0,1.0,1.0,1.0,exact_after_normalize
Arno Verschueren,Arno Verschueren,Sparta,2022,1.0,1.0,1.0,1.0,exact_after_normalize
Aaron Meijers,Aaron Meijers,Sparta,2022,1.0,1.0,1.0,1.0,exact_after_normalize
Rick Meissen,Rick Meissen,Sparta,2022,1.0,1.0,1.0,1.0,exact_after_normalize
Dirk Abels,Dirk Abels,Sparta,2022,1.0,1.0,1.0,1.0,exact_after_normalize
Adil Auassar,Adil Auassar,Sparta,2022,1.0,1.0,1.0,1.0,exact_after_normalize
Koki Saito,Koki Saito,Sparta,2022,1.0,1.0,1.0,1.0,exact_after_normalize
Omar Rekik,Omar Rekik,Sparta,2022,1.0,1.0,1.0,1.0,exact_after_normalize
Nick Olij,Nick Olij,Sparta,2022,1.0,1.0,1.0,1.0,exact_after_normalize
Bart Vriends,Bart Vriends,Sparta,2022,1.0,1.0,1.0,1.0,exact_after_normalize
Jonathan de Guzmán,Jonathan de Guzmán,Sparta,2022,1.0,1.0,1.0,1.0,exact_after_normalize
Shurandy Sambo,Shurandy Sambo,Sparta,2022,1.0,1.0,1.0,1.0,exact_after_normalize
Dylan van Wageningen,Dylan van Wageningen,Sparta,2022,1.0,1.0,1.0,1.0,exact_after_normalize
Tobias Lauritsen,Tobias Lauritsen,Sparta,2022,1.0,1.0,1.0,1.0,exact_after_normalize
Vito van Crooij,Vito van Crooij,Sparta,2022,1.0,1.0,1.0,1.0,exact_after_normalize
Youri Schoonderwaldt,Youri Schoonderwaldt,Sparta,2022,1.0,1.0,1.0,1.0,exact_after_normalize
Sven Mijnans,Sven Mijnans,Sparta,2022,1.0,1.0,1.0,1.0,exact_after_normalize
Patrick Brouwer,Patrick Brouwer,Sparta,2022,1.0,1.0,1.0,1.0,exact_after_normalize
Pedro Alemañ,Pedro Alemañ,Sparta,2022,1.0,1.0,1.0,1.0,exact_after_normalize
Mario Engels,Mario Engels,Sparta,2022,1.0,1.0,1.0,1.0,exact_after_normalize
Charles-Andréas Brym,Charles-Andreas Brym,Sparta,2022,0.75,1.0,1.0,1.0,exact_after_normalize
Toni Domgjoni,Toni Domgjoni,Vitesse,2022,1.0,1.0,1.0,1.0,exact_after_normalize
Jeroen Houwen,Jeroen Houwen,Vitesse,2022,1.0,1.0,1.0,1.0,exact_after_normalize
Davy Pröpper,Davy Pröpper,Vitesse,2022,1.0,1.0,1.0,1.0,exact_after_normalize
Nicolas Isimat-Mirin,Nicolas Isimat-Mirin,Vitesse,2022,1.0,1.0,1.0,1.0,exact_after_normalize
Ryan Flamingo,Ryan Flamingo,Vitesse,2022,1.0,1.0,1.0,1.0,exact_after_normalize
Melle Meulensteen,Melle Meulensteen,Vitesse,2022,1.0,1.0,1.0,1.0,exact_after_normalize
Sondre Tronstad,Sondre Tronstad,Vitesse,2022,1.0,1.0,1.0,1.0,exact_after_normalize
Carlens Arcus,Carlens Arcus,Vitesse,2022,1.0,1.0,1.0,1.0,exact_after_normalize
Marco van Ginkel,Marco van Ginkel,Vitesse,2022,1.0,1.0,1.0,1.0,exact_after_normalize
Kjell Scherpen,Kjell Scherpen,Vitesse,2022,1.0,1.0,1.0,1.0,exact_after_normalize
Romaric Yapi,Romaric Yapi,Vitesse,2022,1.0,1.0,1.0,1.0,exact_after_normalize
Daan Huisman,Daan Huisman,Vitesse,2022,1.0,1.0,1.0,1.0,exact_after_normalize
Gyan de Regt,Gyan de Regt,Vitesse,2022,1.0,1.0,1.0,1.0,exact_after_normalize
Simon Van Duivenbooden,Simon van Duivenbooden,Vitesse,2022,1.0,1.0,1.0,1.0,exact_after_normalize
Thomas Buitink,Thomas Buitink,Vitesse,2022,1.0,1.0,1.0,1.0,exact_after_normalize
Mohamed Sankoh,Mohamed Sankoh,Vitesse,2022,1.0,1.0,1.0,1.0,exact_after_normalize
Maximilian Wittek,Maximilian Wittek,Vitesse,2022,1.0,1.0,1.0,1.0,exact_after_normalize
Daan Reiziger,Daan Reiziger,Vitesse,2022,1.0,1.0,1.0,1.0,exact_after_normalize
Mitchell Dijks,Mitchell Dijks,Vitesse,2022,1.0,1.0,1.0,1.0,exact_after_normalize
Million Manhoef,Million Manhoef,Vitesse,2022,1.0,1.0,1.0,1.0,exact_after_normalize
Enzo Cornelisse,Enzo Cornelisse,Vitesse,2022,1.0,1.0,1.0,1.0,exact_after_normalize
Miliano Jonathans,Miliano Jonathans,Vitesse,2022,1.0,1.0,1.0,1.0,exact_after_normalize
Gabriel Vidovic,Gabriel Vidovic,Vitesse,2022,1.0,1.0,1.0,1.0,exact_after_normalize
Tomáš Hájek,Tomás Hájek,Vitesse,2022,0.7143,1.0,1.0,1.0,exact_after_normalize
Matúš Bero,Matús Bero,Vitesse,2022,0.6923,1.0,1.0,1.0,exact_after_normalize
Mohammed Kudus,Mohammed Kudus,Ajax,2022,1.0,1.0,1.0,1.0,exact_after_normalize
Davy Klaassen,Davy Klaassen,Ajax,2022,1.0,1.0,1.0,1.0,exact_after_normalize
Kian Fitz-Jim,Kian Fitz-Jim,Ajax,2022,1.0,1.0,1.0,1.0,exact_after_normalize
Gerónimo Rulli,Gerónimo Rulli,Ajax,2022,1.0,1.0,1.0,1.0,exact_after_normalize
Jorrel Hato,Jorrel Hato,Ajax,2022,1.0,1.0,1.0,1.0,exact_after_normalize
Youri Baas,Youri Baas,Ajax,2022,1.0,1.0,1.0,1.0,exact_after_normalize
Brian Brobbey,Brian Brobbey,Ajax,2022,1.0,1.0,1.0,1.0,exact_after_normalize
Francisco Conceição,Francisco Conceição,Ajax,2022,1.0,1.0,1.0,1.0,exact_after_normalize
Florian Grillitsch,Florian Grillitsch,Ajax,2022,1.0,1.0,1.0,1.0,exact_after_normalize
Steven Bergwijn,Steven Bergwijn,Ajax,2022,1.0,1.0,1.0,1.0,exact_after_normalize
Devyne Rensch,Devyne Rensch,Ajax,2022,1.0,1.0,1.0,1.0,exact_after_normalize
Remko Pasveer,Remko Pasveer,Ajax,2022,1.0,1.0,1.0,1.0,exact_after_normalize
Kenneth Taylor,Kenneth Taylor,Ajax,2022,1.0,1.0,1.0,1.0,exact_after_normalize
Calvin Bassey,Calvin Bassey,Ajax,2022,1.0,1.0,1.0,1.0,exact_after_normalize
Edson Álvarez,Edson Álvarez,Ajax,2022,1.0,1.0,1.0,1.0,exact_after_normalize
Steven Berghuis,Steven Berghuis,Ajax,2022,1.0,1.0,1.0,1.0,exact_after_normalize
Jurriën Timber,Jurriën Timber,Ajax,2022,1.0,1.0,1.0,1.0,exact_after_normalize
Daley Blind,Daley Blind,Ajax,2022,1.0,1.0,1.0,1.0,exact_after_normalize
Lisandro Magallán,Lisandro Magallán,Ajax,2022,1.0,1.0,1.0,1.0,exact_after_normalize
Youri Regeer,Youri Regeer,Ajax,2022,1.0,1.0,1.0,1.0,exact_after_normalize
Christian Rasmussen,Christian Rasmussen,Ajax,2022,1.0,1.0,1.0,1.0,exact_after_normalize
Antony,Antony,Ajax,2022,1.0,1.0,1.0,1.0,exact_after_normalize
Perr Schuurs,Perr Schuurs,Ajax,2022,1.0,1.0,1.0,1.0,exact_after_normalize
Jorge Sánchez,Jorge Sánchez,Ajax,2022,1.0,1.0,1.0,1.0,exact_after_normalize
Silvano Vos,Silvano Vos,Ajax,2022,1.0,1.0,1.0,1.0,exact_after_normalize
Mika Godts,Mika Godts,Ajax,2022,1.0,1.0,1.0,1.0,exact_after_normalize
Lorenzo Lucca,Lorenzo Lucca,Ajax,2022,1.0,1.0,1.0,1.0,exact_after_normalize
Lucas Ocampos,Lucas Ocampos,Ajax,2022,1.0,1.0,1.0,1.0,exact_after_normalize
Owen Wijndal,Owen Wijndal,Ajax,2022,1.0,1.0,1.0,1.0,exact_after_normalize
Dušan Tadić,Dusan Tadic,Ajax,2022,0.4118,1.0,1.0,1.0,exact_after_normalize
Walid Ould-Chikh,Walid Ould-Chikh,Volendam,2022,1.0,1.0,1.0,1.0,exact_after_normalize
Imran Nazih,Imran Nazih,Volendam,2022,1.0,1.0,1.0,1.0,exact_after_normalize
Darius Johnson,Darius Johnson,Volendam,2022,1.0,1.0,1.0,1.0,exact_after_normalize
Givairo Read,Givairo Read,Volendam,2022,1.0,1.0,1.0,1.0,exact_after_normalize
Gaetano Oristanio,Gaetano Oristanio,Volendam,2022,1.0,1.0,1.0,1.0,exact_after_normalize
Bilal Ould-Chikh,Bilal Ould-Chikh,Volendam,2022,1.0,1.0,1.0,1.0,exact_after_normalize
Robert Mühren,Robert Mühren,Volendam,2022,1.0,1.0,1.0,1.0,exact_after_normalize
Josh Flint,Josh Flint,Volendam,2022,1.0,1.0,1.0,1.0,exact_after_normalize
Oskar Buur,Oskar Buur,Volendam,2022,1.0,1.0,1.0,1.0,exact_after_normalize
Daryl van Mieghem,Daryl van Mieghem,Volendam,2022,1.0,1.0,1.0,1.0,exact_after_normalize
Brian Plat,Brian Plat,Volendam,2022,1.0,1.0,1.0,1.0,exact_after_normalize
Damon Mirani,Damon Mirani,Volendam,2022,1.0,1.0,1.0,1.0,exact_after_normalize
Xavier Mbuyamba,Xavier Mbuyamba,Volendam,2022,1.0,1.0,1.0,1.0,exact_after_normalize
Henk Veerman,Henk Veerman,Volendam,2022,1.0,1.0,1.0,1.0,exact_after_normalize
Carel Eiting,Carel Eiting,Volendam,2022,1.0,1.0,1.0,1.0,exact_after_normalize
Calvin Twigt,Calvin Twigt,Volendam,2022,1.0,1.0,1.0,1.0,exact_after_normalize
Filip Stankovic,Filip Stankovic,Volendam,2022,1.0,1.0,1.0,1.0,exact_after_normalize
Billy van Duijl,Billy van Duijl,Volendam,2022,1.0,1.0,1.0,1.0,exact_after_normalize
Dean James,Dean James,Volendam,2022,1.0,1.0,1.0,1.0,exact_after_normalize
Joey Antonioli,Joey Antonioli,Volendam,2022,1.0,1.0,1.0,1.0,exact_after_normalize
Achraf Douiri,Achraf Douiri,Volendam,2022,1.0,1.0,1.0,1.0,exact_after_normalize
Lequincio Zeefuik,Lequincio Zeefuik,Volendam,2022,1.0,1.0,1.0,1.0,exact_after_normalize
Flip Klomp,Flip Klomp,Volendam,2022,1.0,1.0,1.0,1.0,exact_after_normalize
Francesco Antonucci,Francesco Antonucci,Volendam,2022,1.0,1.0,1.0,1.0,exact_after_normalize
Ibrahim El Kadiri,Ibrahim El Kadiri,Volendam,2022,1.0,1.0,1.0,1.0,exact_after_normalize
Barry Lauwers,Barry Lauwers,Volendam,2022,1.0,1.0,1.0,1.0,exact_after_normalize
Jordi Blom,Jordi Blom,Volendam,2022,1.0,1.0,1.0,1.0,exact_after_normalize
Deron Payne,Déron Payne,Volendam,2022,0.6,1.0,1.0,1.0,exact_after_normalize
Norbert Alblas,Norbert Alblas,Excelsior,2022,1.0,1.0,1.0,1.0,exact_after_normalize
Mike van Duinen,Mike van Duinen,Excelsior,2022,1.0,1.0,1.0,1.0,exact_after_normalize
Sven Nieuwpoort,Sven Nieuwpoort,Excelsior,2022,1.0,1.0,1.0,1.0,exact_after_normalize
Peer Koopmeiners,Peer Koopmeiners,Excelsior,2022,1.0,1.0,1.0,1.0,exact_after_normalize
Maxime Awoudja,Maxime Awoudja,Excelsior,2022,1.0,1.0,1.0,1.0,exact_after_normalize
Nikolas Agrafiotis,Nikolas Agrafiotis,Excelsior,2022,1.0,1.0,1.0,1.0,exact_after_normalize
Adrian Fein,Adrian Fein,Excelsior,2022,1.0,1.0,1.0,1.0,exact_after_normalize
Lazaros Lamprou,Lazaros Lamprou,Excelsior,2022,1.0,1.0,1.0,1.0,exact_after_normalize
Reda Kharchouch,Reda Kharchouch,Excelsior,2022,1.0,1.0,1.0,1.0,exact_after_normalize
Joshua Eijgenraam,Joshua Eijgenraam,Excelsior,2022,1.0,1.0,1.0,1.0,exact_after_normalize
Luuk Admiraal,Luuk Admiraal,Excelsior,2022,1.0,1.0,1.0,1.0,exact_after_normalize
Kenzo Goudmijn,Kenzo Goudmijn,Excelsior,2022,1.0,1.0,1.0,1.0,exact_after_normalize
Yassin Ayoub,Yassin Ayoub,Excelsior,2022,1.0,1.0,1.0,1.0,exact_after_normalize
Raphaël Eyongo,Raphaël Eyongo,Excelsior,2022,1.0,1.0,1.0,1.0,exact_after_normalize
Vicente Besuijen,Vicente Besuijen,Excelsior,2022,1.0,1.0,1.0,1.0,exact_after_normalize
Jacky Donkor,Jacky Donkor,Excelsior,2022,1.0,1.0,1.0,1.0,exact_after_normalize
Couhaib Driouech,Couhaib Driouech,Excelsior,2022,1.0,1.0,1.0,1.0,exact_after_normalize
Noah Naujoks,Noah Naujoks,Excelsior,2022,1.0,1.0,1.0,1.0,exact_after_normalize
Kik Pierie,Kik Pierie,Excelsior,2022,1.0,1.0,1.0,1.0,exact_after_normalize
Stijn van Gassel,Stijn van Gassel,Excelsior,2022,1.0,1.0,1.0,1.0,exact_after_normalize
Serano Seymor,Serano Seymor,Excelsior,2022,1.0,1.0,1.0,1.0,exact_after_normalize
Marouan Azarkan,Marouan Azarkan,Excelsior,2022,1.0,1.0,1.0,1.0,exact_after_normalize
Nathan Tjoe-A-On,Nathan Tjoe-A-On,Excelsior,2022,1.0,1.0,1.0,1.0,exact_after_normalize
Siebe Horemans,Siebe Horemans,Excelsior,2022,1.0,1.0,1.0,1.0,exact_after_normalize
Julian Baas,Julian Baas,Excelsior,2022,1.0,1.0,1.0,1.0,exact_after_normalize
Redouan El Yaakoubi,Redouan El Yaakoubi,Excelsior,2022,1.0,1.0,1.0,1.0,exact_after_normalize
Arthur Zagre,Arthur Zagré,Excelsior,2022,0.7333,1.0,1.0,1.0,exact_after_normalize
Håkon Evjen,Håkon Evjen,AZ,2022,1.0,1.0,1.0,1.0,exact_after_normalize
Jens Odgaard,Jens Odgaard,AZ,2022,1.0,1.0,1.0,1.0,exact_after_normalize
Vangelis Pavlidis,Vangelis Pavlidis,AZ,2022,1.0,1.0,1.0,1.0,exact_after_normalize
Jordy Clasie,Jordy Clasie,AZ,2022,1.0,1.0,1.0,1.0,exact_after_normalize
Yukinari Sugawara,Yukinari Sugawara,AZ,2022,1.0,1.0,1.0,1.0,exact_after_normalize
Zico Buurmeester,Zico Buurmeester,AZ,2022,1.0,1.0,1.0,1.0,exact_after_normalize
Djordje Mihailovic,Djordje Mihailovic,AZ,2022,1.0,1.0,1.0,1.0,exact_after_normalize
Tijjani Reijnders,Tijjani Reijnders,AZ,2022,1.0,1.0,1.0,1.0,exact_after_normalize
Mathew Ryan,Mathew Ryan,AZ,2022,1.0,1.0,1.0,1.0,exact_after_normalize
Wouter Goes,Wouter Goes,AZ,2022,1.0,1.0,1.0,1.0,exact_after_normalize
Sven Mijnans,Sven Mijnans,AZ,2022,1.0,1.0,1.0,1.0,exact_after_normalize
Maxim Dekker,Maxim Dekker,AZ,2022,1.0,1.0,1.0,1.0,exact_after_normalize
Myron van Brederode,Myron van Brederode,AZ,2022,1.0,1.0,1.0,1.0,exact_after_normalize
Zinho Vanheusden,Zinho Vanheusden,AZ,2022,1.0,1.0,1.0,1.0,exact_after_normalize
Mexx Meerdink,Mexx Meerdink,AZ,2022,1.0,1.0,1.0,1.0,exact_after_normalize
Riechedly Bazoer,Riechedly Bazoer,AZ,2022,1.0,1.0,1.0,1.0,exact_after_normalize
Bruno Martins Indi,Bruno Martins Indi,AZ,2022,1.0,1.0,1.0,1.0,exact_after_normalize
Aslak Witry,Aslak Witry,AZ,2022,1.0,1.0,1.0,1.0,exact_after_normalize
Peer Koopmeiners,Peer Koopmeiners,AZ,2022,1.0,1.0,1.0,1.0,exact_after_normalize
Yusuf Barasi,Yusuf Barasi,AZ,2022,1.0,1.0,1.0,1.0,exact_after_normalize
Milos Kerkez,Milos Kerkez,AZ,2022,1.0,1.0,1.0,1.0,exact_after_normalize
Sam Beukema,Sam Beukema,AZ,2022,1.0,1.0,1.0,1.0,exact_after_normalize
Mees de Wit,Mees de Wit,AZ,2022,1.0,1.0,1.0,1.0,exact_after_normalize
Hobie Verhulst,Hobie Verhulst,AZ,2022,1.0,1.0,1.0,1.0,exact_after_normalize
Mayckel Lahdo,Mayckel Lahdo,AZ,2022,1.0,1.0,1.0,1.0,exact_after_normalize
Fedde de Jong,Fedde de Jong,AZ,2022,1.0,1.0,1.0,1.0,exact_after_normalize
Pantelis Hatzidiakos,Pantelis Hatzidiakos,AZ,2022,1.0,1.0,1.0,1.0,exact_after_normalize
Jesper Karlsson,Jesper Karlsson,AZ,2022,1.0,1.0,1.0,1.0,exact_after_normalize
Dani de Wit,Dani de Wit,AZ,2022,1.0,1.0,1.0,1.0,exact_after_normalize
Miguel Araujo,Miguel Araujo,Emmen,2022,1.0,1.0,1.0,1.0,exact_after_normalize
Jeremy Antonisse,Jeremy Antonisse,Emmen,2022,1.0,1.0,1.0,1.0,exact_after_normalize
Eric Oelschlägel,Eric Oelschlägel,Emmen,2022,1.0,1.0,1.0,1.0,exact_after_normalize
Metehan Güçlü,Metehan Güçlü,Emmen,2022,1.0,1.0,1.0,1.0,exact_after_normalize
Maikel Kieftenbeld,Maikel Kieftenbeld,Emmen,2022,1.0,1.0,1.0,1.0,exact_after_normalize
Danny Hoesen,Danny Hoesen,Emmen,2022,1.0,1.0,1.0,1.0,exact_after_normalize
Azzeddine Toufiqui,Azzeddine Toufiqui,Emmen,2022,1.0,1.0,1.0,1.0,exact_after_normalize
Arnaud Luzayadio,Arnaud Luzayadio,Emmen,2022,1.0,1.0,1.0,1.0,exact_after_normalize
Maurilio de Lannoy,Maurilio de Lannoy,Emmen,2022,1.0,1.0,1.0,1.0,exact_after_normalize
Keziah Veendorp,Keziah Veendorp,Emmen,2022,1.0,1.0,1.0,1.0,exact_after_normalize
Jeroen Veldmate,Jeroen Veldmate,Emmen,2022,1.0,1.0,1.0,1.0,exact_after_normalize
Mohamed Bouchouari,Mohamed Bouchouari,Emmen,2022,1.0,1.0,1.0,1.0,exact_after_normalize
Lorenzo Burnet,Lorenzo Burnet,Emmen,2022,1.0,1.0,1.0,1.0,exact_after_normalize
Mark Diemers,Mark Diemers,Emmen,2022,1.0,1.0,1.0,1.0,exact_after_normalize
Jeff Hardeveld,Jeff Hardeveld,Emmen,2022,1.0,1.0,1.0,1.0,exact_after_normalize
Mickey van der Hart,Mickey van der Hart,Emmen,2022,1.0,1.0,1.0,1.0,exact_after_normalize
Lucas Bernadou,Lucas Bernadou,Emmen,2022,1.0,1.0,1.0,1.0,exact_after_normalize
Ole Romeny,Ole Romeny,Emmen,2022,1.0,1.0,1.0,1.0,exact_after_normalize
Rui Mendes,Rui Mendes,Emmen,2022,1.0,1.0,1.0,1.0,exact_after_normalize
Jari Vlak,Jari Vlak,Emmen,2022,1.0,1.0,1.0,1.0,exact_after_normalize
Julius Dirksen,Julius Dirksen,Emmen,2022,1.0,1.0,1.0,1.0,exact_after_normalize
Ben Scholte,Ben Scholte,Emmen,2022,1.0,1.0,1.0,1.0,exact_after_normalize
Ahmed El Messaoudi,Ahmed El Messaoudi,Emmen,2022,1.0,1.0,1.0,1.0,exact_after_normalize
Dennis Vos,Dennis Vos,Emmen,2022,1.0,1.0,1.0,1.0,exact_after_normalize
Michaël Heylen,Michaël Heylen,Emmen,2022,1.0,1.0,1.0,1.0,exact_after_normalize
Oussama Darfalou,Oussama Darfalou,Emmen,2022,1.0,1.0,1.0,1.0,exact_after_normalize
Mike te Wierik,Mike te Wierik,Emmen,2022,1.0,1.0,1.0,1.0,exact_after_normalize
Richairo Živković,Richairo Zivkovic,Emmen,2022,0.5652,1.0,1.0,1.0,exact_after_normalize
Aventis Aventisian,Aventis Aventisian,Go Ahead Eagles,2022,1.0,1.0,1.0,1.0,exact_after_normalize
Tesfaldet Tekie,Tesfaldet Tekie,Go Ahead Eagles,2022,1.0,1.0,1.0,1.0,exact_after_normalize
Martijn Berden,Martijn Berden,Go Ahead Eagles,2022,1.0,1.0,1.0,1.0,exact_after_normalize
Pim Saathof,Pim Saathof,Go Ahead Eagles,2022,1.0,1.0,1.0,1.0,exact_after_normalize
Rashaan Fernandes,Rashaan Fernandes,Go Ahead Eagles,2022,1.0,1.0,1.0,1.0,exact_after_normalize
Finn Stokkers,Finn Stokkers,Go Ahead Eagles,2022,1.0,1.0,1.0,1.0,exact_after_normalize
José Fontán,José Fontán,Go Ahead Eagles,2022,1.0,1.0,1.0,1.0,exact_after_normalize
Gerrit Nauber,Gerrit Nauber,Go Ahead Eagles,2022,1.0,1.0,1.0,1.0,exact_after_normalize
Enric Llansana,Enric Llansana,Go Ahead Eagles,2022,1.0,1.0,1.0,1.0,exact_after_normalize
Federico Mattiello,Federico Mattiello,Go Ahead Eagles,2022,1.0,1.0,1.0,1.0,exact_after_normalize
Bobby Adekanye,Bobby Adekanye,Go Ahead Eagles,2022,1.0,1.0,1.0,1.0,exact_after_normalize
Oliver Edvardsen,Oliver Edvardsen,Go Ahead Eagles,2022,1.0,1.0,1.0,1.0,exact_after_normalize
Sylla Sow,Sylla Sow,Go Ahead Eagles,2022,1.0,1.0,1.0,1.0,exact_after_normalize
Mats Deijl,Mats Deijl,Go Ahead Eagles,2022,1.0,1.0,1.0,1.0,exact_after_normalize
Justin Bakker,Justin Bakker,Go Ahead Eagles,2022,1.0,1.0,1.0,1.0,exact_after_normalize
Evert Linthorst,Evert Linthorst,Go Ahead Eagles,2022,1.0,1.0,1.0,1.0,exact_after_normalize
Jamal Amofa,Jamal Amofa,Go Ahead Eagles,2022,1.0,1.0,1.0,1.0,exact_after_normalize
Philippe Rommens,Philippe Rommens,Go Ahead Eagles,2022,1.0,1.0,1.0,1.0,exact_after_normalize
Xander Blomme,Xander Blomme,Go Ahead Eagles,2022,1.0,1.0,1.0,1.0,exact_after_normalize
Darío Serra,Darío Serra,Go Ahead Eagles,2022,1.0,1.0,1.0,1.0,exact_after_normalize
Jay Idzes,Jay Idzes,Go Ahead Eagles,2022,1.0,1.0,1.0,1.0,exact_after_normalize
Jahnoah Markelo,Jahnoah Markelo,Go Ahead Eagles,2022,1.0,1.0,1.0,1.0,exact_after_normalize
Jeffrey De Lange,Jeffrey de Lange,Go Ahead Eagles,2022,1.0,1.0,1.0,1.0,exact_after_normalize
Isac Lidberg,Isac Lidberg,Go Ahead Eagles,2022,1.0,1.0,1.0,1.0,exact_after_normalize
Bas Kuipers,Bas Kuipers,Go Ahead Eagles,2022,1.0,1.0,1.0,1.0,exact_after_normalize
Fredrik Oppegard,Fredrik Oppegård,Go Ahead Eagles,2022,0.7,1.0,1.0,1.0,exact_after_normalize
Mattijs Branderhorst,Mattijs Branderhorst,Utrecht,2023,1.0,1.0,1.0,1.0,exact_after_normalize
Sam Lammers,Sam Lammers,Utrecht,2023,1.0,1.0,1.0,1.0,exact_after_normalize
Taylor Booth,Taylor Booth,Utrecht,2023,1.0,1.0,1.0,1.0,exact_after_normalize
Silas Andersen,Silas Andersen,Utrecht,2023,1.0,1.0,1.0,1.0,exact_after_normalize
Jeppe Okkels,Jeppe Okkels,Utrecht,2023,1.0,1.0,1.0,1.0,exact_after_normalize
Tim Handwerker,Tim Handwerker,Utrecht,2023,1.0,1.0,1.0,1.0,exact_after_normalize
Oscar Fraulo,Oscar Fraulo,Utrecht,2023,1.0,1.0,1.0,1.0,exact_after_normalize
Zakaria Labyad,Zakaria Labyad,Utrecht,2023,1.0,1.0,1.0,1.0,exact_after_normalize
Sean Klaiber,Sean Klaiber,Utrecht,2023,1.0,1.0,1.0,1.0,exact_after_normalize
Adrian Blake,Adrian Blake,Utrecht,2023,1.0,1.0,1.0,1.0,exact_after_normalize
Isac Lidberg,Isac Lidberg,Utrecht,2023,1.0,1.0,1.0,1.0,exact_after_normalize
Bart Ramselaar,Bart Ramselaar,Utrecht,2023,1.0,1.0,1.0,1.0,exact_after_normalize
Nazjir Held,Nazjir Held,Utrecht,2023,1.0,1.0,1.0,1.0,exact_after_normalize
Can Bozdogan,Can Bozdogan,Utrecht,2023,1.0,1.0,1.0,1.0,exact_after_normalize
Yannick Leliendal,Yannick Leliendal,Utrecht,2023,1.0,1.0,1.0,1.0,exact_after_normalize
Zidane Iqbal,Zidane Iqbal,Utrecht,2023,1.0,1.0,1.0,1.0,exact_after_normalize
Hidde ter Avest,Hidde ter Avest,Utrecht,2023,1.0,1.0,1.0,1.0,exact_after_normalize
Modibo Sagnan,Modibo Sagnan,Utrecht,2023,1.0,1.0,1.0,1.0,exact_after_normalize
Jens Toornstra,Jens Toornstra,Utrecht,2023,1.0,1.0,1.0,1.0,exact_after_normalize
Mark van der Maarel,Mark van der Maarel,Utrecht,2023,1.0,1.0,1.0,1.0,exact_after_normalize
Niklas Vesterlund,Niklas Vesterlund,Utrecht,2023,1.0,1.0,1.0,1.0,exact_after_normalize
Hugo Novoa,Hugo Novoa,Utrecht,2023,1.0,1.0,1.0,1.0,exact_after_normalize
Ole Romeny,Ole Romeny,Utrecht,2023,1.0,1.0,1.0,1.0,exact_after_normalize
Jesse van de Haar,Jesse van de Haar,Utrecht,2023,1.0,1.0,1.0,1.0,exact_after_normalize
Marouan Azarkan,Marouan Azarkan,Utrecht,2023,1.0,1.0,1.0,1.0,exact_after_normalize
Victor Jensen,Victor Jensen,Utrecht,2023,1.0,1.0,1.0,1.0,exact_after_normalize
Mats Seuntjens,Mats Seuntjens,Utrecht,2023,1.0,1.0,1.0,1.0,exact_after_normalize
Anthony Descotte,Anthony Descotte,Utrecht,2023,1.0,1.0,1.0,1.0,exact_after_normalize
Vasilios Barkas,Vasilios Barkas,Utrecht,2023,1.0,1.0,1.0,1.0,exact_after_normalize
Souffian El Karouani,Souffian El Karouani,Utrecht,2023,1.0,1.0,1.0,1.0,exact_after_normalize
Mike van der Hoorn,Mike van der Hoorn,Utrecht,2023,1.0,1.0,1.0,1.0,exact_after_normalize
Nick Viergever,Nick Viergever,Utrecht,2023,1.0,1.0,1.0,1.0,exact_after_normalize
Ryan Flamingo,Ryan Flamingo,Utrecht,2023,1.0,1.0,1.0,1.0,exact_after_normalize
Ayase Ueda,Ayase Ueda,Feyenoord,2023,1.0,1.0,1.0,1.0,exact_after_normalize
Timon Wellenreuther,Timon Wellenreuther,Feyenoord,2023,1.0,1.0,1.0,1.0,exact_after_normalize
Justin Bijlow,Justin Bijlow,Feyenoord,2023,1.0,1.0,1.0,1.0,exact_after_normalize
Gernot Trauner,Gernot Trauner,Feyenoord,2023,1.0,1.0,1.0,1.0,exact_after_normalize
Mats Wieffer,Mats Wieffer,Feyenoord,2023,1.0,1.0,1.0,1.0,exact_after_normalize
Quilindschy Hartman,Quilindschy Hartman,Feyenoord,2023,1.0,1.0,1.0,1.0,exact_after_normalize
Lutsharel Geertruida,Lutsharel Geertruida,Feyenoord,2023,1.0,1.0,1.0,1.0,exact_after_normalize
Dávid Hancko,Dávid Hancko,Feyenoord,2023,1.0,1.0,1.0,1.0,exact_after_normalize
Calvin Stengs,Calvin Stengs,Feyenoord,2023,1.0,1.0,1.0,1.0,exact_after_normalize
Quinten Timber,Quinten Timber,Feyenoord,2023,1.0,1.0,1.0,1.0,exact_after_normalize
Javairô Dilrosun,Javairô Dilrosun,Feyenoord,2023,1.0,1.0,1.0,1.0,exact_after_normalize
Bart Nieuwkoop,Bart Nieuwkoop,Feyenoord,2023,1.0,1.0,1.0,1.0,exact_after_normalize
Santiago Giménez,Santiago Giménez,Feyenoord,2023,1.0,1.0,1.0,1.0,exact_after_normalize
Leo Sauer,Leo Sauer,Feyenoord,2023,1.0,1.0,1.0,1.0,exact_after_normalize
Igor Paixão,Igor Paixão,Feyenoord,2023,1.0,1.0,1.0,1.0,exact_after_normalize
Antoni Milambo,Antoni Milambo,Feyenoord,2023,1.0,1.0,1.0,1.0,exact_after_normalize
Alireza Jahanbakhsh,Alireza Jahanbakhsh,Feyenoord,2023,1.0,1.0,1.0,1.0,exact_after_normalize
Marcos López,Marcos López,Feyenoord,2023,1.0,1.0,1.0,1.0,exact_after_normalize
Thomas van den Belt,Thomas van den Belt,Feyenoord,2023,1.0,1.0,1.0,1.0,exact_after_normalize
Thomas Beelen,Thomas Beelen,Feyenoord,2023,1.0,1.0,1.0,1.0,exact_after_normalize
Gjivai Zechiël,Gjivai Zechiël,Feyenoord,2023,1.0,1.0,1.0,1.0,exact_after_normalize
Ramiz Zerrouki,Ramiz Zerrouki,Feyenoord,2023,1.0,1.0,1.0,1.0,exact_after_normalize
Yankuba Minteh,Yankuba Minteh,Feyenoord,2023,1.0,1.0,1.0,1.0,exact_after_normalize
Luka Ivanušec,Luka Ivanusec,Feyenoord,2023,0.6471,1.0,1.0,1.0,exact_after_normalize
Ondřej Lingr,Ondrej Lingr,Feyenoord,2023,0.625,1.0,1.0,1.0,exact_after_normalize
Jeroen Houwen,Jeroen Houwen,RKC Waalwijk,2023,1.0,1.0,1.0,1.0,exact_after_normalize
Thierry Lutonda,Thierry Lutonda,RKC Waalwijk,2023,1.0,1.0,1.0,1.0,exact_after_normalize
Michiel Kramer,Michiel Kramer,RKC Waalwijk,2023,1.0,1.0,1.0,1.0,exact_after_normalize
Ilias Takidine,Ilias Takidine,RKC Waalwijk,2023,1.0,1.0,1.0,1.0,exact_after_normalize
Etienne Vaessen,Etienne Vaessen,RKC Waalwijk,2023,1.0,1.0,1.0,1.0,exact_after_normalize
Aaron Meijers,Aaron Meijers,RKC Waalwijk,2023,1.0,1.0,1.0,1.0,exact_after_normalize
Mats Seuntjens,Mats Seuntjens,RKC Waalwijk,2023,1.0,1.0,1.0,1.0,exact_after_normalize
Godfried Roemeratoe,Godfried Roemeratoe,RKC Waalwijk,2023,1.0,1.0,1.0,1.0,exact_after_normalize
Reuven Niemeijer,Reuven Niemeijer,RKC Waalwijk,2023,1.0,1.0,1.0,1.0,exact_after_normalize
Mark Spenkelink,Mark Spenkelink,RKC Waalwijk,2023,1.0,1.0,1.0,1.0,exact_after_normalize
Daouda Weidmann,Daouda Weidmann,RKC Waalwijk,2023,1.0,1.0,1.0,1.0,exact_after_normalize
Zakaria Bakkali,Zakaria Bakkali,RKC Waalwijk,2023,1.0,1.0,1.0,1.0,exact_after_normalize
Shawn Adewoye,Shawn Adewoye,RKC Waalwijk,2023,1.0,1.0,1.0,1.0,exact_after_normalize
Denilho Cleonise,Denilho Cleonise,RKC Waalwijk,2023,1.0,1.0,1.0,1.0,exact_after_normalize
Raz Meir,Raz Meir,RKC Waalwijk,2023,1.0,1.0,1.0,1.0,exact_after_normalize
Patrick Vroegh,Patrick Vroegh,RKC Waalwijk,2023,1.0,1.0,1.0,1.0,exact_after_normalize
Yassin Oukili,Yassin Oukili,RKC Waalwijk,2023,1.0,1.0,1.0,1.0,exact_after_normalize
David Min,David Min,RKC Waalwijk,2023,1.0,1.0,1.0,1.0,exact_after_normalize
Filip Stevanovic,Filip Stevanovic,RKC Waalwijk,2023,1.0,1.0,1.0,1.0,exact_after_normalize
Jeffrey Bruma,Jeffrey Bruma,RKC Waalwijk,2023,1.0,1.0,1.0,1.0,exact_after_normalize
Juriën Gaari,Juriën Gaari,RKC Waalwijk,2023,1.0,1.0,1.0,1.0,exact_after_normalize
Kevin Felida,Kevin Felida,RKC Waalwijk,2023,1.0,1.0,1.0,1.0,exact_after_normalize
Julian Lelieveld,Julian Lelieveld,RKC Waalwijk,2023,1.0,1.0,1.0,1.0,exact_after_normalize
Chris Lokesa,Chris Lokesa,RKC Waalwijk,2023,1.0,1.0,1.0,1.0,exact_after_normalize
Richonell Margaret,Richonell Margaret,RKC Waalwijk,2023,1.0,1.0,1.0,1.0,exact_after_normalize
Dario Van den Buijs,Dario Van den Buijs,RKC Waalwijk,2023,1.0,1.0,1.0,1.0,exact_after_normalize
Simon Olsson,Simon Olsson,Heerenveen,2023,1.0,1.0,1.0,1.0,exact_after_normalize
Thom Haye,Thom Haye,Heerenveen,2023,1.0,1.0,1.0,1.0,exact_after_normalize
Sven van Beek,Sven van Beek,Heerenveen,2023,1.0,1.0,1.0,1.0,exact_after_normalize
Osame Sahraoui,Osame Sahraoui,Heerenveen,2023,1.0,1.0,1.0,1.0,exact_after_normalize
Nathan Tjoe-A-On,Nathan Tjoe-A-On,Heerenveen,2023,1.0,1.0,1.0,1.0,exact_after_normalize
Mats Köhlert,Mats Köhlert,Heerenveen,2023,1.0,1.0,1.0,1.0,exact_after_normalize
Syb Van Ottele,Syb van Ottele,Heerenveen,2023,1.0,1.0,1.0,1.0,exact_after_normalize
Melle Witteveen,Melle Witteveen,Heerenveen,2023,1.0,1.0,1.0,1.0,exact_after_normalize
Anas Tahiri,Anas Tahiri,Heerenveen,2023,1.0,1.0,1.0,1.0,exact_after_normalize
Ion Nicolaescu,Ion Nicolaescu,Heerenveen,2023,1.0,1.0,1.0,1.0,exact_after_normalize
Denzel Hall,Denzel Hall,Heerenveen,2023,1.0,1.0,1.0,1.0,exact_after_normalize
Charlie Webster,Charlie Webster,Heerenveen,2023,1.0,1.0,1.0,1.0,exact_after_normalize
Pelle van Amersfoort,Pelle van Amersfoort,Heerenveen,2023,1.0,1.0,1.0,1.0,exact_after_normalize
Oliver Braude,Oliver Braude,Heerenveen,2023,1.0,1.0,1.0,1.0,exact_after_normalize
Andries Noppert,Andries Noppert,Heerenveen,2023,1.0,1.0,1.0,1.0,exact_after_normalize
Luuk Brouwers,Luuk Brouwers,Heerenveen,2023,1.0,1.0,1.0,1.0,exact_after_normalize
Ché Nunnely,Ché Nunnely,Heerenveen,2023,1.0,1.0,1.0,1.0,exact_after_normalize
Patrik Wålemark,Patrik Wålemark,Heerenveen,2023,1.0,1.0,1.0,1.0,exact_after_normalize
Mickey van der Hart,Mickey van der Hart,Heerenveen,2023,1.0,1.0,1.0,1.0,exact_after_normalize
Espen van Ee,Espen van Ee,Heerenveen,2023,1.0,1.0,1.0,1.0,exact_after_normalize
Hussein Ali,Hussein Ali,Heerenveen,2023,1.0,1.0,1.0,1.0,exact_after_normalize
Loizos Loizou,Loizos Loizou,Heerenveen,2023,1.0,1.0,1.0,1.0,exact_after_normalize
Djenahro Nunumete,Djenahro Nunumete,Heerenveen,2023,1.0,1.0,1.0,1.0,exact_after_normalize
Daniel Karlsbakk,Daniel Karlsbakk,Heerenveen,2023,1.0,1.0,1.0,1.0,exact_after_normalize
Amir Ismaïl,Amir Ismaïl,Heerenveen,2023,1.0,1.0,1.0,1.0,exact_after_normalize
Ricky van Wolfswinkel,Ricky van Wolfswinkel,Twente,2023,1.0,1.0,1.0,1.0,exact_after_normalize
Myron Boadu,Myron Boadu,Twente,2023,1.0,1.0,1.0,1.0,exact_after_normalize
Gijs Besselink,Gijs Besselink,Twente,2023,1.0,1.0,1.0,1.0,exact_after_normalize
Gijs Smal,Gijs Smal,Twente,2023,1.0,1.0,1.0,1.0,exact_after_normalize
Alec Van Hoorenbeeck,Alec Van Hoorenbeeck,Twente,2023,1.0,1.0,1.0,1.0,exact_after_normalize
Mitchell van Bergen,Mitchell van Bergen,Twente,2023,1.0,1.0,1.0,1.0,exact_after_normalize
Carel Eiting,Carel Eiting,Twente,2023,1.0,1.0,1.0,1.0,exact_after_normalize
Naci Ünüvar,Naci Ünüvar,Twente,2023,1.0,1.0,1.0,1.0,exact_after_normalize
Sem Steijn,Sem Steijn,Twente,2023,1.0,1.0,1.0,1.0,exact_after_normalize
Anass Salah-Eddine,Anass Salah-Eddine,Twente,2023,1.0,1.0,1.0,1.0,exact_after_normalize
Manfred Ugalde,Manfred Ugalde,Twente,2023,1.0,1.0,1.0,1.0,exact_after_normalize
Youri Regeer,Youri Regeer,Twente,2023,1.0,1.0,1.0,1.0,exact_after_normalize
Max Bruns,Max Bruns,Twente,2023,1.0,1.0,1.0,1.0,exact_after_normalize
Daan Rots,Daan Rots,Twente,2023,1.0,1.0,1.0,1.0,exact_after_normalize
Lars Unnerstall,Lars Unnerstall,Twente,2023,1.0,1.0,1.0,1.0,exact_after_normalize
Alfons Sampsted,Alfons Sampsted,Twente,2023,1.0,1.0,1.0,1.0,exact_after_normalize
Michel Vlap,Michel Vlap,Twente,2023,1.0,1.0,1.0,1.0,exact_after_normalize
Joshua Brenet,Joshua Brenet,Twente,2023,1.0,1.0,1.0,1.0,exact_after_normalize
Michal Sadílek,Michal Sadílek,Twente,2023,1.0,1.0,1.0,1.0,exact_after_normalize
Robin Pröpper,Robin Pröpper,Twente,2023,1.0,1.0,1.0,1.0,exact_after_normalize
Mees Hilgers,Mees Hilgers,Twente,2023,1.0,1.0,1.0,1.0,exact_after_normalize
Mats Rots,Mats Rots,Twente,2023,1.0,1.0,1.0,1.0,exact_after_normalize
Mathias Kjølø,Mathias Kjølø,Twente,2023,1.0,1.0,1.0,1.0,exact_after_normalize
Julien Mesbahi,Juliën Mesbahi,Twente,2023,0.6667,1.0,1.0,1.0,exact_after_normalize
Guus Til,Guus Til,PSV,2023,1.0,1.0,1.0,1.0,exact_after_normalize
Malik Tillman,Malik Tillman,PSV,2023,1.0,1.0,1.0,1.0,exact_after_normalize
Isaac Babadi,Isaac Babadi,PSV,2023,1.0,1.0,1.0,1.0,exact_after_normalize
Johan Bakayoko,Johan Bakayoko,PSV,2023,1.0,1.0,1.0,1.0,exact_after_normalize
Anwar El Ghazi,Anwar El Ghazi,PSV,2023,1.0,1.0,1.0,1.0,exact_after_normalize
Mauro Júnior,Mauro Júnior,PSV,2023,1.0,1.0,1.0,1.0,exact_after_normalize
Jerdy Schouten,Jerdy Schouten,PSV,2023,1.0,1.0,1.0,1.0,exact_after_normalize
Shurandy Sambo,Shurandy Sambo,PSV,2023,1.0,1.0,1.0,1.0,exact_after_normalize
Joey Veerman,Joey Veerman,PSV,2023,1.0,1.0,1.0,1.0,exact_after_normalize
André Ramalho,André Ramalho,PSV,2023,1.0,1.0,1.0,1.0,exact_after_normalize
Olivier Boscagli,Olivier Boscagli,PSV,2023,1.0,1.0,1.0,1.0,exact_after_normalize
Yorbe Vertessen,Yorbe Vertessen,PSV,2023,1.0,1.0,1.0,1.0,exact_after_normalize
Armando Obispo,Armando Obispo,PSV,2023,1.0,1.0,1.0,1.0,exact_after_normalize
Sergiño Dest,Sergiño Dest,PSV,2023,1.0,1.0,1.0,1.0,exact_after_normalize
Tygo Land,Tygo Land,PSV,2023,1.0,1.0,1.0,1.0,exact_after_normalize
Jesper Uneken,Jesper Uneken,PSV,2023,1.0,1.0,1.0,1.0,exact_after_normalize
Noa Lang,Noa Lang,PSV,2023,1.0,1.0,1.0,1.0,exact_after_normalize
Jordan Teze,Jordan Teze,PSV,2023,1.0,1.0,1.0,1.0,exact_after_normalize
Ibrahim Sangaré,Ibrahim Sangaré,PSV,2023,1.0,1.0,1.0,1.0,exact_after_normalize
Walter Benítez,Walter Benítez,PSV,2023,1.0,1.0,1.0,1.0,exact_after_normalize
Luuk de Jong,Luuk de Jong,PSV,2023,1.0,1.0,1.0,1.0,exact_after_normalize
Ismael Saibari,Ismael Saibari,PSV,2023,1.0,1.0,1.0,1.0,exact_after_normalize
Boy Waterman,Boy Waterman,PSV,2023,1.0,1.0,1.0,1.0,exact_after_normalize
Ricardo Pepi,Ricardo Pepi,PSV,2023,1.0,1.0,1.0,1.0,exact_after_normalize
Hirving Lozano,Hirving Lozano,PSV,2023,1.0,1.0,1.0,1.0,exact_after_normalize
Patrick van Aanholt,Patrick van Aanholt,PSV,2023,1.0,1.0,1.0,1.0,exact_after_normalize
Joel Drommel,Joël Drommel,PSV,2023,0.6667,1.0,1.0,1.0,exact_after_normalize
Ivor Pandur,Ivor Pandur,Fortuna Sittard,2023,1.0,1.0,1.0,1.0,exact_after_normalize
Ragnar Oratmangoen,Ragnar Oratmangoen,Fortuna Sittard,2023,1.0,1.0,1.0,1.0,exact_after_normalize
Arianit Ferati,Arianit Ferati,Fortuna Sittard,2023,1.0,1.0,1.0,1.0,exact_after_normalize
Siemen Voet,Siemen Voet,Fortuna Sittard,2023,1.0,1.0,1.0,1.0,exact_after_normalize
Michael Verrips,Michael Verrips,Fortuna Sittard,2023,1.0,1.0,1.0,1.0,exact_after_normalize
Justin Lonwijk,Justin Lonwijk,Fortuna Sittard,2023,1.0,1.0,1.0,1.0,exact_after_normalize
Kristoffer Peterson,Kristoffer Peterson,Fortuna Sittard,2023,1.0,1.0,1.0,1.0,exact_after_normalize
Alessio da Cruz,Alessio da Cruz,Fortuna Sittard,2023,1.0,1.0,1.0,1.0,exact_after_normalize
Rodrigo Guth,Rodrigo Guth,Fortuna Sittard,2023,1.0,1.0,1.0,1.0,exact_after_normalize
Paul Gladon,Paul Gladon,Fortuna Sittard,2023,1.0,1.0,1.0,1.0,exact_after_normalize
Sadik Fofana,Sadik Fofana,Fortuna Sittard,2023,1.0,1.0,1.0,1.0,exact_after_normalize
Tom Hendriks,Tom Hendriks,Fortuna Sittard,2023,1.0,1.0,1.0,1.0,exact_after_normalize
Milan Robberechts,Milan Robberechts,Fortuna Sittard,2023,1.0,1.0,1.0,1.0,exact_after_normalize
Luuk Koopmans,Luuk Koopmans,Fortuna Sittard,2023,1.0,1.0,1.0,1.0,exact_after_normalize
Iman Griffith,Iman Griffith,Fortuna Sittard,2023,1.0,1.0,1.0,1.0,exact_after_normalize
Mitchell Dijks,Mitchell Dijks,Fortuna Sittard,2023,1.0,1.0,1.0,1.0,exact_after_normalize
Ivo Pinto,Ivo Pinto,Fortuna Sittard,2023,1.0,1.0,1.0,1.0,exact_after_normalize
Loreintz Rosier,Loreintz Rosier,Fortuna Sittard,2023,1.0,1.0,1.0,1.0,exact_after_normalize
Iñigo Córdoba,Iñigo Córdoba,Fortuna Sittard,2023,1.0,1.0,1.0,1.0,exact_after_normalize
Tijjani Noslin,Tijjani Noslin,Fortuna Sittard,2023,1.0,1.0,1.0,1.0,exact_after_normalize
Rémy Vita,Rémy Vita,Fortuna Sittard,2023,1.0,1.0,1.0,1.0,exact_after_normalize
Deroy Duarte,Deroy Duarte,Fortuna Sittard,2023,1.0,1.0,1.0,1.0,exact_after_normalize
Kaj Sierhuis,Kaj Sierhuis,Fortuna Sittard,2023,1.0,1.0,1.0,1.0,exact_after_normalize
Mouhamed Belkheir,Mouhamed Belkheir,Fortuna Sittard,2023,1.0,1.0,1.0,1.0,exact_after_normalize
Jayden Braaf,Jayden Braaf,Fortuna Sittard,2023,1.0,1.0,1.0,1.0,exact_after_normalize
Alen Halilović,Alen Halilovic,Fortuna Sittard,2023,0.7647,1.0,1.0,1.0,exact_after_normalize
Marko Lazetić,Marko Lazetic,Fortuna Sittard,2023,0.75,1.0,1.0,1.0,exact_after_normalize
Oğuzhan Özyakup,Oguzhan Özyakup,Fortuna Sittard,2023,0.6842,1.0,1.0,1.0,exact_after_normalize
Elayis Tavsan,Elayis Tavsan,NEC Nijmegen,2023,1.0,1.0,1.0,1.0,exact_after_normalize
Bas Dost,Bas Dost,NEC Nijmegen,2023,1.0,1.0,1.0,1.0,exact_after_normalize
D'Leanu Arts,D'Leanu Arts,NEC Nijmegen,2023,1.0,1.0,1.0,1.0,exact_after_normalize
Nils Rossen,Nils Rossen,NEC Nijmegen,2023,1.0,1.0,1.0,1.0,exact_after_normalize
Bram Nuytinck,Bram Nuytinck,NEC Nijmegen,2023,1.0,1.0,1.0,1.0,exact_after_normalize
Sylla Sow,Sylla Sow,NEC Nijmegen,2023,1.0,1.0,1.0,1.0,exact_after_normalize
Lars Olden Larsen,Lars Olden Larsen,NEC Nijmegen,2023,1.0,1.0,1.0,1.0,exact_after_normalize
Magnus Mattsson,Magnus Mattsson,NEC Nijmegen,2023,1.0,1.0,1.0,1.0,exact_after_normalize
Lasse Schöne,Lasse Schöne,NEC Nijmegen,2023,1.0,1.0,1.0,1.0,exact_after_normalize
Brayann Pereira,Brayann Pereira,NEC Nijmegen,2023,1.0,1.0,1.0,1.0,exact_after_normalize
Mathias Ross,Mathias Ross,NEC Nijmegen,2023,1.0,1.0,1.0,1.0,exact_after_normalize
Sai van Wermeskerken,Sai van Wermeskerken,NEC Nijmegen,2023,1.0,1.0,1.0,1.0,exact_after_normalize
Sontje Hansen,Sontje Hansen,NEC Nijmegen,2023,1.0,1.0,1.0,1.0,exact_after_normalize
Youri Baas,Youri Baas,NEC Nijmegen,2023,1.0,1.0,1.0,1.0,exact_after_normalize
Tjaronn Chery,Tjaronn Chery,NEC Nijmegen,2023,1.0,1.0,1.0,1.0,exact_after_normalize
Bart van Rooij,Bart van Rooij,NEC Nijmegen,2023,1.0,1.0,1.0,1.0,exact_after_normalize
Mees Hoedemakers,Mees Hoedemakers,NEC Nijmegen,2023,1.0,1.0,1.0,1.0,exact_after_normalize
Luc Netten,Luc Netten,NEC Nijmegen,2023,1.0,1.0,1.0,1.0,exact_after_normalize
Kodai Sano,Kodai Sano,NEC Nijmegen,2023,1.0,1.0,1.0,1.0,exact_after_normalize
Philippe Sandler,Philippe Sandler,NEC Nijmegen,2023,1.0,1.0,1.0,1.0,exact_after_normalize
Jasper Cillessen,Jasper Cillessen,NEC Nijmegen,2023,1.0,1.0,1.0,1.0,exact_after_normalize
Dirk Proper,Dirk Proper,NEC Nijmegen,2023,1.0,1.0,1.0,1.0,exact_after_normalize
Calvin Verdonk,Calvin Verdonk,NEC Nijmegen,2023,1.0,1.0,1.0,1.0,exact_after_normalize
Robin Roefs,Robin Roefs,NEC Nijmegen,2023,1.0,1.0,1.0,1.0,exact_after_normalize
Pedro Marques,Pedro Marques,NEC Nijmegen,2023,1.0,1.0,1.0,1.0,exact_after_normalize
Yvandro Borges Sanches,Yvandro Borges Sanches,NEC Nijmegen,2023,1.0,1.0,1.0,1.0,exact_after_normalize
Kōki Ogawa,Koki Ogawa,NEC Nijmegen,2023,0.5714,1.0,1.0,1.0,exact_after_normalize
Joshua Kitolano,Joshua Kitolano,Sparta,2023,1.0,1.0,1.0,1.0,exact_after_normalize
Tijs Velthuis,Tijs Velthuis,Sparta,2023,1.0,1.0,1.0,1.0,exact_after_normalize
Sergi Rosanas,Sergi Rosanas,Sparta,2023,1.0,1.0,1.0,1.0,exact_after_normalize
Jesse Bal,Jesse Bal,Sparta,2023,1.0,1.0,1.0,1.0,exact_after_normalize
Jeremy van Mullem,Jeremy van Mullem,Sparta,2023,1.0,1.0,1.0,1.0,exact_after_normalize
Vito van Crooij,Vito van Crooij,Sparta,2023,1.0,1.0,1.0,1.0,exact_after_normalize
Camiel Neghli,Camiel Neghli,Sparta,2023,1.0,1.0,1.0,1.0,exact_after_normalize
Hamza el Dahri,Hamza El Dahri,Sparta,2023,1.0,1.0,1.0,1.0,exact_after_normalize
Koki Saito,Koki Saito,Sparta,2023,1.0,1.0,1.0,1.0,exact_after_normalize
Shunsuke Mito,Shunsuke Mito,Sparta,2023,1.0,1.0,1.0,1.0,exact_after_normalize
Tobias Lauritsen,Tobias Lauritsen,Sparta,2023,1.0,1.0,1.0,1.0,exact_after_normalize
Jonathan de Guzmán,Jonathan de Guzmán,Sparta,2023,1.0,1.0,1.0,1.0,exact_after_normalize
Rick Meissen,Rick Meissen,Sparta,2023,1.0,1.0,1.0,1.0,exact_after_normalize
Saïd Bakari,Saïd Bakari,Sparta,2023,1.0,1.0,1.0,1.0,exact_after_normalize
Djevencio van der Kust,Djevencio van der Kust,Sparta,2023,1.0,1.0,1.0,1.0,exact_after_normalize
Mike Eerdhuijzen,Mike Eerdhuijzen,Sparta,2023,1.0,1.0,1.0,1.0,exact_after_normalize
Pelle Clement,Pelle Clement,Sparta,2023,1.0,1.0,1.0,1.0,exact_after_normalize
Bart Vriends,Bart Vriends,Sparta,2023,1.0,1.0,1.0,1.0,exact_after_normalize
Django Warmerdam,Django Warmerdam,Sparta,2023,1.0,1.0,1.0,1.0,exact_after_normalize
Nick Olij,Nick Olij,Sparta,2023,1.0,1.0,1.0,1.0,exact_after_normalize
Metinho,Metinho,Sparta,2023,1.0,1.0,1.0,1.0,exact_after_normalize
Arno Verschueren,Arno Verschueren,Sparta,2023,1.0,1.0,1.0,1.0,exact_after_normalize
Charles-Andréas Brym,Charles-Andreas Brym,Sparta,2023,0.75,1.0,1.0,1.0,exact_after_normalize
Rayvien Rosario,Rayviën Rosario,Sparta,2023,0.6667,1.0,1.0,1.0,exact_after_normalize
Mehmet Yuksel,Mehmet Yüksel,Sparta,2023,0.6471,1.0,1.0,1.0,exact_after_normalize
Davy Pröpper,Davy Pröpper,Vitesse,2023,1.0,1.0,1.0,1.0,exact_after_normalize
Gyan de Regt,Gyan de Regt,Vitesse,2023,1.0,1.0,1.0,1.0,exact_after_normalize
Melle Meulensteen,Melle Meulensteen,Vitesse,2023,1.0,1.0,1.0,1.0,exact_after_normalize
Paxten Aaronson,Paxten Aaronson,Vitesse,2023,1.0,1.0,1.0,1.0,exact_after_normalize
Mexx Meerdink,Mexx Meerdink,Vitesse,2023,1.0,1.0,1.0,1.0,exact_after_normalize
Michael Pinto,Michael Pinto,Vitesse,2023,1.0,1.0,1.0,1.0,exact_after_normalize
Andy Visser,Andy Visser,Vitesse,2023,1.0,1.0,1.0,1.0,exact_after_normalize
Ramon Hendriks,Ramon Hendriks,Vitesse,2023,1.0,1.0,1.0,1.0,exact_after_normalize
Amine Boutrah,Amine Boutrah,Vitesse,2023,1.0,1.0,1.0,1.0,exact_after_normalize
Joel Voelkerling Persson,Joel Voelkerling Persson,Vitesse,2023,1.0,1.0,1.0,1.0,exact_after_normalize
Mats Egbring,Mats Egbring,Vitesse,2023,1.0,1.0,1.0,1.0,exact_after_normalize
Carlens Arcus,Carlens Arcus,Vitesse,2023,1.0,1.0,1.0,1.0,exact_after_normalize
Nicolas Isimat-Mirin,Nicolas Isimat-Mirin,Vitesse,2023,1.0,1.0,1.0,1.0,exact_after_normalize
Maximilian Wittek,Maximilian Wittek,Vitesse,2023,1.0,1.0,1.0,1.0,exact_after_normalize
Giovanni van Zwam,Giovanni van Zwam,Vitesse,2023,1.0,1.0,1.0,1.0,exact_after_normalize
Adrian Mazilu,Adrian Mazilu,Vitesse,2023,1.0,1.0,1.0,1.0,exact_after_normalize
Thomas Buitink,Thomas Buitink,Vitesse,2023,1.0,1.0,1.0,1.0,exact_after_normalize
Mathijs Tielemans,Mathijs Tielemans,Vitesse,2023,1.0,1.0,1.0,1.0,exact_after_normalize
Million Manhoef,Million Manhoef,Vitesse,2023,1.0,1.0,1.0,1.0,exact_after_normalize
Jordi Altena,Jordi Altena,Vitesse,2023,1.0,1.0,1.0,1.0,exact_after_normalize
Anis Hadj Moussa,Anis Hadj Moussa,Vitesse,2023,1.0,1.0,1.0,1.0,exact_after_normalize
Fodé Fofana,Fodé Fofana,Vitesse,2023,1.0,1.0,1.0,1.0,exact_after_normalize
Enzo Cornelisse,Enzo Cornelisse,Vitesse,2023,1.0,1.0,1.0,1.0,exact_after_normalize
Miliano Jonathans,Miliano Jonathans,Vitesse,2023,1.0,1.0,1.0,1.0,exact_after_normalize
Saïd Hamulic,Saïd Hamulic,Vitesse,2023,1.0,1.0,1.0,1.0,exact_after_normalize
Marco van Ginkel,Marco van Ginkel,Vitesse,2023,1.0,1.0,1.0,1.0,exact_after_normalize
Eloy Room,Eloy Room,Vitesse,2023,1.0,1.0,1.0,1.0,exact_after_normalize
Toni Domgjoni,Toni Domgjoni,Vitesse,2023,1.0,1.0,1.0,1.0,exact_after_normalize
Gerónimo Rulli,Gerónimo Rulli,Ajax,2023,1.0,1.0,1.0,1.0,exact_after_normalize
Gastón Ávila,Gastón Ávila,Ajax,2023,1.0,1.0,1.0,1.0,exact_after_normalize
Kian Fitz-Jim,Kian Fitz-Jim,Ajax,2023,1.0,1.0,1.0,1.0,exact_after_normalize
Owen Wijndal,Owen Wijndal,Ajax,2023,1.0,1.0,1.0,1.0,exact_after_normalize
Mohammed Kudus,Mohammed Kudus,Ajax,2023,1.0,1.0,1.0,1.0,exact_after_normalize
Davy Klaassen,Davy Klaassen,Ajax,2023,1.0,1.0,1.0,1.0,exact_after_normalize
Devyne Rensch,Devyne Rensch,Ajax,2023,1.0,1.0,1.0,1.0,exact_after_normalize
Jay Gorter,Jay Gorter,Ajax,2023,1.0,1.0,1.0,1.0,exact_after_normalize
Chuba Akpom,Chuba Akpom,Ajax,2023,1.0,1.0,1.0,1.0,exact_after_normalize
Jorrel Hato,Jorrel Hato,Ajax,2023,1.0,1.0,1.0,1.0,exact_after_normalize
Georges Mikautadze,Georges Mikautadze,Ajax,2023,1.0,1.0,1.0,1.0,exact_after_normalize
Carlos Forbs,Carlos Forbs,Ajax,2023,1.0,1.0,1.0,1.0,exact_after_normalize
Jordan Henderson,Jordan Henderson,Ajax,2023,1.0,1.0,1.0,1.0,exact_after_normalize
Benjamin Tahirovic,Benjamin Tahirovic,Ajax,2023,1.0,1.0,1.0,1.0,exact_after_normalize
Sivert Mannsverk,Sivert Mannsverk,Ajax,2023,1.0,1.0,1.0,1.0,exact_after_normalize
Diant Ramaj,Diant Ramaj,Ajax,2023,1.0,1.0,1.0,1.0,exact_after_normalize
Anass Salah-Eddine,Anass Salah-Eddine,Ajax,2023,1.0,1.0,1.0,1.0,exact_after_normalize
Branco van den Boomen,Branco van den Boomen,Ajax,2023,1.0,1.0,1.0,1.0,exact_after_normalize
Ahmetcan Kaplan,Ahmetcan Kaplan,Ajax,2023,1.0,1.0,1.0,1.0,exact_after_normalize
Steven Berghuis,Steven Berghuis,Ajax,2023,1.0,1.0,1.0,1.0,exact_after_normalize
Anton Gaaei,Anton Gaaei,Ajax,2023,1.0,1.0,1.0,1.0,exact_after_normalize
Kenneth Taylor,Kenneth Taylor,Ajax,2023,1.0,1.0,1.0,1.0,exact_after_normalize
Steven Bergwijn,Steven Bergwijn,Ajax,2023,1.0,1.0,1.0,1.0,exact_after_normalize
Mika Godts,Mika Godts,Ajax,2023,1.0,1.0,1.0,1.0,exact_after_normalize
Ar'jany Martha,Ar'Jany Martha,Ajax,2023,1.0,1.0,1.0,1.0,exact_after_normalize
Brian Brobbey,Brian Brobbey,Ajax,2023,1.0,1.0,1.0,1.0,exact_after_normalize
Julian Rijkhoff,Julian Rijkhoff,Ajax,2023,1.0,1.0,1.0,1.0,exact_after_normalize
Borna Sosa,Borna Sosa,Ajax,2023,1.0,1.0,1.0,1.0,exact_after_normalize
Tristan Gooijer,Tristan Gooijer,Ajax,2023,1.0,1.0,1.0,1.0,exact_after_normalize
Silvano Vos,Silvano Vos,Ajax,2023,1.0,1.0,1.0,1.0,exact_after_normalize
Jakov Medić,Jakov Medic,Ajax,2023,0.7143,1.0,1.0,1.0,exact_after_normalize
Josip Šutalo,Josip Sutalo,Ajax,2023,0.625,1.0,1.0,1.0,exact_after_normalize
Hamdi Akujobi,Hamdi Akujobi,Almere City,2023,1.0,1.0,1.0,1.0,exact_after_normalize
Peer Koopmeiners,Peer Koopmeiners,Almere City,2023,1.0,1.0,1.0,1.0,exact_after_normalize
Damian van Bruggen,Damian van Bruggen,Almere City,2023,1.0,1.0,1.0,1.0,exact_after_normalize
Nordin Bakker,Nordin Bakker,Almere City,2023,1.0,1.0,1.0,1.0,exact_after_normalize
Yoann Cathline,Yoann Cathline,Almere City,2023,1.0,1.0,1.0,1.0,exact_after_normalize
Théo Barbet,Théo Barbet,Almere City,2023,1.0,1.0,1.0,1.0,exact_after_normalize
Anthony Limbombe,Anthony Limbombe,Almere City,2023,1.0,1.0,1.0,1.0,exact_after_normalize
Álvaro Peña,Álvaro Peña,Almere City,2023,1.0,1.0,1.0,1.0,exact_after_normalize
Milan Corryn,Milan Corryn,Almere City,2023,1.0,1.0,1.0,1.0,exact_after_normalize
Christopher Mamengi,Christopher Mamengi,Almere City,2023,1.0,1.0,1.0,1.0,exact_after_normalize
Joey Jacobs,Joey Jacobs,Almere City,2023,1.0,1.0,1.0,1.0,exact_after_normalize
Sherel Floranus,Sherel Floranus,Almere City,2023,1.0,1.0,1.0,1.0,exact_after_normalize
Thomas Robinet,Thomas Robinet,Almere City,2023,1.0,1.0,1.0,1.0,exact_after_normalize
Adi Nalic,Adi Nalic,Almere City,2023,1.0,1.0,1.0,1.0,exact_after_normalize
Kornelius Hansen,Kornelius Hansen,Almere City,2023,1.0,1.0,1.0,1.0,exact_after_normalize
Yann Kitala,Yann Kitala,Almere City,2023,1.0,1.0,1.0,1.0,exact_after_normalize
Stije Resink,Stije Resink,Almere City,2023,1.0,1.0,1.0,1.0,exact_after_normalize
Loïc Mbe Soh,Loïc Mbe Soh,Almere City,2023,1.0,1.0,1.0,1.0,exact_after_normalize
Rajiv van La Parra,Rajiv van La Parra,Almere City,2023,1.0,1.0,1.0,1.0,exact_after_normalize
Jason Van Duiven,Jason van Duiven,Almere City,2023,1.0,1.0,1.0,1.0,exact_after_normalize
Lance Duijvestijn,Lance Duijvestijn,Almere City,2023,1.0,1.0,1.0,1.0,exact_after_normalize
Marcelencio Esajas,Marcelencio Esajas,Almere City,2023,1.0,1.0,1.0,1.0,exact_after_normalize
Danny Post,Danny Post,Almere City,2023,1.0,1.0,1.0,1.0,exact_after_normalize
Samuel Şahin-Radlinger,Samuel Sahin-Radlinger,Almere City,2023,0.8333,1.0,1.0,1.0,exact_after_normalize
Jeffry Puriel,Jeffry Puriël,Almere City,2023,0.6471,1.0,1.0,1.0,exact_after_normalize
Faiz Mattoir,Faïz Mattoir,Almere City,2023,0.625,1.0,1.0,1.0,exact_after_normalize
Myron Mau-Asam,Myron Mau-Asam,Volendam,2023,1.0,1.0,1.0,1.0,exact_after_normalize
Bram van Driel,Bram van Driel,Volendam,2023,1.0,1.0,1.0,1.0,exact_after_normalize
Caner Demircioglu,Caner Demircioglu,Volendam,2023,1.0,1.0,1.0,1.0,exact_after_normalize
Joey Antonioli,Joey Antonioli,Volendam,2023,1.0,1.0,1.0,1.0,exact_after_normalize
Luke Le Roux,Luke Le Roux,Volendam,2023,1.0,1.0,1.0,1.0,exact_after_normalize
Daryl van Mieghem,Daryl van Mieghem,Volendam,2023,1.0,1.0,1.0,1.0,exact_after_normalize
Ibrahim El Kadiri,Ibrahim El Kadiri,Volendam,2023,1.0,1.0,1.0,1.0,exact_after_normalize
Darius Johnson,Darius Johnson,Volendam,2023,1.0,1.0,1.0,1.0,exact_after_normalize
Imran Nazih,Imran Nazih,Volendam,2023,1.0,1.0,1.0,1.0,exact_after_normalize
Milan de Haan,Milan de Haan,Volendam,2023,1.0,1.0,1.0,1.0,exact_after_normalize
Flip Klomp,Flip Klomp,Volendam,2023,1.0,1.0,1.0,1.0,exact_after_normalize
Axel Guessand,Axel Guessand,Volendam,2023,1.0,1.0,1.0,1.0,exact_after_normalize
Quincy Hoeve,Quincy Hoeve,Volendam,2023,1.0,1.0,1.0,1.0,exact_after_normalize
Robin Maulun,Robin Maulun,Volendam,2023,1.0,1.0,1.0,1.0,exact_after_normalize
Safouane Karim,Safouane Karim,Volendam,2023,1.0,1.0,1.0,1.0,exact_after_normalize
Zach Booth,Zach Booth,Volendam,2023,1.0,1.0,1.0,1.0,exact_after_normalize
Kayne van Oevelen,Kayne van Oevelen,Volendam,2023,1.0,1.0,1.0,1.0,exact_after_normalize
Mio Backhaus,Mio Backhaus,Volendam,2023,1.0,1.0,1.0,1.0,exact_after_normalize
Xavier Mbuyamba,Xavier Mbuyamba,Volendam,2023,1.0,1.0,1.0,1.0,exact_after_normalize
Damon Mirani,Damon Mirani,Volendam,2023,1.0,1.0,1.0,1.0,exact_after_normalize
Lequincio Zeefuik,Lequincio Zeefuik,Volendam,2023,1.0,1.0,1.0,1.0,exact_after_normalize
Josh Flint,Josh Flint,Volendam,2023,1.0,1.0,1.0,1.0,exact_after_normalize
Calvin Twigt,Calvin Twigt,Volendam,2023,1.0,1.0,1.0,1.0,exact_after_normalize
Oskar Buur,Oskar Buur,Volendam,2023,1.0,1.0,1.0,1.0,exact_after_normalize
Bilal Ould-Chikh,Bilal Ould-Chikh,Volendam,2023,1.0,1.0,1.0,1.0,exact_after_normalize
Robert Mühren,Robert Mühren,Volendam,2023,1.0,1.0,1.0,1.0,exact_after_normalize
Brian Plat,Brian Plat,Volendam,2023,1.0,1.0,1.0,1.0,exact_after_normalize
Ezechiel Fiemawhle,Ezechiel Fiemawhle,Volendam,2023,1.0,1.0,1.0,1.0,exact_after_normalize
Vivaldo Semedo,Vivaldo Semedo,Volendam,2023,1.0,1.0,1.0,1.0,exact_after_normalize
Garang Kuol,Garang Kuol,Volendam,2023,1.0,1.0,1.0,1.0,exact_after_normalize
Achraf Douiri,Achraf Douiri,Volendam,2023,1.0,1.0,1.0,1.0,exact_after_normalize
Barry Lauwers,Barry Lauwers,Volendam,2023,1.0,1.0,1.0,1.0,exact_after_normalize
George Cox,George Cox,Volendam,2023,1.0,1.0,1.0,1.0,exact_after_normalize
Deron Payne,Déron Payne,Volendam,2023,0.6,1.0,1.0,1.0,exact_after_normalize
Lance Duijvestijn,Lance Duijvestijn,Excelsior,2023,1.0,1.0,1.0,1.0,exact_after_normalize
Stijn van Gassel,Stijn van Gassel,Excelsior,2023,1.0,1.0,1.0,1.0,exact_after_normalize
Julian Baas,Julian Baas,Excelsior,2023,1.0,1.0,1.0,1.0,exact_after_normalize
Casper Widell,Casper Widell,Excelsior,2023,1.0,1.0,1.0,1.0,exact_after_normalize
Redouan El Yaakoubi,Redouan El Yaakoubi,Excelsior,2023,1.0,1.0,1.0,1.0,exact_after_normalize
Siebe Horemans,Siebe Horemans,Excelsior,2023,1.0,1.0,1.0,1.0,exact_after_normalize
Kenzo Goudmijn,Kenzo Goudmijn,Excelsior,2023,1.0,1.0,1.0,1.0,exact_after_normalize
Cisse Sandra,Cisse Sandra,Excelsior,2023,1.0,1.0,1.0,1.0,exact_after_normalize
Noah Naujoks,Noah Naujoks,Excelsior,2023,1.0,1.0,1.0,1.0,exact_after_normalize
Richie Omorowa,Richie Omorowa,Excelsior,2023,1.0,1.0,1.0,1.0,exact_after_normalize
Troy Parrott,Troy Parrott,Excelsior,2023,1.0,1.0,1.0,1.0,exact_after_normalize
Oscar Uddenäs,Oscar Uddenäs,Excelsior,2023,1.0,1.0,1.0,1.0,exact_after_normalize
Mike van Duinen,Mike van Duinen,Excelsior,2023,1.0,1.0,1.0,1.0,exact_after_normalize
Mimeirhel Benita,Mimeirhel Benita,Excelsior,2023,1.0,1.0,1.0,1.0,exact_after_normalize
Couhaib Driouech,Couhaib Driouech,Excelsior,2023,1.0,1.0,1.0,1.0,exact_after_normalize
Siem de Moes,Siem de Moes,Excelsior,2023,1.0,1.0,1.0,1.0,exact_after_normalize
Lazaros Lamprou,Lazaros Lamprou,Excelsior,2023,1.0,1.0,1.0,1.0,exact_after_normalize
Serano Seymor,Serano Seymor,Excelsior,2023,1.0,1.0,1.0,1.0,exact_after_normalize
Lennard Hartjes,Lennard Hartjes,Excelsior,2023,1.0,1.0,1.0,1.0,exact_after_normalize
Nikolas Agrafiotis,Nikolas Agrafiotis,Excelsior,2023,1.0,1.0,1.0,1.0,exact_after_normalize
Sven Nieuwpoort,Sven Nieuwpoort,Excelsior,2023,1.0,1.0,1.0,1.0,exact_after_normalize
Kik Pierie,Kik Pierie,Excelsior,2023,1.0,1.0,1.0,1.0,exact_after_normalize
Kian Fitz-Jim,Kian Fitz-Jim,Excelsior,2023,1.0,1.0,1.0,1.0,exact_after_normalize
Ian Smeulers,Ian Smeulers,Excelsior,2023,1.0,1.0,1.0,1.0,exact_after_normalize
Jeremy Udenhout,Jeremy Udenhout,Excelsior,2023,1.0,1.0,1.0,1.0,exact_after_normalize
Arthur Zagre,Arthur Zagré,Excelsior,2023,0.7333,1.0,1.0,1.0,exact_after_normalize
Tiago Dantas,Tiago Dantas,AZ,2023,1.0,1.0,1.0,1.0,exact_after_normalize
Ibrahim Sadiq,Ibrahim Sadiq,AZ,2023,1.0,1.0,1.0,1.0,exact_after_normalize
Kristijan Belic,Kristijan Belic,AZ,2023,1.0,1.0,1.0,1.0,exact_after_normalize
Hobie Verhulst,Hobie Verhulst,AZ,2023,1.0,1.0,1.0,1.0,exact_after_normalize
Djordje Mihailovic,Djordje Mihailovic,AZ,2023,1.0,1.0,1.0,1.0,exact_after_normalize
Yukinari Sugawara,Yukinari Sugawara,AZ,2023,1.0,1.0,1.0,1.0,exact_after_normalize
Mexx Meerdink,Mexx Meerdink,AZ,2023,1.0,1.0,1.0,1.0,exact_after_normalize
Pantelis Hatzidiakos,Pantelis Hatzidiakos,AZ,2023,1.0,1.0,1.0,1.0,exact_after_normalize
Alexandre Penetra,Alexandre Penetra,AZ,2023,1.0,1.0,1.0,1.0,exact_after_normalize
Maxim Dekker,Maxim Dekker,AZ,2023,1.0,1.0,1.0,1.0,exact_after_normalize
Ernest Poku,Ernest Poku,AZ,2023,1.0,1.0,1.0,1.0,exact_after_normalize
Riechedly Bazoer,Riechedly Bazoer,AZ,2023,1.0,1.0,1.0,1.0,exact_after_normalize
Mees de Wit,Mees de Wit,AZ,2023,1.0,1.0,1.0,1.0,exact_after_normalize
Wouter Goes,Wouter Goes,AZ,2023,1.0,1.0,1.0,1.0,exact_after_normalize
Lequincio Zeefuik,Lequincio Zeefuik,AZ,2023,1.0,1.0,1.0,1.0,exact_after_normalize
Denso Kasius,Denso Kasius,AZ,2023,1.0,1.0,1.0,1.0,exact_after_normalize
Jordy Clasie,Jordy Clasie,AZ,2023,1.0,1.0,1.0,1.0,exact_after_normalize
Bruno Martins Indi,Bruno Martins Indi,AZ,2023,1.0,1.0,1.0,1.0,exact_after_normalize
Dave Kwakman,Dave Kwakman,AZ,2023,1.0,1.0,1.0,1.0,exact_after_normalize
Kenzo Goudmijn,Kenzo Goudmijn,AZ,2023,1.0,1.0,1.0,1.0,exact_after_normalize
Kees Smit,Kees Smit,AZ,2023,1.0,1.0,1.0,1.0,exact_after_normalize
Mathew Ryan,Mathew Ryan,AZ,2023,1.0,1.0,1.0,1.0,exact_after_normalize
Ruben van Bommel,Ruben van Bommel,AZ,2023,1.0,1.0,1.0,1.0,exact_after_normalize
Jens Odgaard,Jens Odgaard,AZ,2023,1.0,1.0,1.0,1.0,exact_after_normalize
Finn Stam,Finn Stam,AZ,2023,1.0,1.0,1.0,1.0,exact_after_normalize
Sven Mijnans,Sven Mijnans,AZ,2023,1.0,1.0,1.0,1.0,exact_after_normalize
Jayden Addai,Jayden Addai,AZ,2023,1.0,1.0,1.0,1.0,exact_after_normalize
David Møller Wolfe,David Møller Wolfe,AZ,2023,1.0,1.0,1.0,1.0,exact_after_normalize
Myron van Brederode,Myron van Brederode,AZ,2023,1.0,1.0,1.0,1.0,exact_after_normalize
Rome-Jayden Owusu-Oduro,Rome-Jayden Owusu-Oduro,AZ,2023,1.0,1.0,1.0,1.0,exact_after_normalize
Mayckel Lahdo,Mayckel Lahdo,AZ,2023,1.0,1.0,1.0,1.0,exact_after_normalize
Dani de Wit,Dani de Wit,AZ,2023,1.0,1.0,1.0,1.0,exact_after_normalize
Vangelis Pavlidis,Vangelis Pavlidis,AZ,2023,1.0,1.0,1.0,1.0,exact_after_normalize
Anouar El Azzouzi,Anouar El Azzouzi,PEC Zwolle,2023,1.0,1.0,1.0,1.0,exact_after_normalize
Mike Hauptmeijer,Mike Hauptmeijer,PEC Zwolle,2023,1.0,1.0,1.0,1.0,exact_after_normalize
Silvester van der Water,Silvester van der Water,PEC Zwolle,2023,1.0,1.0,1.0,1.0,exact_after_normalize
Dean Huiberts,Dean Huiberts,PEC Zwolle,2023,1.0,1.0,1.0,1.0,exact_after_normalize
Damian van der Haar,Damian van der Haar,PEC Zwolle,2023,1.0,1.0,1.0,1.0,exact_after_normalize
Filip Krastev,Filip Krastev,PEC Zwolle,2023,1.0,1.0,1.0,1.0,exact_after_normalize
Teun Gijselhart,Teun Gijselhart,PEC Zwolle,2023,1.0,1.0,1.0,1.0,exact_after_normalize
Ferdy Druijf,Ferdy Druijf,PEC Zwolle,2023,1.0,1.0,1.0,1.0,exact_after_normalize
Kaj de Rooij,Kaj de Rooij,PEC Zwolle,2023,1.0,1.0,1.0,1.0,exact_after_normalize
Bart van Hintum,Bart van Hintum,PEC Zwolle,2023,1.0,1.0,1.0,1.0,exact_after_normalize
Eliano Reijnders,Eliano Reijnders,PEC Zwolle,2023,1.0,1.0,1.0,1.0,exact_after_normalize
Ryan Thomas,Ryan Thomas,PEC Zwolle,2023,1.0,1.0,1.0,1.0,exact_after_normalize
Zico Buurmeester,Zico Buurmeester,PEC Zwolle,2023,1.0,1.0,1.0,1.0,exact_after_normalize
Mohamed Oukhattou,Mohamed Oukhattou,PEC Zwolle,2023,1.0,1.0,1.0,1.0,exact_after_normalize
Anthony Fontana,Anthony Fontana,PEC Zwolle,2023,1.0,1.0,1.0,1.0,exact_after_normalize
Apostolos Vellios,Apostolos Vellios,PEC Zwolle,2023,1.0,1.0,1.0,1.0,exact_after_normalize
Thomas Lam,Thomas Lam,PEC Zwolle,2023,1.0,1.0,1.0,1.0,exact_after_normalize
Odysseus Velanas,Odysseus Velanas,PEC Zwolle,2023,1.0,1.0,1.0,1.0,exact_after_normalize
Jasper Schendelaar,Jasper Schendelaar,PEC Zwolle,2023,1.0,1.0,1.0,1.0,exact_after_normalize
Lennart Thy,Lennart Thy,PEC Zwolle,2023,1.0,1.0,1.0,1.0,exact_after_normalize
Bram van Polen,Bram van Polen,PEC Zwolle,2023,1.0,1.0,1.0,1.0,exact_after_normalize
Sam Kersten,Sam Kersten,PEC Zwolle,2023,1.0,1.0,1.0,1.0,exact_after_normalize
Younes Namli,Younes Namli,PEC Zwolle,2023,1.0,1.0,1.0,1.0,exact_after_normalize
Nick Fichtinger,Nick Fichtinger,PEC Zwolle,2023,1.0,1.0,1.0,1.0,exact_after_normalize
Emil Hansson,Emil Hansson,Heracles Almelo,2023,1.0,1.0,1.0,1.0,exact_after_normalize
Kelvin Leerdam,Kelvin Leerdam,Heracles Almelo,2023,1.0,1.0,1.0,1.0,exact_after_normalize
Anas Ouahim,Anas Ouahim,Heracles Almelo,2023,1.0,1.0,1.0,1.0,exact_after_normalize
Jannes Wieckhoff,Jannes Wieckhoff,Heracles Almelo,2023,1.0,1.0,1.0,1.0,exact_after_normalize
Jizz Hornkamp,Jizz Hornkamp,Heracles Almelo,2023,1.0,1.0,1.0,1.0,exact_after_normalize
Michael Brouwer,Michael Brouwer,Heracles Almelo,2023,1.0,1.0,1.0,1.0,exact_after_normalize
Brian De Keersmaecker,Brian De Keersmaecker,Heracles Almelo,2023,1.0,1.0,1.0,1.0,exact_after_normalize
Jordy Bruijn,Jordy Bruijn,Heracles Almelo,2023,1.0,1.0,1.0,1.0,exact_after_normalize
Abdenego Nankishi,Abdenego Nankishi,Heracles Almelo,2023,1.0,1.0,1.0,1.0,exact_after_normalize
Antonio Satriano,Antonio Satriano,Heracles Almelo,2023,1.0,1.0,1.0,1.0,exact_after_normalize
Thomas Bruns,Thomas Bruns,Heracles Almelo,2023,1.0,1.0,1.0,1.0,exact_after_normalize
Justin Hoogma,Justin Hoogma,Heracles Almelo,2023,1.0,1.0,1.0,1.0,exact_after_normalize
Ajdin Hrustic,Ajdin Hrustic,Heracles Almelo,2023,1.0,1.0,1.0,1.0,exact_after_normalize
Mohamed Sankoh,Mohamed Sankoh,Heracles Almelo,2023,1.0,1.0,1.0,1.0,exact_after_normalize
Navajo Bakboord,Navajo Bakboord,Heracles Almelo,2023,1.0,1.0,1.0,1.0,exact_after_normalize
Mario Engels,Mario Engels,Heracles Almelo,2023,1.0,1.0,1.0,1.0,exact_after_normalize
Jetro Willems,Jetro Willems,Heracles Almelo,2023,1.0,1.0,1.0,1.0,exact_after_normalize
Lasse Wehmeyer,Lasse Wehmeyer,Heracles Almelo,2023,1.0,1.0,1.0,1.0,exact_after_normalize
Diego van Oorschot,Diego van Oorschot,Heracles Almelo,2023,1.0,1.0,1.0,1.0,exact_after_normalize
Sven Sonnenberg,Sven Sonnenberg,Heracles Almelo,2023,1.0,1.0,1.0,1.0,exact_after_normalize
Bryan Limbombe,Bryan Limbombe,Heracles Almelo,2023,1.0,1.0,1.0,1.0,exact_after_normalize
Sem Scheperman,Sem Scheperman,Heracles Almelo,2023,1.0,1.0,1.0,1.0,exact_after_normalize
Ruben Roosken,Ruben Roosken,Heracles Almelo,2023,1.0,1.0,1.0,1.0,exact_after_normalize
Stijn Bultman,Stijn Bultman,Heracles Almelo,2023,1.0,1.0,1.0,1.0,exact_after_normalize
Marko Vejinović,Marko Vejinovic,Heracles Almelo,2023,0.7778,1.0,1.0,1.0,exact_after_normalize
Fredrik Oppegard,Fredrik Oppegård,Heracles Almelo,2023,0.7,1.0,1.0,1.0,exact_after_normalize
Jamal Amofa,Jamal Amofa,Go Ahead Eagles,2023,1.0,1.0,1.0,1.0,exact_after_normalize
Mats Deijl,Mats Deijl,Go Ahead Eagles,2023,1.0,1.0,1.0,1.0,exact_after_normalize
Evert Linthorst,Evert Linthorst,Go Ahead Eagles,2023,1.0,1.0,1.0,1.0,exact_after_normalize
Bas Kuipers,Bas Kuipers,Go Ahead Eagles,2023,1.0,1.0,1.0,1.0,exact_after_normalize
Søren Tengstedt,Søren Tengstedt,Go Ahead Eagles,2023,1.0,1.0,1.0,1.0,exact_after_normalize
Luca Everink,Luca Everink,Go Ahead Eagles,2023,1.0,1.0,1.0,1.0,exact_after_normalize
Dean James,Dean James,Go Ahead Eagles,2023,1.0,1.0,1.0,1.0,exact_after_normalize
Xander Blomme,Xander Blomme,Go Ahead Eagles,2023,1.0,1.0,1.0,1.0,exact_after_normalize
Finn Stokkers,Finn Stokkers,Go Ahead Eagles,2023,1.0,1.0,1.0,1.0,exact_after_normalize
Thibo Baeten,Thibo Baeten,Go Ahead Eagles,2023,1.0,1.0,1.0,1.0,exact_after_normalize
Sylla Sow,Sylla Sow,Go Ahead Eagles,2023,1.0,1.0,1.0,1.0,exact_after_normalize
Oliver Edvardsen,Oliver Edvardsen,Go Ahead Eagles,2023,1.0,1.0,1.0,1.0,exact_after_normalize
Victor Edvardsen,Victor Edvardsen,Go Ahead Eagles,2023,1.0,1.0,1.0,1.0,exact_after_normalize
Joris Kramer,Joris Kramer,Go Ahead Eagles,2023,1.0,1.0,1.0,1.0,exact_after_normalize
Jeffrey De Lange,Jeffrey de Lange,Go Ahead Eagles,2023,1.0,1.0,1.0,1.0,exact_after_normalize
Pim Saathof,Pim Saathof,Go Ahead Eagles,2023,1.0,1.0,1.0,1.0,exact_after_normalize
Jakob Breum,Jakob Breum,Go Ahead Eagles,2023,1.0,1.0,1.0,1.0,exact_after_normalize
Rashaan Fernandes,Rashaan Fernandes,Go Ahead Eagles,2023,1.0,1.0,1.0,1.0,exact_after_normalize
Bobby Adekanye,Bobby Adekanye,Go Ahead Eagles,2023,1.0,1.0,1.0,1.0,exact_after_normalize
Gerrit Nauber,Gerrit Nauber,Go Ahead Eagles,2023,1.0,1.0,1.0,1.0,exact_after_normalize
Philippe Rommens,Philippe Rommens,Go Ahead Eagles,2023,1.0,1.0,1.0,1.0,exact_after_normalize
Enric Llansana,Enric Llansana,Go Ahead Eagles,2023,1.0,1.0,1.0,1.0,exact_after_normalize
Max Balard,Max Balard,NAC Breda,2024,1.0,1.0,1.0,1.0,exact_after_normalize
Roy Kortsmit,Roy Kortsmit,NAC Breda,2024,1.0,1.0,1.0,1.0,exact_after_normalize
Elías Már Ómarsson,Elías Már Ómarsson,NAC Breda,2024,1.0,1.0,1.0,1.0,exact_after_normalize
Boyd Lucassen,Boyd Lucassen,NAC Breda,2024,1.0,1.0,1.0,1.0,exact_after_normalize
Clint Leemans,Clint Leemans,NAC Breda,2024,1.0,1.0,1.0,1.0,exact_after_normalize
Saná Fernandes,Saná Fernandes,NAC Breda,2024,1.0,1.0,1.0,1.0,exact_after_normalize
Jan Van den Bergh,Jan Van den Bergh,NAC Breda,2024,1.0,1.0,1.0,1.0,exact_after_normalize
Sydney van Hooijdonk,Sydney van Hooijdonk,NAC Breda,2024,1.0,1.0,1.0,1.0,exact_after_normalize
Boy Kemper,Boy Kemper,NAC Breda,2024,1.0,1.0,1.0,1.0,exact_after_normalize
Martin Koscelník,Martin Koscelník,NAC Breda,2024,1.0,1.0,1.0,1.0,exact_after_normalize
Leo Sauer,Leo Sauer,NAC Breda,2024,1.0,1.0,1.0,1.0,exact_after_normalize
Kacper Kostorz,Kacper Kostorz,NAC Breda,2024,1.0,1.0,1.0,1.0,exact_after_normalize
Daniel Bielica,Daniel Bielica,NAC Breda,2024,1.0,1.0,1.0,1.0,exact_after_normalize
Leo Greiml,Leo Greiml,NAC Breda,2024,1.0,1.0,1.0,1.0,exact_after_normalize
Maxime Busi,Maxime Busi,NAC Breda,2024,1.0,1.0,1.0,1.0,exact_after_normalize
Fredrik Oldrup Jensen,Fredrik Oldrup Jensen,NAC Breda,2024,1.0,1.0,1.0,1.0,exact_after_normalize
Terence Kongolo,Terence Kongolo,NAC Breda,2024,1.0,1.0,1.0,1.0,exact_after_normalize
Cherrion Valerius,Cherrion Valerius,NAC Breda,2024,1.0,1.0,1.0,1.0,exact_after_normalize
Enes Mahmutovic,Enes Mahmutovic,NAC Breda,2024,1.0,1.0,1.0,1.0,exact_after_normalize
Kostas Lamprou,Kostas Lamprou,NAC Breda,2024,1.0,1.0,1.0,1.0,exact_after_normalize
Casper Staring,Casper Staring,NAC Breda,2024,1.0,1.0,1.0,1.0,exact_after_normalize
Dion Versluis,Dion Versluis,NAC Breda,2024,1.0,1.0,1.0,1.0,exact_after_normalize
Kamal Sowah,Kamal Sowah,NAC Breda,2024,1.0,1.0,1.0,1.0,exact_after_normalize
Lars Mol,Lars Mol,NAC Breda,2024,1.0,1.0,1.0,1.0,exact_after_normalize
Roy Kuijpers,Roy Kuijpers,NAC Breda,2024,1.0,1.0,1.0,1.0,exact_after_normalize
Raul Paula,Raul Paula,NAC Breda,2024,1.0,1.0,1.0,1.0,exact_after_normalize
Dominik Janošek,Dominik Janosek,NAC Breda,2024,0.6842,1.0,1.0,1.0,exact_after_normalize
Nick Viergever,Nick Viergever,Utrecht,2024,1.0,1.0,1.0,1.0,exact_after_normalize
Souffian El Karouani,Souffian El Karouani,Utrecht,2024,1.0,1.0,1.0,1.0,exact_after_normalize
Mike van der Hoorn,Mike van der Hoorn,Utrecht,2024,1.0,1.0,1.0,1.0,exact_after_normalize
Silas Andersen,Silas Andersen,Utrecht,2024,1.0,1.0,1.0,1.0,exact_after_normalize
Anthony Descotte,Anthony Descotte,Utrecht,2024,1.0,1.0,1.0,1.0,exact_after_normalize
Jens Toornstra,Jens Toornstra,Utrecht,2024,1.0,1.0,1.0,1.0,exact_after_normalize
Adrian Blake,Adrian Blake,Utrecht,2024,1.0,1.0,1.0,1.0,exact_after_normalize
Kolbeinn Finnsson,Kolbeinn Finnsson,Utrecht,2024,1.0,1.0,1.0,1.0,exact_after_normalize
Oscar Fraulo,Oscar Fraulo,Utrecht,2024,1.0,1.0,1.0,1.0,exact_after_normalize
Miguel Rodríguez,Miguel Rodríguez,Utrecht,2024,1.0,1.0,1.0,1.0,exact_after_normalize
Niklas Vesterlund,Niklas Vesterlund,Utrecht,2024,1.0,1.0,1.0,1.0,exact_after_normalize
Vasilios Barkas,Vasilios Barkas,Utrecht,2024,1.0,1.0,1.0,1.0,exact_after_normalize
Alonzo Engwanda,Alonzo Engwanda,Utrecht,2024,1.0,1.0,1.0,1.0,exact_after_normalize
Yoann Cathline,Yoann Cathline,Utrecht,2024,1.0,1.0,1.0,1.0,exact_after_normalize
Victor Jensen,Victor Jensen,Utrecht,2024,1.0,1.0,1.0,1.0,exact_after_normalize
Siebe Horemans,Siebe Horemans,Utrecht,2024,1.0,1.0,1.0,1.0,exact_after_normalize
Paxten Aaronson,Paxten Aaronson,Utrecht,2024,1.0,1.0,1.0,1.0,exact_after_normalize
Sébastien Haller,Sébastien Haller,Utrecht,2024,1.0,1.0,1.0,1.0,exact_after_normalize
Noah Ohio,Noah Ohio,Utrecht,2024,1.0,1.0,1.0,1.0,exact_after_normalize
Miliano Jonathans,Miliano Jonathans,Utrecht,2024,1.0,1.0,1.0,1.0,exact_after_normalize
Matisse Didden,Matisse Didden,Utrecht,2024,1.0,1.0,1.0,1.0,exact_after_normalize
Michael Brouwer,Michael Brouwer,Utrecht,2024,1.0,1.0,1.0,1.0,exact_after_normalize
Taylor Booth,Taylor Booth,Utrecht,2024,1.0,1.0,1.0,1.0,exact_after_normalize
Ole Romeny,Ole Romeny,Utrecht,2024,1.0,1.0,1.0,1.0,exact_after_normalize
David Min,David Min,Utrecht,2024,1.0,1.0,1.0,1.0,exact_after_normalize
Can Bozdogan,Can Bozdogan,Utrecht,2024,1.0,1.0,1.0,1.0,exact_after_normalize
Zidane Iqbal,Zidane Iqbal,Utrecht,2024,1.0,1.0,1.0,1.0,exact_after_normalize
Brynjólfur Willumsson,Brynjólfur Willumsson,Groningen,2024,1.0,1.0,1.0,1.0,exact_after_normalize
Romano Postema,Romano Postema,Groningen,2024,1.0,1.0,1.0,1.0,exact_after_normalize
Jorg Schreuders,Jorg Schreuders,Groningen,2024,1.0,1.0,1.0,1.0,exact_after_normalize
Hidde Jurjus,Hidde Jurjus,Groningen,2024,1.0,1.0,1.0,1.0,exact_after_normalize
Alex Mortensen,Alex Mortensen,Groningen,2024,1.0,1.0,1.0,1.0,exact_after_normalize
Wouter Prins,Wouter Prins,Groningen,2024,1.0,1.0,1.0,1.0,exact_after_normalize
Johan Hove,Johan Hove,Groningen,2024,1.0,1.0,1.0,1.0,exact_after_normalize
Luciano Valente,Luciano Valente,Groningen,2024,1.0,1.0,1.0,1.0,exact_after_normalize
Maxim Mariani,Maxim Mariani,Groningen,2024,1.0,1.0,1.0,1.0,exact_after_normalize
Marco Rente,Marco Rente,Groningen,2024,1.0,1.0,1.0,1.0,exact_after_normalize
Marvin Peersman,Marvin Peersman,Groningen,2024,1.0,1.0,1.0,1.0,exact_after_normalize
Thijs Oosting,Thijs Oosting,Groningen,2024,1.0,1.0,1.0,1.0,exact_after_normalize
Joey Pelupessy,Joey Pelupessy,Groningen,2024,1.0,1.0,1.0,1.0,exact_after_normalize
Sven Bouland,Sven Bouland,Groningen,2024,1.0,1.0,1.0,1.0,exact_after_normalize
Leandro Bacuna,Leandro Bacuna,Groningen,2024,1.0,1.0,1.0,1.0,exact_after_normalize
Thom van Bergen,Thom van Bergen,Groningen,2024,1.0,1.0,1.0,1.0,exact_after_normalize
Noam Emeran,Noam Emeran,Groningen,2024,1.0,1.0,1.0,1.0,exact_after_normalize
Mats Seuntjens,Mats Seuntjens,Groningen,2024,1.0,1.0,1.0,1.0,exact_after_normalize
Laros Duarte,Laros Duarte,Groningen,2024,1.0,1.0,1.0,1.0,exact_after_normalize
Hjalmar Ekdal,Hjalmar Ekdal,Groningen,2024,1.0,1.0,1.0,1.0,exact_after_normalize
Thijmen Blokzijl,Thijmen Blokzijl,Groningen,2024,1.0,1.0,1.0,1.0,exact_after_normalize
Dave Kwakman,Dave Kwakman,Groningen,2024,1.0,1.0,1.0,1.0,exact_after_normalize
David van der Werff,David van der Werff,Groningen,2024,1.0,1.0,1.0,1.0,exact_after_normalize
Tika de Jonge,Tika de Jonge,Groningen,2024,1.0,1.0,1.0,1.0,exact_after_normalize
Etienne Vaessen,Etienne Vaessen,Groningen,2024,1.0,1.0,1.0,1.0,exact_after_normalize
Stije Resink,Stije Resink,Groningen,2024,1.0,1.0,1.0,1.0,exact_after_normalize
Finn Stam,Finn Stam,Groningen,2024,1.0,1.0,1.0,1.0,exact_after_normalize
Rui Mendes,Rui Mendes,Groningen,2024,1.0,1.0,1.0,1.0,exact_after_normalize
Bart Nieuwkoop,Bart Nieuwkoop,Feyenoord,2024,1.0,1.0,1.0,1.0,exact_after_normalize
Quinten Timber,Quinten Timber,Feyenoord,2024,1.0,1.0,1.0,1.0,exact_after_normalize
Neraysho Kasanwirjo,Neraysho Kasanwirjo,Feyenoord,2024,1.0,1.0,1.0,1.0,exact_after_normalize
Shiloh 't Zand,Shiloh 't Zand,Feyenoord,2024,1.0,1.0,1.0,1.0,exact_after_normalize
Stephano Carrillo,Stephano Carrillo,Feyenoord,2024,1.0,1.0,1.0,1.0,exact_after_normalize
Marcos López,Marcos López,Feyenoord,2024,1.0,1.0,1.0,1.0,exact_after_normalize
Marcus Pedersen,Marcus Pedersen,Feyenoord,2024,1.0,1.0,1.0,1.0,exact_after_normalize
Djomar Giersthove,Djomar Giersthove,Feyenoord,2024,1.0,1.0,1.0,1.0,exact_after_normalize
Lutsharel Geertruida,Lutsharel Geertruida,Feyenoord,2024,1.0,1.0,1.0,1.0,exact_after_normalize
Gijs Smal,Gijs Smal,Feyenoord,2024,1.0,1.0,1.0,1.0,exact_after_normalize
Hwang In-beom,Hwang In-Beom,Feyenoord,2024,1.0,1.0,1.0,1.0,exact_after_normalize
Jakub Moder,Jakub Moder,Feyenoord,2024,1.0,1.0,1.0,1.0,exact_after_normalize
Timon Wellenreuther,Timon Wellenreuther,Feyenoord,2024,1.0,1.0,1.0,1.0,exact_after_normalize
Thomas Beelen,Thomas Beelen,Feyenoord,2024,1.0,1.0,1.0,1.0,exact_after_normalize
Givairo Read,Givairo Read,Feyenoord,2024,1.0,1.0,1.0,1.0,exact_after_normalize
Dávid Hancko,Dávid Hancko,Feyenoord,2024,1.0,1.0,1.0,1.0,exact_after_normalize
Antoni Milambo,Antoni Milambo,Feyenoord,2024,1.0,1.0,1.0,1.0,exact_after_normalize
Ramiz Zerrouki,Ramiz Zerrouki,Feyenoord,2024,1.0,1.0,1.0,1.0,exact_after_normalize
Hugo Bueno,Hugo Bueno,Feyenoord,2024,1.0,1.0,1.0,1.0,exact_after_normalize
Anis Hadj Moussa,Anis Hadj Moussa,Feyenoord,2024,1.0,1.0,1.0,1.0,exact_after_normalize
Igor Paixão,Igor Paixão,Feyenoord,2024,1.0,1.0,1.0,1.0,exact_after_normalize
Ayase Ueda,Ayase Ueda,Feyenoord,2024,1.0,1.0,1.0,1.0,exact_after_normalize
Ibrahim Osman,Ibrahim Osman,Feyenoord,2024,1.0,1.0,1.0,1.0,exact_after_normalize
Quilindschy Hartman,Quilindschy Hartman,Feyenoord,2024,1.0,1.0,1.0,1.0,exact_after_normalize
Aymen Sliti,Aymen Sliti,Feyenoord,2024,1.0,1.0,1.0,1.0,exact_after_normalize
Gernot Trauner,Gernot Trauner,Feyenoord,2024,1.0,1.0,1.0,1.0,exact_after_normalize
Julián Carranza,Julián Carranza,Feyenoord,2024,1.0,1.0,1.0,1.0,exact_after_normalize
Plamen Andreev,Plamen Andreev,Feyenoord,2024,1.0,1.0,1.0,1.0,exact_after_normalize
Oussama Targhalline,Oussama Targhalline,Feyenoord,2024,1.0,1.0,1.0,1.0,exact_after_normalize
Jan Plug,Jan Plug,Feyenoord,2024,1.0,1.0,1.0,1.0,exact_after_normalize
Justin Bijlow,Justin Bijlow,Feyenoord,2024,1.0,1.0,1.0,1.0,exact_after_normalize
Santiago Giménez,Santiago Giménez,Feyenoord,2024,1.0,1.0,1.0,1.0,exact_after_normalize
Gjivai Zechiël,Gjivai Zechiël,Feyenoord,2024,1.0,1.0,1.0,1.0,exact_after_normalize
Calvin Stengs,Calvin Stengs,Feyenoord,2024,1.0,1.0,1.0,1.0,exact_after_normalize
Jeyland Mitchell,Jeyland Mitchell,Feyenoord,2024,1.0,1.0,1.0,1.0,exact_after_normalize
Jordan Lotomba,Jordan Lotomba,Feyenoord,2024,1.0,1.0,1.0,1.0,exact_after_normalize
Zepiqueno Redmond,Zépiqueno Redmond,Feyenoord,2024,0.7143,1.0,1.0,1.0,exact_after_normalize
Luka Ivanušec,Luka Ivanusec,Feyenoord,2024,0.6471,1.0,1.0,1.0,exact_after_normalize
Yanick van Osch,Yanick van Osch,RKC Waalwijk,2024,1.0,1.0,1.0,1.0,exact_after_normalize
Joey Kesting,Joey Kesting,RKC Waalwijk,2024,1.0,1.0,1.0,1.0,exact_after_normalize
Richonell Margaret,Richonell Margaret,RKC Waalwijk,2024,1.0,1.0,1.0,1.0,exact_after_normalize
Alexander Jakobsen,Alexander Jakobsen,RKC Waalwijk,2024,1.0,1.0,1.0,1.0,exact_after_normalize
Patrick Vroegh,Patrick Vroegh,RKC Waalwijk,2024,1.0,1.0,1.0,1.0,exact_after_normalize
Mark Spenkelink,Mark Spenkelink,RKC Waalwijk,2024,1.0,1.0,1.0,1.0,exact_after_normalize
Kevin Felida,Kevin Felida,RKC Waalwijk,2024,1.0,1.0,1.0,1.0,exact_after_normalize
Aaron Meijers,Aaron Meijers,RKC Waalwijk,2024,1.0,1.0,1.0,1.0,exact_after_normalize
Redouan El Yaakoubi,Redouan El Yaakoubi,RKC Waalwijk,2024,1.0,1.0,1.0,1.0,exact_after_normalize
Michiel Kramer,Michiel Kramer,RKC Waalwijk,2024,1.0,1.0,1.0,1.0,exact_after_normalize
Tim van de Loo,Tim van de Loo,RKC Waalwijk,2024,1.0,1.0,1.0,1.0,exact_after_normalize
Chris Lokesa,Chris Lokesa,RKC Waalwijk,2024,1.0,1.0,1.0,1.0,exact_after_normalize
Julian Lelieveld,Julian Lelieveld,RKC Waalwijk,2024,1.0,1.0,1.0,1.0,exact_after_normalize
Yassin Oukili,Yassin Oukili,RKC Waalwijk,2024,1.0,1.0,1.0,1.0,exact_after_normalize
Reuven Niemeijer,Reuven Niemeijer,RKC Waalwijk,2024,1.0,1.0,1.0,1.0,exact_after_normalize
Faissal Al Mazyani,Faissal Al Mazyani,RKC Waalwijk,2024,1.0,1.0,1.0,1.0,exact_after_normalize
Denilho Cleonise,Denilho Cleonise,RKC Waalwijk,2024,1.0,1.0,1.0,1.0,exact_after_normalize
Daouda Weidmann,Daouda Weidmann,RKC Waalwijk,2024,1.0,1.0,1.0,1.0,exact_after_normalize
Godfried Roemeratoe,Godfried Roemeratoe,RKC Waalwijk,2024,1.0,1.0,1.0,1.0,exact_after_normalize
Jeroen Houwen,Jeroen Houwen,RKC Waalwijk,2024,1.0,1.0,1.0,1.0,exact_after_normalize
Roshon van Eijma,Roshon van Eijma,RKC Waalwijk,2024,1.0,1.0,1.0,1.0,exact_after_normalize
Dario Van den Buijs,Dario Van den Buijs,RKC Waalwijk,2024,1.0,1.0,1.0,1.0,exact_after_normalize
Luuk Wouters,Luuk Wouters,RKC Waalwijk,2024,1.0,1.0,1.0,1.0,exact_after_normalize
Richard van der Venne,Richard van der Venne,RKC Waalwijk,2024,1.0,1.0,1.0,1.0,exact_after_normalize
Liam van Gelderen,Liam van Gelderen,RKC Waalwijk,2024,1.0,1.0,1.0,1.0,exact_after_normalize
Silvester van der Water,Silvester van der Water,RKC Waalwijk,2024,1.0,1.0,1.0,1.0,exact_after_normalize
Oskar Zawada,Oskar Zawada,RKC Waalwijk,2024,1.0,1.0,1.0,1.0,exact_after_normalize
Andries Noppert,Andries Noppert,Heerenveen,2024,1.0,1.0,1.0,1.0,exact_after_normalize
Jacob Trenskow,Jacob Trenskow,Heerenveen,2024,1.0,1.0,1.0,1.0,exact_after_normalize
Ion Nicolaescu,Ion Nicolaescu,Heerenveen,2024,1.0,1.0,1.0,1.0,exact_after_normalize
Mats Köhlert,Mats Köhlert,Heerenveen,2024,1.0,1.0,1.0,1.0,exact_after_normalize
Mickey van der Hart,Mickey van der Hart,Heerenveen,2024,1.0,1.0,1.0,1.0,exact_after_normalize
Levi Smans,Levi Smans,Heerenveen,2024,1.0,1.0,1.0,1.0,exact_after_normalize
Eser Gürbüz,Eser Gürbüz,Heerenveen,2024,1.0,1.0,1.0,1.0,exact_after_normalize
Simon Olsson,Simon Olsson,Heerenveen,2024,1.0,1.0,1.0,1.0,exact_after_normalize
Hussein Ali,Hussein Ali,Heerenveen,2024,1.0,1.0,1.0,1.0,exact_after_normalize
Milos Lukovic,Milos Lukovic,Heerenveen,2024,1.0,1.0,1.0,1.0,exact_after_normalize
Daniel Karlsbakk,Daniel Karlsbakk,Heerenveen,2024,1.0,1.0,1.0,1.0,exact_after_normalize
Espen van Ee,Espen van Ee,Heerenveen,2024,1.0,1.0,1.0,1.0,exact_after_normalize
Alireza Jahanbakhsh,Alireza Jahanbakhsh,Heerenveen,2024,1.0,1.0,1.0,1.0,exact_after_normalize
Marcus Linday,Marcus Linday,Heerenveen,2024,1.0,1.0,1.0,1.0,exact_after_normalize
Oliver Braude,Oliver Braude,Heerenveen,2024,1.0,1.0,1.0,1.0,exact_after_normalize
Sam Kersten,Sam Kersten,Heerenveen,2024,1.0,1.0,1.0,1.0,exact_after_normalize
Mateja Milovanovic,Mateja Milovanovic,Heerenveen,2024,1.0,1.0,1.0,1.0,exact_after_normalize
Nikolai Hopland,Nikolai Hopland,Heerenveen,2024,1.0,1.0,1.0,1.0,exact_after_normalize
Hristiyan Petrov,Hristiyan Petrov,Heerenveen,2024,1.0,1.0,1.0,1.0,exact_after_normalize
Denzel Hall,Denzel Hall,Heerenveen,2024,1.0,1.0,1.0,1.0,exact_after_normalize
Luuk Brouwers,Luuk Brouwers,Heerenveen,2024,1.0,1.0,1.0,1.0,exact_after_normalize
Ché Nunnely,Ché Nunnely,Heerenveen,2024,1.0,1.0,1.0,1.0,exact_after_normalize
Isaiah Ahmed,Isaiah Ahmed,Heerenveen,2024,1.0,1.0,1.0,1.0,exact_after_normalize
Kai Jansen,Kai Jansen,Heerenveen,2024,1.0,1.0,1.0,1.0,exact_after_normalize
Danilo Al Saed,Danilo Al Saed,Heerenveen,2024,1.0,1.0,1.0,1.0,exact_after_normalize
Dimitris Rallis,Dimitris Rallis,Heerenveen,2024,1.0,1.0,1.0,1.0,exact_after_normalize
Ilias Sebaoui,Ilias Sebaoui,Heerenveen,2024,1.0,1.0,1.0,1.0,exact_after_normalize
Jordy de Wijs,Jordy de Wijs,Heerenveen,2024,1.0,1.0,1.0,1.0,exact_after_normalize
Amara Conde,Amara Condé,Heerenveen,2024,0.7143,1.0,1.0,1.0,exact_after_normalize
Bart van Rooij,Bart van Rooij,Twente,2024,1.0,1.0,1.0,1.0,exact_after_normalize
Gerald Alders,Gerald Alders,Twente,2024,1.0,1.0,1.0,1.0,exact_after_normalize
Michal Sadílek,Michal Sadílek,Twente,2024,1.0,1.0,1.0,1.0,exact_after_normalize
Gijs Besselink,Gijs Besselink,Twente,2024,1.0,1.0,1.0,1.0,exact_after_normalize
Gustaf Lagerbielke,Gustaf Lagerbielke,Twente,2024,1.0,1.0,1.0,1.0,exact_after_normalize
Mees Hilgers,Mees Hilgers,Twente,2024,1.0,1.0,1.0,1.0,exact_after_normalize
Carel Eiting,Carel Eiting,Twente,2024,1.0,1.0,1.0,1.0,exact_after_normalize
Mitchell van Bergen,Mitchell van Bergen,Twente,2024,1.0,1.0,1.0,1.0,exact_after_normalize
Ricky van Wolfswinkel,Ricky van Wolfswinkel,Twente,2024,1.0,1.0,1.0,1.0,exact_after_normalize
Sem Steijn,Sem Steijn,Twente,2024,1.0,1.0,1.0,1.0,exact_after_normalize
Sayfallah Ltaief,Sayfallah Ltaief,Twente,2024,1.0,1.0,1.0,1.0,exact_after_normalize
Daan Rots,Daan Rots,Twente,2024,1.0,1.0,1.0,1.0,exact_after_normalize
Youri Regeer,Youri Regeer,Twente,2024,1.0,1.0,1.0,1.0,exact_after_normalize
Sam Lammers,Sam Lammers,Twente,2024,1.0,1.0,1.0,1.0,exact_after_normalize
Anass Salah-Eddine,Anass Salah-Eddine,Twente,2024,1.0,1.0,1.0,1.0,exact_after_normalize
Lars Unnerstall,Lars Unnerstall,Twente,2024,1.0,1.0,1.0,1.0,exact_after_normalize
Bas Kuipers,Bas Kuipers,Twente,2024,1.0,1.0,1.0,1.0,exact_after_normalize
Michel Vlap,Michel Vlap,Twente,2024,1.0,1.0,1.0,1.0,exact_after_normalize
Mathias Kjølø,Mathias Kjølø,Twente,2024,1.0,1.0,1.0,1.0,exact_after_normalize
Max Bruns,Max Bruns,Twente,2024,1.0,1.0,1.0,1.0,exact_after_normalize
Alec Van Hoorenbeeck,Alec Van Hoorenbeeck,Twente,2024,1.0,1.0,1.0,1.0,exact_after_normalize
Lucas Vennegoor of Hesselink,Lucas Vennegoor of Hesselink,Twente,2024,1.0,1.0,1.0,1.0,exact_after_normalize
Taylor Booth,Taylor Booth,Twente,2024,1.0,1.0,1.0,1.0,exact_after_normalize
Arno Verschueren,Arno Verschueren,Twente,2024,1.0,1.0,1.0,1.0,exact_after_normalize
Naci Ünüvar,Naci Ünüvar,Twente,2024,1.0,1.0,1.0,1.0,exact_after_normalize
Julien Mesbahi,Juliën Mesbahi,Twente,2024,0.6667,1.0,1.0,1.0,exact_after_normalize
Jerdy Schouten,Jerdy Schouten,PSV,2024,1.0,1.0,1.0,1.0,exact_after_normalize
Lucas Pérez,Lucas Pérez,PSV,2024,1.0,1.0,1.0,1.0,exact_after_normalize
Tyrell Malacia,Tyrell Malacia,PSV,2024,1.0,1.0,1.0,1.0,exact_after_normalize
Rick Karsdorp,Rick Karsdorp,PSV,2024,1.0,1.0,1.0,1.0,exact_after_normalize
Tygo Land,Tygo Land,PSV,2024,1.0,1.0,1.0,1.0,exact_after_normalize
Armando Obispo,Armando Obispo,PSV,2024,1.0,1.0,1.0,1.0,exact_after_normalize
Ricardo Pepi,Ricardo Pepi,PSV,2024,1.0,1.0,1.0,1.0,exact_after_normalize
Wessel Kuhn,Wessel Kuhn,PSV,2024,1.0,1.0,1.0,1.0,exact_after_normalize
Ismael Saibari,Ismael Saibari,PSV,2024,1.0,1.0,1.0,1.0,exact_after_normalize
Adamo Nagalo,Adamo Nagalo,PSV,2024,1.0,1.0,1.0,1.0,exact_after_normalize
Isaac Babadi,Isaac Babadi,PSV,2024,1.0,1.0,1.0,1.0,exact_after_normalize
Walter Benítez,Walter Benítez,PSV,2024,1.0,1.0,1.0,1.0,exact_after_normalize
Ryan Flamingo,Ryan Flamingo,PSV,2024,1.0,1.0,1.0,1.0,exact_after_normalize
Joey Veerman,Joey Veerman,PSV,2024,1.0,1.0,1.0,1.0,exact_after_normalize
Johan Bakayoko,Johan Bakayoko,PSV,2024,1.0,1.0,1.0,1.0,exact_after_normalize
Sergiño Dest,Sergiño Dest,PSV,2024,1.0,1.0,1.0,1.0,exact_after_normalize
Michael Bresser,Michael Bresser,PSV,2024,1.0,1.0,1.0,1.0,exact_after_normalize
Malik Tillman,Malik Tillman,PSV,2024,1.0,1.0,1.0,1.0,exact_after_normalize
Matteo Dams,Matteo Dams,PSV,2024,1.0,1.0,1.0,1.0,exact_after_normalize
Hirving Lozano,Hirving Lozano,PSV,2024,1.0,1.0,1.0,1.0,exact_after_normalize
Jordan Teze,Jordan Teze,PSV,2024,1.0,1.0,1.0,1.0,exact_after_normalize
Guus Til,Guus Til,PSV,2024,1.0,1.0,1.0,1.0,exact_after_normalize
Luuk de Jong,Luuk de Jong,PSV,2024,1.0,1.0,1.0,1.0,exact_after_normalize
Couhaib Driouech,Couhaib Driouech,PSV,2024,1.0,1.0,1.0,1.0,exact_after_normalize
Olivier Boscagli,Olivier Boscagli,PSV,2024,1.0,1.0,1.0,1.0,exact_after_normalize
Noa Lang,Noa Lang,PSV,2024,1.0,1.0,1.0,1.0,exact_after_normalize
Esmir Bajraktarevic,Esmir Bajraktarevic,PSV,2024,1.0,1.0,1.0,1.0,exact_after_normalize
Mauro Júnior,Mauro Júnior,PSV,2024,1.0,1.0,1.0,1.0,exact_after_normalize
Fredrik Oppegard,Fredrik Oppegård,PSV,2024,0.7,1.0,1.0,1.0,exact_after_normalize
Joel Drommel,Joël Drommel,PSV,2024,0.6667,1.0,1.0,1.0,exact_after_normalize
Ivan Perišić,Ivan Perisic,PSV,2024,0.5294,1.0,1.0,1.0,exact_after_normalize
Ezequiel Bullaude,Ezequiel Bullaude,Fortuna Sittard,2024,1.0,1.0,1.0,1.0,exact_after_normalize
Mattijs Branderhorst,Mattijs Branderhorst,Fortuna Sittard,2024,1.0,1.0,1.0,1.0,exact_after_normalize
Makan Aiko,Makan Aiko,Fortuna Sittard,2024,1.0,1.0,1.0,1.0,exact_after_normalize
Bojan Radulovic,Bojan Radulovic,Fortuna Sittard,2024,1.0,1.0,1.0,1.0,exact_after_normalize
Kaj Sierhuis,Kaj Sierhuis,Fortuna Sittard,2024,1.0,1.0,1.0,1.0,exact_after_normalize
Luuk Koopmans,Luuk Koopmans,Fortuna Sittard,2024,1.0,1.0,1.0,1.0,exact_after_normalize
Mitchell Dijks,Mitchell Dijks,Fortuna Sittard,2024,1.0,1.0,1.0,1.0,exact_after_normalize
Tristan Schenkhuizen,Tristan Schenkhuizen,Fortuna Sittard,2024,1.0,1.0,1.0,1.0,exact_after_normalize
Hasip Korkmazyürek,Hasip Korkmazyürek,Fortuna Sittard,2024,1.0,1.0,1.0,1.0,exact_after_normalize
Milan Robberechts,Milan Robberechts,Fortuna Sittard,2024,1.0,1.0,1.0,1.0,exact_after_normalize
Úmaro Embaló,Úmaro Embaló,Fortuna Sittard,2024,1.0,1.0,1.0,1.0,exact_after_normalize
Ante Erceg,Ante Erceg,Fortuna Sittard,2024,1.0,1.0,1.0,1.0,exact_after_normalize
Alessio da Cruz,Alessio da Cruz,Fortuna Sittard,2024,1.0,1.0,1.0,1.0,exact_after_normalize
Jasper Dahlhaus,Jasper Dahlhaus,Fortuna Sittard,2024,1.0,1.0,1.0,1.0,exact_after_normalize
Samuel Bastien,Samuel Bastien,Fortuna Sittard,2024,1.0,1.0,1.0,1.0,exact_after_normalize
Kristoffer Peterson,Kristoffer Peterson,Fortuna Sittard,2024,1.0,1.0,1.0,1.0,exact_after_normalize
Ivo Pinto,Ivo Pinto,Fortuna Sittard,2024,1.0,1.0,1.0,1.0,exact_after_normalize
Ryan Fosso,Ryan Fosso,Fortuna Sittard,2024,1.0,1.0,1.0,1.0,exact_after_normalize
Syb Van Ottele,Syb van Ottele,Fortuna Sittard,2024,1.0,1.0,1.0,1.0,exact_after_normalize
Loreintz Rosier,Loreintz Rosier,Fortuna Sittard,2024,1.0,1.0,1.0,1.0,exact_after_normalize
Rodrigo Guth,Rodrigo Guth,Fortuna Sittard,2024,1.0,1.0,1.0,1.0,exact_after_normalize
Daley Sinkgraven,Daley Sinkgraven,Fortuna Sittard,2024,1.0,1.0,1.0,1.0,exact_after_normalize
Owen Johnson,Owen Johnson,Fortuna Sittard,2024,1.0,1.0,1.0,1.0,exact_after_normalize
Shawn Adewoye,Shawn Adewoye,Fortuna Sittard,2024,1.0,1.0,1.0,1.0,exact_after_normalize
Alen Halilović,Alen Halilovic,Fortuna Sittard,2024,0.7647,1.0,1.0,1.0,exact_after_normalize
Josip Mitrović,Josip Mitrovic,Fortuna Sittard,2024,0.7647,1.0,1.0,1.0,exact_after_normalize
Luka Tunjić,Luka Tunjic,Fortuna Sittard,2024,0.7143,1.0,1.0,1.0,exact_after_normalize
Edouard Michut,Édouard Michut,Fortuna Sittard,2024,0.6667,1.0,1.0,1.0,exact_after_normalize
Tommy St. Jago,Tommy St. Jago,Willem II,2024,1.0,1.0,1.0,1.0,exact_after_normalize
Youssuf Sylla,Youssuf Sylla,Willem II,2024,1.0,1.0,1.0,1.0,exact_after_normalize
Khaled Razak,Khaled Razak,Willem II,2024,1.0,1.0,1.0,1.0,exact_after_normalize
Dennis Kaygin,Dennis Kaygin,Willem II,2024,1.0,1.0,1.0,1.0,exact_after_normalize
Jeremy Bokila,Jeremy Bokila,Willem II,2024,1.0,1.0,1.0,1.0,exact_after_normalize
Boris lambert,Boris Lambert,Willem II,2024,1.0,1.0,1.0,1.0,exact_after_normalize
Erik Schouten,Erik Schouten,Willem II,2024,1.0,1.0,1.0,1.0,exact_after_normalize
Valentino Vermeulen,Valentino Vermeulen,Willem II,2024,1.0,1.0,1.0,1.0,exact_after_normalize
Nick Doodeman,Nick Doodeman,Willem II,2024,1.0,1.0,1.0,1.0,exact_after_normalize
Amine Lachkar,Amine Lachkar,Willem II,2024,1.0,1.0,1.0,1.0,exact_after_normalize
Miodrag Pivas,Miodrag Pivas,Willem II,2024,1.0,1.0,1.0,1.0,exact_after_normalize
Mickaël Tirpan,Mickaël Tirpan,Willem II,2024,1.0,1.0,1.0,1.0,exact_after_normalize
Jens Mathijsen,Jens Mathijsen,Willem II,2024,1.0,1.0,1.0,1.0,exact_after_normalize
Cisse Sandra,Cisse Sandra,Willem II,2024,1.0,1.0,1.0,1.0,exact_after_normalize
Patrick Joosten,Patrick Joosten,Willem II,2024,1.0,1.0,1.0,1.0,exact_after_normalize
Rob Nizet,Rob Nizet,Willem II,2024,1.0,1.0,1.0,1.0,exact_after_normalize
Uriel van Aalst,Uriel van Aalst,Willem II,2024,1.0,1.0,1.0,1.0,exact_after_normalize
Emilio Kehrer,Emilio Kehrer,Willem II,2024,1.0,1.0,1.0,1.0,exact_after_normalize
Raffael Behounek,Raffael Behounek,Willem II,2024,1.0,1.0,1.0,1.0,exact_after_normalize
Ringo Meerveld,Ringo Meerveld,Willem II,2024,1.0,1.0,1.0,1.0,exact_after_normalize
Kyan Vaesen,Kyan Vaesen,Willem II,2024,1.0,1.0,1.0,1.0,exact_after_normalize
Per Van Loon,Per van Loon,Willem II,2024,1.0,1.0,1.0,1.0,exact_after_normalize
Jesse Bosch,Jesse Bosch,Willem II,2024,1.0,1.0,1.0,1.0,exact_after_normalize
Lars Olden Larsen,Lars Olden Larsen,NEC Nijmegen,2024,1.0,1.0,1.0,1.0,exact_after_normalize
Bart van Rooij,Bart van Rooij,NEC Nijmegen,2024,1.0,1.0,1.0,1.0,exact_after_normalize
Sami Ouaissa,Sami Ouaissa,NEC Nijmegen,2024,1.0,1.0,1.0,1.0,exact_after_normalize
Philippe Sandler,Philippe Sandler,NEC Nijmegen,2024,1.0,1.0,1.0,1.0,exact_after_normalize
Sontje Hansen,Sontje Hansen,NEC Nijmegen,2024,1.0,1.0,1.0,1.0,exact_after_normalize
Bryan Linssen,Bryan Linssen,NEC Nijmegen,2024,1.0,1.0,1.0,1.0,exact_after_normalize
Yousri Sbai,Yousri Sbai,NEC Nijmegen,2024,1.0,1.0,1.0,1.0,exact_after_normalize
Argyris Darelas,Argyris Darelas,NEC Nijmegen,2024,1.0,1.0,1.0,1.0,exact_after_normalize
Stijn van Gassel,Stijn van Gassel,NEC Nijmegen,2024,1.0,1.0,1.0,1.0,exact_after_normalize
Kento Shiogai,Kento Shiogai,NEC Nijmegen,2024,1.0,1.0,1.0,1.0,exact_after_normalize
Kodai Sano,Kodai Sano,NEC Nijmegen,2024,1.0,1.0,1.0,1.0,exact_after_normalize
Calvin Verdonk,Calvin Verdonk,NEC Nijmegen,2024,1.0,1.0,1.0,1.0,exact_after_normalize
Mees Hoedemakers,Mees Hoedemakers,NEC Nijmegen,2024,1.0,1.0,1.0,1.0,exact_after_normalize
Bram Nuytinck,Bram Nuytinck,NEC Nijmegen,2024,1.0,1.0,1.0,1.0,exact_after_normalize
Dirk Proper,Dirk Proper,NEC Nijmegen,2024,1.0,1.0,1.0,1.0,exact_after_normalize
Iván Márquez,Iván Márquez,NEC Nijmegen,2024,1.0,1.0,1.0,1.0,exact_after_normalize
Lasse Schöne,Lasse Schöne,NEC Nijmegen,2024,1.0,1.0,1.0,1.0,exact_after_normalize
Robin Roefs,Robin Roefs,NEC Nijmegen,2024,1.0,1.0,1.0,1.0,exact_after_normalize
Brayann Pereira,Brayann Pereira,NEC Nijmegen,2024,1.0,1.0,1.0,1.0,exact_after_normalize
Vito van Crooij,Vito van Crooij,NEC Nijmegen,2024,1.0,1.0,1.0,1.0,exact_after_normalize
Thomas Ouwejan,Thomas Ouwejan,NEC Nijmegen,2024,1.0,1.0,1.0,1.0,exact_after_normalize
Kōki Ogawa,Koki Ogawa,NEC Nijmegen,2024,0.5714,1.0,1.0,1.0,exact_after_normalize
Basar Onal,Basar Önal,NEC Nijmegen,2024,0.5714,1.0,1.0,1.0,exact_after_normalize
Carel Eiting,Carel Eiting,Sparta,2024,1.0,1.0,1.0,1.0,exact_after_normalize
Nick Olij,Nick Olij,Sparta,2024,1.0,1.0,1.0,1.0,exact_after_normalize
Saïd Bakari,Saïd Bakari,Sparta,2024,1.0,1.0,1.0,1.0,exact_after_normalize
Patrick van Aanholt,Patrick van Aanholt,Sparta,2024,1.0,1.0,1.0,1.0,exact_after_normalize
Julian Baas,Julian Baas,Sparta,2024,1.0,1.0,1.0,1.0,exact_after_normalize
Metinho,Metinho,Sparta,2024,1.0,1.0,1.0,1.0,exact_after_normalize
Rick Meissen,Rick Meissen,Sparta,2024,1.0,1.0,1.0,1.0,exact_after_normalize
Arno Verschueren,Arno Verschueren,Sparta,2024,1.0,1.0,1.0,1.0,exact_after_normalize
Camiel Neghli,Camiel Neghli,Sparta,2024,1.0,1.0,1.0,1.0,exact_after_normalize
Ayoub Oufkir,Ayoub Oufkir,Sparta,2024,1.0,1.0,1.0,1.0,exact_after_normalize
Mike Kleijn,Mike Kleijn,Sparta,2024,1.0,1.0,1.0,1.0,exact_after_normalize
Shunsuke Mito,Shunsuke Mito,Sparta,2024,1.0,1.0,1.0,1.0,exact_after_normalize
Mitchell van Bergen,Mitchell van Bergen,Sparta,2024,1.0,1.0,1.0,1.0,exact_after_normalize
Boyd Reith,Boyd Reith,Sparta,2024,1.0,1.0,1.0,1.0,exact_after_normalize
Gjivai Zechiël,Gjivai Zechiël,Sparta,2024,1.0,1.0,1.0,1.0,exact_after_normalize
Marvin Young,Marvin Young,Sparta,2024,1.0,1.0,1.0,1.0,exact_after_normalize
Pelle Clement,Pelle Clement,Sparta,2024,1.0,1.0,1.0,1.0,exact_after_normalize
Joshua Kitolano,Joshua Kitolano,Sparta,2024,1.0,1.0,1.0,1.0,exact_after_normalize
Mohamed Nassoh,Mohamed Nassoh,Sparta,2024,1.0,1.0,1.0,1.0,exact_after_normalize
Tobias Lauritsen,Tobias Lauritsen,Sparta,2024,1.0,1.0,1.0,1.0,exact_after_normalize
Mike Eerdhuijzen,Mike Eerdhuijzen,Sparta,2024,1.0,1.0,1.0,1.0,exact_after_normalize
Teo Quintero,Teo Quintero,Sparta,2024,1.0,1.0,1.0,1.0,exact_after_normalize
Jonathan de Guzmán,Jonathan de Guzmán,Sparta,2024,1.0,1.0,1.0,1.0,exact_after_normalize
Djevencio van der Kust,Djevencio van der Kust,Sparta,2024,1.0,1.0,1.0,1.0,exact_after_normalize
Charles-Andréas Brym,Charles-Andreas Brym,Sparta,2024,0.75,1.0,1.0,1.0,exact_after_normalize
Joël Ideho,Joel Ideho,Sparta,2024,0.5714,1.0,1.0,1.0,exact_after_normalize
Don-Angelo Konadu,Don-Angelo Konadu,Ajax,2024,1.0,1.0,1.0,1.0,exact_after_normalize
Kenneth Taylor,Kenneth Taylor,Ajax,2024,1.0,1.0,1.0,1.0,exact_after_normalize
Branco van den Boomen,Branco van den Boomen,Ajax,2024,1.0,1.0,1.0,1.0,exact_after_normalize
Davy Klaassen,Davy Klaassen,Ajax,2024,1.0,1.0,1.0,1.0,exact_after_normalize
Dies Janse,Dies Janse,Ajax,2024,1.0,1.0,1.0,1.0,exact_after_normalize
Sivert Mannsverk,Sivert Mannsverk,Ajax,2024,1.0,1.0,1.0,1.0,exact_after_normalize
Kian Fitz-Jim,Kian Fitz-Jim,Ajax,2024,1.0,1.0,1.0,1.0,exact_after_normalize
Devyne Rensch,Devyne Rensch,Ajax,2024,1.0,1.0,1.0,1.0,exact_after_normalize
Youri Baas,Youri Baas,Ajax,2024,1.0,1.0,1.0,1.0,exact_after_normalize
Rayane Bounida,Rayane Bounida,Ajax,2024,1.0,1.0,1.0,1.0,exact_after_normalize
Steven Berghuis,Steven Berghuis,Ajax,2024,1.0,1.0,1.0,1.0,exact_after_normalize
Bertrand Traoré,Bertrand Traoré,Ajax,2024,1.0,1.0,1.0,1.0,exact_after_normalize
Wout Weghorst,Wout Weghorst,Ajax,2024,1.0,1.0,1.0,1.0,exact_after_normalize
Jorrel Hato,Jorrel Hato,Ajax,2024,1.0,1.0,1.0,1.0,exact_after_normalize
Daniele Rugani,Daniele Rugani,Ajax,2024,1.0,1.0,1.0,1.0,exact_after_normalize
Carlos Forbs,Carlos Forbs,Ajax,2024,1.0,1.0,1.0,1.0,exact_after_normalize
Chuba Akpom,Chuba Akpom,Ajax,2024,1.0,1.0,1.0,1.0,exact_after_normalize
Matheus,Matheus,Ajax,2024,1.0,1.0,1.0,1.0,exact_after_normalize
Remko Pasveer,Remko Pasveer,Ajax,2024,1.0,1.0,1.0,1.0,exact_after_normalize
Christian Rasmussen,Christian Rasmussen,Ajax,2024,1.0,1.0,1.0,1.0,exact_after_normalize
Mika Godts,Mika Godts,Ajax,2024,1.0,1.0,1.0,1.0,exact_after_normalize
Owen Wijndal,Owen Wijndal,Ajax,2024,1.0,1.0,1.0,1.0,exact_after_normalize
Steven Bergwijn,Steven Bergwijn,Ajax,2024,1.0,1.0,1.0,1.0,exact_after_normalize
Benjamin Tahirovic,Benjamin Tahirovic,Ajax,2024,1.0,1.0,1.0,1.0,exact_after_normalize
Diant Ramaj,Diant Ramaj,Ajax,2024,1.0,1.0,1.0,1.0,exact_after_normalize
Youri Regeer,Youri Regeer,Ajax,2024,1.0,1.0,1.0,1.0,exact_after_normalize
Sean Steur,Sean Steur,Ajax,2024,1.0,1.0,1.0,1.0,exact_after_normalize
Ahmetcan Kaplan,Ahmetcan Kaplan,Ajax,2024,1.0,1.0,1.0,1.0,exact_after_normalize
Brian Brobbey,Brian Brobbey,Ajax,2024,1.0,1.0,1.0,1.0,exact_after_normalize
Oliver Edvardsen,Oliver Edvardsen,Ajax,2024,1.0,1.0,1.0,1.0,exact_after_normalize
Jorthy Mokio,Jorthy Mokio,Ajax,2024,1.0,1.0,1.0,1.0,exact_after_normalize
Jordan Henderson,Jordan Henderson,Ajax,2024,1.0,1.0,1.0,1.0,exact_after_normalize
Anton Gaaei,Anton Gaaei,Ajax,2024,1.0,1.0,1.0,1.0,exact_after_normalize
Josip Šutalo,Josip Sutalo,Ajax,2024,0.625,1.0,1.0,1.0,exact_after_normalize
Kornelius Hansen,Kornelius Hansen,Almere City,2024,1.0,1.0,1.0,1.0,exact_after_normalize
Théo Barbet,Théo Barbet,Almere City,2024,1.0,1.0,1.0,1.0,exact_after_normalize
Thomas Robinet,Thomas Robinet,Almere City,2024,1.0,1.0,1.0,1.0,exact_after_normalize
Thom Haye,Thom Haye,Almere City,2024,1.0,1.0,1.0,1.0,exact_after_normalize
Emanuel Poku,Emanuel Poku,Almere City,2024,1.0,1.0,1.0,1.0,exact_after_normalize
Ali Jasim,Ali Jasim,Almere City,2024,1.0,1.0,1.0,1.0,exact_after_normalize
Tim Receveur,Tim Receveur,Almere City,2024,1.0,1.0,1.0,1.0,exact_after_normalize
Baptiste Guillaume,Baptiste Guillaume,Almere City,2024,1.0,1.0,1.0,1.0,exact_after_normalize
Hamdi Akujobi,Hamdi Akujobi,Almere City,2024,1.0,1.0,1.0,1.0,exact_after_normalize
Junior Kadile,Junior Kadile,Almere City,2024,1.0,1.0,1.0,1.0,exact_after_normalize
Guus Beaumont,Guus Beaumont,Almere City,2024,1.0,1.0,1.0,1.0,exact_after_normalize
Anas Tahiri,Anas Tahiri,Almere City,2024,1.0,1.0,1.0,1.0,exact_after_normalize
Àlex Carbonell,Àlex Carbonell,Almere City,2024,1.0,1.0,1.0,1.0,exact_after_normalize
Sherel Floranus,Sherel Floranus,Almere City,2024,1.0,1.0,1.0,1.0,exact_after_normalize
Joey Jacobs,Joey Jacobs,Almere City,2024,1.0,1.0,1.0,1.0,exact_after_normalize
Ruben Providence,Ruben Providence,Almere City,2024,1.0,1.0,1.0,1.0,exact_after_normalize
Jonas Wendlinger,Jonas Wendlinger,Almere City,2024,1.0,1.0,1.0,1.0,exact_after_normalize
James Lawrence,James Lawrence,Almere City,2024,1.0,1.0,1.0,1.0,exact_after_normalize
Damil Dankerlui,Damil Dankerlui,Almere City,2024,1.0,1.0,1.0,1.0,exact_after_normalize
Vasilios Zagaritis,Vasilios Zagaritis,Almere City,2024,1.0,1.0,1.0,1.0,exact_after_normalize
Logan Delaurier-Chaubet,Logan Delaurier-Chaubet,Almere City,2024,1.0,1.0,1.0,1.0,exact_after_normalize
Olivier de Nijs,Olivier de Nijs,Almere City,2024,1.0,1.0,1.0,1.0,exact_after_normalize
Nordin Bakker,Nordin Bakker,Almere City,2024,1.0,1.0,1.0,1.0,exact_after_normalize
Adi Nalic,Adi Nalic,Almere City,2024,1.0,1.0,1.0,1.0,exact_after_normalize
Ricardo Visus,Ricardo Visus,Almere City,2024,1.0,1.0,1.0,1.0,exact_after_normalize
Stije Resink,Stije Resink,Almere City,2024,1.0,1.0,1.0,1.0,exact_after_normalize
Christopher Mamengi,Christopher Mamengi,Almere City,2024,1.0,1.0,1.0,1.0,exact_after_normalize
Charles-Andréas Brym,Charles-Andreas Brym,Almere City,2024,0.75,1.0,1.0,1.0,exact_after_normalize
Jeffry Puriel,Jeffry Puriël,Almere City,2024,0.6471,1.0,1.0,1.0,exact_after_normalize
Faiz Mattoir,Faïz Mattoir,Almere City,2024,0.625,1.0,1.0,1.0,exact_after_normalize
Alex Balboa,Álex Balboa,Almere City,2024,0.6,1.0,1.0,1.0,exact_after_normalize
David Møller Wolfe,David Møller Wolfe,AZ,2024,1.0,1.0,1.0,1.0,exact_after_normalize
Rome-Jayden Owusu-Oduro,Rome-Jayden Owusu-Oduro,AZ,2024,1.0,1.0,1.0,1.0,exact_after_normalize
Peer Koopmeiners,Peer Koopmeiners,AZ,2024,1.0,1.0,1.0,1.0,exact_after_normalize
Zico Buurmeester,Zico Buurmeester,AZ,2024,1.0,1.0,1.0,1.0,exact_after_normalize
Wouter Goes,Wouter Goes,AZ,2024,1.0,1.0,1.0,1.0,exact_after_normalize
Elijah Dijkstra,Elijah Dijkstra,AZ,2024,1.0,1.0,1.0,1.0,exact_after_normalize
Kees Smit,Kees Smit,AZ,2024,1.0,1.0,1.0,1.0,exact_after_normalize
Mees de Wit,Mees de Wit,AZ,2024,1.0,1.0,1.0,1.0,exact_after_normalize
Denso Kasius,Denso Kasius,AZ,2024,1.0,1.0,1.0,1.0,exact_after_normalize
Ibrahim Sadiq,Ibrahim Sadiq,AZ,2024,1.0,1.0,1.0,1.0,exact_after_normalize
Kristijan Belic,Kristijan Belic,AZ,2024,1.0,1.0,1.0,1.0,exact_after_normalize
Maxim Dekker,Maxim Dekker,AZ,2024,1.0,1.0,1.0,1.0,exact_after_normalize
Troy Parrott,Troy Parrott,AZ,2024,1.0,1.0,1.0,1.0,exact_after_normalize
Ruben van Bommel,Ruben van Bommel,AZ,2024,1.0,1.0,1.0,1.0,exact_after_normalize
Alexandre Penetra,Alexandre Penetra,AZ,2024,1.0,1.0,1.0,1.0,exact_after_normalize
Mexx Meerdink,Mexx Meerdink,AZ,2024,1.0,1.0,1.0,1.0,exact_after_normalize
Jordy Clasie,Jordy Clasie,AZ,2024,1.0,1.0,1.0,1.0,exact_after_normalize
Sven Mijnans,Sven Mijnans,AZ,2024,1.0,1.0,1.0,1.0,exact_after_normalize
Seiya Maikuma,Seiya Maikuma,AZ,2024,1.0,1.0,1.0,1.0,exact_after_normalize
Mayckel Lahdo,Mayckel Lahdo,AZ,2024,1.0,1.0,1.0,1.0,exact_after_normalize
Myron van Brederode,Myron van Brederode,AZ,2024,1.0,1.0,1.0,1.0,exact_after_normalize
Riechedly Bazoer,Riechedly Bazoer,AZ,2024,1.0,1.0,1.0,1.0,exact_after_normalize
Ernest Poku,Ernest Poku,AZ,2024,1.0,1.0,1.0,1.0,exact_after_normalize
Jayden Addai,Jayden Addai,AZ,2024,1.0,1.0,1.0,1.0,exact_after_normalize
Bruno Martins Indi,Bruno Martins Indi,AZ,2024,1.0,1.0,1.0,1.0,exact_after_normalize
Lequincio Zeefuik,Lequincio Zeefuik,AZ,2024,1.0,1.0,1.0,1.0,exact_after_normalize
Dave Kwakman,Dave Kwakman,AZ,2024,1.0,1.0,1.0,1.0,exact_after_normalize
Jeroen Zoet,Jeroen Zoet,AZ,2024,1.0,1.0,1.0,1.0,exact_after_normalize
Ro-Zangelo Daal,Ro-Zangelo Daal,AZ,2024,1.0,1.0,1.0,1.0,exact_after_normalize
Younes Namli,Younes Namli,PEC Zwolle,2024,1.0,1.0,1.0,1.0,exact_after_normalize
Olivier Aertssen,Olivier Aertssen,PEC Zwolle,2024,1.0,1.0,1.0,1.0,exact_after_normalize
Ryan Thomas,Ryan Thomas,PEC Zwolle,2024,1.0,1.0,1.0,1.0,exact_after_normalize
Thomas Buitink,Thomas Buitink,PEC Zwolle,2024,1.0,1.0,1.0,1.0,exact_after_normalize
Dylan Mbayo,Dylan Mbayo,PEC Zwolle,2024,1.0,1.0,1.0,1.0,exact_after_normalize
Dylan Vente,Dylan Vente,PEC Zwolle,2024,1.0,1.0,1.0,1.0,exact_after_normalize
Filip Krastev,Filip Krastev,PEC Zwolle,2024,1.0,1.0,1.0,1.0,exact_after_normalize
Jamiro Monteiro,Jamiro Monteiro,PEC Zwolle,2024,1.0,1.0,1.0,1.0,exact_after_normalize
Damian van der Haar,Damian van der Haar,PEC Zwolle,2024,1.0,1.0,1.0,1.0,exact_after_normalize
Anouar El Azzouzi,Anouar El Azzouzi,PEC Zwolle,2024,1.0,1.0,1.0,1.0,exact_after_normalize
Sherel Floranus,Sherel Floranus,PEC Zwolle,2024,1.0,1.0,1.0,1.0,exact_after_normalize
Jasper Schendelaar,Jasper Schendelaar,PEC Zwolle,2024,1.0,1.0,1.0,1.0,exact_after_normalize
Samir Lagsir,Samir Lagsir,PEC Zwolle,2024,1.0,1.0,1.0,1.0,exact_after_normalize
Teun Gijselhart,Teun Gijselhart,PEC Zwolle,2024,1.0,1.0,1.0,1.0,exact_after_normalize
Braydon Manu,Braydon Manu,PEC Zwolle,2024,1.0,1.0,1.0,1.0,exact_after_normalize
Tristan Gooijer,Tristan Gooijer,PEC Zwolle,2024,1.0,1.0,1.0,1.0,exact_after_normalize
Apostolos Vellios,Apostolos Vellios,PEC Zwolle,2024,1.0,1.0,1.0,1.0,exact_after_normalize
Odysseus Velanas,Odysseus Velanas,PEC Zwolle,2024,1.0,1.0,1.0,1.0,exact_after_normalize
Mike Hauptmeijer,Mike Hauptmeijer,PEC Zwolle,2024,1.0,1.0,1.0,1.0,exact_after_normalize
Eliano Reijnders,Eliano Reijnders,PEC Zwolle,2024,1.0,1.0,1.0,1.0,exact_after_normalize
Thierry Lutonda,Thierry Lutonda,PEC Zwolle,2024,1.0,1.0,1.0,1.0,exact_after_normalize
Nick Fichtinger,Nick Fichtinger,PEC Zwolle,2024,1.0,1.0,1.0,1.0,exact_after_normalize
Kaj de Rooij,Kaj de Rooij,PEC Zwolle,2024,1.0,1.0,1.0,1.0,exact_after_normalize
Justin Hoogma,Justin Hoogma,Heracles Almelo,2024,1.0,1.0,1.0,1.0,exact_after_normalize
Suf Podgoreanu,Suf Podgoreanu,Heracles Almelo,2024,1.0,1.0,1.0,1.0,exact_after_normalize
Thomas Bruns,Thomas Bruns,Heracles Almelo,2024,1.0,1.0,1.0,1.0,exact_after_normalize
Juho Talvitie,Juho Talvitie,Heracles Almelo,2024,1.0,1.0,1.0,1.0,exact_after_normalize
Jordy Bruijn,Jordy Bruijn,Heracles Almelo,2024,1.0,1.0,1.0,1.0,exact_after_normalize
Shiloh 't Zand,Shiloh 't Zand,Heracles Almelo,2024,1.0,1.0,1.0,1.0,exact_after_normalize
Bryan Limbombe,Bryan Limbombe,Heracles Almelo,2024,1.0,1.0,1.0,1.0,exact_after_normalize
Jannes Wieckhoff,Jannes Wieckhoff,Heracles Almelo,2024,1.0,1.0,1.0,1.0,exact_after_normalize
Mimeirhel Benita,Mimeirhel Benita,Heracles Almelo,2024,1.0,1.0,1.0,1.0,exact_after_normalize
Jizz Hornkamp,Jizz Hornkamp,Heracles Almelo,2024,1.0,1.0,1.0,1.0,exact_after_normalize
Brian De Keersmaecker,Brian De Keersmaecker,Heracles Almelo,2024,1.0,1.0,1.0,1.0,exact_after_normalize
Mats Rots,Mats Rots,Heracles Almelo,2024,1.0,1.0,1.0,1.0,exact_after_normalize
Sem Scheperman,Sem Scheperman,Heracles Almelo,2024,1.0,1.0,1.0,1.0,exact_after_normalize
Ivan Mesík,Ivan Mesík,Heracles Almelo,2024,1.0,1.0,1.0,1.0,exact_after_normalize
Fabian de Keijzer,Fabian de Keijzer,Heracles Almelo,2024,1.0,1.0,1.0,1.0,exact_after_normalize
Mario Engels,Mario Engels,Heracles Almelo,2024,1.0,1.0,1.0,1.0,exact_after_normalize
Damon Mirani,Damon Mirani,Heracles Almelo,2024,1.0,1.0,1.0,1.0,exact_after_normalize
Diego van Oorschot,Diego van Oorschot,Heracles Almelo,2024,1.0,1.0,1.0,1.0,exact_after_normalize
Daniël van Kaam,Daniël van Kaam,Heracles Almelo,2024,1.0,1.0,1.0,1.0,exact_after_normalize
Ruben Roosken,Ruben Roosken,Heracles Almelo,2024,1.0,1.0,1.0,1.0,exact_after_normalize
Lorenzo Milani,Lorenzo Milani,Heracles Almelo,2024,1.0,1.0,1.0,1.0,exact_after_normalize
Giandro Sambo,Giandro Sambo,Heracles Almelo,2024,1.0,1.0,1.0,1.0,exact_after_normalize
Luka Kulenović,Luka Kulenovic,Heracles Almelo,2024,0.7647,1.0,1.0,1.0,exact_after_normalize
Jan Žambůrek,Jan Zamburek,Heracles Almelo,2024,0.3684,1.0,1.0,1.0,exact_after_normalize
Joris Kramer,Joris Kramer,Go Ahead Eagles,2024,1.0,1.0,1.0,1.0,exact_after_normalize
Luca Plogmann,Luca Plogmann,Go Ahead Eagles,2024,1.0,1.0,1.0,1.0,exact_after_normalize
Aske Adelgaard,Aske Adelgaard,Go Ahead Eagles,2024,1.0,1.0,1.0,1.0,exact_after_normalize
Jakob Breum,Jakob Breum,Go Ahead Eagles,2024,1.0,1.0,1.0,1.0,exact_after_normalize
Enric Llansana,Enric Llansana,Go Ahead Eagles,2024,1.0,1.0,1.0,1.0,exact_after_normalize
Julius Dirksen,Julius Dirksen,Go Ahead Eagles,2024,1.0,1.0,1.0,1.0,exact_after_normalize
Milan Smit,Milan Smit,Go Ahead Eagles,2024,1.0,1.0,1.0,1.0,exact_after_normalize
Jari De Busser,Jari De Busser,Go Ahead Eagles,2024,1.0,1.0,1.0,1.0,exact_after_normalize
Calvin Twigt,Calvin Twigt,Go Ahead Eagles,2024,1.0,1.0,1.0,1.0,exact_after_normalize
Gerrit Nauber,Gerrit Nauber,Go Ahead Eagles,2024,1.0,1.0,1.0,1.0,exact_after_normalize
Jamal Amofa,Jamal Amofa,Go Ahead Eagles,2024,1.0,1.0,1.0,1.0,exact_after_normalize
Pim Saathof,Pim Saathof,Go Ahead Eagles,2024,1.0,1.0,1.0,1.0,exact_after_normalize
Mathis Suray,Mathis Suray,Go Ahead Eagles,2024,1.0,1.0,1.0,1.0,exact_after_normalize
Finn Stokkers,Finn Stokkers,Go Ahead Eagles,2024,1.0,1.0,1.0,1.0,exact_after_normalize
Oscar Pettersson,Oscar Pettersson,Go Ahead Eagles,2024,1.0,1.0,1.0,1.0,exact_after_normalize
Bobby Adekanye,Bobby Adekanye,Go Ahead Eagles,2024,1.0,1.0,1.0,1.0,exact_after_normalize
Mats Deijl,Mats Deijl,Go Ahead Eagles,2024,1.0,1.0,1.0,1.0,exact_after_normalize
Thibo Baeten,Thibo Baeten,Go Ahead Eagles,2024,1.0,1.0,1.0,1.0,exact_after_normalize
Oliver Edvardsen,Oliver Edvardsen,Go Ahead Eagles,2024,1.0,1.0,1.0,1.0,exact_after_normalize
Victor Edvardsen,Victor Edvardsen,Go Ahead Eagles,2024,1.0,1.0,1.0,1.0,exact_after_normalize
Evert Linthorst,Evert Linthorst,Go Ahead Eagles,2024,1.0,1.0,1.0,1.0,exact_after_normalize
Oliver Antman,Oliver Antman,Go Ahead Eagles,2024,1.0,1.0,1.0,1.0,exact_after_normalize
Dean James,Dean James,Go Ahead Eagles,2024,1.0,1.0,1.0,1.0,exact_after_normalize
Robbin Weijenberg,Robbin Weijenberg,Go Ahead Eagles,2024,1.0,1.0,1.0,1.0,exact_after_normalize
Søren Tengstedt,Søren Tengstedt,Go Ahead Eagles,2024,1.0,1.0,1.0,1.0,exact_after_normalize
Luca Everink,Luca Everink,Go Ahead Eagles,2024,1.0,1.0,1.0,1.0,exact_after_normalize
Ofosu Boakye,Ofosu Boakye,Go Ahead Eagles,2024,1.0,1.0,1.0,1.0,exact_after_normalize
André Ayew,André Ayew,NAC Breda,2025,1.0,1.0,1.0,1.0,exact_after_normalize
Leo Greiml,Leo Greiml,NAC Breda,2025,1.0,1.0,1.0,1.0,exact_after_normalize
Moussa Soumano,Moussa Soumano,NAC Breda,2025,1.0,1.0,1.0,1.0,exact_after_normalize
Kamal Sowah,Kamal Sowah,NAC Breda,2025,1.0,1.0,1.0,1.0,exact_after_normalize
Denis Odoi,Denis Odoi,NAC Breda,2025,1.0,1.0,1.0,1.0,exact_after_normalize
Amine Salama,Amine Salama,NAC Breda,2025,1.0,1.0,1.0,1.0,exact_after_normalize
Boyd Lucassen,Boyd Lucassen,NAC Breda,2025,1.0,1.0,1.0,1.0,exact_after_normalize
Enes Mahmutovic,Enes Mahmutovic,NAC Breda,2025,1.0,1.0,1.0,1.0,exact_after_normalize
Cherrion Valerius,Cherrion Valerius,NAC Breda,2025,1.0,1.0,1.0,1.0,exact_after_normalize
Rio Hillen,Rio Hillen,NAC Breda,2025,1.0,1.0,1.0,1.0,exact_after_normalize
Mohamed Nassoh,Mohamed Nassoh,NAC Breda,2025,1.0,1.0,1.0,1.0,exact_after_normalize
Juho Talvitie,Juho Talvitie,NAC Breda,2025,1.0,1.0,1.0,1.0,exact_after_normalize
Dion Versluis,Dion Versluis,NAC Breda,2025,1.0,1.0,1.0,1.0,exact_after_normalize
Raul Paula,Raul Paula,NAC Breda,2025,1.0,1.0,1.0,1.0,exact_after_normalize
Daan van Reeuwijk,Daan van Reeuwijk,NAC Breda,2025,1.0,1.0,1.0,1.0,exact_after_normalize
Daniel Bielica,Daniel Bielica,NAC Breda,2025,1.0,1.0,1.0,1.0,exact_after_normalize
Lewis Holtby,Lewis Holtby,NAC Breda,2025,1.0,1.0,1.0,1.0,exact_after_normalize
Kostas Lamprou,Kostas Lamprou,NAC Breda,2025,1.0,1.0,1.0,1.0,exact_after_normalize
Casper Staring,Casper Staring,NAC Breda,2025,1.0,1.0,1.0,1.0,exact_after_normalize
Max Balard,Max Balard,NAC Breda,2025,1.0,1.0,1.0,1.0,exact_after_normalize
Clint Leemans,Clint Leemans,NAC Breda,2025,1.0,1.0,1.0,1.0,exact_after_normalize
Boy Kemper,Boy Kemper,NAC Breda,2025,1.0,1.0,1.0,1.0,exact_after_normalize
Fredrik Oldrup Jensen,Fredrik Oldrup Jensen,NAC Breda,2025,1.0,1.0,1.0,1.0,exact_after_normalize
Sydney van Hooijdonk,Sydney van Hooijdonk,NAC Breda,2025,1.0,1.0,1.0,1.0,exact_after_normalize
Pepijn Reulen,Pepijn Reulen,NAC Breda,2025,1.0,1.0,1.0,1.0,exact_after_normalize
Brahim Ghalidi,Brahim Ghalidi,NAC Breda,2025,1.0,1.0,1.0,1.0,exact_after_normalize
Terence Kongolo,Terence Kongolo,NAC Breda,2025,1.0,1.0,1.0,1.0,exact_after_normalize
Jayden Candelaria,Jayden Candelaria,NAC Breda,2025,1.0,1.0,1.0,1.0,exact_after_normalize
Charles-Andréas Brym,Charles-Andreas Brym,NAC Breda,2025,0.75,1.0,1.0,1.0,exact_after_normalize
Rafik el Arguioui,Rafik El Arguioui,Utrecht,2025,1.0,1.0,1.0,1.0,exact_after_normalize
Ángel Alarcón,Ángel Alarcón,Utrecht,2025,1.0,1.0,1.0,1.0,exact_after_normalize
Miliano Jonathans,Miliano Jonathans,Utrecht,2025,1.0,1.0,1.0,1.0,exact_after_normalize
Can Bozdogan,Can Bozdogan,Utrecht,2025,1.0,1.0,1.0,1.0,exact_after_normalize
Emirhan Demircan,Emirhan Demircan,Utrecht,2025,1.0,1.0,1.0,1.0,exact_after_normalize
Mike Eerdhuijzen,Mike Eerdhuijzen,Utrecht,2025,1.0,1.0,1.0,1.0,exact_after_normalize
Mike van der Hoorn,Mike van der Hoorn,Utrecht,2025,1.0,1.0,1.0,1.0,exact_after_normalize
Michael Brouwer,Michael Brouwer,Utrecht,2025,1.0,1.0,1.0,1.0,exact_after_normalize
Emeka Adiele,Emeka Adiele,Utrecht,2025,1.0,1.0,1.0,1.0,exact_after_normalize
Yoann Cathline,Yoann Cathline,Utrecht,2025,1.0,1.0,1.0,1.0,exact_after_normalize
Niklas Vesterlund,Niklas Vesterlund,Utrecht,2025,1.0,1.0,1.0,1.0,exact_after_normalize
Adrian Blake,Adrian Blake,Utrecht,2025,1.0,1.0,1.0,1.0,exact_after_normalize
Dani de Wit,Dani de Wit,Utrecht,2025,1.0,1.0,1.0,1.0,exact_after_normalize
Gjivai Zechiël,Gjivai Zechiël,Utrecht,2025,1.0,1.0,1.0,1.0,exact_after_normalize
Alonzo Engwanda,Alonzo Engwanda,Utrecht,2025,1.0,1.0,1.0,1.0,exact_after_normalize
Miguel Rodríguez,Miguel Rodríguez,Utrecht,2025,1.0,1.0,1.0,1.0,exact_after_normalize
Artem Stepanov,Artem Stepanov,Utrecht,2025,1.0,1.0,1.0,1.0,exact_after_normalize
David Min,David Min,Utrecht,2025,1.0,1.0,1.0,1.0,exact_after_normalize
Noah Ohio,Noah Ohio,Utrecht,2025,1.0,1.0,1.0,1.0,exact_after_normalize
Jesper Karlsson,Jesper Karlsson,Utrecht,2025,1.0,1.0,1.0,1.0,exact_after_normalize
Sébastien Haller,Sébastien Haller,Utrecht,2025,1.0,1.0,1.0,1.0,exact_after_normalize
Victor Jensen,Victor Jensen,Utrecht,2025,1.0,1.0,1.0,1.0,exact_after_normalize
Oualid Agougil,Oualid Agougil,Utrecht,2025,1.0,1.0,1.0,1.0,exact_after_normalize
Zidane Iqbal,Zidane Iqbal,Utrecht,2025,1.0,1.0,1.0,1.0,exact_after_normalize
Jaygo van Ommeren,Jaygo van Ommeren,Utrecht,2025,1.0,1.0,1.0,1.0,exact_after_normalize
Siebe Horemans,Siebe Horemans,Utrecht,2025,1.0,1.0,1.0,1.0,exact_after_normalize
Matisse Didden,Matisse Didden,Utrecht,2025,1.0,1.0,1.0,1.0,exact_after_normalize
Nick Viergever,Nick Viergever,Utrecht,2025,1.0,1.0,1.0,1.0,exact_after_normalize
Souffian El Karouani,Souffian El Karouani,Utrecht,2025,1.0,1.0,1.0,1.0,exact_after_normalize
Vasilios Barkas,Vasilios Barkas,Utrecht,2025,1.0,1.0,1.0,1.0,exact_after_normalize
Stije Resink,Stije Resink,Groningen,2025,1.0,1.0,1.0,1.0,exact_after_normalize
Tika de Jonge,Tika de Jonge,Groningen,2025,1.0,1.0,1.0,1.0,exact_after_normalize
Marco Rente,Marco Rente,Groningen,2025,1.0,1.0,1.0,1.0,exact_after_normalize
Ryan Metu,Ryan Metu,Groningen,2025,1.0,1.0,1.0,1.0,exact_after_normalize
Jorg Schreuders,Jorg Schreuders,Groningen,2025,1.0,1.0,1.0,1.0,exact_after_normalize
David van der Werff,David van der Werff,Groningen,2025,1.0,1.0,1.0,1.0,exact_after_normalize
Thom van Bergen,Thom van Bergen,Groningen,2025,1.0,1.0,1.0,1.0,exact_after_normalize
Oskar Zawada,Oskar Zawada,Groningen,2025,1.0,1.0,1.0,1.0,exact_after_normalize
Etienne Vaessen,Etienne Vaessen,Groningen,2025,1.0,1.0,1.0,1.0,exact_after_normalize
Mats Seuntjens,Mats Seuntjens,Groningen,2025,1.0,1.0,1.0,1.0,exact_after_normalize
Brynjólfur Willumsson,Brynjólfur Willumsson,Groningen,2025,1.0,1.0,1.0,1.0,exact_after_normalize
Wouter Prins,Wouter Prins,Groningen,2025,1.0,1.0,1.0,1.0,exact_after_normalize
Tyrique Mercera,Tyrique Mercera,Groningen,2025,1.0,1.0,1.0,1.0,exact_after_normalize
Nils Eggens,Nils Eggens,Groningen,2025,1.0,1.0,1.0,1.0,exact_after_normalize
Tygo Land,Tygo Land,Groningen,2025,1.0,1.0,1.0,1.0,exact_after_normalize
Mark Hoekstra,Mark Hoekstra,Groningen,2025,1.0,1.0,1.0,1.0,exact_after_normalize
Marvin Peersman,Marvin Peersman,Groningen,2025,1.0,1.0,1.0,1.0,exact_after_normalize
Dies Janse,Dies Janse,Groningen,2025,1.0,1.0,1.0,1.0,exact_after_normalize
Thijmen Blokzijl,Thijmen Blokzijl,Groningen,2025,1.0,1.0,1.0,1.0,exact_after_normalize
Hidde Jurjus,Hidde Jurjus,Groningen,2025,1.0,1.0,1.0,1.0,exact_after_normalize
Noam Emeran,Noam Emeran,Groningen,2025,1.0,1.0,1.0,1.0,exact_after_normalize
Rui Mendes,Rui Mendes,Groningen,2025,1.0,1.0,1.0,1.0,exact_after_normalize
Oussama Targhalline,Oussama Targhalline,Feyenoord,2025,1.0,1.0,1.0,1.0,exact_after_normalize
Malcolm Jeng,Malcolm Jeng,Feyenoord,2025,1.0,1.0,1.0,1.0,exact_after_normalize
Shaqueel Van Persie,Shaqueel van Persie,Feyenoord,2025,1.0,1.0,1.0,1.0,exact_after_normalize
Givairo Read,Givairo Read,Feyenoord,2025,1.0,1.0,1.0,1.0,exact_after_normalize
Anis Hadj Moussa,Anis Hadj Moussa,Feyenoord,2025,1.0,1.0,1.0,1.0,exact_after_normalize
Ayoub Ouarghi,Ayoub Ouarghi,Feyenoord,2025,1.0,1.0,1.0,1.0,exact_after_normalize
Mats Deijl,Mats Deijl,Feyenoord,2025,1.0,1.0,1.0,1.0,exact_after_normalize
Aymen Sliti,Aymen Sliti,Feyenoord,2025,1.0,1.0,1.0,1.0,exact_after_normalize
Thijs Kraaijeveld,Thijs Kraaijeveld,Feyenoord,2025,1.0,1.0,1.0,1.0,exact_after_normalize
Steven Benda,Steven Benda,Feyenoord,2025,1.0,1.0,1.0,1.0,exact_after_normalize
Timon Wellenreuther,Timon Wellenreuther,Feyenoord,2025,1.0,1.0,1.0,1.0,exact_after_normalize
Luciano Valente,Luciano Valente,Feyenoord,2025,1.0,1.0,1.0,1.0,exact_after_normalize
Gernot Trauner,Gernot Trauner,Feyenoord,2025,1.0,1.0,1.0,1.0,exact_after_normalize
Tsuyoshi Watanabe,Tsuyoshi Watanabe,Feyenoord,2025,1.0,1.0,1.0,1.0,exact_after_normalize
Leo Sauer,Leo Sauer,Feyenoord,2025,1.0,1.0,1.0,1.0,exact_after_normalize
Raheem Sterling,Raheem Sterling,Feyenoord,2025,1.0,1.0,1.0,1.0,exact_after_normalize
Gonçalo Borges,Gonçalo Borges,Feyenoord,2025,1.0,1.0,1.0,1.0,exact_after_normalize
Jaden Slory,Jaden Slory,Feyenoord,2025,1.0,1.0,1.0,1.0,exact_after_normalize
Jivayno Zinhagel,Jivayno Zinhagel,Feyenoord,2025,1.0,1.0,1.0,1.0,exact_after_normalize
Hwang In-beom,Hwang In-Beom,Feyenoord,2025,1.0,1.0,1.0,1.0,exact_after_normalize
Quinten Timber,Quinten Timber,Feyenoord,2025,1.0,1.0,1.0,1.0,exact_after_normalize
Jan Plug,Jan Plug,Feyenoord,2025,1.0,1.0,1.0,1.0,exact_after_normalize
Bart Nieuwkoop,Bart Nieuwkoop,Feyenoord,2025,1.0,1.0,1.0,1.0,exact_after_normalize
Gijs Smal,Gijs Smal,Feyenoord,2025,1.0,1.0,1.0,1.0,exact_after_normalize
Sem Steijn,Sem Steijn,Feyenoord,2025,1.0,1.0,1.0,1.0,exact_after_normalize
Cyle Larin,Cyle Larin,Feyenoord,2025,1.0,1.0,1.0,1.0,exact_after_normalize
Jordan Lotomba,Jordan Lotomba,Feyenoord,2025,1.0,1.0,1.0,1.0,exact_after_normalize
Casper Tengstedt,Casper Tengstedt,Feyenoord,2025,1.0,1.0,1.0,1.0,exact_after_normalize
Jakub Moder,Jakub Moder,Feyenoord,2025,1.0,1.0,1.0,1.0,exact_after_normalize
Ayase Ueda,Ayase Ueda,Feyenoord,2025,1.0,1.0,1.0,1.0,exact_after_normalize
Gaoussou Diarra,Gaoussou Diarra,Feyenoord,2025,1.0,1.0,1.0,1.0,exact_after_normalize
Anel Ahmedhodžić,Anel Ahmedhodzic,Feyenoord,2025,0.6,1.0,1.0,1.0,exact_after_normalize
Ringo Meerveld,Ringo Meerveld,Heerenveen,2025,1.0,1.0,1.0,1.0,exact_after_normalize
Espen van Ee,Espen van Ee,Heerenveen,2025,1.0,1.0,1.0,1.0,exact_after_normalize
Marcus Linday,Marcus Linday,Heerenveen,2025,1.0,1.0,1.0,1.0,exact_after_normalize
Andries Noppert,Andries Noppert,Heerenveen,2025,1.0,1.0,1.0,1.0,exact_after_normalize
Nordin Bakker,Nordin Bakker,Heerenveen,2025,1.0,1.0,1.0,1.0,exact_after_normalize
Václav Sejk,Václav Sejk,Heerenveen,2025,1.0,1.0,1.0,1.0,exact_after_normalize
Vasilios Zagaritis,Vasilios Zagaritis,Heerenveen,2025,1.0,1.0,1.0,1.0,exact_after_normalize
Bernt Klaverboer,Bernt Klaverboer,Heerenveen,2025,1.0,1.0,1.0,1.0,exact_after_normalize
Luca Oyen,Luca Oyen,Heerenveen,2025,1.0,1.0,1.0,1.0,exact_after_normalize
Maxence Rivera,Maxence Rivera,Heerenveen,2025,1.0,1.0,1.0,1.0,exact_after_normalize
Mats Egbring,Mats Egbring,Heerenveen,2025,1.0,1.0,1.0,1.0,exact_after_normalize
Eser Gürbüz,Eser Gürbüz,Heerenveen,2025,1.0,1.0,1.0,1.0,exact_after_normalize
Jacob Trenskow,Jacob Trenskow,Heerenveen,2025,1.0,1.0,1.0,1.0,exact_after_normalize
Nolhan Courtens,Nolhan Courtens,Heerenveen,2025,1.0,1.0,1.0,1.0,exact_after_normalize
Luuk Brouwers,Luuk Brouwers,Heerenveen,2025,1.0,1.0,1.0,1.0,exact_after_normalize
Dylan Vente,Dylan Vente,Heerenveen,2025,1.0,1.0,1.0,1.0,exact_after_normalize
Isaiah Ahmed,Isaiah Ahmed,Heerenveen,2025,1.0,1.0,1.0,1.0,exact_after_normalize
Lasse Nordås,Lasse Nordås,Heerenveen,2025,1.0,1.0,1.0,1.0,exact_after_normalize
Nikolai Hopland,Nikolai Hopland,Heerenveen,2025,1.0,1.0,1.0,1.0,exact_after_normalize
Jermaine Rijssel,Jermaine Rijssel,Heerenveen,2025,1.0,1.0,1.0,1.0,exact_after_normalize
Levi Smans,Levi Smans,Heerenveen,2025,1.0,1.0,1.0,1.0,exact_after_normalize
Maas Willemsen,Maas Willemsen,Heerenveen,2025,1.0,1.0,1.0,1.0,exact_after_normalize
Oliver Braude,Oliver Braude,Heerenveen,2025,1.0,1.0,1.0,1.0,exact_after_normalize
Sam Kersten,Sam Kersten,Heerenveen,2025,1.0,1.0,1.0,1.0,exact_after_normalize
Hristiyan Petrov,Hristiyan Petrov,Heerenveen,2025,1.0,1.0,1.0,1.0,exact_after_normalize
Joris van Overeem,Joris van Overeem,Heerenveen,2025,1.0,1.0,1.0,1.0,exact_after_normalize
Naci Ünüvar,Naci Ünüvar,Twente,2025,1.0,1.0,1.0,1.0,exact_after_normalize
Lucas Vennegoor of Hesselink,Lucas Vennegoor of Hesselink,Twente,2025,1.0,1.0,1.0,1.0,exact_after_normalize
Ruud Nijstad,Ruud Nijstad,Twente,2025,1.0,1.0,1.0,1.0,exact_after_normalize
Daouda Weidmann,Daouda Weidmann,Twente,2025,1.0,1.0,1.0,1.0,exact_after_normalize
Ramiz Zerrouki,Ramiz Zerrouki,Twente,2025,1.0,1.0,1.0,1.0,exact_after_normalize
Bas Kuipers,Bas Kuipers,Twente,2025,1.0,1.0,1.0,1.0,exact_after_normalize
Daan Rots,Daan Rots,Twente,2025,1.0,1.0,1.0,1.0,exact_after_normalize
Marko Pjaca,Marko Pjaca,Twente,2025,1.0,1.0,1.0,1.0,exact_after_normalize
Stav Lemkin,Stav Lemkin,Twente,2025,1.0,1.0,1.0,1.0,exact_after_normalize
Taylor Booth,Taylor Booth,Twente,2025,1.0,1.0,1.0,1.0,exact_after_normalize
Max Bruns,Max Bruns,Twente,2025,1.0,1.0,1.0,1.0,exact_after_normalize
Robin Pröpper,Robin Pröpper,Twente,2025,1.0,1.0,1.0,1.0,exact_after_normalize
Mitchell van Bergen,Mitchell van Bergen,Twente,2025,1.0,1.0,1.0,1.0,exact_after_normalize
Mats Rots,Mats Rots,Twente,2025,1.0,1.0,1.0,1.0,exact_after_normalize
Sondre Ørjasæter,Sondre Ørjasæter,Twente,2025,1.0,1.0,1.0,1.0,exact_after_normalize
Ricky van Wolfswinkel,Ricky van Wolfswinkel,Twente,2025,1.0,1.0,1.0,1.0,exact_after_normalize
Mathias Kjølø,Mathias Kjølø,Twente,2025,1.0,1.0,1.0,1.0,exact_after_normalize
Arno Verschueren,Arno Verschueren,Twente,2025,1.0,1.0,1.0,1.0,exact_after_normalize
Sam Lammers,Sam Lammers,Twente,2025,1.0,1.0,1.0,1.0,exact_after_normalize
Nigel Groenewald,Nigel Groenewald,Twente,2025,1.0,1.0,1.0,1.0,exact_after_normalize
Thomas van den Belt,Thomas van den Belt,Twente,2025,1.0,1.0,1.0,1.0,exact_after_normalize
Bart van Rooij,Bart van Rooij,Twente,2025,1.0,1.0,1.0,1.0,exact_after_normalize
Guilherme Peixoto,Guilherme Peixoto,Twente,2025,1.0,1.0,1.0,1.0,exact_after_normalize
Lars Unnerstall,Lars Unnerstall,Twente,2025,1.0,1.0,1.0,1.0,exact_after_normalize
Tygo Land,Tygo Land,PSV,2025,1.0,1.0,1.0,1.0,exact_after_normalize
Armando Obispo,Armando Obispo,PSV,2025,1.0,1.0,1.0,1.0,exact_after_normalize
Fabian Merién,Fabian Merién,PSV,2025,1.0,1.0,1.0,1.0,exact_after_normalize
Jim Koller,Jim Koller,PSV,2025,1.0,1.0,1.0,1.0,exact_after_normalize
Ryan Flamingo,Ryan Flamingo,PSV,2025,1.0,1.0,1.0,1.0,exact_after_normalize
Jordy Bawuah,Jordy Bawuah,PSV,2025,1.0,1.0,1.0,1.0,exact_after_normalize
Kiliann Sildillia,Kiliann Sildillia,PSV,2025,1.0,1.0,1.0,1.0,exact_after_normalize
Noah Fernandez,Noah Fernandez,PSV,2025,1.0,1.0,1.0,1.0,exact_after_normalize
Paul Wanner,Paul Wanner,PSV,2025,1.0,1.0,1.0,1.0,exact_after_normalize
Niek Schiks,Niek Schiks,PSV,2025,1.0,1.0,1.0,1.0,exact_after_normalize
Mauro Júnior,Mauro Júnior,PSV,2025,1.0,1.0,1.0,1.0,exact_after_normalize
Alassane Pléa,Alassane Pléa,PSV,2025,1.0,1.0,1.0,1.0,exact_after_normalize
Jerdy Schouten,Jerdy Schouten,PSV,2025,1.0,1.0,1.0,1.0,exact_after_normalize
Dennis Man,Dennis Man,PSV,2025,1.0,1.0,1.0,1.0,exact_after_normalize
Joël van den Berg,Joël van den Berg,PSV,2025,1.0,1.0,1.0,1.0,exact_after_normalize
Esmir Bajraktarevic,Esmir Bajraktarevic,PSV,2025,1.0,1.0,1.0,1.0,exact_after_normalize
Ismael Saibari,Ismael Saibari,PSV,2025,1.0,1.0,1.0,1.0,exact_after_normalize
Joey Veerman,Joey Veerman,PSV,2025,1.0,1.0,1.0,1.0,exact_after_normalize
Ruben van Bommel,Ruben van Bommel,PSV,2025,1.0,1.0,1.0,1.0,exact_after_normalize
Nick Olij,Nick Olij,PSV,2025,1.0,1.0,1.0,1.0,exact_after_normalize
Guus Til,Guus Til,PSV,2025,1.0,1.0,1.0,1.0,exact_after_normalize
Couhaib Driouech,Couhaib Driouech,PSV,2025,1.0,1.0,1.0,1.0,exact_after_normalize
Ricardo Pepi,Ricardo Pepi,PSV,2025,1.0,1.0,1.0,1.0,exact_after_normalize
Myron Boadu,Myron Boadu,PSV,2025,1.0,1.0,1.0,1.0,exact_after_normalize
Anass Salah-Eddine,Anass Salah-Eddine,PSV,2025,1.0,1.0,1.0,1.0,exact_after_normalize
Sergiño Dest,Sergiño Dest,PSV,2025,1.0,1.0,1.0,1.0,exact_after_normalize
Nicolas Verkooijen,Nicolas Verkooijen,PSV,2025,1.0,1.0,1.0,1.0,exact_after_normalize
Yarek Gasiorowski,Yarek Gasiorowski,PSV,2025,1.0,1.0,1.0,1.0,exact_after_normalize
Matej Kovar,Matej Kovár,PSV,2025,0.6,1.0,1.0,1.0,exact_after_normalize
Ivan Perišić,Ivan Perisic,PSV,2025,0.5294,1.0,1.0,1.0,exact_after_normalize
Justin Hubner,Justin Hubner,Fortuna Sittard,2025,1.0,1.0,1.0,1.0,exact_after_normalize
Ivo Pinto,Ivo Pinto,Fortuna Sittard,2025,1.0,1.0,1.0,1.0,exact_after_normalize
Yassin Oukili,Yassin Oukili,Fortuna Sittard,2025,1.0,1.0,1.0,1.0,exact_after_normalize
Paul Gladon,Paul Gladon,Fortuna Sittard,2025,1.0,1.0,1.0,1.0,exact_after_normalize
Shawn Adewoye,Shawn Adewoye,Fortuna Sittard,2025,1.0,1.0,1.0,1.0,exact_after_normalize
Lance Duijvestijn,Lance Duijvestijn,Fortuna Sittard,2025,1.0,1.0,1.0,1.0,exact_after_normalize
Iván Márquez,Iván Márquez,Fortuna Sittard,2025,1.0,1.0,1.0,1.0,exact_after_normalize
Jasper Dahlhaus,Jasper Dahlhaus,Fortuna Sittard,2025,1.0,1.0,1.0,1.0,exact_after_normalize
Kristoffer Peterson,Kristoffer Peterson,Fortuna Sittard,2025,1.0,1.0,1.0,1.0,exact_after_normalize
Philip Brittijn,Philip Brittijn,Fortuna Sittard,2025,1.0,1.0,1.0,1.0,exact_after_normalize
Kaj Sierhuis,Kaj Sierhuis,Fortuna Sittard,2025,1.0,1.0,1.0,1.0,exact_after_normalize
Houboulang Mendes,Houboulang Mendes,Fortuna Sittard,2025,1.0,1.0,1.0,1.0,exact_after_normalize
Neraysho Kasanwirjo,Neraysho Kasanwirjo,Fortuna Sittard,2025,1.0,1.0,1.0,1.0,exact_after_normalize
Makan Aiko,Makan Aiko,Fortuna Sittard,2025,1.0,1.0,1.0,1.0,exact_after_normalize
Ryan Fosso,Ryan Fosso,Fortuna Sittard,2025,1.0,1.0,1.0,1.0,exact_after_normalize
Mattijs Branderhorst,Mattijs Branderhorst,Fortuna Sittard,2025,1.0,1.0,1.0,1.0,exact_after_normalize
Justin Lonwijk,Justin Lonwijk,Fortuna Sittard,2025,1.0,1.0,1.0,1.0,exact_after_normalize
Tristan Schenkhuizen,Tristan Schenkhuizen,Fortuna Sittard,2025,1.0,1.0,1.0,1.0,exact_after_normalize
Marko Kerkez,Marko Kerkez,Fortuna Sittard,2025,1.0,1.0,1.0,1.0,exact_after_normalize
Syb Van Ottele,Syb van Ottele,Fortuna Sittard,2025,1.0,1.0,1.0,1.0,exact_after_normalize
Owen Johnson,Owen Johnson,Fortuna Sittard,2025,1.0,1.0,1.0,1.0,exact_after_normalize
Hasip Korkmazyürek,Hasip Korkmazyürek,Fortuna Sittard,2025,1.0,1.0,1.0,1.0,exact_after_normalize
Moussa Gbemou,Moussa Gbemou,Fortuna Sittard,2025,1.0,1.0,1.0,1.0,exact_after_normalize
Daan Bisschops,Daan Bisschops,Fortuna Sittard,2025,1.0,1.0,1.0,1.0,exact_after_normalize
Amin Laoukili,Amin Laoukili,Fortuna Sittard,2025,1.0,1.0,1.0,1.0,exact_after_normalize
Samuel Bastien,Samuel Bastien,Fortuna Sittard,2025,1.0,1.0,1.0,1.0,exact_after_normalize
Luuk Koopmans,Luuk Koopmans,Fortuna Sittard,2025,1.0,1.0,1.0,1.0,exact_after_normalize
Alen Halilović,Alen Halilovic,Fortuna Sittard,2025,0.7647,1.0,1.0,1.0,exact_after_normalize
Luka Tunjić,Luka Tunjic,Fortuna Sittard,2025,0.7143,1.0,1.0,1.0,exact_after_normalize
Edouard Michut,Édouard Michut,Fortuna Sittard,2025,0.6667,1.0,1.0,1.0,exact_after_normalize
Jetro Willems,Jetro Willems,NEC Nijmegen,2025,1.0,1.0,1.0,1.0,exact_after_normalize
Isak Hansen-Aarøen,Isak Hansen-Aarøen,NEC Nijmegen,2025,1.0,1.0,1.0,1.0,exact_after_normalize
Kevin Kers,Kevin Kers,NEC Nijmegen,2025,1.0,1.0,1.0,1.0,exact_after_normalize
Sam de Laat,Sam de Laat,NEC Nijmegen,2025,1.0,1.0,1.0,1.0,exact_after_normalize
Bram Nuytinck,Bram Nuytinck,NEC Nijmegen,2025,1.0,1.0,1.0,1.0,exact_after_normalize
Thomas Ouwejan,Thomas Ouwejan,NEC Nijmegen,2025,1.0,1.0,1.0,1.0,exact_after_normalize
Yousri Sbai,Yousri Sbai,NEC Nijmegen,2025,1.0,1.0,1.0,1.0,exact_after_normalize
Philippe Sandler,Philippe Sandler,NEC Nijmegen,2025,1.0,1.0,1.0,1.0,exact_after_normalize
Kento Shiogai,Kento Shiogai,NEC Nijmegen,2025,1.0,1.0,1.0,1.0,exact_after_normalize
Youssef El Kachati,Youssef El Kachati,NEC Nijmegen,2025,1.0,1.0,1.0,1.0,exact_after_normalize
Bryan Linssen,Bryan Linssen,NEC Nijmegen,2025,1.0,1.0,1.0,1.0,exact_after_normalize
Virgil Misidjan,Virgil Misidjan,NEC Nijmegen,2025,1.0,1.0,1.0,1.0,exact_after_normalize
Sami Ouaissa,Sami Ouaissa,NEC Nijmegen,2025,1.0,1.0,1.0,1.0,exact_after_normalize
Gonzalo Crettaz,Gonzalo Crettaz,NEC Nijmegen,2025,1.0,1.0,1.0,1.0,exact_after_normalize
Vito van Crooij,Vito van Crooij,NEC Nijmegen,2025,1.0,1.0,1.0,1.0,exact_after_normalize
Dirk Proper,Dirk Proper,NEC Nijmegen,2025,1.0,1.0,1.0,1.0,exact_after_normalize
Tjaronn Chery,Tjaronn Chery,NEC Nijmegen,2025,1.0,1.0,1.0,1.0,exact_after_normalize
Kodai Sano,Kodai Sano,NEC Nijmegen,2025,1.0,1.0,1.0,1.0,exact_after_normalize
Calvin Verdonk,Calvin Verdonk,NEC Nijmegen,2025,1.0,1.0,1.0,1.0,exact_after_normalize
Danilo,Danilo,NEC Nijmegen,2025,1.0,1.0,1.0,1.0,exact_after_normalize
Brayann Pereira,Brayann Pereira,NEC Nijmegen,2025,1.0,1.0,1.0,1.0,exact_after_normalize
Ahmetcan Kaplan,Ahmetcan Kaplan,NEC Nijmegen,2025,1.0,1.0,1.0,1.0,exact_after_normalize
Deveron Fonville,Deveron Fonville,NEC Nijmegen,2025,1.0,1.0,1.0,1.0,exact_after_normalize
Eli Dasa,Eli Dasa,NEC Nijmegen,2025,1.0,1.0,1.0,1.0,exact_after_normalize
Noé Lebreton,Noé Lebreton,NEC Nijmegen,2025,1.0,1.0,1.0,1.0,exact_after_normalize
Rijk Janse,Rijk Janse,NEC Nijmegen,2025,1.0,1.0,1.0,1.0,exact_after_normalize
Jasper Cillessen,Jasper Cillessen,NEC Nijmegen,2025,1.0,1.0,1.0,1.0,exact_after_normalize
Basar Onal,Basar Önal,NEC Nijmegen,2025,0.5714,1.0,1.0,1.0,exact_after_normalize
Kōki Ogawa,Koki Ogawa,NEC Nijmegen,2025,0.5714,1.0,1.0,1.0,exact_after_normalize
Darko Nejašmić,Darko Nejasmic,NEC Nijmegen,2025,0.5,1.0,1.0,1.0,exact_after_normalize
Teo Quintero,Teo Quintero,Sparta,2025,1.0,1.0,1.0,1.0,exact_after_normalize
Bruno Martins Indi,Bruno Martins Indi,Sparta,2025,1.0,1.0,1.0,1.0,exact_after_normalize
Marvin Young,Marvin Young,Sparta,2025,1.0,1.0,1.0,1.0,exact_after_normalize
Vito van Crooij,Vito van Crooij,Sparta,2025,1.0,1.0,1.0,1.0,exact_after_normalize
Jonathan de Guzmán,Jonathan de Guzmán,Sparta,2025,1.0,1.0,1.0,1.0,exact_after_normalize
Sayfallah Ltaief,Sayfallah Ltaief,Sparta,2025,1.0,1.0,1.0,1.0,exact_after_normalize
Tijs Velthuis,Tijs Velthuis,Sparta,2025,1.0,1.0,1.0,1.0,exact_after_normalize
Lushendry Martes,Lushendry Martes,Sparta,2025,1.0,1.0,1.0,1.0,exact_after_normalize
Pelle Clement,Pelle Clement,Sparta,2025,1.0,1.0,1.0,1.0,exact_after_normalize
Mitchell van Bergen,Mitchell van Bergen,Sparta,2025,1.0,1.0,1.0,1.0,exact_after_normalize
Joshua Kitolano,Joshua Kitolano,Sparta,2025,1.0,1.0,1.0,1.0,exact_after_normalize
Ayoni Santos,Ayoni Santos,Sparta,2025,1.0,1.0,1.0,1.0,exact_after_normalize
Shunsuke Mito,Shunsuke Mito,Sparta,2025,1.0,1.0,1.0,1.0,exact_after_normalize
Tobias Lauritsen,Tobias Lauritsen,Sparta,2025,1.0,1.0,1.0,1.0,exact_after_normalize
Alwande Roaldsøy,Alwande Roaldsøy,Sparta,2025,1.0,1.0,1.0,1.0,exact_after_normalize
Julian Baas,Julian Baas,Sparta,2025,1.0,1.0,1.0,1.0,exact_after_normalize
Casper Terho,Casper Terho,Sparta,2025,1.0,1.0,1.0,1.0,exact_after_normalize
Milan Zonneveld,Milan Zonneveld,Sparta,2025,1.0,1.0,1.0,1.0,exact_after_normalize
Shurandy Sambo,Shurandy Sambo,Sparta,2025,1.0,1.0,1.0,1.0,exact_after_normalize
Jens Toornstra,Jens Toornstra,Sparta,2025,1.0,1.0,1.0,1.0,exact_after_normalize
Giannino Vianello,Giannino Vianello,Sparta,2025,1.0,1.0,1.0,1.0,exact_after_normalize
Mike Kleijn,Mike Kleijn,Sparta,2025,1.0,1.0,1.0,1.0,exact_after_normalize
Lance Duijvestijn,Lance Duijvestijn,Sparta,2025,1.0,1.0,1.0,1.0,exact_after_normalize
Saïd Bakari,Saïd Bakari,Sparta,2025,1.0,1.0,1.0,1.0,exact_after_normalize
Ayoub Oufkir,Ayoub Oufkir,Sparta,2025,1.0,1.0,1.0,1.0,exact_after_normalize
Jelani Seedorf,Jelani Seedorf,Sparta,2025,1.0,1.0,1.0,1.0,exact_after_normalize
Patrick van Aanholt,Patrick van Aanholt,Sparta,2025,1.0,1.0,1.0,1.0,exact_after_normalize
Joel Drommel,Joël Drommel,Sparta,2025,0.6667,1.0,1.0,1.0,exact_after_normalize
Jorthy Mokio,Jorthy Mokio,Ajax,2025,1.0,1.0,1.0,1.0,exact_after_normalize
Aaron Bouwman,Aaron Bouwman,Ajax,2025,1.0,1.0,1.0,1.0,exact_after_normalize
Bertrand Traoré,Bertrand Traoré,Ajax,2025,1.0,1.0,1.0,1.0,exact_after_normalize
Kasper Dolberg,Kasper Dolberg,Ajax,2025,1.0,1.0,1.0,1.0,exact_after_normalize
Maher Carrizo,Maher Carrizo,Ajax,2025,1.0,1.0,1.0,1.0,exact_after_normalize
Maarten Paes,Maarten Paes,Ajax,2025,1.0,1.0,1.0,1.0,exact_after_normalize
Don-Angelo Konadu,Don-Angelo Konadu,Ajax,2025,1.0,1.0,1.0,1.0,exact_after_normalize
Rayane Bounida,Rayane Bounida,Ajax,2025,1.0,1.0,1.0,1.0,exact_after_normalize
Takehiro Tomiyasu,Takehiro Tomiyasu,Ajax,2025,1.0,1.0,1.0,1.0,exact_after_normalize
Youri Regeer,Youri Regeer,Ajax,2025,1.0,1.0,1.0,1.0,exact_after_normalize
Youri Baas,Youri Baas,Ajax,2025,1.0,1.0,1.0,1.0,exact_after_normalize
Wout Weghorst,Wout Weghorst,Ajax,2025,1.0,1.0,1.0,1.0,exact_after_normalize
Mika Godts,Mika Godts,Ajax,2025,1.0,1.0,1.0,1.0,exact_after_normalize
Owen Wijndal,Owen Wijndal,Ajax,2025,1.0,1.0,1.0,1.0,exact_after_normalize
Oliver Edvardsen,Oliver Edvardsen,Ajax,2025,1.0,1.0,1.0,1.0,exact_after_normalize
Oscar Gloukh,Oscar Gloukh,Ajax,2025,1.0,1.0,1.0,1.0,exact_after_normalize
Raúl Moro,Raúl Moro,Ajax,2025,1.0,1.0,1.0,1.0,exact_after_normalize
Remko Pasveer,Remko Pasveer,Ajax,2025,1.0,1.0,1.0,1.0,exact_after_normalize
Jinairo Johnson,Jinairo Johnson,Ajax,2025,1.0,1.0,1.0,1.0,exact_after_normalize
Sean Steur,Sean Steur,Ajax,2025,1.0,1.0,1.0,1.0,exact_after_normalize
Oleksandr Zinchenko,Oleksandr Zinchenko,Ajax,2025,1.0,1.0,1.0,1.0,exact_after_normalize
Davy Klaassen,Davy Klaassen,Ajax,2025,1.0,1.0,1.0,1.0,exact_after_normalize
Kian Fitz-Jim,Kian Fitz-Jim,Ajax,2025,1.0,1.0,1.0,1.0,exact_after_normalize
Gerald Alders,Gerald Alders,Ajax,2025,1.0,1.0,1.0,1.0,exact_after_normalize
Ko Itakura,Ko Itakura,Ajax,2025,1.0,1.0,1.0,1.0,exact_after_normalize
Kenneth Taylor,Kenneth Taylor,Ajax,2025,1.0,1.0,1.0,1.0,exact_after_normalize
Steven Berghuis,Steven Berghuis,Ajax,2025,1.0,1.0,1.0,1.0,exact_after_normalize
Anton Gaaei,Anton Gaaei,Ajax,2025,1.0,1.0,1.0,1.0,exact_after_normalize
James McConnell,James McConnell,Ajax,2025,1.0,1.0,1.0,1.0,exact_after_normalize
Vitezslav Jaros,Vítezslav Jaros,Ajax,2025,0.6842,1.0,1.0,1.0,exact_after_normalize
Josip Šutalo,Josip Sutalo,Ajax,2025,0.625,1.0,1.0,1.0,exact_after_normalize
Aurelio Oehlers,Aurelio Oehlers,Volendam,2025,1.0,1.0,1.0,1.0,exact_after_normalize
Juninho Bacuna,Juninho Bacuna,Volendam,2025,1.0,1.0,1.0,1.0,exact_after_normalize
Aaron Meijers,Aaron Meijers,Volendam,2025,1.0,1.0,1.0,1.0,exact_after_normalize
Jesper Tielemans,Jesper Tielemans,Volendam,2025,1.0,1.0,1.0,1.0,exact_after_normalize
Roy Steur,Roy Steur,Volendam,2025,1.0,1.0,1.0,1.0,exact_after_normalize
Anthony Descotte,Anthony Descotte,Volendam,2025,1.0,1.0,1.0,1.0,exact_after_normalize
Alex Plat,Alex Plat,Volendam,2025,1.0,1.0,1.0,1.0,exact_after_normalize
Bilal Ould-Chikh,Bilal Ould-Chikh,Volendam,2025,1.0,1.0,1.0,1.0,exact_after_normalize
Milan de Haan,Milan de Haan,Volendam,2025,1.0,1.0,1.0,1.0,exact_after_normalize
Dave Kwakman,Dave Kwakman,Volendam,2025,1.0,1.0,1.0,1.0,exact_after_normalize
Silvinho Esajas,Silvinho Esajas,Volendam,2025,1.0,1.0,1.0,1.0,exact_after_normalize
Kayne van Oevelen,Kayne van Oevelen,Volendam,2025,1.0,1.0,1.0,1.0,exact_after_normalize
Kiano Dyer,Kiano Dyer,Volendam,2025,1.0,1.0,1.0,1.0,exact_after_normalize
Myron Mau-Asam,Myron Mau-Asam,Volendam,2025,1.0,1.0,1.0,1.0,exact_after_normalize
Luca Blondeau,Luca Blondeau,Volendam,2025,1.0,1.0,1.0,1.0,exact_after_normalize
Benjamin Pauwels,Benjamin Pauwels,Volendam,2025,1.0,1.0,1.0,1.0,exact_after_normalize
Precious Ugwu,Precious Ugwu,Volendam,2025,1.0,1.0,1.0,1.0,exact_after_normalize
Tiago Codinha,Tiago Codinha,Volendam,2025,1.0,1.0,1.0,1.0,exact_after_normalize
Brandley Kuwas,Brandley Kuwas,Volendam,2025,1.0,1.0,1.0,1.0,exact_after_normalize
Nick Verschuren,Nick Verschuren,Volendam,2025,1.0,1.0,1.0,1.0,exact_after_normalize
Nordin Bukala,Nordin Bukala,Volendam,2025,1.0,1.0,1.0,1.0,exact_after_normalize
Robin van Cruijsen,Robin van Cruijsen,Volendam,2025,1.0,1.0,1.0,1.0,exact_after_normalize
Gibson Yah,Gibson Yah,Volendam,2025,1.0,1.0,1.0,1.0,exact_after_normalize
Robert Mühren,Robert Mühren,Volendam,2025,1.0,1.0,1.0,1.0,exact_after_normalize
Xavier Mbuyamba,Xavier Mbuyamba,Volendam,2025,1.0,1.0,1.0,1.0,exact_after_normalize
Henk Veerman,Henk Veerman,Volendam,2025,1.0,1.0,1.0,1.0,exact_after_normalize
Yannick Leliendal,Yannick Leliendal,Volendam,2025,1.0,1.0,1.0,1.0,exact_after_normalize
Mawouna Amevor,Mawouna Amevor,Volendam,2025,1.0,1.0,1.0,1.0,exact_after_normalize
Deron Payne,Déron Payne,Volendam,2025,0.6,1.0,1.0,1.0,exact_after_normalize
Ozan Kökcü,Ozan Kökçü,Volendam,2025,0.5714,1.0,1.0,1.0,exact_after_normalize
Joël Ideho,Joel Ideho,Volendam,2025,0.5714,1.0,1.0,1.0,exact_after_normalize
Jerolldino Bergraaf,Jerolldino Bergraaf,Excelsior,2025,1.0,1.0,1.0,1.0,exact_after_normalize
Rick Meissen,Rick Meissen,Excelsior,2025,1.0,1.0,1.0,1.0,exact_after_normalize
Mike van Duinen,Mike van Duinen,Excelsior,2025,1.0,1.0,1.0,1.0,exact_after_normalize
Guilliano Cairo,Guilliano Cairo,Excelsior,2025,1.0,1.0,1.0,1.0,exact_after_normalize
Irakli Yegoian,Irakli Yegoian,Excelsior,2025,1.0,1.0,1.0,1.0,exact_after_normalize
Stan Henderikx,Stan Henderikx,Excelsior,2025,1.0,1.0,1.0,1.0,exact_after_normalize
Gyan de Regt,Gyan de Regt,Excelsior,2025,1.0,1.0,1.0,1.0,exact_after_normalize
Ilias Bronkhorst,Ilias Bronkhorst,Excelsior,2025,1.0,1.0,1.0,1.0,exact_after_normalize
Miliano Jonathans,Miliano Jonathans,Excelsior,2025,1.0,1.0,1.0,1.0,exact_after_normalize
Adam Carlén,Adam Carlén,Excelsior,2025,1.0,1.0,1.0,1.0,exact_after_normalize
Simon Janssen,Simon Janssen,Excelsior,2025,1.0,1.0,1.0,1.0,exact_after_normalize
Lennard Hartjes,Lennard Hartjes,Excelsior,2025,1.0,1.0,1.0,1.0,exact_after_normalize
Nolan Martens,Nolan Martens,Excelsior,2025,1.0,1.0,1.0,1.0,exact_after_normalize
Mathijs Tielemans,Mathijs Tielemans,Excelsior,2025,1.0,1.0,1.0,1.0,exact_after_normalize
Noa El Hamdaoui,Noa El Hamdaoui,Excelsior,2025,1.0,1.0,1.0,1.0,exact_after_normalize
Emil Hansson,Emil Hansson,Excelsior,2025,1.0,1.0,1.0,1.0,exact_after_normalize
Lewis Schouten,Lewis Schouten,Excelsior,2025,1.0,1.0,1.0,1.0,exact_after_normalize
Tijmen Holla,Tijmen Holla,Excelsior,2025,1.0,1.0,1.0,1.0,exact_after_normalize
Noah Naujoks,Noah Naujoks,Excelsior,2025,1.0,1.0,1.0,1.0,exact_after_normalize
Casper Widell,Casper Widell,Excelsior,2025,1.0,1.0,1.0,1.0,exact_after_normalize
Stijn Middendorp,Stijn Middendorp,Excelsior,2025,1.0,1.0,1.0,1.0,exact_after_normalize
Nesto Groen,Nesto Groen,Excelsior,2025,1.0,1.0,1.0,1.0,exact_after_normalize
Zach Booth,Zach Booth,Excelsior,2025,1.0,1.0,1.0,1.0,exact_after_normalize
Calvin Raatsie,Calvin Raatsie,Excelsior,2025,1.0,1.0,1.0,1.0,exact_after_normalize
Stijn van Gassel,Stijn van Gassel,Excelsior,2025,1.0,1.0,1.0,1.0,exact_after_normalize
Stefan Mitrović,Stefan Mitrovic,Excelsior,2025,0.7778,1.0,1.0,1.0,exact_after_normalize
Arthur Zagre,Arthur Zagré,Excelsior,2025,0.7333,1.0,1.0,1.0,exact_after_normalize
Rome-Jayden Owusu-Oduro,Rome-Jayden Owusu-Oduro,AZ,2025,1.0,1.0,1.0,1.0,exact_after_normalize
Troy Parrott,Troy Parrott,AZ,2025,1.0,1.0,1.0,1.0,exact_after_normalize
Bendegúz Kovács,Bendegúz Kovács,AZ,2025,1.0,1.0,1.0,1.0,exact_after_normalize
Ernest Poku,Ernest Poku,AZ,2025,1.0,1.0,1.0,1.0,exact_after_normalize
Ro-Zangelo Daal,Ro-Zangelo Daal,AZ,2025,1.0,1.0,1.0,1.0,exact_after_normalize
Zico Buurmeester,Zico Buurmeester,AZ,2025,1.0,1.0,1.0,1.0,exact_after_normalize
Denso Kasius,Denso Kasius,AZ,2025,1.0,1.0,1.0,1.0,exact_after_normalize
Jordy Clasie,Jordy Clasie,AZ,2025,1.0,1.0,1.0,1.0,exact_after_normalize
Mexx Meerdink,Mexx Meerdink,AZ,2025,1.0,1.0,1.0,1.0,exact_after_normalize
Lequincio Zeefuik,Lequincio Zeefuik,AZ,2025,1.0,1.0,1.0,1.0,exact_after_normalize
Seiya Maikuma,Seiya Maikuma,AZ,2025,1.0,1.0,1.0,1.0,exact_after_normalize
Rion Ichihara,Rion Ichihara,AZ,2025,1.0,1.0,1.0,1.0,exact_after_normalize
Maxim Dekker,Maxim Dekker,AZ,2025,1.0,1.0,1.0,1.0,exact_after_normalize
Wassim Bouziane,Wassim Bouziane,AZ,2025,1.0,1.0,1.0,1.0,exact_after_normalize
Mees de Wit,Mees de Wit,AZ,2025,1.0,1.0,1.0,1.0,exact_after_normalize
Ayoub Oufkir,Ayoub Oufkir,AZ,2025,1.0,1.0,1.0,1.0,exact_after_normalize
Dave Kwakman,Dave Kwakman,AZ,2025,1.0,1.0,1.0,1.0,exact_after_normalize
Kasper Boogaard,Kasper Boogaard,AZ,2025,1.0,1.0,1.0,1.0,exact_after_normalize
Hobie Verhulst,Hobie Verhulst,AZ,2025,1.0,1.0,1.0,1.0,exact_after_normalize
Jizz Hornkamp,Jizz Hornkamp,AZ,2025,1.0,1.0,1.0,1.0,exact_after_normalize
Sven Mijnans,Sven Mijnans,AZ,2025,1.0,1.0,1.0,1.0,exact_after_normalize
Rio Robbemond,Rio Robbemond,AZ,2025,1.0,1.0,1.0,1.0,exact_after_normalize
Ibrahim Sadiq,Ibrahim Sadiq,AZ,2025,1.0,1.0,1.0,1.0,exact_after_normalize
Wouter Goes,Wouter Goes,AZ,2025,1.0,1.0,1.0,1.0,exact_after_normalize
Kees Smit,Kees Smit,AZ,2025,1.0,1.0,1.0,1.0,exact_after_normalize
Elijah Dijkstra,Elijah Dijkstra,AZ,2025,1.0,1.0,1.0,1.0,exact_after_normalize
Weslley Patati,Weslley Patati,AZ,2025,1.0,1.0,1.0,1.0,exact_after_normalize
Jeroen Zoet,Jeroen Zoet,AZ,2025,1.0,1.0,1.0,1.0,exact_after_normalize
Isak Jensen,Isak Jensen,AZ,2025,1.0,1.0,1.0,1.0,exact_after_normalize
Peer Koopmeiners,Peer Koopmeiners,AZ,2025,1.0,1.0,1.0,1.0,exact_after_normalize
Billy van Duijl,Billy van Duijl,AZ,2025,1.0,1.0,1.0,1.0,exact_after_normalize
Alexandre Penetra,Alexandre Penetra,AZ,2025,1.0,1.0,1.0,1.0,exact_after_normalize
Mateo Chávez,Mateo Chávez,AZ,2025,1.0,1.0,1.0,1.0,exact_after_normalize
Matej Sin,Matej Sín,AZ,2025,0.5385,1.0,1.0,1.0,exact_after_normalize
Koen Kostons,Koen Kostons,PEC Zwolle,2025,1.0,1.0,1.0,1.0,exact_after_normalize
Duke Verduin,Duke Verduin,PEC Zwolle,2025,1.0,1.0,1.0,1.0,exact_after_normalize
Shola Shoretire,Shola Shoretire,PEC Zwolle,2025,1.0,1.0,1.0,1.0,exact_after_normalize
Thomas Buitink,Thomas Buitink,PEC Zwolle,2025,1.0,1.0,1.0,1.0,exact_after_normalize
Tom de Graaff,Tom de Graaff,PEC Zwolle,2025,1.0,1.0,1.0,1.0,exact_after_normalize
Samir Lagsir,Samir Lagsir,PEC Zwolle,2025,1.0,1.0,1.0,1.0,exact_after_normalize
Younes Namli,Younes Namli,PEC Zwolle,2025,1.0,1.0,1.0,1.0,exact_after_normalize
Zico Buurmeester,Zico Buurmeester,PEC Zwolle,2025,1.0,1.0,1.0,1.0,exact_after_normalize
Jasper Schendelaar,Jasper Schendelaar,PEC Zwolle,2025,1.0,1.0,1.0,1.0,exact_after_normalize
Dylan Mbayo,Dylan Mbayo,PEC Zwolle,2025,1.0,1.0,1.0,1.0,exact_after_normalize
Damian van der Haar,Damian van der Haar,PEC Zwolle,2025,1.0,1.0,1.0,1.0,exact_after_normalize
Jan Faberski,Jan Faberski,PEC Zwolle,2025,1.0,1.0,1.0,1.0,exact_after_normalize
Olivier Aertssen,Olivier Aertssen,PEC Zwolle,2025,1.0,1.0,1.0,1.0,exact_after_normalize
Dylan Ruward,Dylan Ruward,PEC Zwolle,2025,1.0,1.0,1.0,1.0,exact_after_normalize
Nick Fichtinger,Nick Fichtinger,PEC Zwolle,2025,1.0,1.0,1.0,1.0,exact_after_normalize
David Voute,David Voute,PEC Zwolle,2025,1.0,1.0,1.0,1.0,exact_after_normalize
Eliano Reijnders,Eliano Reijnders,PEC Zwolle,2025,1.0,1.0,1.0,1.0,exact_after_normalize
Jadiel Pereira da Gama,Jadiel Pereira da Gama,PEC Zwolle,2025,1.0,1.0,1.0,1.0,exact_after_normalize
Rodney Kroeze,Rodney Kroeze,PEC Zwolle,2025,1.0,1.0,1.0,1.0,exact_after_normalize
Tijs Velthuis,Tijs Velthuis,PEC Zwolle,2025,1.0,1.0,1.0,1.0,exact_after_normalize
Kaj de Rooij,Kaj de Rooij,PEC Zwolle,2025,1.0,1.0,1.0,1.0,exact_after_normalize
Gabriel Reiziger,Gabriel Reiziger,PEC Zwolle,2025,1.0,1.0,1.0,1.0,exact_after_normalize
Ryan Thomas,Ryan Thomas,PEC Zwolle,2025,1.0,1.0,1.0,1.0,exact_after_normalize
Jamiro Monteiro,Jamiro Monteiro,PEC Zwolle,2025,1.0,1.0,1.0,1.0,exact_after_normalize
Odysseus Velanas,Odysseus Velanas,PEC Zwolle,2025,1.0,1.0,1.0,1.0,exact_after_normalize
Thijs Oosting,Thijs Oosting,PEC Zwolle,2025,1.0,1.0,1.0,1.0,exact_after_normalize
Sherel Floranus,Sherel Floranus,PEC Zwolle,2025,1.0,1.0,1.0,1.0,exact_after_normalize
Tristan Gooijer,Tristan Gooijer,PEC Zwolle,2025,1.0,1.0,1.0,1.0,exact_after_normalize
Lequincio Zeefuik,Lequincio Zeefuik,Heracles Almelo,2025,1.0,1.0,1.0,1.0,exact_after_normalize
Mario Engels,Mario Engels,Heracles Almelo,2025,1.0,1.0,1.0,1.0,exact_after_normalize
Bryan Limbombe,Bryan Limbombe,Heracles Almelo,2025,1.0,1.0,1.0,1.0,exact_after_normalize
Jannes Wieckhoff,Jannes Wieckhoff,Heracles Almelo,2025,1.0,1.0,1.0,1.0,exact_after_normalize
Sem Scheperman,Sem Scheperman,Heracles Almelo,2025,1.0,1.0,1.0,1.0,exact_after_normalize
Fabian de Keijzer,Fabian de Keijzer,Heracles Almelo,2025,1.0,1.0,1.0,1.0,exact_after_normalize
Yvandro Borges Sanches,Yvandro Borges Sanches,Heracles Almelo,2025,1.0,1.0,1.0,1.0,exact_after_normalize
Jizz Hornkamp,Jizz Hornkamp,Heracles Almelo,2025,1.0,1.0,1.0,1.0,exact_after_normalize
Jeppe Wijnreder,Jeppe Wijnreder,Heracles Almelo,2025,1.0,1.0,1.0,1.0,exact_after_normalize
Sil Blokhuis,Sil Blokhuis,Heracles Almelo,2025,1.0,1.0,1.0,1.0,exact_after_normalize
Naci Ünüvar,Naci Ünüvar,Heracles Almelo,2025,1.0,1.0,1.0,1.0,exact_after_normalize
Erik Ahlstrand,Erik Ahlstrand,Heracles Almelo,2025,1.0,1.0,1.0,1.0,exact_after_normalize
Alec Van Hoorenbeeck,Alec Van Hoorenbeeck,Heracles Almelo,2025,1.0,1.0,1.0,1.0,exact_after_normalize
Timo Jansink,Timo Jansink,Heracles Almelo,2025,1.0,1.0,1.0,1.0,exact_after_normalize
Jop Tijink,Jop Tijink,Heracles Almelo,2025,1.0,1.0,1.0,1.0,exact_after_normalize
Jeff Reine-Adélaïde,Jeff Reine-Adélaïde,Heracles Almelo,2025,1.0,1.0,1.0,1.0,exact_after_normalize
Antonio Satriano,Antonio Satriano,Heracles Almelo,2025,1.0,1.0,1.0,1.0,exact_after_normalize
Mike te Wierik,Mike te Wierik,Heracles Almelo,2025,1.0,1.0,1.0,1.0,exact_after_normalize
Ajdin Hrustic,Ajdin Hrustic,Heracles Almelo,2025,1.0,1.0,1.0,1.0,exact_after_normalize
Ivan Mesík,Ivan Mesík,Heracles Almelo,2025,1.0,1.0,1.0,1.0,exact_after_normalize
Remko Pasveer,Remko Pasveer,Heracles Almelo,2025,1.0,1.0,1.0,1.0,exact_after_normalize
Damon Mirani,Damon Mirani,Heracles Almelo,2025,1.0,1.0,1.0,1.0,exact_after_normalize
Djevencio van der Kust,Djevencio van der Kust,Heracles Almelo,2025,1.0,1.0,1.0,1.0,exact_after_normalize
Mimeirhel Benita,Mimeirhel Benita,Heracles Almelo,2025,1.0,1.0,1.0,1.0,exact_after_normalize
Walid Ould-Chikh,Walid Ould-Chikh,Heracles Almelo,2025,1.0,1.0,1.0,1.0,exact_after_normalize
Rhys Bozinovski,Rhys Bozinovski,Heracles Almelo,2025,1.0,1.0,1.0,1.0,exact_after_normalize
Thomas Bruns,Thomas Bruns,Heracles Almelo,2025,1.0,1.0,1.0,1.0,exact_after_normalize
Tristan van Gilst,Tristan van Gilst,Heracles Almelo,2025,1.0,1.0,1.0,1.0,exact_after_normalize
Luka Kulenović,Luka Kulenovic,Heracles Almelo,2025,0.7647,1.0,1.0,1.0,exact_after_normalize
Jan Žambůrek,Jan Zamburek,Heracles Almelo,2025,0.3684,1.0,1.0,1.0,exact_after_normalize
Gerald Alders,Gerald Alders,Telstar,2025,1.0,1.0,1.0,1.0,exact_after_normalize
Jelani Seedorf,Jelani Seedorf,Telstar,2025,1.0,1.0,1.0,1.0,exact_after_normalize
Neville Ogidi Nwankwo,Neville Ogidi Nwankwo,Telstar,2025,1.0,1.0,1.0,1.0,exact_after_normalize
Dion Malone,Dion Malone,Telstar,2025,1.0,1.0,1.0,1.0,exact_after_normalize
Rojendro Oudsten,Rojendro Oudsten,Telstar,2025,1.0,1.0,1.0,1.0,exact_after_normalize
Dylan Mertens,Dylan Mertens,Telstar,2025,1.0,1.0,1.0,1.0,exact_after_normalize
Jeff Hardeveld,Jeff Hardeveld,Telstar,2025,1.0,1.0,1.0,1.0,exact_after_normalize
Guus Offerhaus,Guus Offerhaus,Telstar,2025,1.0,1.0,1.0,1.0,exact_after_normalize
Nils Rossen,Nils Rossen,Telstar,2025,1.0,1.0,1.0,1.0,exact_after_normalize
Cedric Hatenboer,Cedric Hatenboer,Telstar,2025,1.0,1.0,1.0,1.0,exact_after_normalize
Danny Bakker,Danny Bakker,Telstar,2025,1.0,1.0,1.0,1.0,exact_after_normalize
Patrick Brouwer,Patrick Brouwer,Telstar,2025,1.0,1.0,1.0,1.0,exact_after_normalize
Tyrese Noslin,Tyrese Noslin,Telstar,2025,1.0,1.0,1.0,1.0,exact_after_normalize
Devon Koswal,Devon Koswal,Telstar,2025,1.0,1.0,1.0,1.0,exact_after_normalize
Daan Reiziger,Daan Reiziger,Telstar,2025,1.0,1.0,1.0,1.0,exact_after_normalize
Adil Lechkar,Adil Lechkar,Telstar,2025,1.0,1.0,1.0,1.0,exact_after_normalize
Milan Zonneveld,Milan Zonneveld,Telstar,2025,1.0,1.0,1.0,1.0,exact_after_normalize
Soufiane Hetli,Soufiane Hetli,Telstar,2025,1.0,1.0,1.0,1.0,exact_after_normalize
Remi van Ekeris,Remi van Ekeris,Telstar,2025,1.0,1.0,1.0,1.0,exact_after_normalize
Kay Tejan,Kay Tejan,Telstar,2025,1.0,1.0,1.0,1.0,exact_after_normalize
Tyrone Owusu,Tyrone Owusu,Telstar,2025,1.0,1.0,1.0,1.0,exact_after_normalize
Sebastiaan Hagedoorn,Sebastiaan Hagedoorn,Telstar,2025,1.0,1.0,1.0,1.0,exact_after_normalize
Sem van Duijn,Sem van Duijn,Telstar,2025,1.0,1.0,1.0,1.0,exact_after_normalize
Mats Deijl,Mats Deijl,Go Ahead Eagles,2025,1.0,1.0,1.0,1.0,exact_after_normalize
Mathis Suray,Mathis Suray,Go Ahead Eagles,2025,1.0,1.0,1.0,1.0,exact_after_normalize
Thibo Baeten,Thibo Baeten,Go Ahead Eagles,2025,1.0,1.0,1.0,1.0,exact_after_normalize
Joris Kramer,Joris Kramer,Go Ahead Eagles,2025,1.0,1.0,1.0,1.0,exact_after_normalize
Eus Waayers,Eus Waayers,Go Ahead Eagles,2025,1.0,1.0,1.0,1.0,exact_after_normalize
Calvin Twigt,Calvin Twigt,Go Ahead Eagles,2025,1.0,1.0,1.0,1.0,exact_after_normalize
Giovanni van Zwam,Giovanni van Zwam,Go Ahead Eagles,2025,1.0,1.0,1.0,1.0,exact_after_normalize
Aske Adelgaard,Aske Adelgaard,Go Ahead Eagles,2025,1.0,1.0,1.0,1.0,exact_after_normalize
Jakob Breum,Jakob Breum,Go Ahead Eagles,2025,1.0,1.0,1.0,1.0,exact_after_normalize
Richonell Margaret,Richonell Margaret,Go Ahead Eagles,2025,1.0,1.0,1.0,1.0,exact_after_normalize
Jari De Busser,Jari De Busser,Go Ahead Eagles,2025,1.0,1.0,1.0,1.0,exact_after_normalize
Melle Meulensteen,Melle Meulensteen,Go Ahead Eagles,2025,1.0,1.0,1.0,1.0,exact_after_normalize
Dean James,Dean James,Go Ahead Eagles,2025,1.0,1.0,1.0,1.0,exact_after_normalize
Victor Edvardsen,Victor Edvardsen,Go Ahead Eagles,2025,1.0,1.0,1.0,1.0,exact_after_normalize
Kenzo Goudmijn,Kenzo Goudmijn,Go Ahead Eagles,2025,1.0,1.0,1.0,1.0,exact_after_normalize
Robbin Weijenberg,Robbin Weijenberg,Go Ahead Eagles,2025,1.0,1.0,1.0,1.0,exact_after_normalize
Milan Smit,Milan Smit,Go Ahead Eagles,2025,1.0,1.0,1.0,1.0,exact_after_normalize
Yassir Salah Rahmouni,Yassir Salah Rahmouni,Go Ahead Eagles,2025,1.0,1.0,1.0,1.0,exact_after_normalize
Evert Linthorst,Evert Linthorst,Go Ahead Eagles,2025,1.0,1.0,1.0,1.0,exact_after_normalize
Jaden Slory,Jaden Slory,Go Ahead Eagles,2025,1.0,1.0,1.0,1.0,exact_after_normalize
Julius Dirksen,Julius Dirksen,Go Ahead Eagles,2025,1.0,1.0,1.0,1.0,exact_after_normalize
Ofosu Boakye,Ofosu Boakye,Go Ahead Eagles,2025,1.0,1.0,1.0,1.0,exact_after_normalize
Søren Tengstedt,Søren Tengstedt,Go Ahead Eagles,2025,1.0,1.0,1.0,1.0,exact_after_normalize
Alfons Sampsted,Alfons Sampsted,Go Ahead Eagles,2025,1.0,1.0,1.0,1.0,exact_after_normalize
Finn Stokkers,Finn Stokkers,Go Ahead Eagles,2025,1.0,1.0,1.0,1.0,exact_after_normalize
Gerrit Nauber,Gerrit Nauber,Go Ahead Eagles,2025,1.0,1.0,1.0,1.0,exact_after_normalize
Oscar Pettersson,Oscar Pettersson,Go Ahead Eagles,2025,1.0,1.0,1.0,1.0,exact_after_normalize
Amourrichio van Axel Dongen,Amourricho van Axel Dongen,Ajax,2021,0.8276,0.9926,0.9811,0.9811,same_surname_diff_given_name
Amourrichio van Axel Dongen,Amourricho van Axel Dongen,Ajax,2023,0.8276,0.9926,0.9811,0.9811,same_surname_diff_given_name
Amourrichio van Axel Dongen,Amourricho van Axel Dongen,Heerenveen,2025,0.8276,0.9926,0.9811,0.9811,same_surname_diff_given_name
Mohamed El Hankouri,Mohammed El Hankouri,Feyenoord,2016,0.8636,0.99,0.9744,0.9744,same_surname_diff_given_name
Mohamed El Hankouri,Mohammed El Hankouri,Willem II,2017,0.8636,0.99,0.9744,0.9744,same_surname_diff_given_name
Vyacheslav Karavayev,Vyacheslav Karavaev,Vitesse,2017,0.7826,0.99,0.9744,0.9744,same_given_name_diff_surname
Mohamed El Hankouri,Mohammed El Hankouri,Groningen,2018,0.8636,0.99,0.9744,0.9744,same_surname_diff_given_name
Mohamed El Hankouri,Mohammed El Hankouri,Feyenoord,2018,0.8636,0.99,0.9744,0.9744,same_surname_diff_given_name
Vyacheslav Karavayev,Vyacheslav Karavaev,Vitesse,2018,0.7826,0.99,0.9744,0.9744,same_given_name_diff_surname
Mohamed El Hankouri,Mohammed El Hankouri,Groningen,2019,0.8636,0.99,0.9744,0.9744,same_surname_diff_given_name
Vyacheslav Karavayev,Vyacheslav Karavaev,Vitesse,2019,0.7826,0.99,0.9744,0.9744,same_given_name_diff_surname
Mohamed El Hankouri,Mohammed El Hankouri,Groningen,2020,0.8636,0.99,0.9744,0.9744,same_surname_diff_given_name
Mohamed El Hankouri,Mohammed El Hankouri,Groningen,2021,0.8636,0.99,0.9744,0.9744,same_surname_diff_given_name
Reza Ghoochannejad,Reza Ghoochannejhad,Heerenveen,2016,0.7727,0.9895,0.973,0.973,same_given_name_diff_surname
Reza Ghoochannejad,Reza Ghoochannejhad,Heerenveen,2017,0.7727,0.9895,0.973,0.973,same_given_name_diff_surname
Reza Ghoochannejad,Reza Ghoochannejhad,PEC Zwolle,2019,0.7727,0.9895,0.973,0.973,same_given_name_diff_surname
Reza Ghoochannejad,Reza Ghoochannejhad,PEC Zwolle,2020,0.7727,0.9895,0.973,0.973,same_given_name_diff_surname
Mohammed Ihattaren,Mohamed Ihattaren,PSV,2018,0.85,0.9889,0.9714,0.9714,same_surname_diff_given_name
Mohammed Ihattaren,Mohamed Ihattaren,PSV,2019,0.85,0.9889,0.9714,0.9714,same_surname_diff_given_name
Mohammed Ihattaren,Mohamed Ihattaren,PSV,2020,0.85,0.9889,0.9714,0.9714,same_surname_diff_given_name
Mohammed Ihattaren,Mohamed Ihattaren,RKC Waalwijk,2024,0.85,0.9889,0.9714,0.9714,same_surname_diff_given_name
Leftheris Lyratzis,Lefteris Lyratzis,NEC Nijmegen,2024,0.7368,0.9889,0.9714,0.9714,same_surname_diff_given_name
Mohammed Ihattaren,Mohamed Ihattaren,Fortuna Sittard,2025,0.85,0.9889,0.9714,0.9714,same_surname_diff_given_name
Othman Boussaid,Othmane Boussaid,Utrecht,2018,0.8333,0.9875,0.9677,0.9677,same_surname_diff_given_name
Othman Boussaid,Othmane Boussaid,Utrecht,2020,0.8333,0.9875,0.9677,0.9677,same_surname_diff_given_name
Othman Boussaid,Othmane Boussaid,Utrecht,2021,0.8333,0.9875,0.9677,0.9677,same_surname_diff_given_name
Othman Boussaid,Othmane Boussaid,Utrecht,2022,0.8333,0.9875,0.9677,0.9677,same_surname_diff_given_name
Othman Boussaid,Othmane Boussaid,Utrecht,2023,0.8333,0.9875,0.9677,0.9677,same_surname_diff_given_name
Tarik Hamamiogl,Tarik Hamamioglu,Heracles Almelo,2025,0.8333,0.9875,0.9677,0.9677,substring_match
Illai Grootfaam,Ilai Grootfaam,Feyenoord,2025,0.8235,0.9822,0.9655,0.9655,same_surname_diff_given_name
Mitchell Paulissen,Mitchel Paulissen,Roda JC,2013,0.85,0.9654,0.9714,0.9654,same_surname_diff_given_name
Mitchell Paulissen,Mitchel Paulissen,Roda JC,2015,0.85,0.9654,0.9714,0.9654,same_surname_diff_given_name
Mitchell Paulissen,Mitchel Paulissen,Roda JC,2016,0.85,0.9654,0.9714,0.9654,same_surname_diff_given_name
Mitchell Paulissen,Mitchel Paulissen,Roda JC,2017,0.85,0.9654,0.9714,0.9654,same_surname_diff_given_name
Mitchell Paulissen,Mitchel Paulissen,Cambuur,2021,0.85,0.9654,0.9714,0.9654,same_surname_diff_given_name
Mitchell Paulissen,Mitchel Paulissen,Cambuur,2022,0.85,0.9654,0.9714,0.9654,same_surname_diff_given_name
Ibrahim Touré,Ibrahima Touré,Dordrecht,2014,0.8125,0.9857,0.963,0.963,same_surname_diff_given_name
Dries Saddiki,Driess Saddiki,Willem II,2018,0.8125,0.9703,0.963,0.963,same_surname_diff_given_name
Dries Saddiki,Driess Saddiki,Willem II,2019,0.8125,0.9703,0.963,0.963,same_surname_diff_given_name
Dries Saddiki,Driess Saddiki,Willem II,2020,0.8125,0.9703,0.963,0.963,same_surname_diff_given_name
Dries Saddiki,Driess Saddiki,Willem II,2021,0.8125,0.9703,0.963,0.963,same_surname_diff_given_name
Travis Hearnes,Travis Hernes,Groningen,2025,0.7059,0.9857,0.963,0.963,same_given_name_diff_surname
Gani Büyükhan,Ganni Buyukhan,Fortuna Sittard,2025,0.381,0.9833,0.963,0.963,same_surname_diff_given_name
Dimitris Siovas,Dimitrios Siovas,Fortuna Sittard,2021,0.7368,0.9608,0.9677,0.9608,same_surname_diff_given_name
Dimitris Siovas,Dimitrios Siovas,Fortuna Sittard,2022,0.7368,0.9608,0.9677,0.9608,same_surname_diff_given_name
Dimitris Siovas,Dimitrios Siovas,Fortuna Sittard,2023,0.7368,0.9608,0.9677,0.9608,same_surname_diff_given_name
Llazaros Rota,Lazaros Rota,Fortuna Sittard,2019,0.8,0.9769,0.96,0.96,substring_match
Llazaros Rota,Lazaros Rota,Fortuna Sittard,2020,0.8,0.9769,0.96,0.96,substring_match
Llazaros Rota,Lazaros Rota,Fortuna Sittard,2021,0.8,0.9769,0.96,0.96,substring_match
Joshua John,Josua John,Twente,2013,0.5833,0.9788,0.9524,0.9524,same_surname_diff_given_name
Joshua John,Josua John,VVV Venlo,2020,0.5833,0.9788,0.9524,0.9524,same_surname_diff_given_name
Oliver Batista-Meier,Oliver Batista Meier,Heerenveen,2020,1.0,0.98,0.95,0.95,same_given_name_diff_surname
Armel Bella Kotchap,Armel Bella-Kotchap,PSV,2023,1.0,0.9789,0.9474,0.9474,same_given_name_diff_surname
Alfreð Finnbogason,Alfred Finnbogason,Heerenveen,2013,0.8095,0.9778,0.9444,0.9444,same_surname_diff_given_name
Albert Guðmundsson,Albert Gudmundsson,PSV,2017,0.7273,0.9542,0.9444,0.9444,same_given_name_diff_surname
Albert Guðmundsson,Albert Gudmundsson,AZ,2018,0.7273,0.9542,0.9444,0.9444,same_given_name_diff_surname
Albert Guðmundsson,Albert Gudmundsson,AZ,2019,0.7273,0.9542,0.9444,0.9444,same_given_name_diff_surname
Albert Guðmundsson,Albert Gudmundsson,AZ,2020,0.7273,0.9542,0.9444,0.9444,same_given_name_diff_surname
Albert Guðmundsson,Albert Gudmundsson,AZ,2021,0.7273,0.9542,0.9444,0.9444,same_given_name_diff_surname
Marious Vrousai,Marios Vrousai,Willem II,2018,0.7647,0.9438,0.9655,0.9438,same_surname_diff_given_name
Marious Vrousai,Marios Vrousai,Willem II,2019,0.7647,0.9438,0.9655,0.9438,same_surname_diff_given_name
Bilal Başaçıkoğlu,Bilal Basaçikoglu,Heerenveen,2013,0.3077,0.9765,0.9412,0.9412,same_given_name_diff_surname
Bilal Başaçıkoğlu,Bilal Basaçikoglu,Feyenoord,2014,0.3077,0.9765,0.9412,0.9412,same_given_name_diff_surname
Bilal Başaçıkoğlu,Bilal Basaçikoglu,Feyenoord,2015,0.3077,0.9765,0.9412,0.9412,same_given_name_diff_surname
Bilal Başaçıkoğlu,Bilal Basaçikoglu,Feyenoord,2016,0.3077,0.9765,0.9412,0.9412,same_given_name_diff_surname
Bilal Başaçıkoğlu,Bilal Basaçikoglu,Feyenoord,2017,0.3077,0.9765,0.9412,0.9412,same_given_name_diff_surname
Paweł Bochniewicz,Pawel Bochniewicz,Heerenveen,2020,0.8,0.9765,0.9412,0.9412,same_surname_diff_given_name
Jop van den Avert,Jop van der Avert,Willem II,2020,0.8,0.9515,0.9412,0.9412,given_and_surname_match_extra_middle_token
Bilal Başaçıkoğlu,Bilal Basaçikoglu,Heracles Almelo,2021,0.3077,0.9765,0.9412,0.9412,same_given_name_diff_surname
Paweł Bochniewicz,Pawel Bochniewicz,Heerenveen,2022,0.8,0.9765,0.9412,0.9412,same_surname_diff_given_name
Paweł Bochniewicz,Pawel Bochniewicz,Heerenveen,2023,0.8,0.9765,0.9412,0.9412,same_surname_diff_given_name
Paweł Bochniewicz,Pawel Bochniewicz,Heerenveen,2024,0.8,0.9765,0.9412,0.9412,same_surname_diff_given_name
Paweł Bochniewicz,Pawel Bochniewicz,Heerenveen,2025,0.8,0.9765,0.9412,0.9412,same_surname_diff_given_name
Szymon Włodarczyk,Szymon Wlodarczyk,Excelsior,2025,0.7143,0.9765,0.9412,0.9412,same_given_name_diff_surname
Dario Grujcic,Darijo Grujcic,Fortuna Sittard,2024,0.7059,0.9396,0.963,0.9396,same_surname_diff_given_name
Dimitris Limnios,Dimitrios Limnios,Twente,2021,0.8333,0.9382,0.9697,0.9382,same_surname_diff_given_name
Dimitris Limnios,Dimitrios Limnios,Fortuna Sittard,2025,0.8333,0.9382,0.9697,0.9382,same_surname_diff_given_name
Przemysław Tytoń,Przemyslaw Tyton,PSV,2013,0.5455,0.975,0.9375,0.9375,same_surname_diff_given_name
Nestoras Mitidis,Nestoras Mytidis,Roda JC,2016,0.7,0.9483,0.9375,0.9375,same_given_name_diff_surname
Przemysław Tytoń,Przemyslaw Tyton,Twente,2022,0.5455,0.975,0.9375,0.9375,same_surname_diff_given_name
Vasileios Sourlis,Vasilis Sourlis,Fortuna Sittard,2022,0.6842,0.9498,0.9375,0.9375,same_surname_diff_given_name
Kacper Kozłowski,Kacper Kozlowski,Vitesse,2022,0.6842,0.975,0.9375,0.9375,same_given_name_diff_surname
Przemysław Tytoń,Przemyslaw Tyton,Twente,2023,0.5455,0.975,0.9375,0.9375,same_surname_diff_given_name
Kacper Kozłowski,Kacper Kozlowski,Vitesse,2023,0.6842,0.975,0.9375,0.9375,same_given_name_diff_surname
Przemysław Tytoń,Przemyslaw Tyton,Twente,2024,0.5455,0.975,0.9375,0.9375,same_surname_diff_given_name
Przemysław Tytoń,Przemyslaw Tyton,Twente,2025,0.5455,0.975,0.9375,0.9375,same_surname_diff_given_name
Tobias Elshout Van Den,Tobias van den Elshout,Feyenoord,2025,1.0,0.9364,1.0,0.9364,same_given_name_diff_surname
Roberto González,Rober González,NEC Nijmegen,2023,0.7778,0.9607,0.9333,0.9333,same_surname_diff_given_name
Roberto González,Rober González,NEC Nijmegen,2024,0.7778,0.9607,0.9333,0.9333,same_surname_diff_given_name
Roberto González,Rober González,NEC Nijmegen,2025,0.7778,0.9607,0.9333,0.9333,same_surname_diff_given_name
Bartosz Białek,Bartosz Bialek,Vitesse,2022,0.6471,0.9714,0.9286,0.9286,same_given_name_diff_surname
Kolbeinn Sigþórsson,Kolbeinn Sigthorsson,Ajax,2013,0.64,0.9695,0.9231,0.9231,same_given_name_diff_surname
Denys Oliynyk,Denys Oliinyk,Vitesse,2014,0.6471,0.9526,0.9231,0.9231,same_given_name_diff_surname
Kolbeinn Sigþórsson,Kolbeinn Sigthorsson,Ajax,2014,0.64,0.9695,0.9231,0.9231,same_given_name_diff_surname
Denys Oliynyk,Denys Oliinyk,Vitesse,2015,0.6471,0.9526,0.9231,0.9231,same_given_name_diff_surname
Paweł Cibicki,Pawel Cibicki,ADO Den Haag,2019,0.75,0.9692,0.9231,0.9231,same_surname_diff_given_name
Jarosław Jach,Jaroslaw Jach,Fortuna Sittard,2020,0.6,0.9692,0.9231,0.9231,same_surname_diff_given_name
Burak Yılmaz,Burak Yilmaz,Fortuna Sittard,2022,0.625,0.9667,0.9167,0.9167,same_given_name_diff_surname
Pharrel Nash,Pharell Nash,Ajax,2025,0.625,0.9667,0.9167,0.9167,same_surname_diff_given_name
Yoon Doyong,Yoon Do-Young,Excelsior,2025,0.5,0.9692,0.9167,0.9167,same_given_name_diff_surname
Rémi Amieux,Rémy Amieux,RKC Waalwijk,2013,0.7143,0.9109,0.9091,0.9091,same_surname_diff_given_name
Rémi Amieux,Rémy Amieux,NAC Breda,2014,0.7143,0.9109,0.9091,0.9091,same_surname_diff_given_name
Nikolaos Ioannidis,Nikos Ioannidis,PEC Zwolle,2014,0.75,0.94,0.9091,0.9091,same_surname_diff_given_name
Giorgos Katsikas,Georgios Katsikas,Twente,2015,0.5909,0.9449,0.9091,0.9091,same_surname_diff_given_name
Dario Đumić,Dario Dumic,NEC Nijmegen,2015,0.4375,0.9636,0.9091,0.9091,same_given_name_diff_surname
Giorgos Katsikas,Georgios Katsikas,Twente,2016,0.5909,0.9449,0.9091,0.9091,same_surname_diff_given_name
Dario Đumić,Dario Dumic,NEC Nijmegen,2016,0.4375,0.9636,0.9091,0.9091,same_given_name_diff_surname
Dario Đumić,Dario Dumic,Utrecht,2017,0.4375,0.9636,0.9091,0.9091,same_given_name_diff_surname
Delano van Crooy,Delano van Crooij,VVV Venlo,2017,0.75,0.964,0.9091,0.9091,same_given_name_diff_surname
Delano van Crooy,Delano van Crooij,VVV Venlo,2018,0.75,0.964,0.9091,0.9091,same_given_name_diff_surname
Dario Đumić,Dario Dumic,Twente,2020,0.4375,0.9636,0.9091,0.9091,same_given_name_diff_surname
Sinan Bakış,Sinan Bakis,Heracles Almelo,2020,0.6,0.9636,0.9091,0.9091,same_given_name_diff_surname
Delano van Crooy,Delano van Crooij,VVV Venlo,2020,0.75,0.964,0.9091,0.9091,same_given_name_diff_surname
Dario Đumić,Dario Dumic,Twente,2021,0.4375,0.9636,0.9091,0.9091,same_given_name_diff_surname
Sinan Bakış,Sinan Bakis,Heracles Almelo,2021,0.6,0.9636,0.9091,0.9091,same_given_name_diff_surname
Rúnar Þór Sigurgeirsson,Rúnar Sigurgeirsson,Willem II,2024,0.8333,0.9126,0.9048,0.9048,given_and_surname_match_extra_middle_token
Nikolaos Michelis,Nikos Michelis,Willem II,2021,0.7368,0.9076,0.9032,0.9032,same_surname_diff_given_name
Nökkvi Þórisson,Nökkvi Thórisson,Sparta,2024,0.65,0.9617,0.9032,0.9032,same_given_name_diff_surname
Nökkvi Þórisson,Nökkvi Thórisson,Sparta,2025,0.65,0.9617,0.9032,0.9032,same_given_name_diff_surname
Nökkvi Þórisson,Nökkvi Thórisson,Telstar,2025,0.65,0.9617,0.9032,0.9032,same_given_name_diff_surname
Hannes Þór Halldórsson,Hannes Halldórsson,NEC Nijmegen,2015,0.8095,0.9192,0.9,0.9,given_and_surname_match_extra_middle_token
Adam Kayed,Adam Kaied,NAC Breda,2024,0.5714,0.96,0.9,0.9,same_given_name_diff_surname
Dave Van Den Berg,Davy van den Berg,Utrecht,2021,0.7895,0.8996,0.9412,0.8996,same_surname_diff_given_name
Dave Van Den Berg,Davy van den Berg,PEC Zwolle,2023,0.7895,0.8996,0.9412,0.8996,same_surname_diff_given_name
Dave Van Den Berg,Davy van den Berg,PEC Zwolle,2024,0.7895,0.8996,0.9412,0.8996,same_surname_diff_given_name
Dave Van Den Berg,Davy van den Berg,Utrecht,2025,0.7895,0.8996,0.9412,0.8996,same_surname_diff_given_name
Vytas Andriuškevičius,Vytautas Andriuskevicius,Cambuur,2014,0.5333,0.8988,0.9333,0.8988,same_surname_diff_given_name
Vytas Andriuškevičius,Vytautas Andriuskevicius,Cambuur,2015,0.5333,0.8988,0.9333,0.8988,same_surname_diff_given_name
Joeri Schroyen,Joeri Schroijen,Go Ahead Eagles,2013,0.6316,0.959,0.8966,0.8966,same_given_name_diff_surname
Thomas Meißner,Thomas Meissner,ADO Den Haag,2016,0.6316,0.959,0.8966,0.8966,same_given_name_diff_surname
Thomas Meißner,Thomas Meissner,Willem II,2017,0.6316,0.959,0.8966,0.8966,same_given_name_diff_surname
Thomas Meißner,Thomas Meissner,ADO Den Haag,2017,0.6316,0.959,0.8966,0.8966,same_given_name_diff_surname
Thomas Meißner,Thomas Meissner,Willem II,2018,0.6316,0.959,0.8966,0.8966,same_given_name_diff_surname
Nikos Karelis,Nikolaos Karelis,ADO Den Haag,2020,0.7222,0.9163,0.8966,0.8966,same_surname_diff_given_name
Facundo González,Facu González,Feyenoord,2024,0.7222,0.9317,0.8966,0.8966,same_surname_diff_given_name
Willum Þór Willumsson,Willum Willumsson,Go Ahead Eagles,2022,0.75,0.9266,0.8947,0.8947,given_and_surname_match_extra_middle_token
Willum Þór Willumsson,Willum Willumsson,Go Ahead Eagles,2023,0.75,0.9266,0.8947,0.8947,given_and_surname_match_extra_middle_token
Willum Þór Willumsson,Willum Willumsson,NEC Nijmegen,2025,0.75,0.9266,0.8947,0.8947,given_and_surname_match_extra_middle_token
Vasil Shkurti,Vasil Shkurtaj,Roda JC,2013,0.7059,0.956,0.8889,0.8889,same_given_name_diff_surname
Nicolás Serrano,Nico Serrano,PEC Zwolle,2023,0.7059,0.9267,0.8889,0.8889,same_surname_diff_given_name
Matt Garbett,Matthew Garbett,NAC Breda,2024,0.75,0.91,0.8889,0.8889,same_surname_diff_given_name
Daniel Crowley,Dan Crowley,Go Ahead Eagles,2016,0.6875,0.8864,0.88,0.88,same_surname_diff_given_name
Daniel Crowley,Dan Crowley,Willem II,2017,0.6875,0.8864,0.88,0.88,same_surname_diff_given_name
Daniel Crowley,Dan Crowley,Willem II,2018,0.6875,0.8864,0.88,0.88,same_surname_diff_given_name
Daniel Crowley,Dan Crowley,Willem II,2021,0.6875,0.8864,0.88,0.88,same_surname_diff_given_name
Harry Kuster,Harrie Kuster,Twente,2024,0.6875,0.898,0.88,0.88,same_surname_diff_given_name
Dan Mori,Din Mori,Vitesse,2013,0.5,0.925,0.875,0.875,same_surname_diff_given_name
Dan Mori,Din Mori,Vitesse,2014,0.5,0.925,0.875,0.875,same_surname_diff_given_name
Charly Musonda Jr.,Charly Musonda,Vitesse,2018,0.8333,0.9556,0.875,0.875,substring_match
Charly Musonda Jr.,Charly Musonda,Vitesse,2019,0.8333,0.9556,0.875,0.875,substring_match
Nathan Markelo,Nathangelo Markelo,Twente,2020,0.7778,0.8984,0.875,0.875,same_surname_diff_given_name
Nathan Markelo,Nathangelo Markelo,Excelsior,2022,0.7778,0.8984,0.875,0.875,same_surname_diff_given_name
Nathan Markelo,Nathangelo Markelo,Fortuna Sittard,2023,0.7778,0.8984,0.875,0.875,same_surname_diff_given_name
Brad Jones,Bradley Jones,NEC Nijmegen,2015,0.6667,0.9138,0.8696,0.8696,same_surname_diff_given_name
Brad Jones,Bradley Jones,Feyenoord,2016,0.6667,0.9138,0.8696,0.8696,same_surname_diff_given_name
Brad Jones,Bradley Jones,Feyenoord,2017,0.6667,0.9138,0.8696,0.8696,same_surname_diff_given_name
Ronald Koeman Jr.,Ronald Koeman,Telstar,2025,0.8235,0.9529,0.8667,0.8667,substring_match
Jan-Niklas Beste,Niklas Beste,Emmen,2019,0.7647,0.8611,0.8571,0.8571,substring_match
Richy Ledezma,Richard Ledezma,PSV,2020,0.6667,0.9113,0.8571,0.8571,same_surname_diff_given_name
Richy Ledezma,Richard Ledezma,PSV,2021,0.6667,0.9113,0.8571,0.8571,same_surname_diff_given_name
Richy Ledezma,Richard Ledezma,PSV,2022,0.6667,0.9113,0.8571,0.8571,same_surname_diff_given_name
Elias Hoff Melkersen,Elias Melkersen,Sparta,2022,0.7619,0.95,0.8571,0.8571,given_and_surname_match_extra_middle_token
Jasin Assehnoun,Jasin-Amin Assehnoun,Emmen,2022,0.8421,0.8967,0.8571,0.8571,same_surname_diff_given_name
Richy Ledezma,Richard Ledezma,PSV,2023,0.6667,0.9113,0.8571,0.8571,same_surname_diff_given_name
Richy Ledezma,Richard Ledezma,PSV,2024,0.6667,0.9113,0.8571,0.8571,same_surname_diff_given_name
Thomas Didillon,Thomas Didillon-Hödl,Willem II,2024,0.7619,0.95,0.8571,0.8571,substring_match
Neville Ogidi Nwankwo,Nigel Ogidi Nwankwo,Telstar,2025,0.5385,0.8914,0.85,0.85,same_surname_diff_given_name
Furdjel Narsingh,Furdjel Robby Narsingh,PEC Zwolle,2013,0.7391,0.933,0.8421,0.8421,given_and_surname_match_extra_middle_token
Furdjel Narsingh,Furdjel Robby Narsingh,Cambuur,2014,0.7391,0.933,0.8421,0.8421,given_and_surname_match_extra_middle_token
Furdjel Narsingh,Furdjel Robby Narsingh,Cambuur,2015,0.7391,0.933,0.8421,0.8421,given_and_surname_match_extra_middle_token
Dirk Kuyt,Dirk Kuijt,Feyenoord,2015,0.5,0.9378,0.8421,0.8421,same_given_name_diff_surname
Dirk Kuyt,Dirk Kuijt,Feyenoord,2016,0.5,0.9378,0.8421,0.8421,same_given_name_diff_surname
Furdjel Narsingh,Furdjel Robby Narsingh,De Graafschap,2018,0.7391,0.933,0.8421,0.8421,given_and_surname_match_extra_middle_token
Kostas Mitroglou,Konstantinos Mitroglou,PSV,2019,0.4815,0.8439,0.8421,0.8421,same_surname_diff_given_name
Fernando Pacheco Rivas,Fernando Pacheco,Emmen,2022,0.7391,0.9455,0.8421,0.8421,substring_match
Manu Royo,Manel Royo,Almere City,2023,0.6154,0.9274,0.8421,0.8421,same_surname_diff_given_name
Manu Royo,Manel Royo,NAC Breda,2024,0.6154,0.9274,0.8421,0.8421,same_surname_diff_given_name
Jordy Bos,Jordan Bos,Feyenoord,2025,0.6154,0.9378,0.8421,0.8421,same_surname_diff_given_name
Fernando Quesada,Nando Quesada,Utrecht,2013,0.6316,0.8349,0.8966,0.8349,substring_match
Jan Wuytens,Stijn Wuytens,AZ,2015,0.4444,0.8928,0.8333,0.8333,same_surname_diff_given_name
Fredrik André Bjørkan,Fredrik Bjørkan,Feyenoord,2022,0.7273,0.9029,0.8333,0.8333,given_and_surname_match_extra_middle_token
Oskar Siira Sivertsen,Oskar Sivertsen,Go Ahead Eagles,2024,0.8,0.9162,0.8333,0.8333,given_and_surname_match_extra_middle_token
Oskar Siira Sivertsen,Oskar Sivertsen,Go Ahead Eagles,2025,0.8,0.9162,0.8333,0.8333,given_and_surname_match_extra_middle_token
Jóhann Berg Guðmundsson,Jóhann Gudmundsson,AZ,2013,0.5926,0.9132,0.8293,0.8293,same_given_name_diff_surname
Kristian Nökkvi Hlynsson,Kristian Hlynsson,Ajax,2023,0.72,0.8946,0.8293,0.8293,given_and_surname_match_extra_middle_token
Kristian Nökkvi Hlynsson,Kristian Hlynsson,Sparta,2024,0.72,0.8946,0.8293,0.8293,given_and_surname_match_extra_middle_token
Kristian Nökkvi Hlynsson,Kristian Hlynsson,Ajax,2024,0.72,0.8946,0.8293,0.8293,given_and_surname_match_extra_middle_token
Kristian Nökkvi Hlynsson,Kristian Hlynsson,Twente,2025,0.72,0.8946,0.8293,0.8293,given_and_surname_match_extra_middle_token
Stefán Ingi Sigurðarson,Stefán Sigurdarson,Go Ahead Eagles,2025,0.5769,0.8897,0.8293,0.8293,same_given_name_diff_surname
Derry Murkin,Derry John Murkin,Volendam,2022,0.7222,0.8912,0.8276,0.8276,given_and_surname_match_extra_middle_token
Derry Murkin,Derry John Murkin,Volendam,2023,0.7222,0.8912,0.8276,0.8276,given_and_surname_match_extra_middle_token
Derry Murkin,Derry John Murkin,Utrecht,2025,0.7222,0.8912,0.8276,0.8276,given_and_surname_match_extra_middle_token
Derensili Fernandes,Derensili Sanches Fernandes,Utrecht,2022,0.7407,0.8986,0.8261,0.8261,given_and_surname_match_extra_middle_token
Derensili Fernandes,Derensili Sanches Fernandes,Excelsior,2023,0.7407,0.8986,0.8261,0.8261,given_and_surname_match_extra_middle_token
Derensili Fernandes,Derensili Sanches Fernandes,Excelsior,2025,0.7407,0.8986,0.8261,0.8261,given_and_surname_match_extra_middle_token
Lennart-Marten Czyborra,Lennart Czyborra,Heracles Almelo,2018,0.7391,0.8891,0.8205,0.8205,same_surname_diff_given_name
Lennart-Marten Czyborra,Lennart Czyborra,Heracles Almelo,2019,0.7391,0.8891,0.8205,0.8205,same_surname_diff_given_name
Andri Fannar Baldursson,Andri Baldursson,NEC Nijmegen,2022,0.7083,0.8891,0.8205,0.8205,given_and_surname_match_extra_middle_token
Lennart-Marten Czyborra,Lennart Czyborra,PEC Zwolle,2023,0.7391,0.8891,0.8205,0.8205,same_surname_diff_given_name
Anselmo García MacNulty,Anselmo MacNulty,PEC Zwolle,2023,0.7083,0.9266,0.8205,0.8205,given_and_surname_match_extra_middle_token
Anselmo García MacNulty,Anselmo MacNulty,PEC Zwolle,2024,0.7083,0.9266,0.8205,0.8205,given_and_surname_match_extra_middle_token
Anselmo García MacNulty,Anselmo MacNulty,PEC Zwolle,2025,0.7083,0.9266,0.8205,0.8205,given_and_surname_match_extra_middle_token
Mo Hamdaoui,Mohamed Hamdaoui,Dordrecht,2014,0.6471,0.8682,0.8148,0.8148,same_surname_diff_given_name
Reagy Ofosu,Reagy Baah Ofosu,NEC Nijmegen,2016,0.7059,0.9375,0.8148,0.8148,given_and_surname_match_extra_middle_token
Mo Hamdaoui,Mohamed Hamdaoui,Go Ahead Eagles,2016,0.6471,0.8682,0.8148,0.8148,same_surname_diff_given_name
Mo Hamdaoui,Mohamed Hamdaoui,De Graafschap,2018,0.6471,0.8682,0.8148,0.8148,same_surname_diff_given_name
Mo Hamdaoui,Mohamed Hamdaoui,Telstar,2025,0.6471,0.8682,0.8148,0.8148,same_surname_diff_given_name
Magnus Wolff Eikrem,Magnus Eikrem,Heerenveen,2013,0.7,0.9368,0.8125,0.8125,given_and_surname_match_extra_middle_token
Peer Koopmeiners,Teun Koopmeiners,AZ,2020,0.5455,0.875,0.8125,0.8125,same_surname_diff_given_name
Teun Koopmeiners,Peer Koopmeiners,AZ,2021,0.5455,0.875,0.8125,0.8125,same_surname_diff_given_name
Peer Koopmeiners,Teun Koopmeiners,AZ,2021,0.5455,0.875,0.8125,0.8125,same_surname_diff_given_name
Nigel Nwankwo,Nigel Ogidi Nwankwo,Telstar,2025,0.6842,0.8907,0.8125,0.8125,given_and_surname_match_extra_middle_token
Filip Delaveris,Filip Møller Delaveris,Vitesse,2020,0.6957,0.8964,0.8108,0.8108,given_and_surname_match_extra_middle_token
Key Wong-A-Soijj,Key-Shawn Wong-A-Soij,Volendam,2025,0.6522,0.8565,0.8108,0.8108,other
Lassina Franck Traoré,Lassina Traoré,Ajax,2018,0.6818,0.9048,0.8,0.8,given_and_surname_match_extra_middle_token
Lassina Franck Traoré,Lassina Traoré,Ajax,2019,0.6818,0.9048,0.8,0.8,given_and_surname_match_extra_middle_token
Lassina Franck Traoré,Lassina Traoré,Ajax,2020,0.6818,0.9048,0.8,0.8,given_and_surname_match_extra_middle_token
Steven Bergwijn,Steven Berghuis,Ajax,2022,0.5238,0.92,0.8,0.8,same_given_name_diff_surname
Steven Berghuis,Steven Bergwijn,Ajax,2022,0.5238,0.92,0.8,0.8,same_given_name_diff_surname
Steven Berghuis,Steven Bergwijn,Ajax,2023,0.5238,0.92,0.8,0.8,same_given_name_diff_surname
Steven Bergwijn,Steven Berghuis,Ajax,2023,0.5238,0.92,0.8,0.8,same_given_name_diff_surname
Steven Berghuis,Steven Bergwijn,Ajax,2024,0.5238,0.92,0.8,0.8,same_given_name_diff_surname
Steven Bergwijn,Steven Berghuis,Ajax,2024,0.5238,0.92,0.8,0.8,same_given_name_diff_surname
Younes Jaber el Maftahi,Younes el Meftahi,Sparta,2025,0.5556,0.9125,0.8,0.8,same_given_name_diff_surname
Klaas-Jan Huntelaar,Klaas Jan Huntelaar,Ajax,2017,1.0,0.9567,0.7895,0.7895,same_surname_diff_given_name
Klaas-Jan Huntelaar,Klaas Jan Huntelaar,Ajax,2018,1.0,0.9567,0.7895,0.7895,same_surname_diff_given_name
Klaas-Jan Huntelaar,Klaas Jan Huntelaar,Ajax,2019,1.0,0.9567,0.7895,0.7895,same_surname_diff_given_name
Klaas-Jan Huntelaar,Klaas Jan Huntelaar,Ajax,2020,1.0,0.9567,0.7895,0.7895,same_surname_diff_given_name
Jerry St. Juste,Jeremiah St. Juste,Heerenveen,2014,0.55,0.9041,0.7879,0.7879,same_surname_diff_given_name
Jerry St. Juste,Jeremiah St. Juste,Heerenveen,2015,0.55,0.9041,0.7879,0.7879,same_surname_diff_given_name
Jerry St. Juste,Jeremiah St. Juste,Heerenveen,2016,0.55,0.9041,0.7879,0.7879,same_surname_diff_given_name
Jerry St. Juste,Jeremiah St. Juste,Feyenoord,2017,0.55,0.9041,0.7879,0.7879,same_surname_diff_given_name
Luis Manuel Orejuela,Luis Orejuela,Ajax,2017,0.7,0.8838,0.7879,0.7879,given_and_surname_match_extra_middle_token
Jerry St. Juste,Jeremiah St. Juste,Feyenoord,2018,0.55,0.9041,0.7879,0.7879,same_surname_diff_given_name
Jerry St. Juste,Jeremiah St. Juste,Feyenoord,2019,0.55,0.9041,0.7879,0.7879,same_surname_diff_given_name
João Carlos Teixeira,João Teixeira,Feyenoord,2020,0.6667,0.8685,0.7879,0.7879,given_and_surname_match_extra_middle_token
João Carlos Teixeira,João Teixeira,Feyenoord,2021,0.6667,0.8685,0.7879,0.7879,given_and_surname_match_extra_middle_token
Peter Vindahl Jensen,Peter Vindahl,AZ,2021,0.6667,0.93,0.7879,0.7879,substring_match
Terry Lartey Sanniez,Terry Sanniez,NEC Nijmegen,2022,0.6667,0.8992,0.7879,0.7879,given_and_surname_match_extra_middle_token
Jerry St. Juste,Jeremiah St. Juste,Feyenoord,2025,0.55,0.9041,0.7879,0.7879,same_surname_diff_given_name
Quinten Timber,Jurriën Timber,Ajax,2020,0.3043,0.7965,0.7857,0.7857,same_surname_diff_given_name
Sékou Oumar Sylla,Sékou Sylla,Cambuur,2021,0.6471,0.893,0.7857,0.7857,given_and_surname_match_extra_middle_token
Sékou Oumar Sylla,Sékou Sylla,Cambuur,2022,0.6471,0.893,0.7857,0.7857,given_and_surname_match_extra_middle_token
Chris Nadje,Chris-Kévin Nadje,Feyenoord,2024,0.6667,0.893,0.7857,0.7857,same_surname_diff_given_name
Chris Nadje,Chris-Kévin Nadje,Excelsior,2025,0.6667,0.893,0.7857,0.7857,same_surname_diff_given_name
Abdul Jeleel Ajagun,Abdul Ajagun,Roda JC,2016,0.6316,0.9096,0.7742,0.7742,given_and_surname_match_extra_middle_token
Kwasi Okyere Wriedt,Kwasi Wriedt,Willem II,2020,0.65,0.9096,0.7742,0.7742,given_and_surname_match_extra_middle_token
Joel Castro Pereira,Joel Pereira,RKC Waalwijk,2021,0.65,0.8763,0.7742,0.7742,given_and_surname_match_extra_middle_token
Kwasi Okyere Wriedt,Kwasi Wriedt,Willem II,2021,0.65,0.9096,0.7742,0.7742,given_and_surname_match_extra_middle_token
Joel Castro Pereira,Joel Pereira,RKC Waalwijk,2022,0.65,0.8763,0.7742,0.7742,given_and_surname_match_extra_middle_token
Jaydon Amauri Banel,Jaydon Banel,Ajax,2023,0.65,0.9096,0.7742,0.7742,given_and_surname_match_extra_middle_token
Jaydon Amauri Banel,Jaydon Banel,Ajax,2024,0.65,0.9096,0.7742,0.7742,given_and_surname_match_extra_middle_token
Simon Graves Jensen,Simon Graves,PEC Zwolle,2024,0.65,0.9263,0.7742,0.7742,substring_match
Simon Graves Jensen,Simon Graves,PEC Zwolle,2025,0.65,0.9263,0.7742,0.7742,substring_match
Thomas Bruns,Thomas Buitink,Vitesse,2017,0.4,0.9095,0.7692,0.7692,same_given_name_diff_surname
Thomas Buitink,Thomas Bruns,Vitesse,2017,0.4,0.9095,0.7692,0.7692,same_given_name_diff_surname
Thomas Bruns,Thomas Buitink,Vitesse,2018,0.4,0.9095,0.7692,0.7692,same_given_name_diff_surname
Thomas Buitink,Thomas Bruns,Vitesse,2018,0.4,0.9095,0.7692,0.7692,same_given_name_diff_surname
Thomas Bruns,Thomas Buitink,Vitesse,2020,0.4,0.9095,0.7692,0.7692,same_given_name_diff_surname
Thomas Buitink,Thomas Bruns,Vitesse,2020,0.4,0.9095,0.7692,0.7692,same_given_name_diff_surname
Jochem van de Kamp,Jochem Ritmeester van de Kamp,Almere City,2023,0.6333,0.8797,0.766,0.766,given_and_surname_match_extra_middle_token
Jochem van de Kamp,Jochem Ritmeester van de Kamp,Almere City,2024,0.6333,0.8797,0.766,0.766,given_and_surname_match_extra_middle_token
Jochem van de Kamp,Jochem Ritmeester van de Kamp,Telstar,2025,0.6333,0.8797,0.766,0.766,given_and_surname_match_extra_middle_token
Christian Eriksen,Christian Poulsen,Ajax,2013,0.5,0.8905,0.7647,0.7647,same_given_name_diff_surname
Christian Poulsen,Christian Eriksen,Ajax,2013,0.5,0.8905,0.7647,0.7647,same_given_name_diff_surname
Aliou Badara Baldé,Aliou Balde,Feyenoord,2020,0.5263,0.904,0.7586,0.7586,given_and_surname_match_extra_middle_token
Aliou Badara Baldé,Aliou Balde,Feyenoord,2021,0.5263,0.904,0.7586,0.7586,given_and_surname_match_extra_middle_token
Eric Botteghin,Eric Fernando Botteghin,Groningen,2015,0.625,0.8646,0.7568,0.7568,given_and_surname_match_extra_middle_token
Eric Botteghin,Eric Fernando Botteghin,Feyenoord,2015,0.625,0.8646,0.7568,0.7568,given_and_surname_match_extra_middle_token
Eric Botteghin,Eric Fernando Botteghin,Feyenoord,2016,0.625,0.8646,0.7568,0.7568,given_and_surname_match_extra_middle_token
Eric Botteghin,Eric Fernando Botteghin,Feyenoord,2017,0.625,0.8646,0.7568,0.7568,given_and_surname_match_extra_middle_token
Eric Botteghin,Eric Fernando Botteghin,Feyenoord,2018,0.625,0.8646,0.7568,0.7568,given_and_surname_match_extra_middle_token
Eric Botteghin,Eric Fernando Botteghin,Feyenoord,2019,0.625,0.8646,0.7568,0.7568,given_and_surname_match_extra_middle_token
Eric Botteghin,Eric Fernando Botteghin,Feyenoord,2020,0.625,0.8646,0.7568,0.7568,given_and_surname_match_extra_middle_token
Abdel Malek El Hasnaoui,Abdelmalek El Hasnaoui,PEC Zwolle,2015,0.84,0.9549,0.7556,0.7556,same_surname_diff_given_name
Sander Thomas,Ryan Thomas,PEC Zwolle,2015,0.3684,0.8594,0.75,0.75,same_surname_diff_given_name
Ryan Thomas,Sander Thomas,PEC Zwolle,2015,0.3684,0.8594,0.75,0.75,same_surname_diff_given_name
Joey Veerman,Henk Veerman,Heerenveen,2020,0.4444,0.8333,0.75,0.75,same_surname_diff_given_name
Henk Veerman,Joey Veerman,Heerenveen,2020,0.4444,0.8333,0.75,0.75,same_surname_diff_given_name
Henk Veerman,Joey Veerman,Heerenveen,2021,0.4444,0.8333,0.75,0.75,same_surname_diff_given_name
Joey Veerman,Henk Veerman,Heerenveen,2021,0.4444,0.8333,0.75,0.75,same_surname_diff_given_name
Thomas Beelen,Thomas van den Belt,PEC Zwolle,2021,0.4167,0.8776,0.75,0.75,same_given_name_diff_surname
Thomas van den Belt,Thomas Beelen,PEC Zwolle,2021,0.4167,0.8776,0.75,0.75,same_given_name_diff_surname
Thomas van den Belt,Thomas Beelen,Feyenoord,2023,0.4167,0.8776,0.75,0.75,same_given_name_diff_surname
Thomas Beelen,Thomas van den Belt,Feyenoord,2023,0.4167,0.8776,0.75,0.75,same_given_name_diff_surname
Oliver Edvardsen,Victor Edvardsen,Go Ahead Eagles,2023,0.4167,0.7738,0.75,0.75,same_surname_diff_given_name
Victor Edvardsen,Oliver Edvardsen,Go Ahead Eagles,2023,0.4167,0.7738,0.75,0.75,same_surname_diff_given_name
Victor Edvardsen,Oliver Edvardsen,Go Ahead Eagles,2024,0.4167,0.7738,0.75,0.75,same_surname_diff_given_name
Oliver Edvardsen,Victor Edvardsen,Go Ahead Eagles,2024,0.4167,0.7738,0.75,0.75,same_surname_diff_given_name
Joël van Kaam,Daniël van Kaam,Groningen,2019,0.5,0.7386,0.7857,0.7386,same_surname_diff_given_name
Daniël van Kaam,Joël van Kaam,Groningen,2020,0.5,0.7386,0.7857,0.7386,same_surname_diff_given_name
Joël van Kaam,Daniël van Kaam,Groningen,2020,0.5,0.7386,0.7857,0.7386,same_surname_diff_given_name
Tsiy-William Ndenge,Tsiy Ndenge,Roda JC,2017,0.6,0.9158,0.7333,0.7333,same_surname_diff_given_name
Sava Cestic,Sava-Arangel Cestic,Heracles Almelo,2023,0.6,0.8976,0.7333,0.7333,same_surname_diff_given_name
Sava Cestic,Sava-Arangel Cestic,Heracles Almelo,2025,0.6,0.8976,0.7333,0.7333,same_surname_diff_given_name
Tim Riksman,Tim Freriks,Groningen,2017,0.3333,0.8909,0.7273,0.7273,same_given_name_diff_surname
Dauda Mohammed,Mo Dauda,Vitesse,2018,0.5,0.7321,0.7273,0.7273,other
Ruben Yttergård Jenssen,Ruben Jenssen,Groningen,2016,0.5652,0.8823,0.7222,0.7222,given_and_surname_match_extra_middle_token
Ruben Yttergård Jenssen,Ruben Jenssen,Groningen,2017,0.5652,0.8823,0.7222,0.7222,given_and_surname_match_extra_middle_token
Enrico Dueñas,Enrico Dueñas Hernández,Vitesse,2020,0.5833,0.913,0.7222,0.7222,substring_match
Maximilian Wöber,Max Wöber,Ajax,2017,0.5,0.8979,0.72,0.72,same_surname_diff_given_name
Maximilian Wöber,Max Wöber,Ajax,2018,0.5,0.8979,0.72,0.72,same_surname_diff_given_name
Philipp Max,Phillipp Mwene,PSV,2021,0.4211,0.8922,0.72,0.72,other
Phillipp Mwene,Philipp Max,PSV,2021,0.4211,0.8922,0.72,0.72,other
Philipp Max,Phillipp Mwene,PSV,2022,0.4211,0.8922,0.72,0.72,other
Phillipp Mwene,Philipp Max,PSV,2022,0.4211,0.8922,0.72,0.72,other
Jeroen Van der Lely,Jelle van der Heyden,Twente,2015,0.3667,0.8117,0.7179,0.7179,other
Jelle van der Heyden,Jeroen van der Lely,Twente,2015,0.3667,0.8117,0.7179,0.7179,other
Jelle van der Heyden,Jeroen van der Lely,Twente,2016,0.3667,0.8117,0.7179,0.7179,other
Jeroen Van der Lely,Jelle van der Heyden,Twente,2016,0.3667,0.8117,0.7179,0.7179,other
Jelle van der Heyden,Jeroen van der Lely,Twente,2017,0.3667,0.8117,0.7179,0.7179,other
Jeroen Van der Lely,Jelle van der Heyden,Twente,2017,0.3667,0.8117,0.7179,0.7179,other
Arian Kastrati,Arianit Ferati,Fortuna Sittard,2021,0.3636,0.8779,0.7143,0.7143,other
Andrija Novakovich,Andrija Balic,Fortuna Sittard,2018,0.32,0.8915,0.7097,0.7097,same_given_name_diff_surname
Andrija Balić,Andrija Novakovich,Fortuna Sittard,2018,0.32,0.8915,0.7097,0.7097,same_given_name_diff_surname
Lisandro Magallán,Lisandro Martínez,Ajax,2019,0.44,0.8824,0.7059,0.7059,same_given_name_diff_surname
Lisandro Magallán,Lisandro Martínez,Ajax,2021,0.44,0.8824,0.7059,0.7059,same_given_name_diff_surname
Roel Janssen,Simon Janssen,VVV Venlo,2018,0.4211,0.703,0.72,0.703,same_surname_diff_given_name
Simon Janssen,Roel Janssen,VVV Venlo,2018,0.4211,0.703,0.72,0.703,same_surname_diff_given_name
Roel Janssen,Simon Janssen,VVV Venlo,2019,0.4211,0.703,0.72,0.703,same_surname_diff_given_name
Simon Janssen,Roel Janssen,VVV Venlo,2019,0.4211,0.703,0.72,0.703,same_surname_diff_given_name
Ioannis-Foivos Botos,Giannis Botos,Go Ahead Eagles,2021,0.4167,0.7021,0.7273,0.7021,same_surname_diff_given_name
Memphis,Memphis Depay,PSV,2013,0.5714,0.9077,0.7,0.7,substring_match
Memphis,Memphis Depay,PSV,2014,0.5714,0.9077,0.7,0.7,substring_match
Abass Issah,Issah Abass,Utrecht,2019,1.0,0.6932,1.0,0.6932,same_tokens_reordered
Abass Issah,Issah Abass,Twente,2020,1.0,0.6932,1.0,0.6932,same_tokens_reordered
Dries Wuytens,Stijn Wuytens,Willem II,2014,0.4,0.8128,0.6923,0.6923,same_surname_diff_given_name
Stijn Wuytens,Dries Wuytens,Willem II,2014,0.4,0.8128,0.6923,0.6923,same_surname_diff_given_name
Dries Wuytens,Stijn Wuytens,Willem II,2015,0.4,0.8128,0.6923,0.6923,same_surname_diff_given_name
Stijn Wuytens,Dries Wuytens,Willem II,2015,0.4,0.8128,0.6923,0.6923,same_surname_diff_given_name
Sander Fischer,Sander Duits,Go Ahead Eagles,2016,0.35,0.8786,0.6923,0.6923,same_given_name_diff_surname
Sander Duits,Sander Fischer,Go Ahead Eagles,2016,0.35,0.8786,0.6923,0.6923,same_given_name_diff_surname
Mohammed Tahiri,Mohammed Osman,Sparta,2021,0.4091,0.8762,0.6897,0.6897,same_given_name_diff_surname
Lucas Oliveira Rosa,Lucas Rosa,Ajax,2024,0.55,0.8525,0.6897,0.6897,given_and_surname_match_extra_middle_token
Lucas Oliveira Rosa,Lucas Rosa,Ajax,2025,0.55,0.8525,0.6897,0.6897,given_and_surname_match_extra_middle_token
Mihai Roman,Mihai Alexandru Roman,NEC Nijmegen,2015,0.5455,0.8271,0.6875,0.6875,given_and_surname_match_extra_middle_token
Vito van Crooij,Delano van Crooij,VVV Venlo,2017,0.5,0.7797,0.6875,0.6875,same_surname_diff_given_name
Vito van Crooij,Delano van Crooij,VVV Venlo,2020,0.5,0.7797,0.6875,0.6875,same_surname_diff_given_name
Francisco Reyes,Francisco Marizán,Volendam,2023,0.4167,0.8761,0.6875,0.6875,same_given_name_diff_surname
Pelle van Amersfoort,Pele van Anholt,Heerenveen,2014,0.3214,0.86,0.6857,0.6857,other
Pele van Anholt,Pelle van Amersfoort,Heerenveen,2014,0.3214,0.86,0.6857,0.6857,other
Thomas van den Belt,Rav van den Berg,PEC Zwolle,2020,0.3704,0.7661,0.6857,0.6857,other
Rav van den Berg,Thomas van den Belt,PEC Zwolle,2020,0.3704,0.7661,0.6857,0.6857,other
Thomas van den Belt,Rav van den Berg,PEC Zwolle,2021,0.3704,0.7661,0.6857,0.6857,other
Rav van den Berg,Thomas van den Belt,PEC Zwolle,2021,0.3704,0.7661,0.6857,0.6857,other
Nikolai Baden,Nikolai Baden Frederiksen,Fortuna Sittard,2019,0.56,0.904,0.6842,0.6842,substring_match
Nikolai Baden,Nikolai Baden Frederiksen,Vitesse,2021,0.56,0.904,0.6842,0.6842,substring_match
Nikolai Baden,Nikolai Baden Frederiksen,Vitesse,2022,0.56,0.904,0.6842,0.6842,substring_match
Guus Hupperts,Guus Joppen,Willem II,2015,0.3,0.8685,0.6667,0.6667,same_given_name_diff_surname
Guus Joppen,Guus Hupperts,Willem II,2015,0.3,0.8685,0.6667,0.6667,same_given_name_diff_surname
Gonzalo,Gonzalo García,Heracles Almelo,2015,0.5714,0.9,0.6667,0.6667,substring_match
Siem de Jong,Luuk de Jong,PSV,2016,0.4444,0.7361,0.6667,0.6667,same_surname_diff_given_name
Luuk de Jong,Siem de Jong,PSV,2016,0.4444,0.7361,0.6667,0.6667,same_surname_diff_given_name
Julian Chabot,Jeff Chabot,Sparta,2017,0.4444,0.6976,0.6667,0.6667,same_surname_diff_given_name
Emil Riis Jakobsen,Emil Riis,VVV Venlo,2017,0.5263,0.9,0.6667,0.6667,substring_match
Julian Chabot,Jeff Chabot,Groningen,2018,0.4444,0.6976,0.6667,0.6667,same_surname_diff_given_name
Lars Nieuwpoort,Sven Nieuwpoort,De Graafschap,2018,0.5238,0.8389,0.6667,0.6667,same_surname_diff_given_name
Sven Nieuwpoort,Lars Nieuwpoort,De Graafschap,2018,0.5238,0.8389,0.6667,0.6667,same_surname_diff_given_name
Thomas van den Belt,Sepp van den Berg,PEC Zwolle,2018,0.3571,0.7236,0.6667,0.6667,other
Dylan Seys,Dylan Vente,RKC Waalwijk,2019,0.3529,0.8673,0.6667,0.6667,same_given_name_diff_surname
Dylan Vente,Dylan Seys,RKC Waalwijk,2019,0.3529,0.8673,0.6667,0.6667,same_given_name_diff_surname
Elias Sierra,Elias Sierra-Cappelletti,Heracles Almelo,2020,0.52,0.9,0.6667,0.6667,substring_match
Pedro,Pedro Ruiz,NEC Nijmegen,2021,0.5455,0.9,0.6667,0.6667,substring_match
Elias Sierra,Elias Sierra-Cappelletti,Heracles Almelo,2021,0.52,0.9,0.6667,0.6667,substring_match
Mads Bech Sørensen,Mads Bech,Groningen,2022,0.5263,0.9,0.6667,0.6667,substring_match
Fredrik Aursnes,Fredrik Bjørkan,Feyenoord,2022,0.3333,0.8752,0.6667,0.6667,same_given_name_diff_surname
Mats Rots,Daan Rots,Twente,2022,0.3571,0.7778,0.6667,0.6667,same_surname_diff_given_name
Younes Taha El Idrissi,Younes Taha,Twente,2023,0.5217,0.9,0.6667,0.6667,substring_match
Daan Rots,Mats Rots,Twente,2023,0.3571,0.7778,0.6667,0.6667,same_surname_diff_given_name
Mats Rots,Daan Rots,Twente,2023,0.3571,0.7778,0.6667,0.6667,same_surname_diff_given_name
Younes Taha El Idrissi,Younes Taha,Twente,2024,0.5217,0.9,0.6667,0.6667,substring_match
Mats Rots,Daan Rots,Twente,2024,0.3571,0.7778,0.6667,0.6667,same_surname_diff_given_name
Younes Taha El Idrissi,Younes Taha,Groningen,2025,0.5217,0.9,0.6667,0.6667,substring_match
Mats Rots,Daan Rots,Twente,2025,0.3571,0.7778,0.6667,0.6667,same_surname_diff_given_name
Daan Rots,Mats Rots,Twente,2025,0.3571,0.7778,0.6667,0.6667,same_surname_diff_given_name
Stefan van der Lei,Jop van der Linden,Willem II,2017,0.3214,0.661,0.6667,0.661,other
Lars Kramer,Kasper Larsen,Groningen,2017,0.3,0.6559,0.75,0.6559,other
Kasper Larsen,Lars Kramer,Groningen,2017,0.3,0.6559,0.75,0.6559,other
Mark van der Maarel,Robin van der Meer,Utrecht,2016,0.3333,0.7509,0.6486,0.6486,other
Robin van der Meer,Mark van der Maarel,Utrecht,2016,0.3333,0.7509,0.6486,0.6486,other
Robin van der Meer,Mark van der Maarel,Utrecht,2017,0.3333,0.7509,0.6486,0.6486,other
Mark van der Maarel,Robin van der Meer,Utrecht,2017,0.3333,0.7509,0.6486,0.6486,other
Mike van der Hoorn,Mark van der Maarel,Utrecht,2021,0.3214,0.6739,0.6486,0.6486,other
Mark van der Maarel,Mike van der Hoorn,Utrecht,2021,0.3214,0.6739,0.6486,0.6486,other
Sep van der Heijden,Mike van der Hoorn,Utrecht,2021,0.3,0.7661,0.6486,0.6486,other
Mark van der Maarel,Mike van der Hoorn,Utrecht,2022,0.3214,0.6739,0.6486,0.6486,other
Mike van der Hoorn,Mark van der Maarel,Utrecht,2022,0.3214,0.6739,0.6486,0.6486,other
Sep van der Heijden,Mike van der Hoorn,Utrecht,2022,0.3,0.7661,0.6486,0.6486,other
Mike van der Hoorn,Mark van der Maarel,Utrecht,2023,0.3214,0.6739,0.6486,0.6486,other
Mark van der Maarel,Mike van der Hoorn,Utrecht,2023,0.3214,0.6739,0.6486,0.6486,other
Nigel Nwankwo,Neville Ogidi Nwankwo,Telstar,2025,0.3077,0.7473,0.6471,0.6471,same_surname_diff_given_name
Ricardo van Rhijn,Ricardo Kishna,Ajax,2013,0.3333,0.8793,0.6452,0.6452,same_given_name_diff_surname
Ricardo Kishna,Ricardo van Rhijn,Ajax,2013,0.3333,0.8793,0.6452,0.6452,same_given_name_diff_surname
Ricardo van Rhijn,Ricardo Kishna,Ajax,2014,0.3333,0.8793,0.6452,0.6452,same_given_name_diff_surname
Ricardo Kishna,Ricardo van Rhijn,Ajax,2014,0.3333,0.8793,0.6452,0.6452,same_given_name_diff_surname
Mitchell Schet,Mitchell de Vlugt,ADO Den Haag,2014,0.3913,0.8866,0.6452,0.6452,same_given_name_diff_surname
Mitchell de Vlugt,Mitchell Schet,ADO Den Haag,2014,0.3913,0.8866,0.6452,0.6452,same_given_name_diff_surname
Florent da Silva,Florent Sanchez,Volendam,2022,0.375,0.8383,0.6452,0.6452,same_given_name_diff_surname
Mitchel Bakker,Mitchell Dijks,Ajax,2017,0.3043,0.8571,0.6429,0.6429,other
Jarni Koorman,Jarno Westerman,PEC Zwolle,2019,0.3043,0.8672,0.6429,0.6429,other
Jarno Westerman,Jarni Koorman,PEC Zwolle,2019,0.3043,0.8672,0.6429,0.6429,other
Mohamed Daramy,Mohammed Kudus,Ajax,2021,0.3043,0.8571,0.6429,0.6429,other
Mohammed Kudus,Mohamed Daramy,Ajax,2021,0.3043,0.8571,0.6429,0.6429,other
Thomas Poll,Thomas Robinet,Almere City,2023,0.35,0.8597,0.64,0.64,same_given_name_diff_surname
Izzy Brown,Isaiah Brown,Vitesse,2015,0.4118,0.785,0.6364,0.6364,same_surname_diff_given_name
Dylan Seys,Dylan George,Twente,2016,0.3333,0.8567,0.6364,0.6364,same_given_name_diff_surname
Dylan George,Dylan Seys,Twente,2016,0.3333,0.8567,0.6364,0.6364,same_given_name_diff_surname
Thomas Bruns,Thomas Lam,PEC Zwolle,2019,0.4118,0.8567,0.6364,0.6364,same_given_name_diff_surname
Thomas Lam,Thomas Bruns,PEC Zwolle,2019,0.4118,0.8567,0.6364,0.6364,same_given_name_diff_surname
Dani de Wit,Mees de Wit,AZ,2022,0.4375,0.71,0.6364,0.6364,same_surname_diff_given_name
Mees de Wit,Dani de Wit,AZ,2022,0.4375,0.71,0.6364,0.6364,same_surname_diff_given_name
Mees de Wit,Dani de Wit,AZ,2023,0.4375,0.71,0.6364,0.6364,same_surname_diff_given_name
Dani de Wit,Mees de Wit,AZ,2023,0.4375,0.71,0.6364,0.6364,same_surname_diff_given_name
Stefan van der Lei,Martijn van der Laan,Groningen,2016,0.3103,0.7651,0.6316,0.6316,other
Bojan Krkić,Bojan,Ajax,2013,0.5,0.8909,0.625,0.625,substring_match
Miguel,Migue Leal,Groningen,2020,0.3846,0.92,0.625,0.625,other
Bilal Ould-Chikh,Walid Ould-Chikh,Volendam,2022,0.4783,0.869,0.625,0.625,same_surname_diff_given_name
Walid Ould-Chikh,Bilal Ould-Chikh,Volendam,2022,0.4783,0.869,0.625,0.625,same_surname_diff_given_name
Michael Mulder,Jonathan Mulder,ADO Den Haag,2020,0.3043,0.6365,0.6207,0.6207,same_surname_diff_given_name
Vito van Crooij,Bart van Rooij,NEC Nijmegen,2024,0.3636,0.8094,0.6207,0.6207,other
Bart van Rooij,Vito van Crooij,NEC Nijmegen,2024,0.3636,0.8094,0.6207,0.6207,other
Marvin da Graça,Marvin Martins,Almere City,2024,0.3333,0.8486,0.6207,0.6207,same_given_name_diff_surname
Javier Espinosa,Espinosa González,Twente,2019,0.36,0.6183,0.6875,0.6183,other
Nick Hengelman,Nick Marsman,Twente,2016,0.3333,0.8226,0.6154,0.6154,same_given_name_diff_surname
Fredrik André Bjørkan,Fredrik Aursnes,Feyenoord,2022,0.3103,0.8576,0.6111,0.6111,same_given_name_diff_surname
Emil Hansson,Pär Hansson,Feyenoord,2016,0.4706,0.7563,0.6087,0.6087,same_surname_diff_given_name
Pär Hansson,Emil Hansson,Feyenoord,2016,0.4706,0.7563,0.6087,0.6087,same_surname_diff_given_name
Nick Kuipers,Bas Kuipers,ADO Den Haag,2017,0.4706,0.7563,0.6087,0.6087,same_surname_diff_given_name
Bas Kuipers,Nick Kuipers,ADO Den Haag,2017,0.4706,0.7563,0.6087,0.6087,same_surname_diff_given_name
Eduardo Carvalho,Eduardo,Vitesse,2018,0.4706,0.8875,0.6087,0.6087,substring_match
Nick Kuipers,Bas Kuipers,ADO Den Haag,2018,0.4706,0.7563,0.6087,0.6087,same_surname_diff_given_name
Bas Kuipers,Nick Kuipers,ADO Den Haag,2018,0.4706,0.7563,0.6087,0.6087,same_surname_diff_given_name
Dylan Ruward,Dylan Mbayo,PEC Zwolle,2024,0.3158,0.8439,0.6087,0.6087,same_given_name_diff_surname
Dylan Ruward,Dylan Mbayo,PEC Zwolle,2025,0.3158,0.8439,0.6087,0.6087,same_given_name_diff_surname
Dylan Mbayo,Dylan Ruward,PEC Zwolle,2025,0.3158,0.8439,0.6087,0.6087,same_given_name_diff_surname
Giovanni Gravenbeek,Giovanni Hiwat,PEC Zwolle,2013,0.36,0.8481,0.6061,0.6061,same_given_name_diff_surname
Giovanni Hiwat,Giovanni Gravenbeek,PEC Zwolle,2013,0.36,0.8481,0.6061,0.6061,same_given_name_diff_surname
Michael Verrips,Michael Olaitan,Twente,2015,0.3333,0.84,0.6,0.6,same_given_name_diff_surname
Killian van Mil,Milan van Ewijk,ADO Den Haag,2019,0.3043,0.7778,0.6,0.6,other
Juan Carlos Familia,Juan Familia-Castillo,AZ,2020,0.5556,0.8583,0.6,0.6,same_given_name_diff_surname
Juan Carlos Familia,Juan Familia-Castillo,ADO Den Haag,2020,0.5556,0.8583,0.6,0.6,same_given_name_diff_surname
Juan Carlos Familia,Juan Familia-Castillo,RKC Waalwijk,2024,0.5556,0.8583,0.6,0.6,same_given_name_diff_surname
Robin van der Meer,Mickey van der Hart,Go Ahead Eagles,2014,0.3103,0.6827,0.5946,0.5946,other
Ben Aissa Ben Amar,Benaissa Benamar,Utrecht,2020,0.5882,0.9449,0.5882,0.5882,other
Ben Aissa Ben Amar,Benaissa Benamar,Utrecht,2021,0.5882,0.9449,0.5882,0.5882,other
Ben Aissa Ben Amar,Benaissa Benamar,Volendam,2022,0.5882,0.9449,0.5882,0.5882,other
Ben Aissa Ben Amar,Benaissa Benamar,Volendam,2023,0.5882,0.9449,0.5882,0.5882,other
Kayky Chagas,Kayky,Sparta,2024,0.4615,0.8833,0.5882,0.5882,substring_match
Jop van den Avert,Jan-Arie van der Heijden,Willem II,2020,0.3125,0.6662,0.5854,0.5854,other
Thomas Lam,Thomas Buitink,PEC Zwolle,2020,0.3684,0.84,0.5833,0.5833,same_given_name_diff_surname
Thomas Buitink,Thomas Lam,PEC Zwolle,2020,0.3684,0.84,0.5833,0.5833,same_given_name_diff_surname
Delano van Crooy,Vito van Crooij,VVV Venlo,2017,0.3333,0.6972,0.5806,0.5806,other
Thomas van den Belt,Thomas Bruns,PEC Zwolle,2019,0.32,0.8225,0.5806,0.5806,same_given_name_diff_surname
Delano van Crooy,Vito van Crooij,VVV Venlo,2020,0.3333,0.6972,0.5806,0.5806,other
Delano van Crooy,Vito van Crooij,Sparta,2022,0.3333,0.6972,0.5806,0.5806,other
Delano van Crooy,Vito van Crooij,Sparta,2023,0.3333,0.6972,0.5806,0.5806,other
Joey van den Berg,Branco van den Boomen,Heerenveen,2015,0.3103,0.648,0.5789,0.5789,other
Branco van den Boomen,Joey van den Berg,Heerenveen,2015,0.3103,0.648,0.5789,0.5789,other
Jop van den Avert,Victor van den Bogert,Willem II,2020,0.3448,0.711,0.5789,0.5789,other
Sander van Looy,Sander Thomas,PEC Zwolle,2015,0.3043,0.8362,0.5714,0.5714,same_given_name_diff_surname
Victor van den Bogert,Branco van den Boomen,Willem II,2016,0.3226,0.6984,0.5714,0.5714,other
Sem van Duijn,Billy van Duijl,AZ,2025,0.3636,0.7641,0.5714,0.5714,other
Ryan Thomas,Thomas Buitink,PEC Zwolle,2024,0.35,0.5693,0.64,0.5693,other
Thomas Buitink,Ryan Thomas,PEC Zwolle,2024,0.35,0.5693,0.64,0.5693,other
Ryan Thomas,Thomas Buitink,PEC Zwolle,2025,0.35,0.5693,0.64,0.5693,other
Thomas Buitink,Ryan Thomas,PEC Zwolle,2025,0.35,0.5693,0.64,0.5693,other
Maarten de Fockert,Marten de Roon,Heerenveen,2014,0.36,0.8508,0.5625,0.5625,other
Mohammed Ihattaren,Mohammed Kudus,Ajax,2021,0.36,0.8286,0.5625,0.5625,same_given_name_diff_surname
Leonel Miguel,Migue Leal,Groningen,2020,0.4118,0.5615,0.7826,0.5615,other
Thomas Kok,Thomas Meissner,Willem II,2017,0.35,0.8333,0.56,0.56,same_given_name_diff_surname
Connor van den Berg,Victor van den Bogert,Willem II,2020,0.3226,0.743,0.55,0.55,other
Martijn van der Laan,Martijn Barto,Cambuur,2013,0.32,0.8538,0.5455,0.5455,same_given_name_diff_surname
Martijn Barto,Martijn van der Laan,Cambuur,2013,0.32,0.8538,0.5455,0.5455,same_given_name_diff_surname
Aron Jóhannsson,Jóhann Gudmundsson,AZ,2013,0.36,0.7389,0.5455,0.5455,other
Martijn Barto,Martijn van der Laan,Cambuur,2015,0.32,0.8538,0.5455,0.5455,same_given_name_diff_surname
Martijn van der Laan,Martijn Barto,Cambuur,2015,0.32,0.8538,0.5455,0.5455,same_given_name_diff_surname
Leroy George,George Cox,Fortuna Sittard,2020,0.4118,0.6659,0.5455,0.5455,other
George Cox,Leroy George,Fortuna Sittard,2020,0.4118,0.6659,0.5455,0.5455,other
Youri Baas,Youri Regeer,Ajax,2021,0.3333,0.82,0.5455,0.5455,same_given_name_diff_surname
Youri Regeer,Youri Baas,Ajax,2022,0.3333,0.82,0.5455,0.5455,same_given_name_diff_surname
Youri Baas,Youri Regeer,Ajax,2022,0.3333,0.82,0.5455,0.5455,same_given_name_diff_surname
Youri Baas,Youri Regeer,Ajax,2024,0.3333,0.82,0.5455,0.5455,same_given_name_diff_surname
Youri Regeer,Youri Baas,Ajax,2024,0.3333,0.82,0.5455,0.5455,same_given_name_diff_surname
Dylan Vente,Dylan Mbayo,PEC Zwolle,2024,0.3333,0.697,0.5455,0.5455,same_given_name_diff_surname
Dylan Mbayo,Dylan Vente,PEC Zwolle,2024,0.3333,0.697,0.5455,0.5455,same_given_name_diff_surname
Youri Baas,Youri Regeer,Ajax,2025,0.3333,0.82,0.5455,0.5455,same_given_name_diff_surname
Youri Regeer,Youri Baas,Ajax,2025,0.3333,0.82,0.5455,0.5455,same_given_name_diff_surname
Nicolas Elsek,Nicolas Olsak,RKC Waalwijk,2020,0.4,0.9385,0.5385,0.5385,same_given_name_diff_surname
Jan-Arie van der Heijden,Jop van der Avert,Willem II,2020,0.3125,0.6406,0.5366,0.5366,other
Michael de Leeuw,Michael Chacón,Emmen,2018,0.3478,0.6905,0.5333,0.5333,same_given_name_diff_surname
Michael Chacon,Michael de Leeuw,Emmen,2018,0.3478,0.6905,0.5333,0.5333,same_given_name_diff_surname
Michael de Leeuw,Michael Chacón,Emmen,2019,0.3478,0.6905,0.5333,0.5333,same_given_name_diff_surname
Michael Chacon,Michael de Leeuw,Emmen,2019,0.3478,0.6905,0.5333,0.5333,same_given_name_diff_surname
Michael de Leeuw,Michael Chacón,Emmen,2020,0.3478,0.6905,0.5333,0.5333,same_given_name_diff_surname
Michael Chacon,Michael de Leeuw,Emmen,2020,0.3478,0.6905,0.5333,0.5333,same_given_name_diff_surname
Benson Manuel,Manuel Benson,PEC Zwolle,2020,1.0,0.5299,1.0,0.5299,same_tokens_reordered
Jóhann Berg Guðmundsson,Aron Jóhannsson,AZ,2013,0.3,0.7081,0.5263,0.5263,other
Daan Blij,Daan Bovenberg,Excelsior,2014,0.3158,0.6984,0.5217,0.5217,same_given_name_diff_surname
Dylan Ruward,Dylan Vente,PEC Zwolle,2024,0.3158,0.6818,0.5217,0.5217,same_given_name_diff_surname
Siem de Jong,Frenkie de Jong,Ajax,2017,0.381,0.7667,0.5185,0.5185,same_surname_diff_given_name
Frenkie de Jong,Siem de Jong,Ajax,2017,0.381,0.7667,0.5185,0.5185,same_surname_diff_given_name
Michael Fabrie,Michael Pinto,Sparta,2019,0.381,0.867,0.5185,0.5185,same_given_name_diff_surname
Michael Fabrie,Michael Pinto,Sparta,2020,0.381,0.867,0.5185,0.5185,same_given_name_diff_surname
Lennart Thy,Lennart Czyborra,PEC Zwolle,2023,0.381,0.8761,0.5185,0.5185,same_given_name_diff_surname
Thomas Lam,Ryan Thomas,PEC Zwolle,2014,0.4375,0.5045,0.7619,0.5045,other
Ryan Thomas,Thomas Lam,PEC Zwolle,2014,0.4375,0.5045,0.7619,0.5045,other
Ryan Thomas,Thomas Lam,PEC Zwolle,2015,0.4375,0.5045,0.7619,0.5045,other
Thomas Lam,Ryan Thomas,PEC Zwolle,2015,0.4375,0.5045,0.7619,0.5045,other
Thomas Lam,Ryan Thomas,PEC Zwolle,2023,0.4375,0.5045,0.7619,0.5045,other
Ryan Thomas,Thomas Lam,PEC Zwolle,2023,0.4375,0.5045,0.7619,0.5045,other
Abdurrahman Burak Sayın,Burak Sayin,Fortuna Sittard,2024,0.3333,0.504,0.5882,0.504,other
Kevin Vermeulen,Kevin van Diermen,Excelsior,2014,0.4167,0.8678,0.5,0.5,same_given_name_diff_surname
Kevin van Diermen,Kevin Vermeulen,Excelsior,2014,0.4167,0.8678,0.5,0.5,same_given_name_diff_surname
Kevin van Diermen,Kevin Vermeulen,Excelsior,2015,0.4167,0.8678,0.5,0.5,same_given_name_diff_surname
Kevin Vermeulen,Kevin van Diermen,Excelsior,2015,0.4167,0.8678,0.5,0.5,same_given_name_diff_surname
Thanasis Papazoglou,Athanasios Papazoglou,Roda JC,2016,0.6154,0.8279,0.5,0.5,same_surname_diff_given_name
Tom van de Looi,Tom van Weert,Groningen,2017,0.3636,0.8585,0.5,0.5,same_given_name_diff_surname
Tom van Weert,Tom van de Looi,Groningen,2017,0.3636,0.8585,0.5,0.5,same_given_name_diff_surname
Tom van de Looi,Tom van Weert,Groningen,2018,0.3636,0.8585,0.5,0.5,same_given_name_diff_surname
Tom van Weert,Tom van de Looi,Groningen,2018,0.3636,0.8585,0.5,0.5,same_given_name_diff_surname
Deroy Duarte,Laros Duarte,Sparta,2019,0.3889,0.8333,0.5,0.5,same_surname_diff_given_name
Laros Duarte,Deroy Duarte,Sparta,2019,0.3889,0.8333,0.5,0.5,same_surname_diff_given_name
Mohamed Amissi,Mohammed Osman,Heracles Almelo,2019,0.3043,0.8597,0.5,0.5,other
Deroy Duarte,Laros Duarte,Sparta,2020,0.3889,0.8333,0.5,0.5,same_surname_diff_given_name
Laros Duarte,Deroy Duarte,Sparta,2020,0.3889,0.8333,0.5,0.5,same_surname_diff_given_name
Lentini Caciano,Luciano Carty,Emmen,2020,0.3043,0.6329,0.5,0.5,other
Luciano Carty,Lentini Caciano,Emmen,2020,0.3043,0.6329,0.5,0.5,other
Maxim Gullit,Maxim Dekker,AZ,2021,0.3,0.6667,0.5,0.5,same_given_name_diff_surname
Amar Ahmed,Amar Fatah,Willem II,2024,0.3125,0.88,0.5,0.5,same_given_name_diff_surname
Jordan Lotomba,Jordan Bos,Feyenoord,2025,0.3684,0.8863,0.5,0.5,same_given_name_diff_surname
Thomas Lam,Sander Thomas,PEC Zwolle,2015,0.3889,0.4949,0.6957,0.4949,other
Sander Thomas,Thomas Lam,PEC Zwolle,2015,0.3889,0.4949,0.6957,0.4949,other
Mitchell Paulissen,Mitchell Donald,Roda JC,2013,0.3462,0.8767,0.4848,0.4848,same_given_name_diff_surname
Anastasios Douvikas,Tasos Douvikas,Utrecht,2021,0.4583,0.7694,0.4848,0.4848,same_surname_diff_given_name
Anastasios Douvikas,Tasos Douvikas,Utrecht,2022,0.4583,0.7694,0.4848,0.4848,same_surname_diff_given_name
Anastasios Douvikas,Tasos Douvikas,Utrecht,2023,0.4583,0.7694,0.4848,0.4848,same_surname_diff_given_name
Emanuel Emegha,Emmanuel Emegha,Sparta,2020,0.8,0.9822,0.4828,0.4828,same_surname_diff_given_name
Michael Verrips,Michael Chacón,Emmen,2020,0.3636,0.821,0.4828,0.4828,same_given_name_diff_surname
Michael Chacon,Michael Verrips,Emmen,2020,0.3636,0.821,0.4828,0.4828,same_given_name_diff_surname
Emanuel Emegha,Emmanuel Emegha,Sparta,2021,0.8,0.9822,0.4828,0.4828,same_surname_diff_given_name
Augustin Anello,Agustín Anello,Sparta,2023,0.45,0.9586,0.4828,0.4828,same_surname_diff_given_name
Sander Thomas,Thomas Bruns,Heracles Almelo,2016,0.35,0.4671,0.64,0.4671,other
Thomas Bruns,Sander Thomas,Heracles Almelo,2016,0.35,0.4671,0.64,0.4671,other
Lucas Jetten,Lucas Rosa,Ajax,2025,0.3333,0.82,0.4545,0.4545,same_given_name_diff_surname
Oussama Darfalou,Oussama Tannane,Vitesse,2019,0.32,0.8583,0.4516,0.4516,same_given_name_diff_surname
Oussama Tannane,Oussama Darfalou,Vitesse,2019,0.32,0.8583,0.4516,0.4516,same_given_name_diff_surname
Oussama Tannane,Oussama Darfalou,Vitesse,2020,0.32,0.8583,0.4516,0.4516,same_given_name_diff_surname
Oussama Darfalou,Oussama Tannane,Vitesse,2020,0.32,0.8583,0.4516,0.4516,same_given_name_diff_surname
Michael de Leeuw,Michael Verrips,Emmen,2020,0.32,0.8325,0.4516,0.4516,same_given_name_diff_surname
Michael Verrips,Michael de Leeuw,Emmen,2020,0.32,0.8325,0.4516,0.4516,same_given_name_diff_surname
Oussama Darfalou,Oussama Tannane,Vitesse,2021,0.32,0.8583,0.4516,0.4516,same_given_name_diff_surname
Oussama Tannane,Oussama Darfalou,Vitesse,2021,0.32,0.8583,0.4516,0.4516,same_given_name_diff_surname
Dennis Eckert,Dennis Dargahi,Excelsior,2018,0.3333,0.8374,0.4444,0.4444,same_given_name_diff_surname
Justin Lonwijk,Justin Hoogma,Utrecht,2019,0.3182,0.8374,0.4444,0.4444,same_given_name_diff_surname
Justin Hoogma,Justin Lonwijk,Utrecht,2019,0.3182,0.8374,0.4444,0.4444,same_given_name_diff_surname
Justin Lonwijk,Justin Hoogma,Utrecht,2020,0.3182,0.8374,0.4444,0.4444,same_given_name_diff_surname
Justin Hubner,Justin Lonwijk,Fortuna Sittard,2025,0.3182,0.8374,0.4444,0.4444,same_given_name_diff_surname
Justin Lonwijk,Justin Hubner,Fortuna Sittard,2025,0.3182,0.8374,0.4444,0.4444,same_given_name_diff_surname
Danny Bakker,Danny Holla,ADO Den Haag,2013,0.3158,0.8439,0.4348,0.4348,same_given_name_diff_surname
Danny Holla,Danny Bakker,ADO Den Haag,2013,0.3158,0.8439,0.4348,0.4348,same_given_name_diff_surname
Chris David,David Jensen,Utrecht,2017,0.3158,0.4823,0.4348,0.4348,other
Julian Lelieveld,Julian Calor,Vitesse,2016,0.3043,0.8333,0.4286,0.4286,same_given_name_diff_surname
Martin Hansen,Martin Ødegaard,Heerenveen,2017,0.3043,0.8362,0.4286,0.4286,same_given_name_diff_surname
Martin Ødegaard,Martin Hansen,Heerenveen,2017,0.3043,0.8362,0.4286,0.4286,same_given_name_diff_surname
Richard Jensen,Fredrik Jensen,Twente,2017,0.3043,0.8268,0.4286,0.4286,same_surname_diff_given_name
Fredrik Jensen,Richard Jensen,Twente,2017,0.3043,0.8268,0.4286,0.4286,same_surname_diff_given_name
Stijn Derkx,Stijn Wuytens,Willem II,2014,0.3,0.835,0.4167,0.4167,same_given_name_diff_surname
Divaio Jhaïr-Bobson,Divaio Bobson,PEC Zwolle,2023,0.7,0.9368,0.375,0.375,same_given_name_diff_surname
Kristian Nökkvi Hlynsson,Nökkvi Thórisson,Sparta,2024,0.3548,0.6986,0.35,0.35,other
Miguel,Leonel Miguel,Groningen,2020,0.5385,0.3291,0.6316,0.3291,substring_match
