flag_id,column_name,domain,player_id,canonical_name,team,season_id,value,season_mean,season_stddev,z_score,flagged_at,reviewed,explanation
4720,fbref_penalty_attempts,fbref,261,Dušan Tadić,Ajax,2018,12,0.31595092024539877301,1.1401174773676397,10.24810978841524172058,2026-09-29 00:19:30.553236,False,
4724,fbref_penalty_attempts,fbref,676,Teun Koopmeiners,AZ Alkmaar,2019,10,0.29449838187702265372,0.99054072739450915868,9.79818532414316720716,2026-09-29 00:19:30.553236,False,
4703,fbref_penalty_attempts,fbref,2487,Alfreð Finnbogason,Heerenveen,2013,10,0.27659574468085106383,0.99362263293926337856,9.78581197024072427031,2026-09-29 00:19:30.553236,False,
4735,fbref_penalty_attempts,fbref,379,Luuk de Jong,PSV,2023,8,0.22063037249283667622,0.80944755766824742173,9.61071480642547412544,2026-09-29 00:19:30.553236,False,
4694,fbref_penalty_goals,fbref,,John Guidetti,Feyenoord,2011,7,0.18318318318318318318,0.72358258998929759857,9.42092431621059778497,2026-09-29 00:19:30.553236,False,
4747,fbref_penalty_attempts,fbref,,John Guidetti,Feyenoord,2011,7,0.20120120120120120120,0.73942243725859735092,9.19474235053684580653,2026-09-29 00:19:30.553236,False,
4730,fbref_penalty_attempts,fbref,261,Dušan Tadić,Ajax,2021,7,0.18181818181818181818,0.74413880005181408532,9.16251352262114396456,2026-09-29 00:19:30.553236,False,
4715,fbref_penalty_attempts,fbref,515,Marco van Ginkel,PSV,2017,9,0.26488095238095238095,0.97953018777903600991,8.91766191241625089914,2026-09-29 00:19:30.553236,False,
4698,fbref_penalty_attempts,fbref,641,Ricky van Wolfswinkel,Twente,2025,6,0.18926553672316384181,0.66118446603730129187,8.78837111540521062718,2026-09-29 00:19:30.553236,False,
4737,fbref_penalty_attempts,fbref,871,Sem Steijn,Twente,2024,6,0.19943820224719101124,0.68554468452475018993,8.46124538442598275073,2026-09-29 00:19:30.553236,False,
4733,fbref_penalty_attempts,fbref,1743,Burak Yılmaz,Fortuna Sittard,2022,6,0.17595307917888563050,0.69333553384911963003,8.40004101403594823608,2026-09-29 00:19:30.553236,False,
4709,fbref_penalty_attempts,fbref,111,Samuel Armenteros,Heracles Almelo,2016,7,0.22255192878338278932,0.81705883199692871889,8.29493275857777311312,2026-09-29 00:19:30.553236,False,
4721,fbref_penalty_attempts,fbref,676,Teun Koopmeiners,AZ Alkmaar,2020,10,0.32193732193732193732,1.1911831844503930,8.12474756561317325678,2026-09-29 00:19:30.553236,False,
4748,fbref_penalty_attempts,fbref,70,Willie Overtoom,Heracles Almelo,2010,9,0.29573170731707317073,1.1008948603514082,7.90653913117961523133,2026-09-29 00:19:30.553236,False,
4729,fbref_penalty_attempts,fbref,641,Ricky van Wolfswinkel,Twente,2021,6,0.18181818181818181818,0.74413880005181408532,7.81867820597004284976,2026-09-29 00:19:30.553236,False,
4745,fbref_penalty_attempts,fbref,107,Lex Immers,Feyenoord,2012,7,0.24299065420560747664,0.91009396659761632417,7.42451833963415066142,2026-09-29 00:19:30.553236,False,
4746,fbref_penalty_attempts,fbref,2,Danny Holla,ADO Den Haag,2012,7,0.24299065420560747664,0.91009396659761632417,7.42451833963415066142,2026-09-29 00:19:30.553236,False,
4725,fbref_penalty_attempts,fbref,67,Steven Berghuis,Feyenoord,2020,9,0.32193732193732193732,1.1911831844503930,7.28524612447975441277,2026-09-29 00:19:30.553236,False,
4726,fbref_penalty_attempts,fbref,1105,Giorgos Giakoumakis,VVV-Venlo,2020,9,0.32193732193732193732,1.1911831844503930,7.28524612447975441277,2026-09-29 00:19:30.553236,False,
4700,fbref_penalty_attempts,fbref,1386,Troy Parrott,AZ Alkmaar,2025,5,0.18926553672316384181,0.66118446603730129187,7.27593388893294783573,2026-09-29 00:19:30.553236,False,
4710,fbref_penalty_attempts,fbref,635,Mateusz Klich,Twente,2016,6,0.22255192878338278932,0.81705883199692871889,7.07103068342860081053,2026-09-29 00:19:30.553236,False,
4576,fbref_goals,fbref,2487,Alfreð Finnbogason,Heerenveen,2013,29,2.7963525835866261,3.7078343323672667,7.0671030762271561,2026-09-29 00:19:30.553236,False,
4590,fbref_goals,fbref,1420,Bas Dost,Heerenveen,2011,32,2.8138138138138138,4.1378565461547349,7.0534553000172497,2026-09-29 00:19:30.553236,False,
4707,fbref_penalty_attempts,fbref,511,Christian Santos,NEC Nijmegen,2015,6,0.24024024024024024024,0.82283081160128176042,6.99993203773069249019,2026-09-29 00:19:30.553236,False,
4708,fbref_penalty_attempts,fbref,1036,Sébastien Haller,Utrecht,2015,6,0.24024024024024024024,0.82283081160128176042,6.99993203773069249019,2026-09-29 00:19:30.553236,False,
4742,fbref_penalty_attempts,fbref,,Andreas Granqvist,Groningen,2010,8,0.29573170731707317073,1.1008948603514082,6.99818717495302546045,2026-09-29 00:19:30.553236,False,
4588,fbref_goals,fbref,871,Sem Steijn,Twente,2024,24,2.3820224719101124,3.1056717509816944,6.9608056682926982,2026-09-29 00:19:30.553236,False,
4734,fbref_penalty_attempts,fbref,753,Vito van Crooij,Sparta R.,2022,5,0.17595307917888563050,0.69333553384911963003,6.95773789933994705355,2026-09-29 00:19:30.553236,False,
4723,fbref_penalty_attempts,fbref,67,Steven Berghuis,Feyenoord,2019,7,0.29449838187702265372,0.99054072739450915868,6.76953650937800682002,2026-09-29 00:19:30.553236,False,
4702,fbref_penalty_attempts,fbref,261,Dušan Tadić,Twente,2013,7,0.27659574468085106383,0.99362263293926337856,6.76655707351437389369,2026-09-29 00:19:30.553236,False,
4574,fbref_goals,fbref,1389,Ayase Ueda,Feyenoord,2025,25,2.5395480225988701,3.3204432993933451,6.7642931838362430,2026-09-29 00:19:30.553236,False,
4585,fbref_goals,fbref,885,Vangelis Pavlidis,AZ Alkmaar,2023,29,2.6733524355300860,3.9050373368821666,6.7417146862645511,2026-09-29 00:19:30.553236,False,
4586,fbref_goals,fbref,379,Luuk de Jong,PSV,2023,29,2.6733524355300860,3.9050373368821666,6.7417146862645511,2026-09-29 00:19:30.553236,False,
4593,fbref_goals,fbref,1213,Wilfried Bony,Vitesse,2012,31,2.8566978193146417,4.1763501184079957,6.7387315198117173,2026-09-29 00:19:30.553236,False,
4751,fbref_penalty_attempts,fbref,70,Willie Overtoom,Heracles Almelo,2011,5,0.20120120120120120120,0.73942243725859735092,6.48992856720754399242,2026-09-29 00:19:30.553236,False,
4722,fbref_penalty_attempts,fbref,1041,Jesper Karlsson,AZ Alkmaar,2021,5,0.18181818181818181818,0.74413880005181408532,6.47484288931894173495,2026-09-29 00:19:30.553236,False,
4583,fbref_goals,fbref,1105,Giorgos Giakoumakis,VVV-Venlo,2020,26,2.4529914529914530,3.6835442400625744,6.3924869670110277,2026-09-29 00:19:30.553236,False,
4579,fbref_goals,fbref,438,Vincent Janssen,AZ Alkmaar,2015,27,2.5795795795795796,3.9694394088214323,6.1521081203935284,2026-09-29 00:19:30.553236,False,
4689,fbref_penalty_goals,fbref,,Andreas Granqvist,Groningen,2010,6,0.24390243902439024390,0.93926870648977487580,6.12827566936328261028,2026-09-29 00:19:30.553236,False,
4750,fbref_penalty_attempts,fbref,641,Ricky van Wolfswinkel,Utrecht,2010,7,0.29573170731707317073,1.1008948603514082,6.08983521872643568956,2026-09-29 00:19:30.553236,False,
4775,fbref_non_penalty_goals_per90,fbref,,Dmitri Bulykin,Ajax,2011,1.26,0.13927927927927927928,0.18514425365028200334,6.05322983902943125282,2026-09-29 00:19:30.553236,False,
4610,fbref_assists,fbref,,Dries Mertens,PSV,2012,17,2.0124610591900312,2.5037160854937456,5.9861176064035829,2026-09-29 00:19:30.553236,False,
5087,fbref_red_cards_per90,fbref,,Mateusz Prus,Roda JC,2010,0.17,0.01057926829268292683,0.02689826449981691365,5.92680363108193058381,2026-09-29 00:19:30.553236,False,
4712,fbref_penalty_attempts,fbref,374,Steven Bergwijn,Ajax,2023,5,0.22063037249283667622,0.80944755766824742173,5.90448335068791559530,2026-09-29 00:19:30.553236,False,
4582,fbref_goals,fbref,261,Dušan Tadić,Ajax,2018,28,3.0674846625766871,4.2253867687961875,5.9006468997219361,2026-09-29 00:19:30.553236,False,
4578,fbref_goals,fbref,379,Luuk de Jong,PSV,2015,26,2.5795795795795796,3.9694394088214323,5.9001833781295042,2026-09-29 00:19:30.553236,False,
4719,fbref_penalty_attempts,fbref,554,Abdenasser El Khayati,ADO Den Haag,2018,7,0.31595092024539877301,1.1401174773676397,5.86259680466180407171,2026-09-29 00:19:30.553236,False,
4716,fbref_penalty_attempts,fbref,754,Clint Leemans,VVV-Venlo,2017,6,0.26488095238095238095,0.97953018777903600991,5.85496916702763730244,2026-09-29 00:19:30.553236,False,
4717,fbref_penalty_attempts,fbref,46,Lasse Schöne,Ajax,2016,5,0.22255192878338278932,0.81705883199692871889,5.84712860827942850794,2026-09-29 00:19:30.553236,False,
4706,fbref_penalty_attempts,fbref,438,Vincent Janssen,AZ Alkmaar,2015,5,0.24024024024024024024,0.82283081160128176042,5.78461537007463378360,2026-09-29 00:19:30.553236,False,
4699,fbref_penalty_attempts,fbref,333,Jeff Stans,Excelsior,2015,5,0.24024024024024024024,0.82283081160128176042,5.78461537007463378360,2026-09-29 00:19:30.553236,False,
4594,fbref_goals,fbref,115,Graziano Pellè,Feyenoord,2012,27,2.8566978193146417,4.1763501184079957,5.7809574140514511,2026-09-29 00:19:30.553236,False,
4701,fbref_penalty_attempts,fbref,1421,Tjaronn Chery,NEC Nijmegen,2025,4,0.18926553672316384181,0.66118446603730129187,5.76349666246068504427,2026-09-29 00:19:30.553236,False,
4809,fbref_red_cards,fbref,,Paweł Kieszek,Roda JC,2011,3,0.24024024024024024024,0.48090270532645536010,5.73870707981633847019,2026-09-29 00:19:30.553236,False,
4581,fbref_goals,fbref,379,Luuk de Jong,PSV,2018,27,3.0674846625766871,4.2253867687961875,5.6639821741671439,2026-09-29 00:19:30.553236,False,
4643,fbref_non_penalty_goals,fbref,,Sanharib Malki,Roda JC,2011,24,2.6306306306306306,3.7807245622453063,5.6521888906602797,2026-09-29 00:19:30.553236,False,
4584,fbref_goals,fbref,1036,Sébastien Haller,Ajax,2021,21,2.3011363636363636,3.3230951939361695,5.6269419156226576,2026-09-29 00:19:30.553236,False,
4727,fbref_penalty_attempts,fbref,261,Dušan Tadić,Ajax,2020,7,0.32193732193732193732,1.1911831844503930,5.60624324221291672473,2026-09-29 00:19:30.553236,False,
4758,fbref_goals_per90,fbref,,Dmitri Bulykin,Ajax,2011,1.26,0.14753753753753753754,0.19916225737169152181,5.58570924603601822213,2026-09-29 00:19:30.553236,False,
4736,fbref_penalty_attempts,fbref,2365,Leandro Bacuna,Groningen,2024,4,0.19943820224719101124,0.68554468452475018993,5.54385714534060758437,2026-09-29 00:19:30.553236,False,
4738,fbref_penalty_attempts,fbref,379,Luuk de Jong,PSV,2024,4,0.19943820224719101124,0.68554468452475018993,5.54385714534060758437,2026-09-29 00:19:30.553236,False,
4731,fbref_penalty_attempts,fbref,1760,Willum Þór Willumsson,Go Ahead Eagles,2022,4,0.17595307917888563050,0.69333553384911963003,5.51543478464394587102,2026-09-29 00:19:30.553236,False,
4732,fbref_penalty_attempts,fbref,261,Dušan Tadić,Ajax,2022,4,0.17595307917888563050,0.69333553384911963003,5.51543478464394587102,2026-09-29 00:19:30.553236,False,
4749,fbref_penalty_attempts,fbref,,Anastasios Douvikas,Utrecht,2022,4,0.17595307917888563050,0.69333553384911963003,5.51543478464394587102,2026-09-29 00:19:30.553236,False,
4577,fbref_goals,fbref,115,Graziano Pellè,Feyenoord,2013,23,2.7963525835866261,3.7078343323672667,5.4489078004502849,2026-09-29 00:19:30.553236,False,
4646,fbref_non_penalty_goals,fbref,,Björn Vleminckx,NEC Nijmegen,2010,22,2.6006097560975610,3.5738944219994408,5.4280815136808970,2026-09-29 00:19:30.553236,False,
4571,fbref_substitute_appearances,fbref,,Nayib Lagouireh,Excelsior,2010,26,3.3323170731707317,4.2205183381769642,5.3708291519047118,2026-09-29 00:19:30.553236,False,
4704,fbref_penalty_attempts,fbref,283,Marko Vejinović,Vitesse,2014,4,0.19760479041916167665,0.70807882832643013444,5.37001680811151581944,2026-09-29 00:19:30.553236,False,
4718,fbref_penalty_attempts,fbref,94,Erik Bakker,Cambuur,2014,4,0.19760479041916167665,0.70807882832643013444,5.37001680811151581944,2026-09-29 00:19:30.553236,False,
4714,fbref_penalty_attempts,fbref,333,Jeff Stans,Excelsior,2014,4,0.19760479041916167665,0.70807882832643013444,5.37001680811151581944,2026-09-29 00:19:30.553236,False,
4713,fbref_penalty_attempts,fbref,23,Roland Alberg,ADO Den Haag,2014,4,0.19760479041916167665,0.70807882832643013444,5.37001680811151581944,2026-09-29 00:19:30.553236,False,
4711,fbref_penalty_attempts,fbref,1693,Memphis,PSV,2014,4,0.19760479041916167665,0.70807882832643013444,5.37001680811151581944,2026-09-29 00:19:30.553236,False,
4705,fbref_penalty_attempts,fbref,1036,Sébastien Haller,Utrecht,2014,4,0.19760479041916167665,0.70807882832643013444,5.37001680811151581944,2026-09-29 00:19:30.553236,False,
4592,fbref_goals,fbref,,Sanharib Malki,Roda JC,2011,25,2.8138138138138138,4.1378565461547349,5.3617581805255109,2026-09-29 00:19:30.553236,False,
4591,fbref_goals,fbref,379,Luuk de Jong,Twente,2011,25,2.8138138138138138,4.1378565461547349,5.3617581805255109,2026-09-29 00:19:30.553236,False,
4743,fbref_penalty_attempts,fbref,1213,Wilfried Bony,Vitesse,2012,5,0.24299065420560747664,0.91009396659761632417,5.22694306344921533425,2026-09-29 00:19:30.553236,False,
4744,fbref_penalty_attempts,fbref,261,Dušan Tadić,Twente,2012,5,0.24299065420560747664,0.91009396659761632417,5.22694306344921533425,2026-09-29 00:19:30.553236,False,
4587,fbref_goals,fbref,1308,Santiago Giménez,Feyenoord,2023,23,2.6733524355300860,3.9050373368821666,5.2052376996474451,2026-09-29 00:19:30.553236,False,
4741,fbref_penalty_attempts,fbref,,Andreas Lasnik,Willem II,2010,6,0.29573170731707317073,1.1008948603514082,5.18148326249984591868,2026-09-29 00:19:30.553236,False,
4580,fbref_goals,fbref,1693,Memphis,PSV,2014,22,2.6167664670658683,3.7468489695414529,5.1732091927116805,2026-09-29 00:19:30.553236,False,
4739,fbref_penalty_attempts,fbref,46,Lasse Schöne,NEC Nijmegen,2011,4,0.20120120120120120120,0.73942243725859735092,5.13752167554289308536,2026-09-29 00:19:30.553236,False,
4740,fbref_penalty_attempts,fbref,1420,Bas Dost,Heerenveen,2011,4,0.20120120120120120120,0.73942243725859735092,5.13752167554289308536,2026-09-29 00:19:30.553236,False,
4575,fbref_goals,fbref,591,Nicolai Jørgensen,Feyenoord,2016,21,2.4005934718100890,3.6240433389976790,5.1322251939001502,2026-09-29 00:19:30.553236,False,
4728,fbref_penalty_attempts,fbref,1150,Robin Maulun,Cambuur,2021,4,0.18181818181818181818,0.74413880005181408532,5.13100757266784062015,2026-09-29 00:19:30.553236,False,
4595,fbref_goals,fbref,,Björn Vleminckx,NEC Nijmegen,2010,23,2.8445121951219512,3.9758714629322565,5.0694515637115483,2026-09-29 00:19:30.553236,False,
4688,fbref_penalty_goals,fbref,,Andreas Lasnik,Willem II,2010,5,0.24390243902439024390,0.93926870648977487580,5.06361760816033944493,2026-09-29 00:19:30.553236,False,
4693,fbref_penalty_goals,fbref,,Balázs Dzsudzsák,PSV,2010,5,0.24390243902439024390,0.93926870648977487580,5.06361760816033944493,2026-09-29 00:19:30.553236,False,
4589,fbref_goals,fbref,2487,Alfreð Finnbogason,Heerenveen,2012,24,2.8566978193146417,4.1763501184079957,5.0626268347312514,2026-09-29 00:19:30.553236,False,
5159,fbref_own_goals_per90,fbref,,Alois Oroz,Vitesse,2022,0.09,0.00360703812316715543,0.01713813627629950141,5.04097764681137050943,2026-09-29 00:19:30.553236,False,
5090,fbref_red_cards_per90,fbref,,Marcus Nilsson,Utrecht,2011,0.18,0.01429429429429429429,0.03287247902098987043,5.04086429258647080901,2026-09-29 00:19:30.553236,False,
3412,fbref_on_off,fbref,406,Jordens Peters,Willem II,2019,-29.92,0.02826086956521739130,2.0666332050467799,14.49132859978765050789,2026-09-21 22:42:32.067537,True,"Methodology limitation, not a player-level finding: on_off has a near-zero season mean/stddev, making the z-score formula hypersensitive -- nearly any nonzero value reads as extreme regardless of real magnitude. Mixes genuine stars (Tadic, Reijnders) with unknowns at similarly wild z-scores, confirming this is a metric-scaling issue, not 8 individual stories. See known_issues.md."
3409,fbref_on_off,fbref,335,Sander Fischer,Excelsior,2014,17.56,0.12500000000000000000,1.2111278136678042,14.39567302744001065266,2026-09-21 22:42:32.067537,True,"Methodology limitation, not a player-level finding: on_off has a near-zero season mean/stddev, making the z-score formula hypersensitive -- nearly any nonzero value reads as extreme regardless of real magnitude. Mixes genuine stars (Tadic, Reijnders) with unknowns at similarly wild z-scores, confirming this is a metric-scaling issue, not 8 individual stories. See known_issues.md."
3871,fbref_second_yellow_cards_per90,fbref,1446,Giovanni van Zwam,Vitesse,2023,0.18,0.00191977077363896848,0.01250445364127695545,14.24134427101410480641,2026-09-29 00:19:30.553236,True,Rare discrete event (card/penalty/own goal) -- any real occurrence reads as a z-score outlier even with a proper minutes floor; not a data bug.
3904,fbref_own_goals_per90,fbref,39,Ricardo van Rhijn,AZ Alkmaar,2018,0.38,0.00595092024539877301,0.02723432306844979303,13.73447317983558395978,2026-09-29 00:19:30.553236,True,Rare discrete event (card/penalty/own goal) -- any real occurrence reads as a z-score outlier even with a proper minutes floor; not a data bug.
3411,fbref_on_off,fbref,696,Angeliño,PSV,2018,-20.46,0.08699059561128526646,1.5948102852136454,12.88365819189506353014,2026-09-21 22:42:32.067537,True,"Methodology limitation, not a player-level finding: on_off has a near-zero season mean/stddev, making the z-score formula hypersensitive -- nearly any nonzero value reads as extreme regardless of real magnitude. Mixes genuine stars (Tadic, Reijnders) with unknowns at similarly wild z-scores, confirming this is a metric-scaling issue, not 8 individual stories. See known_issues.md."
3902,fbref_own_goals_per90,fbref,297,Kenny Tete,Ajax,2016,0.20,0.00349253731343283582,0.01582215260335467312,12.41976787942892819263,2026-09-29 00:19:30.553236,True,Rare discrete event (card/penalty/own goal) -- any real occurrence reads as a z-score outlier even with a proper minutes floor; not a data bug.
3884,fbref_second_yellow_cards_per90,fbref,1083,Thierry Lutonda,Zwolle,2024,0.19,0.00289325842696629213,0.01559342077045882418,11.99908245453753882780,2026-09-29 00:19:30.553236,True,Rare discrete event (card/penalty/own goal) -- any real occurrence reads as a z-score outlier even with a proper minutes floor; not a data bug.
3408,fbref_on_off,fbref,239,Nils Röseler,VVV-Venlo,2017,-13.45,0.07615151515151515152,1.1479650456221834,11.78272070803384254626,2026-09-21 22:42:32.067537,True,"Methodology limitation, not a player-level finding: on_off has a near-zero season mean/stddev, making the z-score formula hypersensitive -- nearly any nonzero value reads as extreme regardless of real magnitude. Mixes genuine stars (Tadic, Reijnders) with unknowns at similarly wild z-scores, confirming this is a metric-scaling issue, not 8 individual stories. See known_issues.md."
3472,fbref_penalty_goals,fbref,2487,Alfreð Finnbogason,Heerenveen,2013,10,0.20668693009118541033,0.86944278615428735637,11.26389594101587940774,2026-09-29 00:19:30.553236,True,Rare discrete event (card/penalty/own goal) -- any real occurrence reads as a z-score outlier even with a proper minutes floor; not a data bug.
3908,fbref_own_goals_per90,fbref,22,Robert Zwinkels,ADO Den Haag,2019,0.20,0.00343042071197411003,0.01783435270792686914,11.02196320254764446806,2026-09-29 00:19:30.553236,True,Rare discrete event (card/penalty/own goal) -- any real occurrence reads as a z-score outlier even with a proper minutes floor; not a data bug.
3920,fbref_own_goals_per90,fbref,1396,Sadik Fofana,Fortuna Sittard,2023,0.14,0.00277936962750716332,0.01279861830964465515,10.72151907749975499257,2026-09-29 00:19:30.553236,True,Rare discrete event (card/penalty/own goal) -- any real occurrence reads as a z-score outlier even with a proper minutes floor; not a data bug.
3874,fbref_second_yellow_cards_per90,fbref,2088,Adrián Dalmau,Utrecht,2020,0.14,0.00256410256410256410,0.01286104946754320707,10.68621171100675699991,2026-09-29 00:19:30.553236,True,Rare discrete event (card/penalty/own goal) -- any real occurrence reads as a z-score outlier even with a proper minutes floor; not a data bug.
3484,fbref_penalty_goals,fbref,515,Marco van Ginkel,PSV,2017,9,0.21130952380952380952,0.82497765471235518724,10.65324669824521167459,2026-09-29 00:19:30.553236,True,Rare discrete event (card/penalty/own goal) -- any real occurrence reads as a z-score outlier even with a proper minutes floor; not a data bug.
3488,fbref_penalty_goals,fbref,261,Dušan Tadić,Ajax,2018,11,0.26380368098159509202,1.0277875916977920,10.44592910611363777904,2026-09-29 00:19:30.553236,True,Rare discrete event (card/penalty/own goal) -- any real occurrence reads as a z-score outlier even with a proper minutes floor; not a data bug.
3467,fbref_penalty_goals,fbref,641,Ricky van Wolfswinkel,Twente,2025,6,0.15536723163841807910,0.56941598792838770482,10.26425827912761208698,2026-09-29 00:19:30.553236,True,Rare discrete event (card/penalty/own goal) -- any real occurrence reads as a z-score outlier even with a proper minutes floor; not a data bug.
3493,fbref_penalty_goals,fbref,676,Teun Koopmeiners,AZ Alkmaar,2019,9,0.23948220064724919094,0.87586379840188941560,10.00214624161574731654,2026-09-29 00:19:30.553236,True,Rare discrete event (card/penalty/own goal) -- any real occurrence reads as a z-score outlier even with a proper minutes floor; not a data bug.
3896,fbref_own_goals_per90,fbref,702,Arno Verschueren,Twente,2025,0.16,0.00324858757062146893,0.01594645113962352158,9.82986189572203849899,2026-09-29 00:19:30.553236,True,Rare discrete event (card/penalty/own goal) -- any real occurrence reads as a z-score outlier even with a proper minutes floor; not a data bug.
3806,ws_aerials_won,ws,2256,Tobias Lauritsen,Sparta R.,2022,284,24.1594684385382060,26.5415614659317640,9.7899489408333449,2026-09-29 00:19:30.553236,True,"Genuine elite aerial performance, mostly forwards (confirmed 42/46 flagged rows are FW) -- same blended-position-baseline effect as touches_def_pen_area, but manifesting as real standout performers rather than a purely structural artifact."
3500,fbref_penalty_goals,fbref,1743,Burak Yılmaz,Fortuna Sittard,2022,6,0.14076246334310850440,0.60692911147148078806,9.65390755841543338345,2026-09-29 00:19:30.553236,True,Rare discrete event (card/penalty/own goal) -- any real occurrence reads as a z-score outlier even with a proper minutes floor; not a data bug.
3873,fbref_second_yellow_cards_per90,fbref,20,Danny Bakker,ADO Den Haag,2019,0.12,0.00249190938511326861,0.01221841671644478452,9.61729275911276002730,2026-09-29 00:19:30.553236,True,Rare discrete event (card/penalty/own goal) -- any real occurrence reads as a z-score outlier even with a proper minutes floor; not a data bug.
3783,ws_pen_area_entries,ws,261,Dušan Tadić,Ajax,2022,316,25.3255813953488372,30.2499638029125479,9.6090831876190294,2026-09-29 00:19:30.553236,True,"Genuine elite attacking/creative production, comparable to the confirmed Tadic 2022 case."
3886,fbref_second_yellow_cards_per90,fbref,2377,Hristiyan Petrov,Heerenveen,2025,0.17,0.00389830508474576271,0.01749304507552382516,9.49529908590144993536,2026-09-29 00:19:30.553236,True,Rare discrete event (card/penalty/own goal) -- any real occurrence reads as a z-score outlier even with a proper minutes floor; not a data bug.
4093,fbref_penalty_goals,fbref,,John Guidetti,Feyenoord,2011,7,0.18318318318318318318,0.72358258998929759857,9.42092431621059778497,2026-09-28 21:27:51.725506,True,Rare discrete event (penalty/red card/own goal) -- any real occurrence reads as a z-score outlier even with a proper minutes floor; not a data bug.
3514,fbref_penalty_goals,fbref,,John Guidetti,Feyenoord,2011,7,0.18318318318318318318,0.72358258998929759857,9.42092431621059778497,2026-09-21 22:42:32.067537,True,Rare discrete event (card/penalty/own goal) -- any real occurrence reads as a z-score outlier even with a proper minutes floor; not a data bug.
3880,fbref_second_yellow_cards_per90,fbref,153,Mats Seuntjens,Fortuna Sittard,2022,0.09,0.00149560117302052786,0.009414826136559595480069,9.400534597585369097352280,2026-09-29 00:19:30.553236,True,Rare discrete event (card/penalty/own goal) -- any real occurrence reads as a z-score outlier even with a proper minutes floor; not a data bug.
3505,fbref_penalty_goals,fbref,871,Sem Steijn,Twente,2024,6,0.17415730337078651685,0.62167934126441842706,9.37113767489872564286,2026-09-29 00:19:30.553236,True,Rare discrete event (card/penalty/own goal) -- any real occurrence reads as a z-score outlier even with a proper minutes floor; not a data bug.
3564,fbref_goals_per_shot,fbref,355,Sven Nieuwpoort,Excelsior,2023,1.00,0.09487654320987654321,0.09694553483073535641,9.33641202114618182218,2026-09-29 00:19:30.553236,True,"Genuine elite attacking/creative production, comparable to the confirmed Tadic 2022 case."
3794,ws_aerials,ws,2256,Tobias Lauritsen,Sparta R.,2022,466,47.5780730897009967,45.2765360601710941,9.2414739138663215,2026-09-29 00:19:30.553236,True,"Genuine elite aerial performance, mostly forwards (confirmed 42/46 flagged rows are FW) -- same blended-position-baseline effect as touches_def_pen_area, but manifesting as real standout performers rather than a purely structural artifact."
3782,ws_pen_area_entries,ws,261,Dušan Tadić,Ajax,2021,265,22.5873925501432665,26.4077544628064765,9.1795994161971772,2026-09-29 00:19:30.553236,True,"Genuine elite attacking/creative production, comparable to the confirmed Tadic 2022 case."
3561,fbref_goals_per_shot,fbref,1768,Ronald Koeman Jr.,Telstar,2025,1.00,0.09963855421686746988,0.10105122129292457780,8.90995115411014034243,2026-09-29 00:19:30.553236,True,"Genuine elite attacking/creative production, comparable to the confirmed Tadic 2022 case."
3638,fbref_own_goals,fbref,39,Ricardo van Rhijn,AZ Alkmaar,2018,3,0.10122699386503067485,0.33124245919987597615,8.75121206724833627296,2026-09-29 00:19:30.553236,True,Rare discrete event (card/penalty/own goal) -- any real occurrence reads as a z-score outlier even with a proper minutes floor; not a data bug.
3876,fbref_second_yellow_cards_per90,fbref,1328,Anthony Musaba,Heerenveen,2021,0.07,0.00136363636363636364,0.007871014035869962343819,8.720142452239629476637574,2026-09-29 00:19:30.553236,True,Rare discrete event (card/penalty/own goal) -- any real occurrence reads as a z-score outlier even with a proper minutes floor; not a data bug.
3480,fbref_penalty_goals,fbref,635,Mateusz Klich,Twente,2016,6,0.17804154302670623145,0.67989299626064589220,8.56305108155779513199,2026-09-29 00:19:30.553236,True,Rare discrete event (card/penalty/own goal) -- any real occurrence reads as a z-score outlier even with a proper minutes floor; not a data bug.
3916,fbref_own_goals_per90,fbref,1159,Patrik Wålemark,Feyenoord,2022,0.15,0.00360703812316715543,0.01713813627629950141,8.54194175590032640314,2026-09-29 00:19:30.553236,True,Rare discrete event (card/penalty/own goal) -- any real occurrence reads as a z-score outlier even with a proper minutes floor; not a data bug.
3917,fbref_own_goals_per90,fbref,1313,Ximo Navarro,Fortuna Sittard,2022,0.15,0.00360703812316715543,0.01713813627629950141,8.54194175590032640314,2026-09-29 00:19:30.553236,True,Rare discrete event (card/penalty/own goal) -- any real occurrence reads as a z-score outlier even with a proper minutes floor; not a data bug.
3512,fbref_penalty_goals,fbref,2,Danny Holla,ADO Den Haag,2012,7,0.20249221183800623053,0.79811889431989077828,8.51691124785915969288,2026-09-29 00:19:30.553236,True,Rare discrete event (card/penalty/own goal) -- any real occurrence reads as a z-score outlier even with a proper minutes floor; not a data bug.
3585,fbref_second_yellow_cards,fbref,20,Danny Bakker,ADO Den Haag,2019,2,0.04854368932038834951,0.22984922118891314190,8.49015846382054581712,2026-09-29 00:19:30.553236,True,Rare discrete event (card/penalty/own goal) -- any real occurrence reads as a z-score outlier even with a proper minutes floor; not a data bug.
3911,fbref_own_goals_per90,fbref,850,Zakaria Aboukhlal,AZ Alkmaar,2020,0.12,0.00327635327635327635,0.01380809221664639159,8.45327833072624923068,2026-09-29 00:19:30.553236,True,Rare discrete event (card/penalty/own goal) -- any real occurrence reads as a z-score outlier even with a proper minutes floor; not a data bug.
3867,fbref_second_yellow_cards_per90,fbref,1927,Lukas Görtler,Utrecht,2017,0.15,0.00411940298507462687,0.01733046397758681416,8.41758173373720385396,2026-09-29 00:19:30.553236,True,Rare discrete event (card/penalty/own goal) -- any real occurrence reads as a z-score outlier even with a proper minutes floor; not a data bug.
3503,fbref_penalty_goals,fbref,379,Luuk de Jong,PSV,2023,6,0.18624641833810888252,0.69251744408923156136,8.39510055852511231019,2026-09-29 00:19:30.553236,True,Rare discrete event (card/penalty/own goal) -- any real occurrence reads as a z-score outlier even with a proper minutes floor; not a data bug.
3844,fbref_red_cards_per90,fbref,1377,Denso Kasius,AZ Alkmaar,2023,0.20,0.00696275071633237822,0.02301801616720880618,8.38635475278995615278,2026-09-29 00:19:30.553236,True,Rare discrete event (card/penalty/own goal) -- any real occurrence reads as a z-score outlier even with a proper minutes floor; not a data bug.
3869,fbref_second_yellow_cards_per90,fbref,840,Daan Klomp,NAC Breda,2018,0.15,0.00395705521472392638,0.01748805295693703748,8.35101226791200838179,2026-09-29 00:19:30.553236,True,Rare discrete event (card/penalty/own goal) -- any real occurrence reads as a z-score outlier even with a proper minutes floor; not a data bug.
3879,fbref_second_yellow_cards_per90,fbref,300,Anwar El Ghazi,PSV,2022,0.08,0.00149560117302052786,0.009414826136559595480069,8.338380092026518579716513,2026-09-29 00:19:30.553236,True,Rare discrete event (card/penalty/own goal) -- any real occurrence reads as a z-score outlier even with a proper minutes floor; not a data bug.
3889,fbref_second_yellow_cards_per90,fbref,1816,Mike te Wierik,Emmen,2022,0.08,0.00149560117302052786,0.009414826136559595480069,8.338380092026518579716513,2026-09-29 00:19:30.553236,True,Rare discrete event (card/penalty/own goal) -- any real occurrence reads as a z-score outlier even with a proper minutes floor; not a data bug.
3497,fbref_penalty_goals,fbref,641,Ricky van Wolfswinkel,Twente,2021,5,0.14204545454545454545,0.58688837902787735977,8.27747612501932207219,2026-09-29 00:19:30.553236,True,Rare discrete event (card/penalty/own goal) -- any real occurrence reads as a z-score outlier even with a proper minutes floor; not a data bug.
3490,fbref_penalty_goals,fbref,1041,Jesper Karlsson,AZ Alkmaar,2021,5,0.14204545454545454545,0.58688837902787735977,8.27747612501932207219,2026-09-29 00:19:30.553236,True,Rare discrete event (card/penalty/own goal) -- any real occurrence reads as a z-score outlier even with a proper minutes floor; not a data bug.
3515,fbref_penalty_goals,fbref,70,Willie Overtoom,Heracles Almelo,2010,8,0.24390243902439024390,0.93926870648977487580,8.25759179176916894097,2026-09-29 00:19:30.553236,True,Rare discrete event (card/penalty/own goal) -- any real occurrence reads as a z-score outlier even with a proper minutes floor; not a data bug.
3809,ws_aerials_won,ws,2256,Tobias Lauritsen,Sparta R.,2025,236,25.3463855421686747,25.5888456193094765,8.2322437515067506,2026-09-29 00:19:30.553236,True,"Genuine elite aerial performance, mostly forwards (confirmed 42/46 flagged rows are FW) -- same blended-position-baseline effect as touches_def_pen_area, but manifesting as real standout performers rather than a purely structural artifact."
3478,fbref_penalty_goals,fbref,1036,Sébastien Haller,Utrecht,2015,6,0.18918918918918918919,0.70940557392545858144,8.19109832850197889731,2026-09-29 00:19:30.553236,True,Rare discrete event (card/penalty/own goal) -- any real occurrence reads as a z-score outlier even with a proper minutes floor; not a data bug.
3901,fbref_own_goals_per90,fbref,709,Umar Sadiq,NAC Breda,2017,0.14,0.00459701492537313433,0.01669743042145758666,8.10921091790403687832,2026-09-29 00:19:30.553236,True,Rare discrete event (card/penalty/own goal) -- any real occurrence reads as a z-score outlier even with a proper minutes floor; not a data bug.
3646,fbref_own_goals,fbref,1496,Jari De Busser,Go Ahead Eagles,2025,2,0.05649717514124293785,0.24315010400947038077,7.99301662969085199801,2026-09-29 00:19:30.553236,True,Rare discrete event (card/penalty/own goal) -- any real occurrence reads as a z-score outlier even with a proper minutes floor; not a data bug.
3801,ws_aerials_won,ws,379,Luuk de Jong,PSV,2018,298,32.1732026143790850,33.4443418362086096,7.9483339420308997,2026-09-29 00:19:30.553236,True,"Genuine elite aerial performance, mostly forwards (confirmed 42/46 flagged rows are FW) -- same blended-position-baseline effect as touches_def_pen_area, but manifesting as real standout performers rather than a purely structural artifact."
3414,fbref_on_off,fbref,1303,Dávid Hancko,Feyenoord,2023,-8.52,0.02650145772594752187,1.0805857218151882,7.90913787327244504224,2026-09-21 22:42:32.067537,True,"Methodology limitation, not a player-level finding: on_off has a near-zero season mean/stddev, making the z-score formula hypersensitive -- nearly any nonzero value reads as extreme regardless of real magnitude. Mixes genuine stars (Tadic, Reijnders) with unknowns at similarly wild z-scores, confirming this is a metric-scaling issue, not 8 individual stories. See known_issues.md."
3471,fbref_penalty_goals,fbref,261,Dušan Tadić,Twente,2013,7,0.20668693009118541033,0.86944278615428735637,7.81341012668233720556,2026-09-29 00:19:30.553236,True,Rare discrete event (card/penalty/own goal) -- any real occurrence reads as a z-score outlier even with a proper minutes floor; not a data bug.
3422,fbref_assists,fbref,261,Dušan Tadić,Ajax,2021,19,1.6761363636363636,2.2233413071875780,7.7918147701207008,2026-09-29 00:19:30.553236,True,"Genuine elite attacking/creative production, comparable to the confirmed Tadic 2022 case."
3870,fbref_second_yellow_cards_per90,fbref,827,Clint Essers,Fortuna Sittard,2018,0.14,0.00395705521472392638,0.01748805295693703748,7.77919332245111471818,2026-09-29 00:19:30.553236,True,Rare discrete event (card/penalty/own goal) -- any real occurrence reads as a z-score outlier even with a proper minutes floor; not a data bug.
3817,fbref_red_cards_per90,fbref,1040,Timo Letschert,Groningen,2013,0.31,0.01303951367781155015,0.03825302818884314419,7.76305825662188415880,2026-09-29 00:19:30.553236,True,Rare discrete event (card/penalty/own goal) -- any real occurrence reads as a z-score outlier even with a proper minutes floor; not a data bug.
3491,fbref_penalty_goals,fbref,67,Steven Berghuis,Feyenoord,2019,7,0.23948220064724919094,0.87586379840188941560,7.71868618350029410574,2026-09-29 00:19:30.553236,True,Rare discrete event (card/penalty/own goal) -- any real occurrence reads as a z-score outlier even with a proper minutes floor; not a data bug.
3915,fbref_own_goals_per90,fbref,1104,Tomáš Hájek,Vitesse,2021,0.10,0.00306818181818181818,0.01261825698028096193,7.68187066829414569515,2026-09-29 00:19:30.553236,True,Rare discrete event (card/penalty/own goal) -- any real occurrence reads as a z-score outlier even with a proper minutes floor; not a data bug.
3494,fbref_penalty_goals,fbref,67,Steven Berghuis,Feyenoord,2020,8,0.26495726495726495726,1.01187093242309509618,7.64429779252564805665,2026-09-29 00:19:30.553236,True,Rare discrete event (card/penalty/own goal) -- any real occurrence reads as a z-score outlier even with a proper minutes floor; not a data bug.
3495,fbref_penalty_goals,fbref,1105,Giorgos Giakoumakis,VVV-Venlo,2020,8,0.26495726495726495726,1.01187093242309509618,7.64429779252564805665,2026-09-29 00:19:30.553236,True,Rare discrete event (card/penalty/own goal) -- any real occurrence reads as a z-score outlier even with a proper minutes floor; not a data bug.
3808,ws_aerials_won,ws,2256,Tobias Lauritsen,Sparta R.,2024,228,25.2218934911242604,26.7746036489497849,7.5735241188838128,2026-09-29 00:19:30.553236,True,"Genuine elite aerial performance, mostly forwards (confirmed 42/46 flagged rows are FW) -- same blended-position-baseline effect as touches_def_pen_area, but manifesting as real standout performers rather than a purely structural artifact."
3833,fbref_red_cards_per90,fbref,1446,Giovanni van Zwam,Vitesse,2023,0.18,0.00696275071633237822,0.02301801616720880618,7.51747014280815573798,2026-09-29 00:19:30.553236,True,Rare discrete event (card/penalty/own goal) -- any real occurrence reads as a z-score outlier even with a proper minutes floor; not a data bug.
3903,fbref_own_goals_per90,fbref,1798,Kasper Larsen,Groningen,2017,0.13,0.00459701492537313433,0.01669743042145758666,7.51031637260027754096,2026-09-29 00:19:30.553236,True,Rare discrete event (card/penalty/own goal) -- any real occurrence reads as a z-score outlier even with a proper minutes floor; not a data bug.
3539,fbref_non_penalty_goals_per90,fbref,1429,Ricardo Pepi,PSV,2024,1.43,0.13494382022471910112,0.17263736214033514828,7.50159851679466093028,2026-09-29 00:19:30.553236,True,"Genuine elite attacking/creative production, comparable to the confirmed Tadic 2022 case."
3827,fbref_red_cards_per90,fbref,1927,Lukas Görtler,Utrecht,2017,0.31,0.01241071428571428571,0.03970590848278750566,7.49483633760175874908,2026-09-29 00:19:30.553236,True,Rare discrete event (card/penalty/own goal) -- any real occurrence reads as a z-score outlier even with a proper minutes floor; not a data bug.
3773,ws_pen_area_entries,ws,261,Dušan Tadić,Ajax,2020,206,21.4359756097560976,24.6852142529693193,7.4767033617317372,2026-09-29 00:19:30.553236,True,"Genuine elite attacking/creative production, comparable to the confirmed Tadic 2022 case."
3877,fbref_second_yellow_cards_per90,fbref,2491,Sinan Bakış,Heracles Almelo,2021,0.06,0.00136363636363636364,0.007871014035869962343819,7.449658121449749685272074,2026-09-29 00:19:30.553236,True,Rare discrete event (card/penalty/own goal) -- any real occurrence reads as a z-score outlier even with a proper minutes floor; not a data bug.
3843,fbref_red_cards_per90,fbref,2239,Nordin Musampa,Groningen,2022,0.18,0.00674486803519061584,0.02339474573482772328,7.40572836006012778113,2026-09-29 00:19:30.553236,True,Rare discrete event (card/penalty/own goal) -- any real occurrence reads as a z-score outlier even with a proper minutes floor; not a data bug.
3797,ws_aerials,ws,2256,Tobias Lauritsen,Sparta R.,2025,379,50.3524096385542169,44.4793230101918519,7.3887723130619706,2026-09-29 00:19:30.553236,True,"Genuine elite aerial performance, mostly forwards (confirmed 42/46 flagged rows are FW) -- same blended-position-baseline effect as touches_def_pen_area, but manifesting as real standout performers rather than a purely structural artifact."
3918,fbref_own_goals_per90,fbref,321,Calvin Mac-Intosch,Cambuur,2022,0.13,0.00360703812316715543,0.01713813627629950141,7.37495371953734110524,2026-09-29 00:19:30.553236,True,Rare discrete event (card/penalty/own goal) -- any real occurrence reads as a z-score outlier even with a proper minutes floor; not a data bug.
3861,fbref_second_yellow_cards_per90,fbref,398,Kevin Diks,Vitesse,2016,0.10,0.00319402985074626866,0.01314160418890284871,7.36637390365169398478,2026-09-29 00:19:30.553236,True,Rare discrete event (card/penalty/own goal) -- any real occurrence reads as a z-score outlier even with a proper minutes floor; not a data bug.
3579,fbref_second_yellow_cards,fbref,867,Matúš Bero,Vitesse,2018,2,0.06748466257668711656,0.26320706924872131899,7.34218629818469891888,2026-09-29 00:19:30.553236,True,Rare discrete event (card/penalty/own goal) -- any real occurrence reads as a z-score outlier even with a proper minutes floor; not a data bug.
3772,ws_pen_area_entries,ws,381,Hakim Ziyech,Ajax,2017,221,23.4732142857142857,27.1131272346717099,7.2852822916602744,2026-09-29 00:19:30.553236,True,"Genuine elite attacking/creative production, comparable to the confirmed Tadic 2022 case."
3758,ws_errors,ws,375,Remko Pasveer,Vitesse,2020,6,0.42073170731707317073,0.76613934342790834817,7.28231533929561335891,2026-09-29 00:19:30.553236,True,"Position-driven, same blended-baseline effect as touches_def_pen_area/aerials -- confirmed 26/27 flagged rows are GK or DF, matching the football-logical expectation that WhoScored errors (mistakes leading to a shot/goal) concentrate among the players closest to danger."
3441,fbref_goals_plus_assists,fbref,379,Luuk de Jong,PSV,2023,44,4.6017191977077364,5.4180517155327947,7.2716693879726020,2026-09-29 00:19:30.553236,True,"Genuine elite attacking/creative production, comparable to the confirmed Tadic 2022 case."
3868,fbref_second_yellow_cards_per90,fbref,1757,Thomas Meißner,ADO Den Haag,2017,0.13,0.00411940298507462687,0.01733046397758681416,7.26354454085733346674,2026-09-29 00:19:30.553236,True,Rare discrete event (card/penalty/own goal) -- any real occurrence reads as a z-score outlier even with a proper minutes floor; not a data bug.
3710,ws_take_ons,ws,2244,Osame Sahraoui,Heerenveen,2023,276,32.2686084142394822,33.6196595962673306,7.2496686317675011,2026-09-29 00:19:30.553236,True,"Genuine elite attacking/creative production, comparable to the confirmed Tadic 2022 case."
3807,ws_aerials_won,ws,2256,Tobias Lauritsen,Sparta R.,2023,219,25.0453074433656958,26.7547401854127136,7.2493581029945029,2026-09-29 00:19:30.553236,True,"Genuine elite aerial performance, mostly forwards (confirmed 42/46 flagged rows are FW) -- same blended-position-baseline effect as touches_def_pen_area, but manifesting as real standout performers rather than a purely structural artifact."
3796,ws_aerials,ws,2256,Tobias Lauritsen,Sparta R.,2024,382,49.8846153846153846,45.8330249067942812,7.2462026080707555,2026-09-29 00:19:30.553236,True,"Genuine elite aerial performance, mostly forwards (confirmed 42/46 flagged rows are FW) -- same blended-position-baseline effect as touches_def_pen_area, but manifesting as real standout performers rather than a purely structural artifact."
3787,ws_aerials,ws,379,Luuk de Jong,PSV,2018,477,63.8496732026143791,57.0319175799277592,7.2441949057450743,2026-09-29 00:19:30.553236,True,"Genuine elite aerial performance, mostly forwards (confirmed 42/46 flagged rows are FW) -- same blended-position-baseline effect as touches_def_pen_area, but manifesting as real standout performers rather than a purely structural artifact."
3818,fbref_red_cards_per90,fbref,1946,Frank Demouge,Roda JC,2013,0.29,0.01303951367781155015,0.03825302818884314419,7.24022383155973474463,2026-09-29 00:19:30.553236,True,Rare discrete event (card/penalty/own goal) -- any real occurrence reads as a z-score outlier even with a proper minutes floor; not a data bug.
3531,fbref_assists_per90,fbref,854,Cody Gakpo,PSV,2022,0.96,0.10073313782991202346,0.11885379940897385591,7.22961206493168681643,2026-09-29 00:19:30.553236,True,"Genuine elite attacking/creative production, comparable to the confirmed Tadic 2022 case."
3421,fbref_assists,fbref,261,Dušan Tadić,Ajax,2020,18,1.7350427350427350,2.2553802177770219,7.2116253999019954,2026-09-29 00:19:30.553236,True,"Genuine elite attacking/creative production, comparable to the confirmed Tadic 2022 case."
3840,fbref_red_cards_per90,fbref,2222,Sven Sonnenberg,Heracles Almelo,2021,0.19,0.00747159090909090909,0.02535501298563429054,7.19890812891030714593,2026-09-29 00:19:30.553236,True,Rare discrete event (card/penalty/own goal) -- any real occurrence reads as a z-score outlier even with a proper minutes floor; not a data bug.
3647,fbref_own_goals,fbref,2266,Damon Mirani,Volendam,2022,2,0.06451612903225806452,0.26887918324084825784,7.19834033873137068241,2026-09-29 00:19:30.553236,True,Rare discrete event (card/penalty/own goal) -- any real occurrence reads as a z-score outlier even with a proper minutes floor; not a data bug.
3643,fbref_own_goals,fbref,1313,Ximo Navarro,Fortuna Sittard,2022,2,0.06451612903225806452,0.26887918324084825784,7.19834033873137068241,2026-09-29 00:19:30.553236,True,Rare discrete event (card/penalty/own goal) -- any real occurrence reads as a z-score outlier even with a proper minutes floor; not a data bug.
3457,fbref_non_penalty_goals,fbref,885,Vangelis Pavlidis,AZ Alkmaar,2023,28,2.4871060171919771,3.5699866290830146,7.1464956689099015,2026-09-29 00:19:30.553236,True,"Genuine elite attacking/creative production, comparable to the confirmed Tadic 2022 case."
3816,fbref_red_cards_per90,fbref,81,Elvis Manu,Go Ahead Eagles,2016,0.26,0.01115727002967359050,0.03495952867110816227,7.11802302346196033393,2026-09-29 00:19:30.553236,True,Rare discrete event (card/penalty/own goal) -- any real occurrence reads as a z-score outlier even with a proper minutes floor; not a data bug.
3479,fbref_penalty_goals,fbref,111,Samuel Armenteros,Heracles Almelo,2016,5,0.17804154302670623145,0.67989299626064589220,7.09223140037279158486,2026-09-29 00:19:30.553236,True,Rare discrete event (card/penalty/own goal) -- any real occurrence reads as a z-score outlier even with a proper minutes floor; not a data bug.
3413,fbref_on_off,fbref,261,Dušan Tadić,Ajax,2021,-5.77,0.03931232091690544413,0.82013076290753721199,7.08339765273730640401,2026-09-21 22:42:32.067537,True,"Methodology limitation, not a player-level finding: on_off has a near-zero season mean/stddev, making the z-score formula hypersensitive -- nearly any nonzero value reads as extreme regardless of real magnitude. Mixes genuine stars (Tadic, Reijnders) with unknowns at similarly wild z-scores, confirming this is a metric-scaling issue, not 8 individual stories. See known_issues.md."
3618,fbref_offsides,fbref,1166,Cyriel Dessers,Heracles Almelo,2019,29,2.1262135922330097,3.7959640520031753,7.0795682044421296,2026-09-29 00:19:30.553236,True,"Genuine elite attacking/creative production, comparable to the confirmed Tadic 2022 case."
3961,ws_errors_per90,ws,207,Jeroen Zoet,Utrecht,2019,0.43,0.03150684931506849315,0.05654232323832155749,7.04769680236366355506,2026-09-29 00:19:30.553236,True,"Position-driven, same blended-baseline effect as touches_def_pen_area/aerials -- confirmed 26/27 flagged rows are GK or DF, matching the football-logical expectation that WhoScored errors (mistakes leading to a shot/goal) concentrate among the players closest to danger."
3623,fbref_offsides,fbref,1743,Burak Yılmaz,Fortuna Sittard,2022,32,2.4457478005865103,4.1939193848709847,7.0469290149034783,2026-09-29 00:19:30.553236,True,"Genuine elite attacking/creative production, comparable to the confirmed Tadic 2022 case."
3774,ws_pen_area_entries,ws,261,Dušan Tadić,Twente,2013,172,21.9392097264437690,21.3021801382360000,7.0443865040934035,2026-09-29 00:19:30.553236,True,"Genuine elite attacking/creative production, comparable to the confirmed Tadic 2022 case."
3636,fbref_own_goals,fbref,383,Peet Bijen,Twente,2016,2,0.07462686567164179104,0.27432185497039434669,7.01866475252637222186,2026-09-29 00:19:30.553236,True,Rare discrete event (card/penalty/own goal) -- any real occurrence reads as a z-score outlier even with a proper minutes floor; not a data bug.
3521,fbref_goals_per90,fbref,1429,Ricardo Pepi,PSV,2024,1.43,0.14429775280898876404,0.18324096686766821197,7.01645635890751139492,2026-09-29 00:19:30.553236,True,"Genuine elite attacking/creative production, comparable to the confirmed Tadic 2022 case."
3410,fbref_on_off,fbref,678,Tijjani Reijnders,AZ Alkmaar,2022,7.43,0.07348082595870206490,1.0563035534904138,6.96439877508000833838,2026-09-21 22:42:32.067537,True,"Methodology limitation, not a player-level finding: on_off has a near-zero season mean/stddev, making the z-score formula hypersensitive -- nearly any nonzero value reads as extreme regardless of real magnitude. Mixes genuine stars (Tadic, Reijnders) with unknowns at similarly wild z-scores, confirming this is a metric-scaling issue, not 8 individual stories. See known_issues.md."
3481,fbref_penalty_goals,fbref,374,Steven Bergwijn,Ajax,2023,5,0.18624641833810888252,0.69251744408923156136,6.95109361179013734900,2026-09-29 00:19:30.553236,True,Rare discrete event (card/penalty/own goal) -- any real occurrence reads as a z-score outlier even with a proper minutes floor; not a data bug.
3642,fbref_own_goals,fbref,2085,Mats Knoester,Heracles Almelo,2021,2,0.07102272727272727273,0.27850041977074973967,6.92629933669446047274,2026-09-29 00:19:30.553236,True,Rare discrete event (card/penalty/own goal) -- any real occurrence reads as a z-score outlier even with a proper minutes floor; not a data bug.
3640,fbref_own_goals,fbref,465,Robin Pröpper,Twente,2021,2,0.07102272727272727273,0.27850041977074973967,6.92629933669446047274,2026-09-29 00:19:30.553236,True,Rare discrete event (card/penalty/own goal) -- any real occurrence reads as a z-score outlier even with a proper minutes floor; not a data bug.
3759,ws_errors,ws,2064,Ibrahim Drešević,Heerenveen,2019,6,0.46575342465753424658,0.80089626393784981112,6.91006666472841444271,2026-09-29 00:19:30.553236,True,"Position-driven, same blended-baseline effect as touches_def_pen_area/aerials -- confirmed 26/27 flagged rows are GK or DF, matching the football-logical expectation that WhoScored errors (mistakes leading to a shot/goal) concentrate among the players closest to danger."
3446,fbref_non_penalty_goals,fbref,1389,Ayase Ueda,Feyenoord,2025,24,2.3841807909604520,3.1315589129078194,6.9025746633545232,2026-09-29 00:19:30.553236,True,"Genuine elite attacking/creative production, comparable to the confirmed Tadic 2022 case."
3912,fbref_own_goals_per90,fbref,435,Joris van Overeem,Utrecht,2021,0.09,0.00306818181818181818,0.01261825698028096193,6.88936818434351870669,2026-09-29 00:19:30.553236,True,Rare discrete event (card/penalty/own goal) -- any real occurrence reads as a z-score outlier even with a proper minutes floor; not a data bug.
3644,fbref_own_goals,fbref,2488,Paweł Bochniewicz,Heerenveen,2023,2,0.06590257879656160458,0.28102971929231009106,6.88218109484608427799,2026-09-29 00:19:30.553236,True,Rare discrete event (card/penalty/own goal) -- any real occurrence reads as a z-score outlier even with a proper minutes floor; not a data bug.
3641,fbref_own_goals,fbref,465,Robin Pröpper,Twente,2023,2,0.06590257879656160458,0.28102971929231009106,6.88218109484608427799,2026-09-29 00:19:30.553236,True,Rare discrete event (card/penalty/own goal) -- any real occurrence reads as a z-score outlier even with a proper minutes floor; not a data bug.
3645,fbref_own_goals,fbref,2121,Sam Kersten,Zwolle,2023,2,0.06590257879656160458,0.28102971929231009106,6.88218109484608427799,2026-09-29 00:19:30.553236,True,Rare discrete event (card/penalty/own goal) -- any real occurrence reads as a z-score outlier even with a proper minutes floor; not a data bug.
3635,fbref_crosses,fbref,1207,Souffian El Karouani,Utrecht,2025,313,29.4802259887005650,41.2606707489953407,6.8714291082677777,2026-09-29 00:19:30.553236,True,"Genuine elite attacking/creative production, comparable to the confirmed Tadic 2022 case."
3885,fbref_second_yellow_cards_per90,fbref,1433,Daouda Weidmann,RKC Waalwijk,2024,0.11,0.00289325842696629213,0.01559342077045882418,6.86871361644672504898,2026-09-29 00:19:30.553236,True,Rare discrete event (card/penalty/own goal) -- any real occurrence reads as a z-score outlier even with a proper minutes floor; not a data bug.
3969,ws_pen_area_entries_per90,ws,261,Dušan Tadić,Ajax,2022,9.60,1.3443853820598007,1.2115984088463210,6.8138209473229347,2026-09-29 00:19:30.553236,True,"Genuine elite attacking/creative production, comparable to the confirmed Tadic 2022 case."
3924,fbref_own_goals_per90,fbref,2311,Théo Barbet,Almere City,2024,0.10,0.00393258426966292135,0.01411166553914360847,6.80765962485864731541,2026-09-29 00:19:30.553236,True,Rare discrete event (card/penalty/own goal) -- any real occurrence reads as a z-score outlier even with a proper minutes floor; not a data bug.
3922,fbref_own_goals_per90,fbref,2385,Boyd Reith,Sparta R.,2024,0.10,0.00393258426966292135,0.01411166553914360847,6.80765962485864731541,2026-09-29 00:19:30.553236,True,Rare discrete event (card/penalty/own goal) -- any real occurrence reads as a z-score outlier even with a proper minutes floor; not a data bug.
3846,fbref_red_cards_per90,fbref,1083,Thierry Lutonda,Zwolle,2024,0.19,0.00873595505617977528,0.02662896758907386161,6.80702488136245734881,2026-09-29 00:19:30.553236,True,Rare discrete event (card/penalty/own goal) -- any real occurrence reads as a z-score outlier even with a proper minutes floor; not a data bug.
3838,fbref_red_cards_per90,fbref,1278,Daniël van Kaam,Groningen,2021,0.18,0.00747159090909090909,0.02535501298563429054,6.80450880418245841203,2026-09-29 00:19:30.553236,True,Rare discrete event (card/penalty/own goal) -- any real occurrence reads as a z-score outlier even with a proper minutes floor; not a data bug.
3629,fbref_crosses,fbref,261,Dušan Tadić,Ajax,2020,304,28.5925925925925926,40.4819092131901993,6.8032218035228328,2026-09-29 00:19:30.553236,True,"Genuine elite attacking/creative production, comparable to the confirmed Tadic 2022 case."
3888,fbref_second_yellow_cards_per90,fbref,1789,Simon Tibbling,Emmen,2020,0.09,0.00256410256410256410,0.01286104946754320707,6.79850409226362712128,2026-09-29 00:19:30.553236,True,Rare discrete event (card/penalty/own goal) -- any real occurrence reads as a z-score outlier even with a proper minutes floor; not a data bug.
3891,fbref_offsides_per90,fbref,2481,Reza Ghoochannejad,Zwolle,2020,1.95,0.16068376068376068376,0.26371215854431620063,6.78511089209240604903,2026-09-29 00:19:30.553236,True,"Genuine elite attacking/creative production, comparable to the confirmed Tadic 2022 case."
3476,fbref_penalty_goals,fbref,511,Christian Santos,NEC Nijmegen,2015,5,0.18918918918918918919,0.70940557392545858144,6.78146745336442904056,2026-09-29 00:19:30.553236,True,Rare discrete event (card/penalty/own goal) -- any real occurrence reads as a z-score outlier even with a proper minutes floor; not a data bug.
3475,fbref_penalty_goals,fbref,438,Vincent Janssen,AZ Alkmaar,2015,5,0.18918918918918918919,0.70940557392545858144,6.78146745336442904056,2026-09-29 00:19:30.553236,True,Rare discrete event (card/penalty/own goal) -- any real occurrence reads as a z-score outlier even with a proper minutes floor; not a data bug.
3935,ws_tackles_def_3rd_per90,ws,1678,Jerry St. Juste,Heerenveen,2014,5.88,0.93706070287539936102,0.73117813222698357732,6.76023950835298954460,2026-09-29 00:19:30.553236,True,"Zone-matched position pattern, same blended-baseline limitation as touches_def_pen_area/aerials/errors -- MF dominates att_3rd/mid_3rd tackle+interception variants (pressing/midfield actions), DF dominates def_3rd variants and clearances (own-box defending). Confirmed via position breakdown, not assumed."
3946,ws_interceptions_att_3rd_per90,ws,385,Ryo Miyaichi,Twente,2014,0.78,0.09309904153354632588,0.10196615089609677490,6.73655867589239341417,2026-09-29 00:19:30.553236,True,"High-press tactical trait, not position-concentrated (checked: spreads across MF/FW/DF combinations) -- plausible genuine standout pressing seasons."
3800,ws_aerials_won,ws,1036,Sébastien Haller,Utrecht,2015,209,26.4564564564564565,27.1303534841800781,6.7283879529983314,2026-09-29 00:19:30.553236,True,"Genuine elite aerial performance, mostly forwards (confirmed 42/46 flagged rows are FW) -- same blended-position-baseline effect as touches_def_pen_area, but manifesting as real standout performers rather than a purely structural artifact."
3461,fbref_non_penalty_goals,fbref,1420,Bas Dost,Heerenveen,2011,28,2.6306306306306306,3.7807245622453063,6.7101871484398599,2026-09-29 00:19:30.553236,True,"Genuine elite attacking/creative production, comparable to the confirmed Tadic 2022 case."
3898,fbref_own_goals_per90,fbref,1658,Kay Tejan,Telstar,2025,0.11,0.00324858757062146893,0.01594645113962352158,6.69436801296334177100,2026-09-29 00:19:30.553236,True,Rare discrete event (card/penalty/own goal) -- any real occurrence reads as a z-score outlier even with a proper minutes floor; not a data bug.
3899,fbref_own_goals_per90,fbref,1086,Max Bruns,Twente,2025,0.11,0.00324858757062146893,0.01594645113962352158,6.69436801296334177100,2026-09-29 00:19:30.553236,True,Rare discrete event (card/penalty/own goal) -- any real occurrence reads as a z-score outlier even with a proper minutes floor; not a data bug.
3517,fbref_penalty_goals,fbref,70,Willie Overtoom,Heracles Almelo,2011,5,0.18318318318318318318,0.72358258998929759857,6.65689982519903032911,2026-09-29 00:19:30.553236,True,Rare discrete event (card/penalty/own goal) -- any real occurrence reads as a z-score outlier even with a proper minutes floor; not a data bug.
3496,fbref_penalty_goals,fbref,261,Dušan Tadić,Ajax,2020,7,0.26495726495726495726,1.01187093242309509618,6.65602945912730460623,2026-09-29 00:19:30.553236,True,Rare discrete event (card/penalty/own goal) -- any real occurrence reads as a z-score outlier even with a proper minutes floor; not a data bug.
3489,fbref_penalty_goals,fbref,676,Teun Koopmeiners,AZ Alkmaar,2020,7,0.26495726495726495726,1.01187093242309509618,6.65602945912730460623,2026-09-29 00:19:30.553236,True,Rare discrete event (card/penalty/own goal) -- any real occurrence reads as a z-score outlier even with a proper minutes floor; not a data bug.
3845,fbref_red_cards_per90,fbref,1086,Max Bruns,Twente,2023,0.16,0.00696275071633237822,0.02301801616720880618,6.64858553282635532317,2026-09-29 00:19:30.553236,True,Rare discrete event (card/penalty/own goal) -- any real occurrence reads as a z-score outlier even with a proper minutes floor; not a data bug.
3890,fbref_offsides_per90,fbref,2481,Reza Ghoochannejad,Zwolle,2019,1.90,0.14766990291262135922,0.26377087121271601616,6.64337987371708432583,2026-09-29 00:19:30.553236,True,"Genuine elite attacking/creative production, comparable to the confirmed Tadic 2022 case."
3963,ws_errors_per90,ws,49,Kenneth Vermeer,Ajax,2013,0.53,0.04465045592705167173,0.07305996539828645340,6.64316690306469409209,2026-09-29 00:19:30.553236,True,"Position-driven, same blended-baseline effect as touches_def_pen_area/aerials -- confirmed 26/27 flagged rows are GK or DF, matching the football-logical expectation that WhoScored errors (mistakes leading to a shot/goal) concentrate among the players closest to danger."
3785,ws_aerials,ws,511,Christian Santos,NEC Nijmegen,2015,369,52.6696696696696697,47.6482993686225753,6.6388587740161955,2026-09-29 00:19:30.553236,True,"Genuine elite aerial performance, mostly forwards (confirmed 42/46 flagged rows are FW) -- same blended-position-baseline effect as touches_def_pen_area, but manifesting as real standout performers rather than a purely structural artifact."
3887,fbref_second_yellow_cards_per90,fbref,2348,Nick Fichtinger,Zwolle,2025,0.12,0.00389830508474576271,0.01749304507552382516,6.63702027943111551607,2026-09-29 00:19:30.553236,True,Rare discrete event (card/penalty/own goal) -- any real occurrence reads as a z-score outlier even with a proper minutes floor; not a data bug.
3864,fbref_second_yellow_cards_per90,fbref,491,Bart Nieuwkoop,Feyenoord,2018,0.12,0.00395705521472392638,0.01748805295693703748,6.63555543152932739095,2026-09-29 00:19:30.553236,True,Rare discrete event (card/penalty/own goal) -- any real occurrence reads as a z-score outlier even with a proper minutes floor; not a data bug.
3631,fbref_crosses,fbref,261,Dušan Tadić,Ajax,2022,335,31.8064516129032258,45.8210465964653182,6.6169057869246799,2026-09-29 00:19:30.553236,True,"Genuine elite attacking/creative production, comparable to the confirmed Tadic 2022 case."
3634,fbref_crosses,fbref,1207,Souffian El Karouani,Utrecht,2024,287,29.7640449438202247,38.8780752064882276,6.6164786628441563,2026-09-29 00:19:30.553236,True,"Genuine elite attacking/creative production, comparable to the confirmed Tadic 2022 case."
3863,fbref_second_yellow_cards_per90,fbref,81,Elvis Manu,Go Ahead Eagles,2016,0.09,0.00319402985074626866,0.01314160418890284871,6.60543179519553688180,2026-09-29 00:19:30.553236,True,Rare discrete event (card/penalty/own goal) -- any real occurrence reads as a z-score outlier even with a proper minutes floor; not a data bug.
3795,ws_aerials,ws,2256,Tobias Lauritsen,Sparta R.,2023,346,49.3236245954692557,44.9538593730720583,6.5995751987034893,2026-09-29 00:19:30.553236,True,"Genuine elite aerial performance, mostly forwards (confirmed 42/46 flagged rows are FW) -- same blended-position-baseline effect as touches_def_pen_area, but manifesting as real standout performers rather than a purely structural artifact."
3542,fbref_non_penalty_goals_plus_assists_per90,fbref,1786,Lassina Franck Traoré,Ajax,2020,1.78,0.21962962962962962963,0.23711752271124877101,6.58057807170379548895,2026-09-29 00:19:30.553236,True,"Genuine elite attacking/creative production, comparable to the confirmed Tadic 2022 case."
3498,fbref_penalty_goals,fbref,261,Dušan Tadić,Ajax,2021,4,0.14204545454545454545,0.58688837902787735977,6.57357460688668969242,2026-09-29 00:19:30.553236,True,Rare discrete event (card/penalty/own goal) -- any real occurrence reads as a z-score outlier even with a proper minutes floor; not a data bug.
3812,fbref_red_cards_per90,fbref,1876,Bart Schenkeveld,Zwolle,2016,0.24,0.01115727002967359050,0.03495952867110816227,6.54593293071054592122,2026-09-29 00:19:30.553236,True,Rare discrete event (card/penalty/own goal) -- any real occurrence reads as a z-score outlier even with a proper minutes floor; not a data bug.
3906,fbref_own_goals_per90,fbref,387,Renato Tapia,Feyenoord,2019,0.12,0.00343042071197411003,0.01783435270792686914,6.53623830351936374288,2026-09-29 00:19:30.553236,True,Rare discrete event (card/penalty/own goal) -- any real occurrence reads as a z-score outlier even with a proper minutes floor; not a data bug.
3744,ws_interceptions_att_3rd,ws,350,Jens Toornstra,Feyenoord,2020,13,1.3750000000000000,1.7789759277972137,6.5346584056336591,2026-09-29 00:19:30.553236,True,"High-press tactical trait, not position-concentrated (checked: spreads across MF/FW/DF combinations) -- plausible genuine standout pressing seasons."
3692,ws_touches_att_pen_area,ws,261,Dušan Tadić,Ajax,2021,310,38.7449856733524355,41.5345827284680335,6.5308231480252207,2026-09-29 00:19:30.553236,True,"Genuine elite attacking/creative production, comparable to the confirmed Tadic 2022 case."
3761,ws_errors,ws,1027,Kjell Scherpen,Vitesse,2022,6,0.43521594684385382060,0.85242147431783054046,6.52820725523074110078,2026-09-29 00:19:30.553236,True,"Position-driven, same blended-baseline effect as touches_def_pen_area/aerials -- confirmed 26/27 flagged rows are GK or DF, matching the football-logical expectation that WhoScored errors (mistakes leading to a shot/goal) concentrate among the players closest to danger."
3707,ws_take_ons,ws,1872,Gyrano Kerk,Utrecht,2020,239,31.7103658536585366,31.8207654757403982,6.5142881086369685,2026-09-29 00:19:30.553236,True,"Genuine elite attacking/creative production, comparable to the confirmed Tadic 2022 case."
3793,ws_aerials,ws,177,Michael Higdon,NEC Nijmegen,2013,316,46.3221884498480243,41.4987455005921229,6.4984569604954466,2026-09-29 00:19:30.553236,True,"Genuine elite aerial performance, mostly forwards (confirmed 42/46 flagged rows are FW) -- same blended-position-baseline effect as touches_def_pen_area, but manifesting as real standout performers rather than a purely structural artifact."
3677,ws_touches_def_pen_area,ws,2198,Peter Leeuwenburgh,Groningen,2021,1674,121.5730659025787966,239.349293804857,6.4860309776519531,2026-09-29 00:19:30.553236,True,Structural: touches_def_pen_area naturally clusters almost entirely among goalkeepers (confirmed via derive_possession_stats.py sanity check and re-confirmed here: 31/31 flagged rows are GK). Not a bug -- a blended-position z-score baseline will always flag keepers here.
3967,ws_pen_area_entries_per90,ws,381,Hakim Ziyech,Ajax,2019,8.49,1.1909589041095890,1.1267163791268011,6.4781530038172757,2026-09-29 00:19:30.553236,True,"Genuine elite attacking/creative production, comparable to the confirmed Tadic 2022 case."
3822,fbref_red_cards_per90,fbref,413,Jonas Heymans,Willem II,2014,0.17,0.00904191616766467066,0.02487768354689836672,6.46997874737428399935,2026-09-29 00:19:30.553236,True,Rare discrete event (card/penalty/own goal) -- any real occurrence reads as a z-score outlier even with a proper minutes floor; not a data bug.
3781,ws_pen_area_entries,ws,261,Dušan Tadić,Ajax,2019,162,18.5547945205479452,22.2058568856588289,6.4597914963638728,2026-09-29 00:19:30.553236,True,"Genuine elite attacking/creative production, comparable to the confirmed Tadic 2022 case."
3729,ws_dispossessed,ws,860,Richonell Margaret,RKC Waalwijk,2024,93,13.6479289940828402,12.3075214693689975,6.4474452637282715,2026-09-29 00:19:30.553236,True,Dribble-heavy attacking players -- same category as the earlier confirmed attacking-production cluster (high take-ons correlates with high dispossessions).
3453,fbref_non_penalty_goals,fbref,379,Luuk de Jong,PSV,2018,27,2.8036809815950920,3.7537409372608489,6.4459213949008587,2026-09-29 00:19:30.553236,True,"Genuine elite attacking/creative production, comparable to the confirmed Tadic 2022 case."
3527,fbref_assists_per90,fbref,516,Maxime Lestienne,PSV,2015,0.80,0.09714714714714714715,0.10923046529041065931,6.43458627576272251627,2026-09-29 00:19:30.553236,True,"Genuine elite attacking/creative production, comparable to the confirmed Tadic 2022 case."
3848,fbref_red_cards_per90,fbref,1508,Saná Fernandes,NAC Breda,2024,0.18,0.00873595505617977528,0.02662896758907386161,6.43149398755104640566,2026-09-29 00:19:30.553236,True,Rare discrete event (card/penalty/own goal) -- any real occurrence reads as a z-score outlier even with a proper minutes floor; not a data bug.
3464,fbref_non_penalty_goals,fbref,1213,Wilfried Bony,Vitesse,2012,27,2.6542056074766355,3.7974567239263515,6.4110788252383863,2026-09-29 00:19:30.553236,True,"Genuine elite attacking/creative production, comparable to the confirmed Tadic 2022 case."
3792,ws_aerials,ws,748,Lennart Thy,Sparta R.,2020,358,51.5640243902439024,47.8308901598070368,6.4066542476196380,2026-09-29 00:19:30.553236,True,"Genuine elite aerial performance, mostly forwards (confirmed 42/46 flagged rows are FW) -- same blended-position-baseline effect as touches_def_pen_area, but manifesting as real standout performers rather than a purely structural artifact."
3987,ws_aerials_won_per90,ws,1420,Bas Dost,NEC Nijmegen,2023,9.41,1.3674110032362460,1.2566957405927619,6.3997901297653816,2026-09-29 00:19:30.553236,True,"Genuine elite aerial performance, mostly forwards (confirmed 42/46 flagged rows are FW) -- same blended-position-baseline effect as touches_def_pen_area, but manifesting as real standout performers rather than a purely structural artifact."
3979,ws_aerials_won_per90,ws,654,Obbi Oulare,Willem II,2016,9.03,1.3662017804154303,1.1984026301395504,6.3950111814191724,2026-09-29 00:19:30.553236,True,"Genuine elite aerial performance, mostly forwards (confirmed 42/46 flagged rows are FW) -- same blended-position-baseline effect as touches_def_pen_area, but manifesting as real standout performers rather than a purely structural artifact."
3926,fbref_own_goals_per90,fbref,2080,Andrej Lukić,Emmen,2018,0.18,0.00595092024539877301,0.02723432306844979303,6.39079882092726778636,2026-09-29 00:19:30.553236,True,Rare discrete event (card/penalty/own goal) -- any real occurrence reads as a z-score outlier even with a proper minutes floor; not a data bug.
3849,fbref_red_cards_per90,fbref,1598,Gonçalo Borges,Feyenoord,2025,0.20,0.00991525423728813559,0.02977238761166941142,6.38459865033489474011,2026-09-29 00:19:30.553236,True,Rare discrete event (card/penalty/own goal) -- any real occurrence reads as a z-score outlier even with a proper minutes floor; not a data bug.
3988,ws_aerials_won_per90,ws,2256,Tobias Lauritsen,Sparta R.,2022,8.66,1.3095348837209302,1.1534281293658496,6.3727118570624141,2026-09-29 00:19:30.553236,True,"Genuine elite aerial performance, mostly forwards (confirmed 42/46 flagged rows are FW) -- same blended-position-baseline effect as touches_def_pen_area, but manifesting as real standout performers rather than a purely structural artifact."
3423,fbref_assists,fbref,261,Dušan Tadić,Ajax,2022,17,1.8680351906158358,2.3770109650924505,6.3659634017698474,2026-09-29 00:19:30.553236,True,"Genuine elite attacking/creative production, comparable to the confirmed Tadic 2022 case."
3499,fbref_penalty_goals,fbref,261,Dušan Tadić,Ajax,2022,4,0.14076246334310850440,0.60692911147148078806,6.35862980324059576207,2026-09-29 00:19:30.553236,True,Rare discrete event (card/penalty/own goal) -- any real occurrence reads as a z-score outlier even with a proper minutes floor; not a data bug.
3501,fbref_penalty_goals,fbref,753,Vito van Crooij,Sparta R.,2022,4,0.14076246334310850440,0.60692911147148078806,6.35862980324059576207,2026-09-29 00:19:30.553236,True,Rare discrete event (card/penalty/own goal) -- any real occurrence reads as a z-score outlier even with a proper minutes floor; not a data bug.
3968,ws_pen_area_entries_per90,ws,261,Dušan Tadić,Ajax,2021,8.13,1.2361604584527221,1.0916107141241303,6.3152912044094860,2026-09-29 00:19:30.553236,True,"Genuine elite attacking/creative production, comparable to the confirmed Tadic 2022 case."
3434,fbref_goals_plus_assists,fbref,2487,Alfreð Finnbogason,Heerenveen,2013,39,4.6869300911854103,5.4372119490263062,6.3107839514991430,2026-09-29 00:19:30.553236,True,"Genuine elite attacking/creative production, comparable to the confirmed Tadic 2022 case."
3701,ws_take_ons,ws,381,Hakim Ziyech,Twente,2015,238,29.9279279279279279,33.0116933586332182,6.3029808804902479,2026-09-29 00:19:30.553236,True,"Genuine elite attacking/creative production, comparable to the confirmed Tadic 2022 case."
3778,ws_pen_area_entries,ws,67,Steven Berghuis,Feyenoord,2020,177,21.4359756097560976,24.6852142529693193,6.3019110466716535,2026-09-29 00:19:30.553236,True,"Genuine elite attacking/creative production, comparable to the confirmed Tadic 2022 case."
3543,fbref_non_penalty_goals_plus_assists_per90,fbref,1429,Ricardo Pepi,PSV,2024,1.69,0.23047752808988764045,0.23164092428465638671,6.30079713426005075821,2026-09-29 00:19:30.553236,True,"Genuine elite attacking/creative production, comparable to the confirmed Tadic 2022 case."
3824,fbref_red_cards_per90,fbref,182,Kevin Conboy,Utrecht,2015,0.16,0.00801801801801801802,0.02412891405866158702,6.29874935989607109078,2026-09-29 00:19:30.553236,True,Rare discrete event (card/penalty/own goal) -- any real occurrence reads as a z-score outlier even with a proper minutes floor; not a data bug.
3630,fbref_crosses,fbref,261,Dušan Tadić,Ajax,2021,294,29.4886363636363636,42.0749553155064539,6.2866701022705466,2026-09-29 00:19:30.553236,True,"Genuine elite attacking/creative production, comparable to the confirmed Tadic 2022 case."
3784,ws_pen_area_entries,ws,1217,Joey Veerman,PSV,2023,177,24.7281553398058252,24.2886567673102661,6.2692575435103738,2026-09-29 00:19:30.553236,True,"Genuine elite attacking/creative production, comparable to the confirmed Tadic 2022 case."
3420,fbref_assists,fbref,261,Dušan Tadić,Ajax,2019,14,1.5177993527508091,1.9960611404696716,6.2534159872037482,2026-09-29 00:19:30.553236,True,"Genuine elite attacking/creative production, comparable to the confirmed Tadic 2022 case."
3695,ws_touches_att_pen_area,ws,261,Dušan Tadić,Ajax,2022,315,43.4551495016611296,43.4949286131257846,6.2431382038501101,2026-09-29 00:19:30.553236,True,"Genuine elite attacking/creative production, comparable to the confirmed Tadic 2022 case."
3747,ws_interceptions_att_3rd,ws,1305,Mats Wieffer,Feyenoord,2023,10,1.0873786407766990,1.4377119004734855,6.1991706101118615,2026-09-29 00:19:30.553236,True,"High-press tactical trait, not position-concentrated (checked: spreads across MF/FW/DF combinations) -- plausible genuine standout pressing seasons."
3562,fbref_goals_per_shot,fbref,1149,Marco Tol,Cambuur,2021,0.67,0.08993865030674846626,0.09361786110001634592,6.19605428790500591273,2026-09-29 00:19:30.553236,True,"Genuine elite attacking/creative production, comparable to the confirmed Tadic 2022 case."
3538,fbref_non_penalty_goals_per90,fbref,1786,Lassina Franck Traoré,Ajax,2020,1.14,0.12350427350427350427,0.16409744268565155178,6.19446415409987034427,2026-09-29 00:19:30.553236,True,"Genuine elite attacking/creative production, comparable to the confirmed Tadic 2022 case."
3878,fbref_second_yellow_cards_per90,fbref,1031,Antony,Ajax,2021,0.05,0.00136363636363636364,0.007871014035869962343819,6.179173790659869893906574,2026-09-29 00:19:30.553236,True,Rare discrete event (card/penalty/own goal) -- any real occurrence reads as a z-score outlier even with a proper minutes floor; not a data bug.
3755,ws_errors,ws,254,Nick Marsman,Twente,2015,8,0.77777777777777777778,1.1688161495429451,6.17909174599136603500,2026-09-29 00:19:30.553236,True,"Position-driven, same blended-baseline effect as touches_def_pen_area/aerials -- confirmed 26/27 flagged rows are GK or DF, matching the football-logical expectation that WhoScored errors (mistakes leading to a shot/goal) concentrate among the players closest to danger."
3700,ws_take_ons,ws,1978,Filip Kostić,Groningen,2013,246,32.4772036474164134,34.5730967867338246,6.1759812165427783,2026-09-29 00:19:30.553236,True,"Genuine elite attacking/creative production, comparable to the confirmed Tadic 2022 case."
3533,fbref_goals_plus_assists_per90,fbref,1786,Lassina Franck Traoré,Ajax,2020,1.78,0.23088319088319088319,0.25083418661296783807,6.17585995766623928341,2026-09-29 00:19:30.553236,True,"Genuine elite attacking/creative production, comparable to the confirmed Tadic 2022 case."
3426,fbref_assists,fbref,1492,Oliver Antman,Go Ahead Eagles,2024,15,1.7078651685393258,2.1556463541834682,6.1661945641800638,2026-09-29 00:19:30.553236,True,"Genuine elite attacking/creative production, comparable to the confirmed Tadic 2022 case."
3893,fbref_offsides_per90,fbref,1347,Mohamed Sankoh,Vitesse,2022,1.65,0.14536656891495601173,0.24411592701061488587,6.16360206198106056322,2026-09-29 00:19:30.553236,True,"Genuine elite attacking/creative production, comparable to the confirmed Tadic 2022 case."
3752,ws_errors,ws,673,Marco Bizot,AZ Alkmaar,2017,8,0.75000000000000000000,1.1781594550367693,6.15366618585065295929,2026-09-29 00:19:30.553236,True,"Position-driven, same blended-baseline effect as touches_def_pen_area/aerials -- confirmed 26/27 flagged rows are GK or DF, matching the football-logical expectation that WhoScored errors (mistakes leading to a shot/goal) concentrate among the players closest to danger."
3753,ws_errors,ws,58,Esteban Alvarado,AZ Alkmaar,2013,10,0.89969604863221884498,1.4792157299138564,6.15211410163799867876,2026-09-29 00:19:30.553236,True,"Position-driven, same blended-baseline effect as touches_def_pen_area/aerials -- confirmed 26/27 flagged rows are GK or DF, matching the football-logical expectation that WhoScored errors (mistakes leading to a shot/goal) concentrate among the players closest to danger."
3803,ws_aerials_won,ws,379,Luuk de Jong,PSV,2016,192,26.1661721068249258,26.9998178103430849,6.1420350706828653,2026-09-29 00:19:30.553236,True,"Genuine elite aerial performance, mostly forwards (confirmed 42/46 flagged rows are FW) -- same blended-position-baseline effect as touches_def_pen_area, but manifesting as real standout performers rather than a purely structural artifact."
3970,ws_aerials_per90,ws,654,Obbi Oulare,Willem II,2016,15.81,2.8026409495548961,2.1182646406813763,6.1405731845956050,2026-09-29 00:19:30.553236,True,"Genuine elite aerial performance, mostly forwards (confirmed 42/46 flagged rows are FW) -- same blended-position-baseline effect as touches_def_pen_area, but manifesting as real standout performers rather than a purely structural artifact."
3563,fbref_goals_per_shot,fbref,60,Nick Viergever,Utrecht,2022,0.67,0.09756329113924050633,0.09326228135946553023,6.13792307582942047821,2026-09-29 00:19:30.553236,True,"Genuine elite attacking/creative production, comparable to the confirmed Tadic 2022 case."
3509,fbref_penalty_goals,fbref,,Andreas Granqvist,Groningen,2010,6,0.24390243902439024390,0.93926870648977487580,6.12827566936328261028,2026-09-21 22:42:32.067537,True,Rare discrete event (card/penalty/own goal) -- any real occurrence reads as a z-score outlier even with a proper minutes floor; not a data bug.
4088,fbref_penalty_goals,fbref,,Andreas Granqvist,Groningen,2010,6,0.24390243902439024390,0.93926870648977487580,6.12827566936328261028,2026-09-28 21:27:51.725506,True,Rare discrete event (penalty/red card/own goal) -- any real occurrence reads as a z-score outlier even with a proper minutes floor; not a data bug.
3516,fbref_penalty_goals,fbref,641,Ricky van Wolfswinkel,Utrecht,2010,6,0.24390243902439024390,0.93926870648977487580,6.12827566936328261028,2026-09-29 00:19:30.553236,True,Rare discrete event (card/penalty/own goal) -- any real occurrence reads as a z-score outlier even with a proper minutes floor; not a data bug.
3805,ws_aerials_won,ws,177,Michael Higdon,NEC Nijmegen,2013,176,23.2705167173252280,24.9824892340565248,6.1134613869650556,2026-09-29 00:19:30.553236,True,"Genuine elite aerial performance, mostly forwards (confirmed 42/46 flagged rows are FW) -- same blended-position-baseline effect as touches_def_pen_area, but manifesting as real standout performers rather than a purely structural artifact."
3684,ws_touches_att_pen_area,ws,379,Luuk de Jong,PSV,2015,299,36.0240240240240240,43.0486488533125352,6.1088090562856384,2026-09-29 00:19:30.553236,True,"Genuine elite attacking/creative production, comparable to the confirmed Tadic 2022 case."
3958,ws_errors_per90,ws,566,Matthijs de Ligt,Ajax,2016,0.32,0.02982195845697329377,0.04752159025328013989,6.10623592342845467382,2026-09-29 00:19:30.553236,True,"Position-driven, same blended-baseline effect as touches_def_pen_area/aerials -- confirmed 26/27 flagged rows are GK or DF, matching the football-logical expectation that WhoScored errors (mistakes leading to a shot/goal) concentrate among the players closest to danger."
3953,ws_errors_per90,ws,685,Wout Faes,Heerenveen,2016,0.32,0.02982195845697329377,0.04752159025328013989,6.10623592342845467382,2026-09-29 00:19:30.553236,True,"Position-driven, same blended-baseline effect as touches_def_pen_area/aerials -- confirmed 26/27 flagged rows are GK or DF, matching the football-logical expectation that WhoScored errors (mistakes leading to a shot/goal) concentrate among the players closest to danger."
3565,fbref_red_cards,fbref,1797,Juninho Bacuna,Groningen,2016,4,0.21661721068249258160,0.62006850528835109151,6.10155612976685059737,2026-09-29 00:19:30.553236,True,Rare discrete event (card/penalty/own goal) -- any real occurrence reads as a z-score outlier even with a proper minutes floor; not a data bug.
3810,fbref_yellow_cards_per90,fbref,741,Thomas Bruns,Heracles Almelo,2023,0.83,0.13776504297994269341,0.11353080413323492359,6.09733157714341386860,2026-09-29 00:19:30.553236,True,"Single row, plausible real season total, not worth a bulk rule."
3754,ws_errors,ws,58,Esteban Alvarado,AZ Alkmaar,2014,9,0.89456869009584664537,1.3295468270424322,6.09638648676604322711,2026-09-29 00:19:30.553236,True,"Position-driven, same blended-baseline effect as touches_def_pen_area/aerials -- confirmed 26/27 flagged rows are GK or DF, matching the football-logical expectation that WhoScored errors (mistakes leading to a shot/goal) concentrate among the players closest to danger."
3984,ws_aerials_won_per90,ws,1895,Lars Veldwijk,Sparta R.,2019,9.22,1.4621232876712329,1.2729953360642716,6.0941909939072107,2026-09-29 00:19:30.553236,True,"Genuine elite aerial performance, mostly forwards (confirmed 42/46 flagged rows are FW) -- same blended-position-baseline effect as touches_def_pen_area, but manifesting as real standout performers rather than a purely structural artifact."
3669,ws_touches_def_pen_area,ws,99,Kostas Lamprou,RKC Waalwijk,2020,1518,115.4085365853658537,230.342221508504,6.0891635681426816,2026-09-29 00:19:30.553236,True,Structural: touches_def_pen_area naturally clusters almost entirely among goalkeepers (confirmed via derive_possession_stats.py sanity check and re-confirmed here: 31/31 flagged rows are GK). Not a bug -- a blended-position z-score baseline will always flag keepers here.
3537,fbref_non_penalty_goals_per90,fbref,2014,Ruud Boymans,Utrecht,2015,1.13,0.12258258258258258258,0.16545099899732788289,6.08891710248112625171,2026-09-29 00:19:30.553236,True,"Genuine elite attacking/creative production, comparable to the confirmed Tadic 2022 case."
3616,fbref_fouls_drawn,fbref,980,Oussama Tannane,Vitesse,2020,104,17.1310541310541311,14.2772517873685551,6.0844304746240461,2026-09-29 00:19:30.553236,True,"Genuine season-long total for a combative/foul-drawing player, not a small-sample artifact."
3748,ws_interceptions_att_3rd,ws,1428,Malik Tillman,PSV,2024,10,1.1183431952662722,1.4629613804068332,6.0710124844606892,2026-09-29 00:19:30.553236,True,"High-press tactical trait, not position-concentrated (checked: spreads across MF/FW/DF combinations) -- plausible genuine standout pressing seasons."
3821,fbref_red_cards_per90,fbref,24,Mitchell Schet,ADO Den Haag,2014,0.16,0.00904191616766467066,0.02487768354689836672,6.06801206180452751576,2026-09-29 00:19:30.553236,True,Rare discrete event (card/penalty/own goal) -- any real occurrence reads as a z-score outlier even with a proper minutes floor; not a data bug.
3900,fbref_own_goals_per90,fbref,1487,Syb Van Ottele,Fortuna Sittard,2025,0.10,0.00324858757062146893,0.01594645113962352158,6.06726923641160242541,2026-09-29 00:19:30.553236,True,Rare discrete event (card/penalty/own goal) -- any real occurrence reads as a z-score outlier even with a proper minutes floor; not a data bug.
3865,fbref_second_yellow_cards_per90,fbref,98,Jordy Clasie,AZ Alkmaar,2025,0.11,0.00389830508474576271,0.01749304507552382516,6.06536451813704863222,2026-09-29 00:19:30.553236,True,Rare discrete event (card/penalty/own goal) -- any real occurrence reads as a z-score outlier even with a proper minutes floor; not a data bug.
3637,fbref_own_goals,fbref,1915,Frederik Holst,Sparta R.,2017,2,0.09552238805970149254,0.31405825188190553239,6.06409034161100160454,2026-09-29 00:19:30.553236,True,Rare discrete event (card/penalty/own goal) -- any real occurrence reads as a z-score outlier even with a proper minutes floor; not a data bug.
3639,fbref_own_goals,fbref,325,Jurgen Mattheij,Excelsior,2017,2,0.09552238805970149254,0.31405825188190553239,6.06409034161100160454,2026-09-29 00:19:30.553236,True,Rare discrete event (card/penalty/own goal) -- any real occurrence reads as a z-score outlier even with a proper minutes floor; not a data bug.
3541,fbref_non_penalty_goals_per90,fbref,,Dmitri Bulykin,Ajax,2011,1.26,0.13927927927927927928,0.18514425365028200334,6.05322983902943125282,2026-09-21 22:42:32.067537,True,"Genuine elite attacking/creative production, comparable to the confirmed Tadic 2022 case."
4120,fbref_non_penalty_goals_per90,fbref,,Dmitri Bulykin,Ajax,2011,1.26,0.13927927927927927928,0.18514425365028200334,6.05322983902943125282,2026-09-28 21:27:51.725506,True,"Genuine elite attacking production, same category as the earlier confirmed attacking-production cluster."
3690,ws_touches_att_pen_area,ws,379,Luuk de Jong,PSV,2016,289,37.5756676557863501,41.5483195635621978,6.0513718722023199,2026-09-29 00:19:30.553236,True,"Genuine elite attacking/creative production, comparable to the confirmed Tadic 2022 case."
3850,fbref_red_cards_per90,fbref,2454,Jan Faberski,Zwolle,2025,0.19,0.00991525423728813559,0.02977238761166941142,6.04871695584558685811,2026-09-29 00:19:30.553236,True,Rare discrete event (card/penalty/own goal) -- any real occurrence reads as a z-score outlier even with a proper minutes floor; not a data bug.
3474,fbref_penalty_goals,fbref,1036,Sébastien Haller,Utrecht,2014,4,0.16467065868263473054,0.63421729154151538711,6.04734275219033111795,2026-09-29 00:19:30.553236,True,Rare discrete event (card/penalty/own goal) -- any real occurrence reads as a z-score outlier even with a proper minutes floor; not a data bug.
3473,fbref_penalty_goals,fbref,283,Marko Vejinović,Vitesse,2014,4,0.16467065868263473054,0.63421729154151538711,6.04734275219033111795,2026-09-29 00:19:30.553236,True,Rare discrete event (card/penalty/own goal) -- any real occurrence reads as a z-score outlier even with a proper minutes floor; not a data bug.
3485,fbref_penalty_goals,fbref,94,Erik Bakker,Cambuur,2014,4,0.16467065868263473054,0.63421729154151538711,6.04734275219033111795,2026-09-29 00:19:30.553236,True,Rare discrete event (card/penalty/own goal) -- any real occurrence reads as a z-score outlier even with a proper minutes floor; not a data bug.
3483,fbref_penalty_goals,fbref,333,Jeff Stans,Excelsior,2014,4,0.16467065868263473054,0.63421729154151538711,6.04734275219033111795,2026-09-29 00:19:30.553236,True,Rare discrete event (card/penalty/own goal) -- any real occurrence reads as a z-score outlier even with a proper minutes floor; not a data bug.
3482,fbref_penalty_goals,fbref,23,Roland Alberg,ADO Den Haag,2014,4,0.16467065868263473054,0.63421729154151538711,6.04734275219033111795,2026-09-29 00:19:30.553236,True,Rare discrete event (card/penalty/own goal) -- any real occurrence reads as a z-score outlier even with a proper minutes floor; not a data bug.
3768,ws_final_third_entries,ws,261,Dušan Tadić,Twente,2013,862,159.2097264437689970,116.250787158040,6.0454667941371049,2026-09-29 00:19:30.553236,True,"Genuine elite attacking/creative production, comparable to the confirmed Tadic 2022 case."
3417,fbref_assists,fbref,381,Hakim Ziyech,Twente,2014,16,1.7784431137724551,2.3542210448438079,6.0408757781583258,2026-09-29 00:19:30.553236,True,"Genuine elite attacking/creative production, comparable to the confirmed Tadic 2022 case."
3718,ws_take_ons_won,ws,1872,Gyrano Kerk,Utrecht,2020,115,16.5670731707317073,16.2969879949384481,6.0399459617838457,2026-09-29 00:19:30.553236,True,"Genuine elite attacking/creative production, comparable to the confirmed Tadic 2022 case."
3919,fbref_own_goals_per90,fbref,2488,Paweł Bochniewicz,Heerenveen,2023,0.08,0.00277936962750716332,0.01279861830964465515,6.03351303275461259252,2026-09-29 00:19:30.553236,True,Rare discrete event (card/penalty/own goal) -- any real occurrence reads as a z-score outlier even with a proper minutes floor; not a data bug.
3943,ws_tackles_att_3rd_per90,ws,190,Alireza Jahanbakhsh,Feyenoord,2023,1.37,0.22087378640776699029,0.19048352757692470724,6.03268024385032899015,2026-09-29 00:19:30.553236,True,"Zone-matched position pattern, same blended-baseline limitation as touches_def_pen_area/aerials/errors -- MF dominates att_3rd/mid_3rd tackle+interception variants (pressing/midfield actions), DF dominates def_3rd variants and clearances (own-box defending). Confirmed via position breakdown, not assumed."
3615,fbref_fouls_drawn,fbref,478,Mark Diemers,Fortuna Sittard,2019,87,14.7055016181229773,11.9951560363016806,6.0269744022576883,2026-09-29 00:19:30.553236,True,"Genuine season-long total for a combative/foul-drawing player, not a small-sample artifact."
3938,ws_tackles_mid_3rd_per90,ws,2348,Nick Fichtinger,Zwolle,2025,3.06,0.59141566265060240964,0.40979117310472228111,6.02400563840000033014,2026-09-29 00:19:30.553236,True,"Zone-matched position pattern, same blended-baseline limitation as touches_def_pen_area/aerials/errors -- MF dominates att_3rd/mid_3rd tackle+interception variants (pressing/midfield actions), DF dominates def_3rd variants and clearances (own-box defending). Confirmed via position breakdown, not assumed."
3534,fbref_goals_plus_assists_per90,fbref,1429,Ricardo Pepi,PSV,2024,1.69,0.23985955056179775281,0.24077745541327243217,6.02274181753922553888,2026-09-29 00:19:30.553236,True,"Genuine elite attacking/creative production, comparable to the confirmed Tadic 2022 case."
3875,fbref_second_yellow_cards_per90,fbref,406,Jordens Peters,Willem II,2020,0.08,0.00256410256410256410,0.01286104946754320707,6.02096256851500114556,2026-09-29 00:19:30.553236,True,Rare discrete event (card/penalty/own goal) -- any real occurrence reads as a z-score outlier even with a proper minutes floor; not a data bug.
3973,ws_aerials_per90,ws,1006,Paul Gladon,Groningen,2018,18.91,3.3841503267973856,2.5790586852411726,6.0199675804394359,2026-09-29 00:19:30.553236,True,"Genuine elite aerial performance, mostly forwards (confirmed 42/46 flagged rows are FW) -- same blended-position-baseline effect as touches_def_pen_area, but manifesting as real standout performers rather than a purely structural artifact."
3424,fbref_assists,fbref,1217,Joey Veerman,PSV,2023,16,1.9283667621776504,2.3385875790953327,6.0171504217369823,2026-09-29 00:19:30.553236,True,"Genuine elite attacking/creative production, comparable to the confirmed Tadic 2022 case."
3978,ws_aerials_per90,ws,2346,Apostolos Vellios,Zwolle,2023,15.68,2.7773462783171521,2.1461100599555170,6.0121118494502023,2026-09-29 00:19:30.553236,True,"Genuine elite aerial performance, mostly forwards (confirmed 42/46 flagged rows are FW) -- same blended-position-baseline effect as touches_def_pen_area, but manifesting as real standout performers rather than a purely structural artifact."
3510,fbref_penalty_goals,fbref,261,Dušan Tadić,Twente,2012,5,0.20249221183800623053,0.79811889431989077828,6.01101893753579556693,2026-09-29 00:19:30.553236,True,Rare discrete event (card/penalty/own goal) -- any real occurrence reads as a z-score outlier even with a proper minutes floor; not a data bug.
3511,fbref_penalty_goals,fbref,107,Lex Immers,Feyenoord,2012,5,0.20249221183800623053,0.79811889431989077828,6.01101893753579556693,2026-09-29 00:19:30.553236,True,Rare discrete event (card/penalty/own goal) -- any real occurrence reads as a z-score outlier even with a proper minutes floor; not a data bug.
3723,ws_take_ons_won,ws,2244,Osame Sahraoui,Heerenveen,2023,100,13.9255663430420712,14.3215948136419590,6.0101151287263193,2026-09-29 00:19:30.553236,True,"Genuine elite attacking/creative production, comparable to the confirmed Tadic 2022 case."
3780,ws_pen_area_entries,ws,381,Hakim Ziyech,Ajax,2019,152,18.5547945205479452,22.2058568856588289,6.0094598540637604,2026-09-29 00:19:30.553236,True,"Genuine elite attacking/creative production, comparable to the confirmed Tadic 2022 case."
3777,ws_pen_area_entries,ws,381,Hakim Ziyech,Ajax,2018,207,24.0522875816993464,30.5453794847038460,5.9893743507071191,2026-09-29 00:19:30.553236,True,"Genuine elite attacking/creative production, comparable to the confirmed Tadic 2022 case."
3962,ws_errors_per90,ws,1439,Alec Van Hoorenbeeck,Twente,2023,0.34,0.02838187702265372168,0.05204864540670716783,5.98705538909548821837,2026-09-29 00:19:30.553236,True,"Position-driven, same blended-baseline effect as touches_def_pen_area/aerials -- confirmed 26/27 flagged rows are GK or DF, matching the football-logical expectation that WhoScored errors (mistakes leading to a shot/goal) concentrate among the players closest to danger."
4009,fbref_assists,fbref,,Dries Mertens,PSV,2012,17,2.0124610591900312,2.5037160854937456,5.9861176064035829,2026-09-28 21:27:51.725506,True,"Genuine elite attacking production, same category as the earlier confirmed attacking-production cluster."
3430,fbref_assists,fbref,,Dries Mertens,PSV,2012,17,2.0124610591900312,2.5037160854937456,5.9861176064035829,2026-09-21 22:42:32.067537,True,"Genuine elite attacking/creative production, comparable to the confirmed Tadic 2022 case."
3405,fbref_minutes_per_sub,fbref,360,Mickey van der Hart,Heerenveen,2024,75.0,23.4034482758620690,8.6219717218712729,5.9843100149880396,2026-09-21 22:42:32.067537,True,"Known script limitation, not a data bug: minutes_per_sub has no floor on the number of substitute appearances behind it, so a player with only 1-2 sub appearances can show an extreme-looking rate off a tiny sample -- same root cause as the original nineties-floor gap, different denominator. Not yet fixed in flag_outliers.py. See known_issues.md."
3829,fbref_red_cards_per90,fbref,1757,Thomas Meißner,ADO Den Haag,2017,0.25,0.01241071428571428571,0.03970590848278750566,5.98372622092957696711,2026-09-29 00:19:30.553236,True,Rare discrete event (card/penalty/own goal) -- any real occurrence reads as a z-score outlier even with a proper minutes floor; not a data bug.
3854,fbref_red_cards_per90,fbref,1940,Guy Ramos,RKC Waalwijk,2012,0.17,0.01161993769470404984,0.02647862536549255836,5.98143068679463324815,2026-09-29 00:19:30.553236,True,Rare discrete event (card/penalty/own goal) -- any real occurrence reads as a z-score outlier even with a proper minutes floor; not a data bug.
3762,ws_errors,ws,2082,Janis Blaswich,Heracles Almelo,2020,5,0.42073170731707317073,0.76613934342790834817,5.97706974842732856016,2026-09-29 00:19:30.553236,True,"Position-driven, same blended-baseline effect as touches_def_pen_area/aerials -- confirmed 26/27 flagged rows are GK or DF, matching the football-logical expectation that WhoScored errors (mistakes leading to a shot/goal) concentrate among the players closest to danger."
3621,fbref_offsides,fbref,885,Vangelis Pavlidis,AZ Alkmaar,2021,29,2.6761363636363636,4.4109032046812228,5.9679077991161834,2026-09-29 00:19:30.553236,True,"Genuine elite attacking/creative production, comparable to the confirmed Tadic 2022 case."
3966,ws_pen_area_entries_per90,ws,381,Hakim Ziyech,Ajax,2018,7.75,1.1572875816993464,1.1053782806148836,5.9642138206599793,2026-09-29 00:19:30.553236,True,"Genuine elite attacking/creative production, comparable to the confirmed Tadic 2022 case."
3442,fbref_goals_plus_assists,fbref,871,Sem Steijn,Twente,2024,31,4.0898876404494382,4.5151150206070720,5.9600059437538779,2026-09-29 00:19:30.553236,True,"Genuine elite attacking/creative production, comparable to the confirmed Tadic 2022 case."
3802,ws_aerials_won,ws,1036,Sébastien Haller,Utrecht,2016,187,26.1661721068249258,26.9998178103430849,5.9568486359031239,2026-09-29 00:19:30.553236,True,"Genuine elite aerial performance, mostly forwards (confirmed 42/46 flagged rows are FW) -- same blended-position-baseline effect as touches_def_pen_area, but manifesting as real standout performers rather than a purely structural artifact."
3651,ws_touches_att_3rd,ws,261,Dušan Tadić,Ajax,2021,1636,261.6475644699140401,231.176523899778,5.9450346096816873,2026-09-29 00:19:30.553236,True,"Genuine elite attacking production, same category as the earlier confirmed cluster -- missed from the first bulk pass."
3745,ws_interceptions_att_3rd,ws,1085,Ramiz Zerrouki,Twente,2022,10,1.1827242524916944,1.4843069832000800,5.9403316479039727,2026-09-29 00:19:30.553236,True,"High-press tactical trait, not position-concentrated (checked: spreads across MF/FW/DF combinations) -- plausible genuine standout pressing seasons."
3577,fbref_red_cards,fbref,1107,Arjan Swinkels,Willem II,2010,3,0.20121951219512195122,0.47157589987496242360,5.93495233438979834364,2026-09-29 00:19:30.553236,True,Rare discrete event (card/penalty/own goal) -- any real occurrence reads as a z-score outlier even with a proper minutes floor; not a data bug.
3404,fbref_minutes_per_sub,fbref,2073,Nick Bakker,Heerenveen,2021,77.0,22.3731884057971014,9.2068278209367083,5.9332934922470542,2026-09-21 22:42:32.067537,True,"Known script limitation, not a data bug: minutes_per_sub has no floor on the number of substitute appearances behind it, so a player with only 1-2 sub appearances can show an extreme-looking rate off a tiny sample -- same root cause as the original nineties-floor gap, different denominator. Not yet fixed in flag_outliers.py. See known_issues.md."
3663,ws_touches_def_pen_area,ws,1793,Sergio Padt,Groningen,2015,2015,134.9609609609609610,316.985511871478,5.9309935900202978,2026-09-29 00:19:30.553236,True,Structural: touches_def_pen_area naturally clusters almost entirely among goalkeepers (confirmed via derive_possession_stats.py sanity check and re-confirmed here: 31/31 flagged rows are GK). Not a bug -- a blended-position z-score baseline will always flag keepers here.
3853,fbref_red_cards_per90,fbref,,Mateusz Prus,Roda JC,2010,0.17,0.01057926829268292683,0.02689826449981691365,5.92680363108193058381,2026-09-21 22:42:32.067537,True,Rare discrete event (card/penalty/own goal) -- any real occurrence reads as a z-score outlier even with a proper minutes floor; not a data bug.
4432,fbref_red_cards_per90,fbref,,Mateusz Prus,Roda JC,2010,0.17,0.01057926829268292683,0.02689826449981691365,5.92680363108193058381,2026-09-28 21:27:51.725506,True,Rare discrete event (penalty/red card/own goal) -- any real occurrence reads as a z-score outlier even with a proper minutes floor; not a data bug.
3555,fbref_shots_on_target,fbref,381,Hakim Ziyech,Twente,2015,71,8.6846846846846847,10.5181844675614183,5.9245315108799161,2026-09-29 00:19:30.553236,True,"Genuine elite attacking/creative production, comparable to the confirmed Tadic 2022 case."
3674,ws_touches_def_pen_area,ws,1793,Sergio Padt,Groningen,2020,1480,115.4085365853658537,230.342221508504,5.9241916418013483,2026-09-29 00:19:30.553236,True,Structural: touches_def_pen_area naturally clusters almost entirely among goalkeepers (confirmed via derive_possession_stats.py sanity check and re-confirmed here: 31/31 flagged rows are GK). Not a bug -- a blended-position z-score baseline will always flag keepers here.
3620,fbref_offsides,fbref,1105,Giorgos Giakoumakis,VVV-Venlo,2020,31,2.6866096866096866,4.7813707136663124,5.9216053322248796,2026-09-29 00:19:30.553236,True,"Genuine elite attacking/creative production, comparable to the confirmed Tadic 2022 case."
3941,ws_tackles_att_3rd_per90,ws,382,Jelle van der Heyden,Twente,2015,1.00,0.14438438438438438438,0.14477858873265089494,5.90982149436199508204,2026-09-29 00:19:30.553236,True,"Zone-matched position pattern, same blended-baseline limitation as touches_def_pen_area/aerials/errors -- MF dominates att_3rd/mid_3rd tackle+interception variants (pressing/midfield actions), DF dominates def_3rd variants and clearances (own-box defending). Confirmed via position breakdown, not assumed."
3786,ws_aerials,ws,1036,Sébastien Haller,Utrecht,2015,334,52.6696696696696697,47.6482993686225753,5.9043099975902261,2026-09-29 00:19:30.553236,True,"Genuine elite aerial performance, mostly forwards (confirmed 42/46 flagged rows are FW) -- same blended-position-baseline effect as touches_def_pen_area, but manifesting as real standout performers rather than a purely structural artifact."
3431,fbref_assists,fbref,195,Luciano Narsingh,Heerenveen,2011,19,2.0540540540540541,2.8712466474203101,5.9019471424271890,2026-09-29 00:19:30.553236,True,"Genuine elite attacking/creative production, comparable to the confirmed Tadic 2022 case."
3535,fbref_goals_plus_assists_per90,fbref,854,Cody Gakpo,PSV,2022,1.68,0.24076246334310850440,0.24428769056857092938,5.89156798407286593684,2026-09-29 00:19:30.553236,True,"Genuine elite attacking/creative production, comparable to the confirmed Tadic 2022 case."
3825,fbref_red_cards_per90,fbref,242,Tim Hölscher,Twente,2015,0.15,0.00801801801801801802,0.02412891405866158702,5.88430882702798342564,2026-09-29 00:19:30.553236,True,Rare discrete event (card/penalty/own goal) -- any real occurrence reads as a z-score outlier even with a proper minutes floor; not a data bug.
3788,ws_aerials,ws,1036,Sébastien Haller,Utrecht,2016,322,52.0474777448071217,45.9828267748148367,5.8707248159664695,2026-09-29 00:19:30.553236,True,"Genuine elite aerial performance, mostly forwards (confirmed 42/46 flagged rows are FW) -- same blended-position-baseline effect as touches_def_pen_area, but manifesting as real standout performers rather than a purely structural artifact."
3626,fbref_offsides,fbref,379,Luuk de Jong,PSV,2023,26,2.4813753581661891,4.0061479118300164,5.8706331267460507,2026-09-29 00:19:30.553236,True,"Genuine elite attacking/creative production, comparable to the confirmed Tadic 2022 case."
3952,ws_interceptions_att_3rd_per90,ws,982,Yassin Oukili,Fortuna Sittard,2025,0.57,0.06695783132530120482,0.08583035698502541449,5.86088869189327936806,2026-09-29 00:19:30.553236,True,"High-press tactical trait, not position-concentrated (checked: spreads across MF/FW/DF combinations) -- plausible genuine standout pressing seasons."
3706,ws_take_ons,ws,2103,Chidera Ejuke,Heerenveen,2019,207,27.5239726027397260,30.6476950239497416,5.8561019762500294,2026-09-29 00:19:30.553236,True,"Genuine elite attacking/creative production, comparable to the confirmed Tadic 2022 case."
3691,ws_touches_att_pen_area,ws,261,Dušan Tadić,Ajax,2019,249,32.9178082191780822,36.9450240499643037,5.8487495227664007,2026-09-29 00:19:30.553236,True,"Genuine elite attacking/creative production, comparable to the confirmed Tadic 2022 case."
3415,fbref_on_off,fbref,808,Lutsharel Geertruida,Feyenoord,2023,-6.29,0.02650145772594752187,1.0805857218151882,5.84544227284011275332,2026-09-21 22:42:32.067537,True,"Methodology limitation, not a player-level finding: on_off has a near-zero season mean/stddev, making the z-score formula hypersensitive -- nearly any nonzero value reads as extreme regardless of real magnitude. Mixes genuine stars (Tadic, Reijnders) with unknowns at similarly wild z-scores, confirming this is a metric-scaling issue, not 8 individual stories. See known_issues.md."
3860,fbref_second_yellow_cards_per90,fbref,1876,Bart Schenkeveld,Zwolle,2016,0.08,0.00319402985074626866,0.01314160418890284871,5.84448968673937977881,2026-09-29 00:19:30.553236,True,Rare discrete event (card/penalty/own goal) -- any real occurrence reads as a z-score outlier even with a proper minutes floor; not a data bug.
3859,fbref_second_yellow_cards_per90,fbref,465,Robin Pröpper,Heracles Almelo,2016,0.08,0.00319402985074626866,0.01314160418890284871,5.84448968673937977881,2026-09-29 00:19:30.553236,True,Rare discrete event (card/penalty/own goal) -- any real occurrence reads as a z-score outlier even with a proper minutes floor; not a data bug.
3728,ws_dispossessed,ws,1872,Gyrano Kerk,Utrecht,2020,107,16.2774390243902439,15.5616317400256181,5.8298874109882005,2026-09-29 00:19:30.553236,True,Dribble-heavy attacking players -- same category as the earlier confirmed attacking-production cluster (high take-ons correlates with high dispossessions).
3820,fbref_red_cards_per90,fbref,810,Michael Pinto,Fortuna Sittard,2019,0.16,0.00889967637540453074,0.02593860696074016713,5.82530603333078027456,2026-09-29 00:19:30.553236,True,Rare discrete event (card/penalty/own goal) -- any real occurrence reads as a z-score outlier even with a proper minutes floor; not a data bug.
3954,ws_errors_per90,ws,1040,Timo Letschert,Groningen,2013,0.47,0.04465045592705167173,0.07305996539828645340,5.82192369999294395822,2026-09-29 00:19:30.553236,True,"Position-driven, same blended-baseline effect as touches_def_pen_area/aerials -- confirmed 26/27 flagged rows are GK or DF, matching the football-logical expectation that WhoScored errors (mistakes leading to a shot/goal) concentrate among the players closest to danger."
3445,fbref_goals_plus_assists,fbref,1213,Wilfried Bony,Vitesse,2012,39,4.8691588785046729,5.8833729358934691,5.8012370613579166,2026-09-29 00:19:30.553236,True,"Genuine elite attacking/creative production, comparable to the confirmed Tadic 2022 case."
3450,fbref_non_penalty_goals,fbref,379,Luuk de Jong,PSV,2015,23,2.3903903903903904,3.5530613176040693,5.8005217944021461,2026-09-29 00:19:30.553236,True,"Genuine elite attacking/creative production, comparable to the confirmed Tadic 2022 case."
3972,ws_aerials_per90,ws,1848,Ragnar Ache,Sparta R.,2017,18.57,3.3224107142857143,2.6337003916919430,5.7894167969193043,2026-09-29 00:19:30.553236,True,"Genuine elite aerial performance, mostly forwards (confirmed 42/46 flagged rows are FW) -- same blended-position-baseline effect as touches_def_pen_area, but manifesting as real standout performers rather than a purely structural artifact."
3740,ws_interceptions_def_3rd,ws,1710,Eric Botteghin,Groningen,2013,99,12.8632218844984802,14.9005693319779088,5.7807709354195315,2026-09-29 00:19:30.553236,True,"Zone-matched position pattern, same blended-baseline limitation as touches_def_pen_area/aerials/errors -- MF dominates att_3rd/mid_3rd tackle+interception variants (pressing/midfield actions), DF dominates def_3rd variants and clearances (own-box defending). Confirmed via position breakdown, not assumed."
3932,ws_tackles_won_per90,ws,575,Jonas Svensson,AZ Alkmaar,2016,5.64,1.2393471810089021,0.76161806212759550335,5.77803106021118380265,2026-09-29 00:19:30.553236,True,"Zone-matched position pattern, same blended-baseline limitation as touches_def_pen_area/aerials/errors -- MF dominates att_3rd/mid_3rd tackle+interception variants (pressing/midfield actions), DF dominates def_3rd variants and clearances (own-box defending). Confirmed via position breakdown, not assumed."
3837,fbref_red_cards_per90,fbref,1096,Idrissa Touré,Vitesse,2020,0.16,0.00937321937321937322,0.02606925437380255435,5.77794740374884253914,2026-09-29 00:19:30.553236,True,Rare discrete event (card/penalty/own goal) -- any real occurrence reads as a z-score outlier even with a proper minutes floor; not a data bug.
3767,ws_final_third_entries,ws,381,Hakim Ziyech,Ajax,2017,942,166.1428571428571429,134.334569437067,5.7755583399596637,2026-09-29 00:19:30.553236,True,"Genuine elite attacking/creative production, comparable to the confirmed Tadic 2022 case."
3770,ws_final_third_entries,ws,31,Daley Blind,Ajax,2021,957,159.1690544412607450,138.251946274966,5.7708478401595324,2026-09-29 00:19:30.553236,True,"Genuine elite attacking/creative production, comparable to the confirmed Tadic 2022 case."
3652,ws_touches_att_3rd,ws,261,Dušan Tadić,Ajax,2022,1642,276.4950166112956811,236.864470689639,5.7649210935392290,2026-09-29 00:19:30.553236,True,"Genuine elite attacking production, same category as the earlier confirmed cluster -- missed from the first bulk pass."
3439,fbref_goals_plus_assists,fbref,261,Dušan Tadić,Ajax,2021,32,3.9772727272727273,4.8615645254187087,5.7641376816476128,2026-09-29 00:19:30.553236,True,"Genuine elite attacking/creative production, comparable to the confirmed Tadic 2022 case."
3930,ws_tackles_per90,ws,575,Jonas Svensson,AZ Alkmaar,2016,7.44,1.6852225519287834,0.99845566511697581896,5.76367849782995180612,2026-09-29 00:19:30.553236,True,"Zone-matched position pattern, same blended-baseline limitation as touches_def_pen_area/aerials/errors -- MF dominates att_3rd/mid_3rd tackle+interception variants (pressing/midfield actions), DF dominates def_3rd variants and clearances (own-box defending). Confirmed via position breakdown, not assumed."
3617,fbref_offsides,fbref,213,Tim Matavž,Vitesse,2019,24,2.1262135922330097,3.7959640520031753,5.7623797560000426,2026-09-29 00:19:30.553236,True,"Genuine elite attacking/creative production, comparable to the confirmed Tadic 2022 case."
3419,fbref_assists,fbref,381,Hakim Ziyech,Ajax,2019,13,1.5177993527508091,1.9960611404696716,5.7524293291674614,2026-09-29 00:19:30.553236,True,"Genuine elite attacking/creative production, comparable to the confirmed Tadic 2022 case."
3458,fbref_non_penalty_goals,fbref,379,Luuk de Jong,PSV,2023,23,2.4871060171919771,3.5699866290830146,5.7459301992055239,2026-09-29 00:19:30.553236,True,"Genuine elite attacking/creative production, comparable to the confirmed Tadic 2022 case."
3581,fbref_second_yellow_cards,fbref,1296,Redouan El Yaakoubi,Excelsior,2022,1,0.02932551319648093842,0.16896523196169147890,5.74481788669751028311,2026-09-29 00:19:30.553236,True,Rare discrete event (card/penalty/own goal) -- any real occurrence reads as a z-score outlier even with a proper minutes floor; not a data bug.
3578,fbref_second_yellow_cards,fbref,674,Mees Hoedemakers,Cambuur,2022,1,0.02932551319648093842,0.16896523196169147890,5.74481788669751028311,2026-09-29 00:19:30.553236,True,Rare discrete event (card/penalty/own goal) -- any real occurrence reads as a z-score outlier even with a proper minutes floor; not a data bug.
3611,fbref_second_yellow_cards,fbref,1816,Mike te Wierik,Emmen,2022,1,0.02932551319648093842,0.16896523196169147890,5.74481788669751028311,2026-09-29 00:19:30.553236,True,Rare discrete event (card/penalty/own goal) -- any real occurrence reads as a z-score outlier even with a proper minutes floor; not a data bug.
3610,fbref_second_yellow_cards,fbref,2124,Miguel Araujo,Emmen,2022,1,0.02932551319648093842,0.16896523196169147890,5.74481788669751028311,2026-09-29 00:19:30.553236,True,Rare discrete event (card/penalty/own goal) -- any real occurrence reads as a z-score outlier even with a proper minutes floor; not a data bug.
3601,fbref_second_yellow_cards,fbref,1318,Doğan Erdoğan,Fortuna Sittard,2022,1,0.02932551319648093842,0.16896523196169147890,5.74481788669751028311,2026-09-29 00:19:30.553236,True,Rare discrete event (card/penalty/own goal) -- any real occurrence reads as a z-score outlier even with a proper minutes floor; not a data bug.
3596,fbref_second_yellow_cards,fbref,300,Anwar El Ghazi,PSV,2022,1,0.02932551319648093842,0.16896523196169147890,5.74481788669751028311,2026-09-29 00:19:30.553236,True,Rare discrete event (card/penalty/own goal) -- any real occurrence reads as a z-score outlier even with a proper minutes floor; not a data bug.
3600,fbref_second_yellow_cards,fbref,1060,Shurandy Sambo,Sparta R.,2022,1,0.02932551319648093842,0.16896523196169147890,5.74481788669751028311,2026-09-29 00:19:30.553236,True,Rare discrete event (card/penalty/own goal) -- any real occurrence reads as a z-score outlier even with a proper minutes floor; not a data bug.
3599,fbref_second_yellow_cards,fbref,153,Mats Seuntjens,Fortuna Sittard,2022,1,0.02932551319648093842,0.16896523196169147890,5.74481788669751028311,2026-09-29 00:19:30.553236,True,Rare discrete event (card/penalty/own goal) -- any real occurrence reads as a z-score outlier even with a proper minutes floor; not a data bug.
3598,fbref_second_yellow_cards,fbref,2233,Isak Määttä,Groningen,2022,1,0.02932551319648093842,0.16896523196169147890,5.74481788669751028311,2026-09-29 00:19:30.553236,True,Rare discrete event (card/penalty/own goal) -- any real occurrence reads as a z-score outlier even with a proper minutes floor; not a data bug.
3597,fbref_second_yellow_cards,fbref,1348,Carlens Arcus,Vitesse,2022,1,0.02932551319648093842,0.16896523196169147890,5.74481788669751028311,2026-09-29 00:19:30.553236,True,Rare discrete event (card/penalty/own goal) -- any real occurrence reads as a z-score outlier even with a proper minutes floor; not a data bug.
3722,ws_take_ons_won,ws,1253,Mika Godts,Ajax,2025,85,11.6837349397590361,12.7729169873046669,5.7399782002115804,2026-09-29 00:19:30.553236,True,"Genuine elite attacking/creative production, comparable to the confirmed Tadic 2022 case."
3522,fbref_goals_per90,fbref,1429,Ricardo Pepi,PSV,2023,1.30,0.15203438395415472779,0.20001189323396762355,5.73948677493388451197,2026-09-29 00:19:30.553236,True,"Genuine elite attacking/creative production, comparable to the confirmed Tadic 2022 case."
3575,fbref_red_cards,fbref,,Paweł Kieszek,Roda JC,2011,3,0.24024024024024024024,0.48090270532645536010,5.73870707981633847019,2026-09-21 22:42:32.067537,True,Rare discrete event (card/penalty/own goal) -- any real occurrence reads as a z-score outlier even with a proper minutes floor; not a data bug.
4154,fbref_red_cards,fbref,,Paweł Kieszek,Roda JC,2011,3,0.24024024024024024024,0.48090270532645536010,5.73870707981633847019,2026-09-28 21:27:51.725506,True,Rare discrete event (penalty/red card/own goal) -- any real occurrence reads as a z-score outlier even with a proper minutes floor; not a data bug.
3628,fbref_offsides,fbref,2237,Thom van Bergen,Groningen,2025,21,2.2033898305084746,3.2789810188262198,5.7324547051572038,2026-09-29 00:19:30.553236,True,"Genuine elite attacking/creative production, comparable to the confirmed Tadic 2022 case."
3942,ws_tackles_att_3rd_per90,ws,30,Joël Veltman,Ajax,2018,1.11,0.17398692810457516340,0.16369439686889170960,5.71805199077833346690,2026-09-29 00:19:30.553236,True,"Zone-matched position pattern, same blended-baseline limitation as touches_def_pen_area/aerials/errors -- MF dominates att_3rd/mid_3rd tackle+interception variants (pressing/midfield actions), DF dominates def_3rd variants and clearances (own-box defending). Confirmed via position breakdown, not assumed."
3965,ws_pen_area_entries_per90,ws,261,Dušan Tadić,Ajax,2020,7.13,1.1574085365853659,1.0449211626994541,5.7158297454565989,2026-09-29 00:19:30.553236,True,"Genuine elite attacking/creative production, comparable to the confirmed Tadic 2022 case."
3437,fbref_goals_plus_assists,fbref,261,Dušan Tadić,Ajax,2018,40,5.1288343558282209,6.1023548940124405,5.7143785063020442,2026-09-29 00:19:30.553236,True,"Genuine elite attacking/creative production, comparable to the confirmed Tadic 2022 case."
3619,fbref_offsides,fbref,1806,Henk Veerman,Heerenveen,2020,30,2.6866096866096866,4.7813707136663124,5.7124602857758020,2026-09-29 00:19:30.553236,True,"Genuine elite attacking/creative production, comparable to the confirmed Tadic 2022 case."
3929,ws_touches_def_pen_area_per90,ws,2049,Filip Bednarek,Utrecht,2015,78.60,6.1819819819819820,12.6805270608852473,5.7109627754670320,2026-09-29 00:19:30.553236,True,"Structural: same as touches_def_pen_area (goalkeeper-dominated), just the per-90 form of the same stat."
3709,ws_take_ons,ws,1253,Mika Godts,Ajax,2025,195,27.9849397590361446,29.2491601190542918,5.7100805479936607,2026-09-29 00:19:30.553236,True,"Genuine elite attacking/creative production, comparable to the confirmed Tadic 2022 case."
3650,ws_touches_att_3rd,ws,261,Dušan Tadić,Twente,2013,1483,241.2978723404255319,218.056107182545,5.6944157341123555,2026-09-29 00:19:30.553236,True,"Genuine elite attacking production, same category as the earlier confirmed cluster -- missed from the first bulk pass."
3950,ws_interceptions_att_3rd_per90,ws,2109,Rami Al Hajj,Heerenveen,2022,0.53,0.06495016611295681063,0.08179087668136127663,5.68583994641324082124,2026-09-29 00:19:30.553236,True,"High-press tactical trait, not position-concentrated (checked: spreads across MF/FW/DF combinations) -- plausible genuine standout pressing seasons."
3526,fbref_assists_per90,fbref,69,Maarten Martens,AZ Alkmaar,2013,0.75,0.09708206686930091185,0.11484611634538394821,5.68515465657661358506,2026-09-29 00:19:30.553236,True,"Genuine elite attacking/creative production, comparable to the confirmed Tadic 2022 case."
3658,ws_touches_def_pen_area,ws,673,Marco Bizot,Groningen,2013,1993,135.9696048632218845,327.302415243974,5.6737448568857394,2026-09-29 00:19:30.553236,True,Structural: touches_def_pen_area naturally clusters almost entirely among goalkeepers (confirmed via derive_possession_stats.py sanity check and re-confirmed here: 31/31 flagged rows are GK). Not a bug -- a blended-position z-score baseline will always flag keepers here.
3449,fbref_non_penalty_goals,fbref,115,Graziano Pellè,Feyenoord,2013,21,2.5896656534954407,3.2448856866735562,5.6736465084468432,2026-09-29 00:19:30.553236,True,"Genuine elite attacking/creative production, comparable to the confirmed Tadic 2022 case."
3819,fbref_red_cards_per90,fbref,1940,Guy Ramos,Roda JC,2013,0.23,0.01303951367781155015,0.03825302818884314419,5.67172055637328650211,2026-09-29 00:19:30.553236,True,Rare discrete event (card/penalty/own goal) -- any real occurrence reads as a z-score outlier even with a proper minutes floor; not a data bug.
3528,fbref_assists_per90,fbref,690,Dylan Vente,Feyenoord,2017,0.79,0.10136904761904761905,0.12157388562498088804,5.66429993448735456442,2026-09-29 00:19:30.553236,True,"Genuine elite attacking/creative production, comparable to the confirmed Tadic 2022 case."
3980,ws_aerials_won_per90,ws,1946,Frank Demouge,Roda JC,2013,7.43,1.1958662613981763,1.1019890250486837,5.6571649961091146,2026-09-29 00:19:30.553236,True,"Genuine elite aerial performance, mostly forwards (confirmed 42/46 flagged rows are FW) -- same blended-position-baseline effect as touches_def_pen_area, but manifesting as real standout performers rather than a purely structural artifact."
3632,fbref_crosses,fbref,1097,Maximilian Wittek,Vitesse,2022,291,31.8064516129032258,45.8210465964653182,5.6566483666283438,2026-09-29 00:19:30.553236,True,"Genuine elite attacking/creative production, comparable to the confirmed Tadic 2022 case."
3732,ws_tackles_mid_3rd,ws,351,Karim El Ahmadi,Feyenoord,2016,72,11.9139465875370920,10.6271362629779300,5.6540211704809390,2026-09-29 00:19:30.553236,True,"Zone-matched position pattern, same blended-baseline limitation as touches_def_pen_area/aerials/errors -- MF dominates att_3rd/mid_3rd tackle+interception variants (pressing/midfield actions), DF dominates def_3rd variants and clearances (own-box defending). Confirmed via position breakdown, not assumed."
4042,fbref_non_penalty_goals,fbref,,Sanharib Malki,Roda JC,2011,24,2.6306306306306306,3.7807245622453063,5.6521888906602797,2026-09-28 21:27:51.725506,True,"Genuine elite attacking production, same category as the earlier confirmed attacking-production cluster."
3463,fbref_non_penalty_goals,fbref,,Sanharib Malki,Roda JC,2011,24,2.6306306306306306,3.7807245622453063,5.6521888906602797,2026-09-21 22:42:32.067537,True,"Genuine elite attacking/creative production, comparable to the confirmed Tadic 2022 case."
3462,fbref_non_penalty_goals,fbref,379,Luuk de Jong,Twente,2011,24,2.6306306306306306,3.7807245622453063,5.6521888906602797,2026-09-29 00:19:30.553236,True,"Genuine elite attacking/creative production, comparable to the confirmed Tadic 2022 case."
3852,fbref_red_cards_per90,fbref,891,Mick van Buren,Excelsior,2011,0.20,0.01429429429429429429,0.03287247902098987043,5.64927596690009704292,2026-09-29 00:19:30.553236,True,Rare discrete event (card/penalty/own goal) -- any real occurrence reads as a z-score outlier even with a proper minutes floor; not a data bug.
3976,ws_aerials_per90,ws,2256,Tobias Lauritsen,Sparta R.,2022,14.21,2.6434883720930233,2.0481696196110503,5.6472430394234000,2026-09-29 00:19:30.553236,True,"Genuine elite aerial performance, mostly forwards (confirmed 42/46 flagged rows are FW) -- same blended-position-baseline effect as touches_def_pen_area, but manifesting as real standout performers rather than a purely structural artifact."
3520,fbref_goals_per90,fbref,1786,Lassina Franck Traoré,Ajax,2020,1.14,0.13470085470085470085,0.17819847353638013333,5.64145766991605748487,2026-09-29 00:19:30.553236,True,"Genuine elite attacking/creative production, comparable to the confirmed Tadic 2022 case."
3519,fbref_goals_per90,fbref,2014,Ruud Boymans,Utrecht,2015,1.13,0.13099099099099099099,0.17718152298495458773,5.63833627896877318773,2026-09-29 00:19:30.553236,True,"Genuine elite attacking/creative production, comparable to the confirmed Tadic 2022 case."
3432,fbref_goals_plus_assists,fbref,591,Nicolai Jørgensen,Feyenoord,2016,32,4.1275964391691395,4.9496011603136024,5.6312423280313134,2026-09-29 00:19:30.553236,True,"Genuine elite attacking/creative production, comparable to the confirmed Tadic 2022 case."
3569,fbref_red_cards,fbref,1816,Mike te Wierik,Groningen,2021,2,0.11363636363636363636,0.33527020805033125715,5.62639802484464315369,2026-09-29 00:19:30.553236,True,Rare discrete event (card/penalty/own goal) -- any real occurrence reads as a z-score outlier even with a proper minutes floor; not a data bug.
3567,fbref_red_cards,fbref,914,Joris Kramer,Go Ahead Eagles,2021,2,0.11363636363636363636,0.33527020805033125715,5.62639802484464315369,2026-09-29 00:19:30.553236,True,Rare discrete event (card/penalty/own goal) -- any real occurrence reads as a z-score outlier even with a proper minutes floor; not a data bug.
3469,fbref_penalty_goals,fbref,1036,Sébastien Haller,Utrecht,2016,4,0.17804154302670623145,0.67989299626064589220,5.62141171918778803772,2026-09-29 00:19:30.553236,True,Rare discrete event (card/penalty/own goal) -- any real occurrence reads as a z-score outlier even with a proper minutes floor; not a data bug.
3468,fbref_penalty_goals,fbref,641,Ricky van Wolfswinkel,Vitesse,2016,4,0.17804154302670623145,0.67989299626064589220,5.62141171918778803772,2026-09-29 00:19:30.553236,True,Rare discrete event (card/penalty/own goal) -- any real occurrence reads as a z-score outlier even with a proper minutes floor; not a data bug.
3465,fbref_non_penalty_goals,fbref,115,Graziano Pellè,Feyenoord,2012,24,2.6542056074766355,3.7974567239263515,5.6210764056984546,2026-09-29 00:19:30.553236,True,"Genuine elite attacking/creative production, comparable to the confirmed Tadic 2022 case."
3548,fbref_shots,fbref,381,Hakim Ziyech,Twente,2015,161,23.8258258258258258,24.4562492258826894,5.6089620655729641,2026-09-29 00:19:30.553236,True,"Genuine elite attacking/creative production, comparable to the confirmed Tadic 2022 case."
3756,ws_errors,ws,110,Erwin Mulder,Heerenveen,2016,6,0.62017804154302670623,0.95957392162564014410,5.60646953529423908324,2026-09-29 00:19:30.553236,True,"Position-driven, same blended-baseline effect as touches_def_pen_area/aerials -- confirmed 26/27 flagged rows are GK or DF, matching the football-logical expectation that WhoScored errors (mistakes leading to a shot/goal) concentrate among the players closest to danger."
3936,ws_tackles_mid_3rd_per90,ws,805,Yassin Ayoub,Excelsior,2022,2.88,0.59853820598006644518,0.40700350862792009940,5.60550891001195459686,2026-09-29 00:19:30.553236,True,"Zone-matched position pattern, same blended-baseline limitation as touches_def_pen_area/aerials/errors -- MF dominates att_3rd/mid_3rd tackle+interception variants (pressing/midfield actions), DF dominates def_3rd variants and clearances (own-box defending). Confirmed via position breakdown, not assumed."
3957,ws_errors_per90,ws,662,Indy Groothuizen,ADO Den Haag,2018,0.33,0.03326797385620915033,0.05294389316457815118,5.60465066710126142157,2026-09-29 00:19:30.553236,True,"Position-driven, same blended-baseline effect as touches_def_pen_area/aerials -- confirmed 26/27 flagged rows are GK or DF, matching the football-logical expectation that WhoScored errors (mistakes leading to a shot/goal) concentrate among the players closest to danger."
3855,fbref_red_cards_per90,fbref,182,Kevin Conboy,NEC Nijmegen,2012,0.16,0.01161993769470404984,0.02647862536549255836,5.60376757694784385543,2026-09-29 00:19:30.553236,True,Rare discrete event (card/penalty/own goal) -- any real occurrence reads as a z-score outlier even with a proper minutes floor; not a data bug.
3719,ws_take_ons_won,ws,807,Luis Sinisterra,Feyenoord,2021,107,15.9226361031518625,16.2670698297844539,5.5988795062580090,2026-09-29 00:19:30.553236,True,"Genuine elite attacking/creative production, comparable to the confirmed Tadic 2022 case."
3460,fbref_non_penalty_goals,fbref,871,Sem Steijn,Twente,2024,18,2.2078651685393258,2.8207570542735608,5.5985448330386881,2026-09-29 00:19:30.553236,True,"Genuine elite attacking/creative production, comparable to the confirmed Tadic 2022 case."
3659,ws_touches_def_pen_area,ws,375,Remko Pasveer,Heracles Almelo,2013,1967,135.9696048632218845,327.302415243974,5.5943076184510050,2026-09-29 00:19:30.553236,True,Structural: touches_def_pen_area naturally clusters almost entirely among goalkeepers (confirmed via derive_possession_stats.py sanity check and re-confirmed here: 31/31 flagged rows are GK). Not a bug -- a blended-position z-score baseline will always flag keepers here.
3576,fbref_red_cards,fbref,182,Kevin Conboy,NEC Nijmegen,2012,3,0.24610591900311526480,0.49230844116885292240,5.59383884310110518521,2026-09-29 00:19:30.553236,True,Rare discrete event (card/penalty/own goal) -- any real occurrence reads as a z-score outlier even with a proper minutes floor; not a data bug.
3550,fbref_shots,fbref,379,Luuk de Jong,PSV,2023,145,23.3524355300859599,21.7555416661842463,5.5915667987709580,2026-09-29 00:19:30.553236,True,"Genuine elite attacking/creative production, comparable to the confirmed Tadic 2022 case."
3559,fbref_shots_on_target,fbref,379,Luuk de Jong,PSV,2023,95,14.0830945558739255,14.4743719473339888,5.5903569245386173,2026-09-29 00:19:30.553236,True,"Genuine elite attacking/creative production, comparable to the confirmed Tadic 2022 case."
3945,ws_interceptions_att_3rd_per90,ws,1029,Sean Klaiber,Ajax,2020,0.60,0.07414634146341463415,0.09406486433398236683,5.59033027113624095108,2026-09-29 00:19:30.553236,True,"High-press tactical trait, not position-concentrated (checked: spreads across MF/FW/DF combinations) -- plausible genuine standout pressing seasons."
3425,fbref_assists,fbref,379,Luuk de Jong,PSV,2023,15,1.9283667621776504,2.3385875790953327,5.5895418904427028,2026-09-29 00:19:30.553236,True,"Genuine elite attacking/creative production, comparable to the confirmed Tadic 2022 case."
3667,ws_touches_def_pen_area,ws,298,Diederik Boer,Zwolle,2017,1461,118.3928571428571429,240.236203063277,5.5886961487794865,2026-09-29 00:19:30.553236,True,Structural: touches_def_pen_area naturally clusters almost entirely among goalkeepers (confirmed via derive_possession_stats.py sanity check and re-confirmed here: 31/31 flagged rows are GK). Not a bug -- a blended-position z-score baseline will always flag keepers here.
3716,ws_take_ons_won,ws,2103,Chidera Ejuke,Heerenveen,2019,103,14.9417808219178082,15.7569610727236529,5.5885280652572547,2026-09-29 00:19:30.553236,True,"Genuine elite attacking/creative production, comparable to the confirmed Tadic 2022 case."
3883,fbref_second_yellow_cards_per90,fbref,1491,Edouard Michut,Fortuna Sittard,2024,0.09,0.00289325842696629213,0.01559342077045882418,5.58612140692402160428,2026-09-29 00:19:30.553236,True,Rare discrete event (card/penalty/own goal) -- any real occurrence reads as a z-score outlier even with a proper minutes floor; not a data bug.
3661,ws_touches_def_pen_area,ws,1292,Stijn van Gassel,Excelsior,2023,1531,123.5016181229773463,251.966675087235,5.5860497480062536,2026-09-29 00:19:30.553236,True,Structural: touches_def_pen_area naturally clusters almost entirely among goalkeepers (confirmed via derive_possession_stats.py sanity check and re-confirmed here: 31/31 flagged rows are GK). Not a bug -- a blended-position z-score baseline will always flag keepers here.
4103,fbref_goals_per90,fbref,,Dmitri Bulykin,Ajax,2011,1.26,0.14753753753753753754,0.19916225737169152181,5.58570924603601822213,2026-09-28 21:27:51.725506,True,"Genuine elite attacking production, same category as the earlier confirmed attacking-production cluster."
3524,fbref_goals_per90,fbref,,Dmitri Bulykin,Ajax,2011,1.26,0.14753753753753753754,0.19916225737169152181,5.58570924603601822213,2026-09-21 22:42:32.067537,True,"Genuine elite attacking/creative production, comparable to the confirmed Tadic 2022 case."
3486,fbref_penalty_goals,fbref,554,Abdenasser El Khayati,ADO Den Haag,2018,6,0.26380368098159509202,1.0277875916977920,5.58111069383785789909,2026-09-29 00:19:30.553236,True,Rare discrete event (card/penalty/own goal) -- any real occurrence reads as a z-score outlier even with a proper minutes floor; not a data bug.
3487,fbref_penalty_goals,fbref,492,Simon Gustafson,Utrecht,2018,6,0.26380368098159509202,1.0277875916977920,5.58111069383785789909,2026-09-29 00:19:30.553236,True,Rare discrete event (card/penalty/own goal) -- any real occurrence reads as a z-score outlier even with a proper minutes floor; not a data bug.
3939,ws_tackles_att_3rd_per90,ws,523,Thomas Agyepong,NAC Breda,2017,1.00,0.14937500000000000000,0.15249535104242436810,5.57803889879472604041,2026-09-29 00:19:30.553236,True,"Zone-matched position pattern, same blended-baseline limitation as touches_def_pen_area/aerials/errors -- MF dominates att_3rd/mid_3rd tackle+interception variants (pressing/midfield actions), DF dominates def_3rd variants and clearances (own-box defending). Confirmed via position breakdown, not assumed."
3444,fbref_goals_plus_assists,fbref,1420,Bas Dost,Heerenveen,2011,39,4.8678678678678679,6.1218023829770471,5.5755037482169744,2026-09-29 00:19:30.553236,True,"Genuine elite attacking/creative production, comparable to the confirmed Tadic 2022 case."
3435,fbref_goals_plus_assists,fbref,379,Luuk de Jong,PSV,2015,34,4.3933933933933934,5.3118035944583643,5.5737389532802450,2026-09-29 00:19:30.553236,True,"Genuine elite attacking/creative production, comparable to the confirmed Tadic 2022 case."
3712,ws_take_ons_won,ws,1693,Memphis,PSV,2013,101,15.2370820668693009,15.4038627162689012,5.5676241416090765,2026-09-29 00:19:30.553236,True,"Genuine elite attacking/creative production, comparable to the confirmed Tadic 2022 case."
3683,ws_touches_def_pen_area,ws,528,Joel Drommel,Sparta R.,2025,1474,121.6927710843373494,242.943683642743,5.5663403494954687,2026-09-29 00:19:30.553236,True,Structural: touches_def_pen_area naturally clusters almost entirely among goalkeepers (confirmed via derive_possession_stats.py sanity check and re-confirmed here: 31/31 flagged rows are GK). Not a bug -- a blended-position z-score baseline will always flag keepers here.
3591,fbref_second_yellow_cards,fbref,1031,Antony,Ajax,2021,1,0.03125000000000000000,0.17424031281447646004,5.55984998162556704221,2026-09-29 00:19:30.553236,True,Rare discrete event (card/penalty/own goal) -- any real occurrence reads as a z-score outlier even with a proper minutes floor; not a data bug.
3595,fbref_second_yellow_cards,fbref,1816,Mike te Wierik,Groningen,2021,1,0.03125000000000000000,0.17424031281447646004,5.55984998162556704221,2026-09-29 00:19:30.553236,True,Rare discrete event (card/penalty/own goal) -- any real occurrence reads as a z-score outlier even with a proper minutes floor; not a data bug.
3594,fbref_second_yellow_cards,fbref,867,Matúš Bero,Vitesse,2021,1,0.03125000000000000000,0.17424031281447646004,5.55984998162556704221,2026-09-29 00:19:30.553236,True,Rare discrete event (card/penalty/own goal) -- any real occurrence reads as a z-score outlier even with a proper minutes floor; not a data bug.
3593,fbref_second_yellow_cards,fbref,484,Danilho Doekhi,Vitesse,2021,1,0.03125000000000000000,0.17424031281447646004,5.55984998162556704221,2026-09-29 00:19:30.553236,True,Rare discrete event (card/penalty/own goal) -- any real occurrence reads as a z-score outlier even with a proper minutes floor; not a data bug.
3592,fbref_second_yellow_cards,fbref,1120,Derrick Köhn,Willem II,2021,1,0.03125000000000000000,0.17424031281447646004,5.55984998162556704221,2026-09-29 00:19:30.553236,True,Rare discrete event (card/penalty/own goal) -- any real occurrence reads as a z-score outlier even with a proper minutes floor; not a data bug.
3590,fbref_second_yellow_cards,fbref,1183,Iñigo Córdoba,Go Ahead Eagles,2021,1,0.03125000000000000000,0.17424031281447646004,5.55984998162556704221,2026-09-29 00:19:30.553236,True,Rare discrete event (card/penalty/own goal) -- any real occurrence reads as a z-score outlier even with a proper minutes floor; not a data bug.
3589,fbref_second_yellow_cards,fbref,2491,Sinan Bakış,Heracles Almelo,2021,1,0.03125000000000000000,0.17424031281447646004,5.55984998162556704221,2026-09-29 00:19:30.553236,True,Rare discrete event (card/penalty/own goal) -- any real occurrence reads as a z-score outlier even with a proper minutes floor; not a data bug.
3588,fbref_second_yellow_cards,fbref,1085,Ramiz Zerrouki,Twente,2021,1,0.03125000000000000000,0.17424031281447646004,5.55984998162556704221,2026-09-29 00:19:30.553236,True,Rare discrete event (card/penalty/own goal) -- any real occurrence reads as a z-score outlier even with a proper minutes floor; not a data bug.
3587,fbref_second_yellow_cards,fbref,1328,Anthony Musaba,Heerenveen,2021,1,0.03125000000000000000,0.17424031281447646004,5.55984998162556704221,2026-09-29 00:19:30.553236,True,Rare discrete event (card/penalty/own goal) -- any real occurrence reads as a z-score outlier even with a proper minutes floor; not a data bug.
3586,fbref_second_yellow_cards,fbref,1152,Alex Bangura,Cambuur,2021,1,0.03125000000000000000,0.17424031281447646004,5.55984998162556704221,2026-09-29 00:19:30.553236,True,Rare discrete event (card/penalty/own goal) -- any real occurrence reads as a z-score outlier even with a proper minutes floor; not a data bug.
3580,fbref_second_yellow_cards,fbref,914,Joris Kramer,Go Ahead Eagles,2021,1,0.03125000000000000000,0.17424031281447646004,5.55984998162556704221,2026-09-29 00:19:30.553236,True,Rare discrete event (card/penalty/own goal) -- any real occurrence reads as a z-score outlier even with a proper minutes floor; not a data bug.
3648,ws_touches_att_3rd,ws,381,Hakim Ziyech,Ajax,2017,1672,269.0059523809523810,252.367346493962,5.5593327231524973,2026-09-29 00:19:30.553236,True,"Genuine elite attacking production, same category as the earlier confirmed cluster -- missed from the first bulk pass."
3910,fbref_own_goals_per90,fbref,112,Sven van Beek,Willem II,2020,0.08,0.00327635327635327635,0.01380809221664639159,5.55642629842464954322,2026-09-29 00:19:30.553236,True,Rare discrete event (card/penalty/own goal) -- any real occurrence reads as a z-score outlier even with a proper minutes floor; not a data bug.
3909,fbref_own_goals_per90,fbref,2179,Noah Fadiga,Heracles Almelo,2020,0.08,0.00327635327635327635,0.01380809221664639159,5.55642629842464954322,2026-09-29 00:19:30.553236,True,Rare discrete event (card/penalty/own goal) -- any real occurrence reads as a z-score outlier even with a proper minutes floor; not a data bug.
3765,ws_errors,ws,747,Lars Unnerstall,Twente,2024,7,0.78994082840236686391,1.1217909044396753,5.53584375396545323817,2026-09-29 00:19:30.553236,True,"Position-driven, same blended-baseline effect as touches_def_pen_area/aerials -- confirmed 26/27 flagged rows are GK or DF, matching the football-logical expectation that WhoScored errors (mistakes leading to a shot/goal) concentrate among the players closest to danger."
3790,ws_aerials,ws,885,Vangelis Pavlidis,Willem II,2019,255,44.4246575342465753,38.0581641342646785,5.5329873958940492,2026-09-29 00:19:30.553236,True,"Genuine elite aerial performance, mostly forwards (confirmed 42/46 flagged rows are FW) -- same blended-position-baseline effect as touches_def_pen_area, but manifesting as real standout performers rather than a purely structural artifact."
3866,fbref_second_yellow_cards_per90,fbref,311,Derrick Luckassen,PSV,2017,0.10,0.00411940298507462687,0.01733046397758681416,5.53248875153752788592,2026-09-29 00:19:30.553236,True,Rare discrete event (card/penalty/own goal) -- any real occurrence reads as a z-score outlier even with a proper minutes floor; not a data bug.
3776,ws_pen_area_entries,ws,67,Steven Berghuis,Feyenoord,2018,193,24.0522875816993464,30.5453794847038460,5.5310398910874324,2026-09-29 00:19:30.553236,True,"Genuine elite attacking/creative production, comparable to the confirmed Tadic 2022 case."
3872,fbref_second_yellow_cards_per90,fbref,187,Hans Mulder,RKC Waalwijk,2019,0.07,0.00249190938511326861,0.01221841671644478452,5.52510952781856717619,2026-09-29 00:19:30.553236,True,Rare discrete event (card/penalty/own goal) -- any real occurrence reads as a z-score outlier even with a proper minutes floor; not a data bug.
3545,fbref_shots,fbref,1693,Memphis,PSV,2013,162,25.4711246200607903,24.7133552126278485,5.5244977545653813,2026-09-29 00:19:30.553236,True,"Genuine elite attacking/creative production, comparable to the confirmed Tadic 2022 case."
3557,fbref_shots_on_target,fbref,379,Luuk de Jong,PSV,2018,72,9.5751633986928105,11.3001916771542616,5.5242281179630130,2026-09-29 00:19:30.553236,True,"Genuine elite attacking/creative production, comparable to the confirmed Tadic 2022 case."
3657,ws_touches_def_pen_area,ws,528,Joel Drommel,Twente,2020,1387,115.4085365853658537,230.342221508504,5.5204445589133484,2026-09-29 00:19:30.553236,True,Structural: touches_def_pen_area naturally clusters almost entirely among goalkeepers (confirmed via derive_possession_stats.py sanity check and re-confirmed here: 31/31 flagged rows are GK). Not a bug -- a blended-position z-score baseline will always flag keepers here.
3451,fbref_non_penalty_goals,fbref,438,Vincent Janssen,AZ Alkmaar,2015,22,2.3903903903903904,3.5530613176040693,5.5190743577802731,2026-09-29 00:19:30.553236,True,"Genuine elite attacking/creative production, comparable to the confirmed Tadic 2022 case."
3622,fbref_offsides,fbref,1102,Loïs Openda,Vitesse,2021,27,2.6761363636363636,4.4109032046812228,5.5144859244585325,2026-09-29 00:19:30.553236,True,"Genuine elite attacking/creative production, comparable to the confirmed Tadic 2022 case."
3727,ws_dispossessed,ws,1224,Jens Odgaard,RKC Waalwijk,2021,91,15.3209169054441261,13.7276524044054562,5.5128933094393521,2026-09-29 00:19:30.553236,True,Dribble-heavy attacking players -- same category as the earlier confirmed attacking-production cluster (high take-ons correlates with high dispossessions).
3799,ws_aerials_won,ws,511,Christian Santos,NEC Nijmegen,2015,176,26.4564564564564565,27.1303534841800781,5.5120381542667167,2026-09-29 00:19:30.553236,True,"Genuine elite aerial performance, mostly forwards (confirmed 42/46 flagged rows are FW) -- same blended-position-baseline effect as touches_def_pen_area, but manifesting as real standout performers rather than a purely structural artifact."
3544,fbref_non_penalty_goals_plus_assists_per90,fbref,854,Cody Gakpo,PSV,2022,1.52,0.23407624633431085044,0.23345256488578339378,5.50828710875302230758,2026-09-29 00:19:30.553236,True,"Genuine elite attacking/creative production, comparable to the confirmed Tadic 2022 case."
3502,fbref_penalty_goals,fbref,964,Anas Tahiri,Heerenveen,2023,4,0.18624641833810888252,0.69251744408923156136,5.50708666505516238781,2026-09-29 00:19:30.553236,True,Rare discrete event (card/penalty/own goal) -- any real occurrence reads as a z-score outlier even with a proper minutes floor; not a data bug.
3504,fbref_penalty_goals,fbref,11,Michiel Kramer,RKC Waalwijk,2023,4,0.18624641833810888252,0.69251744408923156136,5.50708666505516238781,2026-09-29 00:19:30.553236,True,Rare discrete event (card/penalty/own goal) -- any real occurrence reads as a z-score outlier even with a proper minutes floor; not a data bug.
3949,ws_interceptions_att_3rd_per90,ws,310,Dabney dos Santos,Heracles Almelo,2019,0.47,0.05380136986301369863,0.07559797083251187007,5.50542065552366361052,2026-09-29 00:19:30.553236,True,"High-press tactical trait, not position-concentrated (checked: spreads across MF/FW/DF combinations) -- plausible genuine standout pressing seasons."
3955,ws_errors_per90,ws,332,Kevin van Diermen,Excelsior,2014,0.44,0.04533546325878594249,0.07170965711969208691,5.50364557011437432493,2026-09-29 00:19:30.553236,True,"Position-driven, same blended-baseline effect as touches_def_pen_area/aerials -- confirmed 26/27 flagged rows are GK or DF, matching the football-logical expectation that WhoScored errors (mistakes leading to a shot/goal) concentrate among the players closest to danger."
3775,ws_pen_area_entries,ws,261,Dušan Tadić,Ajax,2018,192,24.0522875816993464,30.5453794847038460,5.4983017154003120,2026-09-29 00:19:30.553236,True,"Genuine elite attacking/creative production, comparable to the confirmed Tadic 2022 case."
3456,fbref_non_penalty_goals,fbref,1036,Sébastien Haller,Ajax,2021,19,2.1590909090909091,3.0630092037121570,5.4981581741573171,2026-09-29 00:19:30.553236,True,"Genuine elite attacking/creative production, comparable to the confirmed Tadic 2022 case."
3862,fbref_second_yellow_cards_per90,fbref,1343,Alfons Sampsted,Go Ahead Eagles,2025,0.10,0.00389830508474576271,0.01749304507552382516,5.49370875684298174836,2026-09-29 00:19:30.553236,True,Rare discrete event (card/penalty/own goal) -- any real occurrence reads as a z-score outlier even with a proper minutes floor; not a data bug.
3892,fbref_offsides_per90,fbref,1005,Elton Kabangu,Willem II,2021,1.62,0.16272727272727272727,0.26611364567881974073,5.47612928136557076489,2026-09-29 00:19:30.553236,True,"Genuine elite attacking/creative production, comparable to the confirmed Tadic 2022 case."
3680,ws_touches_def_pen_area,ws,1496,Jari De Busser,Go Ahead Eagles,2025,1452,121.6927710843373494,242.943683642743,5.4757843833138093,2026-09-29 00:19:30.553236,True,Structural: touches_def_pen_area naturally clusters almost entirely among goalkeepers (confirmed via derive_possession_stats.py sanity check and re-confirmed here: 31/31 flagged rows are GK). Not a bug -- a blended-position z-score baseline will always flag keepers here.
3960,ws_errors_per90,ws,1171,Nigel Lonwijk,Fortuna Sittard,2021,0.30,0.02939828080229226361,0.04942117952398154924,5.47542008920282203931,2026-09-29 00:19:30.553236,True,"Position-driven, same blended-baseline effect as touches_def_pen_area/aerials -- confirmed 26/27 flagged rows are GK or DF, matching the football-logical expectation that WhoScored errors (mistakes leading to a shot/goal) concentrate among the players closest to danger."
3826,fbref_red_cards_per90,fbref,80,Harm Zeinstra,Cambuur,2015,0.14,0.00801801801801801802,0.02412891405866158702,5.46986829415989576051,2026-09-29 00:19:30.553236,True,Rare discrete event (card/penalty/own goal) -- any real occurrence reads as a z-score outlier even with a proper minutes floor; not a data bug.
3823,fbref_red_cards_per90,fbref,311,Derrick Luckassen,AZ Alkmaar,2015,0.14,0.00801801801801801802,0.02412891405866158702,5.46986829415989576051,2026-09-29 00:19:30.553236,True,Rare discrete event (card/penalty/own goal) -- any real occurrence reads as a z-score outlier even with a proper minutes floor; not a data bug.
3708,ws_take_ons,ws,860,Richonell Margaret,RKC Waalwijk,2024,187,28.1094674556213018,29.0577522613352454,5.4680944043907080,2026-09-29 00:19:30.553236,True,"Genuine elite attacking/creative production, comparable to the confirmed Tadic 2022 case."
3897,fbref_own_goals_per90,fbref,383,Peet Bijen,Twente,2016,0.09,0.00349253731343283582,0.01582215260335467312,5.46749009791660852232,2026-09-29 00:19:30.553236,True,Rare discrete event (card/penalty/own goal) -- any real occurrence reads as a z-score outlier even with a proper minutes floor; not a data bug.
3416,fbref_assists,fbref,381,Hakim Ziyech,Ajax,2017,15,1.8839285714285714,2.4042705874275666,5.4553224987063051,2026-09-29 00:19:30.553236,True,"Genuine elite attacking/creative production, comparable to the confirmed Tadic 2022 case."
3720,ws_take_ons_won,ws,1219,Johan Bakayoko,PSV,2023,92,13.9255663430420712,14.3215948136419590,5.4515181216123041,2026-09-29 00:19:30.553236,True,"Genuine elite attacking/creative production, comparable to the confirmed Tadic 2022 case."
3882,fbref_second_yellow_cards_per90,fbref,2340,Anouar El Azzouzi,Zwolle,2023,0.07,0.00191977077363896848,0.01250445364127695545,5.44447851776822413845,2026-09-29 00:19:30.553236,True,Rare discrete event (card/penalty/own goal) -- any real occurrence reads as a z-score outlier even with a proper minutes floor; not a data bug.
3951,ws_interceptions_att_3rd_per90,ws,1428,Malik Tillman,PSV,2024,0.47,0.06221893491124260355,0.07493688340867034590,5.44166032185929311265,2026-09-29 00:19:30.553236,True,"High-press tactical trait, not position-concentrated (checked: spreads across MF/FW/DF combinations) -- plausible genuine standout pressing seasons."
3923,fbref_own_goals_per90,fbref,375,Remko Pasveer,Heracles Almelo,2025,0.09,0.00324858757062146893,0.01594645113962352158,5.44017045985986307981,2026-09-29 00:19:30.553236,True,Rare discrete event (card/penalty/own goal) -- any real occurrence reads as a z-score outlier even with a proper minutes floor; not a data bug.
3447,fbref_non_penalty_goals,fbref,591,Nicolai Jørgensen,Feyenoord,2016,20,2.2225519287833828,3.2679488822270380,5.4399406820285581,2026-09-29 00:19:30.553236,True,"Genuine elite attacking/creative production, comparable to the confirmed Tadic 2022 case."
3834,fbref_red_cards_per90,fbref,1115,Leon Guwara,Utrecht,2019,0.15,0.00889967637540453074,0.02593860696074016713,5.43978031812426686595,2026-09-29 00:19:30.553236,True,Rare discrete event (card/penalty/own goal) -- any real occurrence reads as a z-score outlier even with a proper minutes floor; not a data bug.
3492,fbref_penalty_goals,fbref,492,Simon Gustafson,Utrecht,2019,5,0.23948220064724919094,0.87586379840188941560,5.43522612538484089495,2026-09-29 00:19:30.553236,True,Rare discrete event (card/penalty/own goal) -- any real occurrence reads as a z-score outlier even with a proper minutes floor; not a data bug.
4045,fbref_non_penalty_goals,fbref,,Björn Vleminckx,NEC Nijmegen,2010,22,2.6006097560975610,3.5738944219994408,5.4280815136808970,2026-09-28 21:27:51.725506,True,"Genuine elite attacking production, same category as the earlier confirmed attacking-production cluster."
3466,fbref_non_penalty_goals,fbref,,Björn Vleminckx,NEC Nijmegen,2010,22,2.6006097560975610,3.5738944219994408,5.4280815136808970,2026-09-21 22:42:32.067537,True,"Genuine elite attacking/creative production, comparable to the confirmed Tadic 2022 case."
3693,ws_touches_att_pen_area,ws,1036,Sébastien Haller,Ajax,2021,264,38.7449856733524355,41.5345827284680335,5.4233123226312450,2026-09-29 00:19:30.553236,True,"Genuine elite attacking/creative production, comparable to the confirmed Tadic 2022 case."
3655,ws_touches_def_pen_area,ws,600,Theo Zwarthoed,Go Ahead Eagles,2016,1540,119.0029673590504451,262.157378424864,5.4203968668698619,2026-09-29 00:19:30.553236,True,Structural: touches_def_pen_area naturally clusters almost entirely among goalkeepers (confirmed via derive_possession_stats.py sanity check and re-confirmed here: 31/31 flagged rows are GK). Not a bug -- a blended-position z-score baseline will always flag keepers here.
3907,fbref_own_goals_per90,fbref,919,Edgar Ié,Feyenoord,2019,0.10,0.00343042071197411003,0.01783435270792686914,5.41480707876229356159,2026-09-29 00:19:30.553236,True,Rare discrete event (card/penalty/own goal) -- any real occurrence reads as a z-score outlier even with a proper minutes floor; not a data bug.
3814,fbref_red_cards_per90,fbref,1797,Juninho Bacuna,Groningen,2016,0.20,0.01115727002967359050,0.03495952867110816227,5.40175274520771709580,2026-09-29 00:19:30.553236,True,Rare discrete event (card/penalty/own goal) -- any real occurrence reads as a z-score outlier even with a proper minutes floor; not a data bug.
3688,ws_touches_att_pen_area,ws,379,Luuk de Jong,PSV,2018,310,43.5588235294117647,49.4060937761521110,5.3928808393104953,2026-09-29 00:19:30.553236,True,"Genuine elite attacking/creative production, comparable to the confirmed Tadic 2022 case."
3789,ws_aerials,ws,379,Luuk de Jong,PSV,2016,300,52.0474777448071217,45.9828267748148367,5.3922853301180358,2026-09-29 00:19:30.553236,True,"Genuine elite aerial performance, mostly forwards (confirmed 42/46 flagged rows are FW) -- same blended-position-baseline effect as touches_def_pen_area, but manifesting as real standout performers rather than a purely structural artifact."
3921,fbref_own_goals_per90,fbref,1131,Zico Buurmeester,AZ Alkmaar,2024,0.08,0.00393258426966292135,0.01411166553914360847,5.39039247488807512574,2026-09-29 00:19:30.553236,True,Rare discrete event (card/penalty/own goal) -- any real occurrence reads as a z-score outlier even with a proper minutes floor; not a data bug.
3675,ws_touches_def_pen_area,ws,391,Sonny Stevens,Cambuur,2021,1411,121.5730659025787966,239.349293804857,5.3872184605177869,2026-09-29 00:19:30.553236,True,Structural: touches_def_pen_area naturally clusters almost entirely among goalkeepers (confirmed via derive_possession_stats.py sanity check and re-confirmed here: 31/31 flagged rows are GK). Not a bug -- a blended-position z-score baseline will always flag keepers here.
3518,fbref_goals_per90,fbref,2014,Ruud Boymans,Utrecht,2014,1.12,0.13823353293413173653,0.18240187443414747891,5.38243628313323754971,2026-09-29 00:19:30.553236,True,"Genuine elite attacking/creative production, comparable to the confirmed Tadic 2022 case."
3928,ws_touches_def_pen_area_per90,ws,375,Remko Pasveer,Vitesse,2018,56.00,5.5247385620915033,9.3833144951574910,5.3792571339218778,2026-09-29 00:19:30.553236,True,"Structural: same as touches_def_pen_area (goalkeeper-dominated), just the per-90 form of the same stat."
3851,fbref_red_cards_per90,fbref,2377,Hristiyan Petrov,Heerenveen,2025,0.17,0.00991525423728813559,0.02977238761166941142,5.37695356686697109412,2026-09-29 00:19:30.553236,True,Rare discrete event (card/penalty/own goal) -- any real occurrence reads as a z-score outlier even with a proper minutes floor; not a data bug.
3811,fbref_red_cards_per90,fbref,1494,Calvin Twigt,Go Ahead Eagles,2025,0.17,0.00991525423728813559,0.02977238761166941142,5.37695356686697109412,2026-09-29 00:19:30.553236,True,Rare discrete event (card/penalty/own goal) -- any real occurrence reads as a z-score outlier even with a proper minutes floor; not a data bug.
3815,fbref_red_cards_per90,fbref,1590,Stan Henderikx,Excelsior,2025,0.17,0.00991525423728813559,0.02977238761166941142,5.37695356686697109412,2026-09-29 00:19:30.553236,True,Rare discrete event (card/penalty/own goal) -- any real occurrence reads as a z-score outlier even with a proper minutes floor; not a data bug.
3530,fbref_assists_per90,fbref,381,Hakim Ziyech,Ajax,2019,0.73,0.09611650485436893204,0.11798552362534520675,5.37255313760765984270,2026-09-29 00:19:30.553236,True,"Genuine elite attacking/creative production, comparable to the confirmed Tadic 2022 case."
3477,fbref_penalty_goals,fbref,1772,Dirk Kuyt,Feyenoord,2015,4,0.18918918918918918919,0.70940557392545858144,5.37183657822687918382,2026-09-29 00:19:30.553236,True,Rare discrete event (card/penalty/own goal) -- any real occurrence reads as a z-score outlier even with a proper minutes floor; not a data bug.
3470,fbref_penalty_goals,fbref,333,Jeff Stans,Excelsior,2015,4,0.18918918918918918919,0.70940557392545858144,5.37183657822687918382,2026-09-29 00:19:30.553236,True,Rare discrete event (card/penalty/own goal) -- any real occurrence reads as a z-score outlier even with a proper minutes floor; not a data bug.
3624,fbref_offsides,fbref,1035,Brian Brobbey,Ajax,2023,24,2.4813753581661891,4.0061479118300164,5.3714004363867983,2026-09-29 00:19:30.553236,True,"Genuine elite attacking/creative production, comparable to the confirmed Tadic 2022 case."
3992,fbref_substitute_appearances,fbref,,Nayib Lagouireh,Excelsior,2010,26,3.3323170731707317,4.2205183381769642,5.3708291519047118,2026-09-28 21:27:51.725506,True,Genuine rotation-squad usage pattern.
3402,fbref_substitute_appearances,fbref,,Nayib Lagouireh,Excelsior,2010,26,3.3323170731707317,4.2205183381769642,5.3708291519047118,2026-09-21 22:42:32.067537,True,Genuine rotation-squad usage pattern.
3724,ws_dispossessed,ws,487,Brandley Kuwas,Excelsior,2015,119,19.3483483483483483,18.5765747999994518,5.3643716737089010,2026-09-29 00:19:30.553236,True,Dribble-heavy attacking players -- same category as the earlier confirmed attacking-production cluster (high take-ons correlates with high dispossessions).
3947,ws_interceptions_att_3rd_per90,ws,66,Fernando Lewis,Go Ahead Eagles,2014,0.64,0.09309904153354632588,0.10196615089609677490,5.36355401925237164947,2026-09-29 00:19:30.553236,True,"High-press tactical trait, not position-concentrated (checked: spreads across MF/FW/DF combinations) -- plausible genuine standout pressing seasons."
3760,ws_errors,ws,955,Juriën Gaari,RKC Waalwijk,2022,5,0.43521594684385382060,0.85242147431783054046,5.35507866787285867013,2026-09-29 00:19:30.553236,True,"Position-driven, same blended-baseline effect as touches_def_pen_area/aerials -- confirmed 26/27 flagged rows are GK or DF, matching the football-logical expectation that WhoScored errors (mistakes leading to a shot/goal) concentrate among the players closest to danger."
3766,ws_errors,ws,1649,Nick Olij,Sparta R.,2022,5,0.43521594684385382060,0.85242147431783054046,5.35507866787285867013,2026-09-29 00:19:30.553236,True,"Position-driven, same blended-baseline effect as touches_def_pen_area/aerials -- confirmed 26/27 flagged rows are GK or DF, matching the football-logical expectation that WhoScored errors (mistakes leading to a shot/goal) concentrate among the players closest to danger."
3689,ws_touches_att_pen_area,ws,261,Dušan Tadić,Ajax,2018,308,43.5588235294117647,49.4060937761521110,5.3524000028966402,2026-09-29 00:19:30.553236,True,"Genuine elite attacking/creative production, comparable to the confirmed Tadic 2022 case."
3455,fbref_non_penalty_goals,fbref,719,Donyell Malen,PSV,2020,19,2.1880341880341880,3.1412416760572987,5.3520128489658905,2026-09-29 00:19:30.553236,True,"Genuine elite attacking/creative production, comparable to the confirmed Tadic 2022 case."
3940,ws_tackles_att_3rd_per90,ws,1689,Dauda Mohammed,Vitesse,2018,1.05,0.17398692810457516340,0.16369439686889170960,5.35151531543900589741,2026-09-29 00:19:30.553236,True,"Zone-matched position pattern, same blended-baseline limitation as touches_def_pen_area/aerials/errors -- MF dominates att_3rd/mid_3rd tackle+interception variants (pressing/midfield actions), DF dominates def_3rd variants and clearances (own-box defending). Confirmed via position breakdown, not assumed."
3672,ws_touches_def_pen_area,ws,1292,Stijn van Gassel,Excelsior,2022,1375,122.4152823920265781,234.128078123214,5.3499978629166331,2026-09-29 00:19:30.553236,True,Structural: touches_def_pen_area naturally clusters almost entirely among goalkeepers (confirmed via derive_possession_stats.py sanity check and re-confirmed here: 31/31 flagged rows are GK). Not a bug -- a blended-position z-score baseline will always flag keepers here.
3858,fbref_red_cards_per90,fbref,469,Lion Kaak,De Graafschap,2011,0.19,0.01429429429429429429,0.03287247902098987043,5.34507012974328392597,2026-09-29 00:19:30.553236,True,Rare discrete event (card/penalty/own goal) -- any real occurrence reads as a z-score outlier even with a proper minutes floor; not a data bug.
3948,ws_interceptions_att_3rd_per90,ws,448,Tom Hiariej,Cambuur,2015,0.67,0.10183183183183183183,0.10633520796783159407,5.34318010964016504199,2026-09-29 00:19:30.553236,True,"High-press tactical trait, not position-concentrated (checked: spreads across MF/FW/DF combinations) -- plausible genuine standout pressing seasons."
3407,fbref_unused_sub,fbref,2049,Filip Bednarek,Utrecht,2015,29,3.5765765765765766,4.7622060347238793,5.3385811613456401,2026-09-29 00:19:30.553236,True,"Confirmed: both are Utrecht squad goalkeepers (backup keepers sit unused almost every match all season -- expected, not an anomaly)."
3613,fbref_fouls_committed,fbref,1050,Sebastian Polter,Fortuna Sittard,2020,89,18.2421652421652422,13.2553402666263375,5.3380624966667551,2026-09-29 00:19:30.553236,True,"Genuine season-long total for a combative/foul-drawing player, not a small-sample artifact."
3927,ws_touches_def_pen_area_per90,ws,736,Jeroen Houwen,Vitesse,2017,58.50,5.7401785714285714,9.8869610786632579,5.3363031379207866,2026-09-29 00:19:30.553236,True,"Structural: same as touches_def_pen_area (goalkeeper-dominated), just the per-90 form of the same stat."
3725,ws_dispossessed,ws,487,Brandley Kuwas,Heracles Almelo,2017,125,18.9910714285714286,19.8855661457793630,5.3309484776187059,2026-09-29 00:19:30.553236,True,Dribble-heavy attacking players -- same category as the earlier confirmed attacking-production cluster (high take-ons correlates with high dispossessions).
3751,ws_errors,ws,99,Kostas Lamprou,Willem II,2015,7,0.77777777777777777778,1.1688161495429451,5.32352519654640766093,2026-09-29 00:19:30.553236,True,"Position-driven, same blended-baseline effect as touches_def_pen_area/aerials -- confirmed 26/27 flagged rows are GK or DF, matching the football-logical expectation that WhoScored errors (mistakes leading to a shot/goal) concentrate among the players closest to danger."
3757,ws_errors,ws,586,Warner Hahn,Heerenveen,2018,7,0.71895424836601307190,1.1815939017782705,5.31573981736124706230,2026-09-29 00:19:30.553236,True,"Position-driven, same blended-baseline effect as touches_def_pen_area/aerials -- confirmed 26/27 flagged rows are GK or DF, matching the football-logical expectation that WhoScored errors (mistakes leading to a shot/goal) concentrate among the players closest to danger."
3713,ws_take_ons_won,ws,1978,Filip Kostić,Groningen,2013,97,15.2370820668693009,15.4038627162689012,5.3079490150724468,2026-09-29 00:19:30.553236,True,"Genuine elite attacking/creative production, comparable to the confirmed Tadic 2022 case."
3847,fbref_red_cards_per90,fbref,1132,Maxim Dekker,AZ Alkmaar,2024,0.15,0.00873595505617977528,0.02662896758907386161,5.30490130611681357620,2026-09-29 00:19:30.553236,True,Rare discrete event (card/penalty/own goal) -- any real occurrence reads as a z-score outlier even with a proper minutes floor; not a data bug.
3913,fbref_own_goals_per90,fbref,2085,Mats Knoester,Heracles Almelo,2021,0.07,0.00306818181818181818,0.01261825698028096193,5.30436321644226472976,2026-09-29 00:19:30.553236,True,Rare discrete event (card/penalty/own goal) -- any real occurrence reads as a z-score outlier even with a proper minutes floor; not a data bug.
3914,fbref_own_goals_per90,fbref,455,Wessel Dammers,Willem II,2021,0.07,0.00306818181818181818,0.01261825698028096193,5.30436321644226472976,2026-09-29 00:19:30.553236,True,Rare discrete event (card/penalty/own goal) -- any real occurrence reads as a z-score outlier even with a proper minutes floor; not a data bug.
3956,ws_errors_per90,ws,254,Nick Marsman,Twente,2015,0.36,0.03813813813813813814,0.06070483708832945554,5.30207932843196797563,2026-09-29 00:19:30.553236,True,"Position-driven, same blended-baseline effect as touches_def_pen_area/aerials -- confirmed 26/27 flagged rows are GK or DF, matching the football-logical expectation that WhoScored errors (mistakes leading to a shot/goal) concentrate among the players closest to danger."
3679,ws_touches_def_pen_area,ws,99,Kostas Lamprou,Zwolle,2021,1390,121.5730659025787966,239.349293804857,5.2994805789215227,2026-09-29 00:19:30.553236,True,Structural: touches_def_pen_area naturally clusters almost entirely among goalkeepers (confirmed via derive_possession_stats.py sanity check and re-confirmed here: 31/31 flagged rows are GK). Not a bug -- a blended-position z-score baseline will always flag keepers here.
3438,fbref_goals_plus_assists,fbref,261,Dušan Tadić,Ajax,2020,32,4.1880341880341880,5.2501944844493260,5.2973210600755315,2026-09-29 00:19:30.553236,True,"Genuine elite attacking/creative production, comparable to the confirmed Tadic 2022 case."
3665,ws_touches_def_pen_area,ws,1821,Bram Castro,Heracles Almelo,2017,1391,118.3928571428571429,240.236203063277,5.2973162522134292,2026-09-29 00:19:30.553236,True,Structural: touches_def_pen_area naturally clusters almost entirely among goalkeepers (confirmed via derive_possession_stats.py sanity check and re-confirmed here: 31/31 flagged rows are GK). Not a bug -- a blended-position z-score baseline will always flag keepers here.
3612,fbref_second_yellow_cards,fbref,749,Damian van Bruggen,Almere City,2023,1,0.03438395415472779370,0.18247494356526683814,5.29177336339273830611,2026-09-29 00:19:30.553236,True,Rare discrete event (card/penalty/own goal) -- any real occurrence reads as a z-score outlier even with a proper minutes floor; not a data bug.
3609,fbref_second_yellow_cards,fbref,2477,Ben Aissa Ben Amar,Volendam,2023,1,0.03438395415472779370,0.18247494356526683814,5.29177336339273830611,2026-09-29 00:19:30.553236,True,Rare discrete event (card/penalty/own goal) -- any real occurrence reads as a z-score outlier even with a proper minutes floor; not a data bug.
3608,fbref_second_yellow_cards,fbref,815,Lazaros Lamprou,Excelsior,2023,1,0.03438395415472779370,0.18247494356526683814,5.29177336339273830611,2026-09-29 00:19:30.553236,True,Rare discrete event (card/penalty/own goal) -- any real occurrence reads as a z-score outlier even with a proper minutes floor; not a data bug.
3607,fbref_second_yellow_cards,fbref,954,Melle Meulensteen,Vitesse,2023,1,0.03438395415472779370,0.18247494356526683814,5.29177336339273830611,2026-09-29 00:19:30.553236,True,Rare discrete event (card/penalty/own goal) -- any real occurrence reads as a z-score outlier even with a proper minutes floor; not a data bug.
3606,fbref_second_yellow_cards,fbref,378,Nicolas Isimat-Mirin,Vitesse,2023,1,0.03438395415472779370,0.18247494356526683814,5.29177336339273830611,2026-09-29 00:19:30.553236,True,Rare discrete event (card/penalty/own goal) -- any real occurrence reads as a z-score outlier even with a proper minutes floor; not a data bug.
3605,fbref_second_yellow_cards,fbref,2340,Anouar El Azzouzi,Zwolle,2023,1,0.03438395415472779370,0.18247494356526683814,5.29177336339273830611,2026-09-29 00:19:30.553236,True,Rare discrete event (card/penalty/own goal) -- any real occurrence reads as a z-score outlier even with a proper minutes floor; not a data bug.
3604,fbref_second_yellow_cards,fbref,1010,Jamal Amofa,Go Ahead Eagles,2023,1,0.03438395415472779370,0.18247494356526683814,5.29177336339273830611,2026-09-29 00:19:30.553236,True,Rare discrete event (card/penalty/own goal) -- any real occurrence reads as a z-score outlier even with a proper minutes floor; not a data bug.
3603,fbref_second_yellow_cards,fbref,1208,Bart van Rooij,NEC Nijmegen,2023,1,0.03438395415472779370,0.18247494356526683814,5.29177336339273830611,2026-09-29 00:19:30.553236,True,Rare discrete event (card/penalty/own goal) -- any real occurrence reads as a z-score outlier even with a proper minutes floor; not a data bug.
3602,fbref_second_yellow_cards,fbref,2296,Oliver Braude,Heerenveen,2023,1,0.03438395415472779370,0.18247494356526683814,5.29177336339273830611,2026-09-29 00:19:30.553236,True,Rare discrete event (card/penalty/own goal) -- any real occurrence reads as a z-score outlier even with a proper minutes floor; not a data bug.
3582,fbref_second_yellow_cards,fbref,1206,Rodrigo Guth,Fortuna Sittard,2023,1,0.03438395415472779370,0.18247494356526683814,5.29177336339273830611,2026-09-29 00:19:30.553236,True,Rare discrete event (card/penalty/own goal) -- any real occurrence reads as a z-score outlier even with a proper minutes floor; not a data bug.
3583,fbref_second_yellow_cards,fbref,853,Michal Sadílek,Twente,2023,1,0.03438395415472779370,0.18247494356526683814,5.29177336339273830611,2026-09-29 00:19:30.553236,True,Rare discrete event (card/penalty/own goal) -- any real occurrence reads as a z-score outlier even with a proper minutes floor; not a data bug.
3584,fbref_second_yellow_cards,fbref,1446,Giovanni van Zwam,Vitesse,2023,1,0.03438395415472779370,0.18247494356526683814,5.29177336339273830611,2026-09-29 00:19:30.553236,True,Rare discrete event (card/penalty/own goal) -- any real occurrence reads as a z-score outlier even with a proper minutes floor; not a data bug.
3975,ws_aerials_per90,ws,1420,Bas Dost,NEC Nijmegen,2023,14.12,2.7773462783171521,2.1461100599555170,5.2852152987521759,2026-09-29 00:19:30.553236,True,"Genuine elite aerial performance, mostly forwards (confirmed 42/46 flagged rows are FW) -- same blended-position-baseline effect as touches_def_pen_area, but manifesting as real standout performers rather than a purely structural artifact."
3666,ws_touches_def_pen_area,ws,956,Etienne Vaessen,RKC Waalwijk,2019,1084,96.4178082191780822,186.954383941390,5.2824767783483905,2026-09-29 00:19:30.553236,True,Structural: touches_def_pen_area naturally clusters almost entirely among goalkeepers (confirmed via derive_possession_stats.py sanity check and re-confirmed here: 31/31 flagged rows are GK). Not a bug -- a blended-position z-score baseline will always flag keepers here.
3726,ws_dispossessed,ws,487,Brandley Kuwas,Heracles Almelo,2016,116,20.1958456973293769,18.1584522317379876,5.2760088293880422,2026-09-29 00:19:30.553236,True,Dribble-heavy attacking players -- same category as the earlier confirmed attacking-production cluster (high take-ons correlates with high dispossessions).
3506,fbref_penalty_goals,fbref,46,Lasse Schöne,NEC Nijmegen,2011,4,0.18318318318318318318,0.72358258998929759857,5.27488757969324660119,2026-09-29 00:19:30.553236,True,Rare discrete event (card/penalty/own goal) -- any real occurrence reads as a z-score outlier even with a proper minutes floor; not a data bug.
3507,fbref_penalty_goals,fbref,1420,Bas Dost,Heerenveen,2011,4,0.18318318318318318318,0.72358258998929759857,5.27488757969324660119,2026-09-29 00:19:30.553236,True,Rare discrete event (card/penalty/own goal) -- any real occurrence reads as a z-score outlier even with a proper minutes floor; not a data bug.
3842,fbref_red_cards_per90,fbref,2198,Peter Leeuwenburgh,Groningen,2022,0.13,0.00674486803519061584,0.02339474573482772328,5.26849632656274831817,2026-09-29 00:19:30.553236,True,Rare discrete event (card/penalty/own goal) -- any real occurrence reads as a z-score outlier even with a proper minutes floor; not a data bug.
3831,fbref_red_cards_per90,fbref,732,Rashaan Fernandes,Go Ahead Eagles,2022,0.13,0.00674486803519061584,0.02339474573482772328,5.26849632656274831817,2026-09-29 00:19:30.553236,True,Rare discrete event (card/penalty/own goal) -- any real occurrence reads as a z-score outlier even with a proper minutes floor; not a data bug.
3832,fbref_red_cards_per90,fbref,576,Iliass Bel Hassani,RKC Waalwijk,2022,0.13,0.00674486803519061584,0.02339474573482772328,5.26849632656274831817,2026-09-29 00:19:30.553236,True,Rare discrete event (card/penalty/own goal) -- any real occurrence reads as a z-score outlier even with a proper minutes floor; not a data bug.
3841,fbref_red_cards_per90,fbref,2157,Tibor Halilović,Heerenveen,2022,0.13,0.00674486803519061584,0.02339474573482772328,5.26849632656274831817,2026-09-29 00:19:30.553236,True,Rare discrete event (card/penalty/own goal) -- any real occurrence reads as a z-score outlier even with a proper minutes floor; not a data bug.
3982,ws_aerials_won_per90,ws,1006,Paul Gladon,Groningen,2018,9.09,1.6562745098039216,1.4126519102309907,5.2622485669385800,2026-09-29 00:19:30.553236,True,"Genuine elite aerial performance, mostly forwards (confirmed 42/46 flagged rows are FW) -- same blended-position-baseline effect as touches_def_pen_area, but manifesting as real standout performers rather than a purely structural artifact."
3553,fbref_shots_on_target,fbref,379,Luuk de Jong,PSV,2015,64,8.6846846846846847,10.5181844675614183,5.2590174174935210,2026-09-29 00:19:30.553236,True,"Genuine elite attacking/creative production, comparable to the confirmed Tadic 2022 case."
3554,fbref_shots_on_target,fbref,438,Vincent Janssen,AZ Alkmaar,2015,64,8.6846846846846847,10.5181844675614183,5.2590174174935210,2026-09-29 00:19:30.553236,True,"Genuine elite attacking/creative production, comparable to the confirmed Tadic 2022 case."
3540,fbref_non_penalty_goals_per90,fbref,1429,Ricardo Pepi,PSV,2023,1.12,0.14240687679083094556,0.18599822505252247398,5.25592716238617200144,2026-09-29 00:19:30.553236,True,"Genuine elite attacking/creative production, comparable to the confirmed Tadic 2022 case."
3905,fbref_own_goals_per90,fbref,465,Robin Pröpper,Twente,2023,0.07,0.00277936962750716332,0.01279861830964465515,5.25217869196375552585,2026-09-29 00:19:30.553236,True,Rare discrete event (card/penalty/own goal) -- any real occurrence reads as a z-score outlier even with a proper minutes floor; not a data bug.
3685,ws_touches_att_pen_area,ws,438,Vincent Janssen,AZ Alkmaar,2015,262,36.0240240240240240,43.0486488533125352,5.2493163431443547,2026-09-29 00:19:30.553236,True,"Genuine elite attacking/creative production, comparable to the confirmed Tadic 2022 case."
3715,ws_take_ons_won,ws,431,Amin Younes,Ajax,2016,99,15.5044510385756677,15.9246966147600192,5.2431484869881515,2026-09-29 00:19:30.553236,True,"Genuine elite attacking/creative production, comparable to the confirmed Tadic 2022 case."
3440,fbref_goals_plus_assists,fbref,885,Vangelis Pavlidis,AZ Alkmaar,2023,33,4.6017191977077364,5.4180517155327947,5.2414192948506515,2026-09-29 00:19:30.553236,True,"Genuine elite attacking/creative production, comparable to the confirmed Tadic 2022 case."
3779,ws_pen_area_entries,ws,1041,Jesper Karlsson,AZ Alkmaar,2021,161,22.5873925501432665,26.4077544628064765,5.2413622538334891,2026-09-29 00:19:30.553236,True,"Genuine elite attacking/creative production, comparable to the confirmed Tadic 2022 case."
3547,fbref_shots,fbref,438,Vincent Janssen,AZ Alkmaar,2015,152,23.8258258258258258,24.4562492258826894,5.2409579649901542,2026-09-29 00:19:30.553236,True,"Genuine elite attacking/creative production, comparable to the confirmed Tadic 2022 case."
3717,ws_take_ons_won,ws,1032,Mohammed Kudus,Ajax,2022,91,14.4850498338870432,14.6115459739039355,5.2366087957268750,2026-09-29 00:19:30.553236,True,"Genuine elite attacking/creative production, comparable to the confirmed Tadic 2022 case."
3791,ws_aerials,ws,1050,Sebastian Polter,Fortuna Sittard,2020,302,51.5640243902439024,47.8308901598070368,5.2358627400206935,2026-09-29 00:19:30.553236,True,"Genuine elite aerial performance, mostly forwards (confirmed 42/46 flagged rows are FW) -- same blended-position-baseline effect as touches_def_pen_area, but manifesting as real standout performers rather than a purely structural artifact."
3696,ws_touches_att_pen_area,ws,885,Vangelis Pavlidis,AZ Alkmaar,2023,286,44.1294498381877023,46.2350299397276057,5.2313267770587991,2026-09-29 00:19:30.553236,True,"Genuine elite attacking/creative production, comparable to the confirmed Tadic 2022 case."
3705,ws_take_ons,ws,1872,Gyrano Kerk,Utrecht,2018,237,33.2549019607843137,38.9494046608286395,5.2310195704768201,2026-09-29 00:19:30.553236,True,"Genuine elite attacking/creative production, comparable to the confirmed Tadic 2022 case."
3694,ws_touches_att_pen_area,ws,1102,Loïs Openda,Vitesse,2021,256,38.7449856733524355,41.5345827284680335,5.2307017443018579,2026-09-29 00:19:30.553236,True,"Genuine elite attacking/creative production, comparable to the confirmed Tadic 2022 case."
3986,ws_aerials_won_per90,ws,1006,Paul Gladon,Fortuna Sittard,2022,7.34,1.3095348837209302,1.1534281293658496,5.2282972495170519,2026-09-29 00:19:30.553236,True,"Genuine elite aerial performance, mostly forwards (confirmed 42/46 flagged rows are FW) -- same blended-position-baseline effect as touches_def_pen_area, but manifesting as real standout performers rather than a purely structural artifact."
3839,fbref_red_cards_per90,fbref,1751,Nikolaos Michelis,Willem II,2021,0.14,0.00747159090909090909,0.02535501298563429054,5.22691150527106347640,2026-09-29 00:19:30.553236,True,Rare discrete event (card/penalty/own goal) -- any real occurrence reads as a z-score outlier even with a proper minutes floor; not a data bug.
3764,ws_errors,ws,2198,Peter Leeuwenburgh,Groningen,2021,6,0.59885386819484240688,1.03368487931939745973,5.22513798921137337506,2026-09-29 00:19:30.553236,True,"Position-driven, same blended-baseline effect as touches_def_pen_area/aerials -- confirmed 26/27 flagged rows are GK or DF, matching the football-logical expectation that WhoScored errors (mistakes leading to a shot/goal) concentrate among the players closest to danger."
3763,ws_errors,ws,391,Sonny Stevens,Cambuur,2021,6,0.59885386819484240688,1.03368487931939745973,5.22513798921137337506,2026-09-29 00:19:30.553236,True,"Position-driven, same blended-baseline effect as touches_def_pen_area/aerials -- confirmed 26/27 flagged rows are GK or DF, matching the football-logical expectation that WhoScored errors (mistakes leading to a shot/goal) concentrate among the players closest to danger."
3686,ws_touches_att_pen_area,ws,2001,Mark Uth,Heerenveen,2014,249,36.7124600638977636,40.6286387485095738,5.2250714391431542,2026-09-29 00:19:30.553236,True,"Genuine elite attacking/creative production, comparable to the confirmed Tadic 2022 case."
3989,ws_aerials_won_per90,ws,2256,Tobias Lauritsen,Sparta R.,2023,7.93,1.3674110032362460,1.2566957405927619,5.2220985436524938,2026-09-29 00:19:30.553236,True,"Genuine elite aerial performance, mostly forwards (confirmed 42/46 flagged rows are FW) -- same blended-position-baseline effect as touches_def_pen_area, but manifesting as real standout performers rather than a purely structural artifact."
3741,ws_interceptions_mid_3rd,ws,2137,Orestis Kiomourtzoglou,Heracles Almelo,2019,38,6.4006849315068493,6.0576043099555530,5.2164706460869854,2026-09-29 00:19:30.553236,True,"Zone-matched position pattern, same blended-baseline limitation as touches_def_pen_area/aerials/errors -- MF dominates att_3rd/mid_3rd tackle+interception variants (pressing/midfield actions), DF dominates def_3rd variants and clearances (own-box defending). Confirmed via position breakdown, not assumed."
3418,fbref_assists,fbref,1217,Joey Veerman,PSV,2025,14,1.9322033898305085,2.3153465598537159,5.2120908461029426,2026-09-29 00:19:30.553236,True,"Genuine elite attacking/creative production, comparable to the confirmed Tadic 2022 case."
3427,fbref_assists,fbref,35,Christian Eriksen,Ajax,2011,17,2.0540540540540541,2.8712466474203101,5.2053855977069147,2026-09-29 00:19:30.553236,True,"Genuine elite attacking/creative production, comparable to the confirmed Tadic 2022 case."
3401,fbref_substitute_appearances,fbref,719,Donyell Malen,PSV,2018,25,3.4386503067484663,4.1429357878144517,5.2043649232193204,2026-09-29 00:19:30.553236,True,Genuine rotation-squad usage pattern.
3731,ws_tackles_mid_3rd,ws,351,Karim El Ahmadi,Feyenoord,2017,66,11.6577380952380952,10.4472577107336985,5.2015814493529434,2026-09-29 00:19:30.553236,True,"Zone-matched position pattern, same blended-baseline limitation as touches_def_pen_area/aerials/errors -- MF dominates att_3rd/mid_3rd tackle+interception variants (pressing/midfield actions), DF dominates def_3rd variants and clearances (own-box defending). Confirmed via position breakdown, not assumed."
3730,ws_tackles_def_3rd,ws,898,Milan van Ewijk,ADO Den Haag,2020,78,13.7774390243902439,12.3472629473032843,5.2013601111197154,2026-09-29 00:19:30.553236,True,"Zone-matched position pattern, same blended-baseline limitation as touches_def_pen_area/aerials/errors -- MF dominates att_3rd/mid_3rd tackle+interception variants (pressing/midfield actions), DF dominates def_3rd variants and clearances (own-box defending). Confirmed via position breakdown, not assumed."
3660,ws_touches_def_pen_area,ws,99,Kostas Lamprou,Willem II,2014,1684,129.2300319488817891,299.058037404476,5.1988904279081181,2026-09-29 00:19:30.553236,True,Structural: touches_def_pen_area naturally clusters almost entirely among goalkeepers (confirmed via derive_possession_stats.py sanity check and re-confirmed here: 31/31 flagged rows are GK). Not a bug -- a blended-position z-score baseline will always flag keepers here.
3662,ws_touches_def_pen_area,ws,586,Warner Hahn,Zwolle,2014,1683,129.2300319488817891,299.058037404476,5.1955465953574901,2026-09-29 00:19:30.553236,True,Structural: touches_def_pen_area naturally clusters almost entirely among goalkeepers (confirmed via derive_possession_stats.py sanity check and re-confirmed here: 31/31 flagged rows are GK). Not a bug -- a blended-position z-score baseline will always flag keepers here.
3828,fbref_red_cards_per90,fbref,1791,Jesper Drost,Heracles Almelo,2018,0.17,0.01153374233128834356,0.03050513847430428351,5.19473982398716918451,2026-09-29 00:19:30.553236,True,Rare discrete event (card/penalty/own goal) -- any real occurrence reads as a z-score outlier even with a proper minutes floor; not a data bug.
3830,fbref_red_cards_per90,fbref,785,Lars Nieuwpoort,De Graafschap,2018,0.17,0.01153374233128834356,0.03050513847430428351,5.19473982398716918451,2026-09-29 00:19:30.553236,True,Rare discrete event (card/penalty/own goal) -- any real occurrence reads as a z-score outlier even with a proper minutes floor; not a data bug.
3733,ws_tackles_mid_3rd,ws,889,Pol Llonch,Willem II,2019,54,9.8013698630136986,8.5104503077129145,5.1934537584843938,2026-09-29 00:19:30.553236,True,"Zone-matched position pattern, same blended-baseline limitation as touches_def_pen_area/aerials/errors -- MF dominates att_3rd/mid_3rd tackle+interception variants (pressing/midfield actions), DF dominates def_3rd variants and clearances (own-box defending). Confirmed via position breakdown, not assumed."
3560,fbref_shots_on_target_per90,fbref,1739,Kolbeinn Sigþórsson,Ajax,2011,3.11,0.50096096096096096096,0.50241133154191931997,5.19303382555445127832,2026-09-29 00:19:30.553236,True,"Genuine elite attacking production, same category as the earlier confirmed cluster -- missed from the first bulk pass."
3738,ws_tackles_att_3rd,ws,1301,Quinten Timber,Feyenoord,2023,20,3.6472491909385113,3.1512470020964313,5.1892951578160925,2026-09-29 00:19:30.553236,True,"Zone-matched position pattern, same blended-baseline limitation as touches_def_pen_area/aerials/errors -- MF dominates att_3rd/mid_3rd tackle+interception variants (pressing/midfield actions), DF dominates def_3rd variants and clearances (own-box defending). Confirmed via position breakdown, not assumed."
3656,ws_touches_def_pen_area,ws,460,Hidde Jurjus,Roda JC,2017,1365,118.3928571428571429,240.236203063277,5.1890894334888936,2026-09-29 00:19:30.553236,True,Structural: touches_def_pen_area naturally clusters almost entirely among goalkeepers (confirmed via derive_possession_stats.py sanity check and re-confirmed here: 31/31 flagged rows are GK). Not a bug -- a blended-position z-score baseline will always flag keepers here.
3614,fbref_fouls_committed,fbref,1136,Peer Koopmeiners,Almere City,2023,75,16.2750716332378223,11.3187355010422911,5.1882940776692295,2026-09-29 00:19:30.553236,True,"Genuine season-long total for a combative/foul-drawing player, not a small-sample artifact."
3428,fbref_assists,fbref,261,Dušan Tadić,Twente,2012,15,2.0124610591900312,2.5037160854937456,5.1873049887957882,2026-09-29 00:19:30.553236,True,"Genuine elite attacking/creative production, comparable to the confirmed Tadic 2022 case."
3549,fbref_shots,fbref,1693,Memphis,PSV,2014,163,25.3226837060702875,26.5487220795406419,5.1858359088412992,2026-09-29 00:19:30.553236,True,"Genuine elite attacking/creative production, comparable to the confirmed Tadic 2022 case."
3459,fbref_non_penalty_goals,fbref,1308,Santiago Giménez,Feyenoord,2023,21,2.4871060171919771,3.5699866290830146,5.1857040113237729,2026-09-29 00:19:30.553236,True,"Genuine elite attacking/creative production, comparable to the confirmed Tadic 2022 case."
3769,ws_final_third_entries,ws,1217,Joey Veerman,PSV,2025,753,158.9759036144578313,114.608829099857,5.1830570214444617,2026-09-29 00:19:30.553236,True,"Genuine elite attacking/creative production, comparable to the confirmed Tadic 2022 case."
3894,fbref_offsides_per90,fbref,778,Kaj Sierhuis,Fortuna Sittard,2024,1.02,0.11935393258426966292,0.17378594089309080462,5.18250246704241458684,2026-09-29 00:19:30.553236,True,"Genuine elite attacking/creative production, comparable to the confirmed Tadic 2022 case."
3974,ws_aerials_per90,ws,1895,Lars Veldwijk,Sparta R.,2019,14.31,2.9402054794520548,2.1941246034586364,5.1819274541771886,2026-09-29 00:19:30.553236,True,"Genuine elite aerial performance, mostly forwards (confirmed 42/46 flagged rows are FW) -- same blended-position-baseline effect as touches_def_pen_area, but manifesting as real standout performers rather than a purely structural artifact."
3546,fbref_shots,fbref,381,Hakim Ziyech,Ajax,2017,165,25.3869047619047619,26.9452569625706545,5.1813606911238656,2026-09-29 00:19:30.553236,True,"Genuine elite attacking/creative production, comparable to the confirmed Tadic 2022 case."
3971,ws_aerials_per90,ws,353,Glynor Plet,Go Ahead Eagles,2014,13.30,2.8172523961661342,2.0247005453329348,5.1774311159234260,2026-09-29 00:19:30.553236,True,"Genuine elite aerial performance, mostly forwards (confirmed 42/46 flagged rows are FW) -- same blended-position-baseline effect as touches_def_pen_area, but manifesting as real standout performers rather than a purely structural artifact."
3736,ws_tackles_att_3rd,ws,275,Davy Pröpper,Vitesse,2013,20,3.0151975683890578,3.2856506261419883,5.1693878516701884,2026-09-29 00:19:30.553236,True,"Zone-matched position pattern, same blended-baseline limitation as touches_def_pen_area/aerials/errors -- MF dominates att_3rd/mid_3rd tackle+interception variants (pressing/midfield actions), DF dominates def_3rd variants and clearances (own-box defending). Confirmed via position breakdown, not assumed."
3536,fbref_goals_plus_assists_per90,fbref,1429,Ricardo Pepi,PSV,2023,1.67,0.26375358166189111748,0.27251480402697203395,5.16025697524647599032,2026-09-29 00:19:30.553236,True,"Genuine elite attacking/creative production, comparable to the confirmed Tadic 2022 case."
3983,ws_aerials_won_per90,ws,1799,Samir Memišević,Groningen,2019,8.03,1.4621232876712329,1.2729953360642716,5.1593878832539297,2026-09-29 00:19:30.553236,True,"Genuine elite aerial performance, mostly forwards (confirmed 42/46 flagged rows are FW) -- same blended-position-baseline effect as touches_def_pen_area, but manifesting as real standout performers rather than a purely structural artifact."
3574,fbref_red_cards,fbref,1512,Leo Greiml,NAC Breda,2024,2,0.13764044943820224719,0.36096747142873773250,5.15935561503764233996,2026-09-29 00:19:30.553236,True,Rare discrete event (card/penalty/own goal) -- any real occurrence reads as a z-score outlier even with a proper minutes floor; not a data bug.
3573,fbref_red_cards,fbref,1534,Faissal Al Mazyani,RKC Waalwijk,2024,2,0.13764044943820224719,0.36096747142873773250,5.15935561503764233996,2026-09-29 00:19:30.553236,True,Rare discrete event (card/penalty/own goal) -- any real occurrence reads as a z-score outlier even with a proper minutes floor; not a data bug.
3572,fbref_red_cards,fbref,1318,Doğan Erdoğan,Fortuna Sittard,2022,2,0.11730205278592375367,0.36504599987561217043,5.15742659241738670285,2026-09-29 00:19:30.553236,True,Rare discrete event (card/penalty/own goal) -- any real occurrence reads as a z-score outlier even with a proper minutes floor; not a data bug.
3571,fbref_red_cards,fbref,1060,Shurandy Sambo,Sparta R.,2022,2,0.11730205278592375367,0.36504599987561217043,5.15742659241738670285,2026-09-29 00:19:30.553236,True,Rare discrete event (card/penalty/own goal) -- any real occurrence reads as a z-score outlier even with a proper minutes floor; not a data bug.
3570,fbref_red_cards,fbref,1348,Carlens Arcus,Vitesse,2022,2,0.11730205278592375367,0.36504599987561217043,5.15742659241738670285,2026-09-29 00:19:30.553236,True,Rare discrete event (card/penalty/own goal) -- any real occurrence reads as a z-score outlier even with a proper minutes floor; not a data bug.
3566,fbref_red_cards,fbref,674,Mees Hoedemakers,Cambuur,2022,2,0.11730205278592375367,0.36504599987561217043,5.15742659241738670285,2026-09-29 00:19:30.553236,True,Rare discrete event (card/penalty/own goal) -- any real occurrence reads as a z-score outlier even with a proper minutes floor; not a data bug.
3568,fbref_red_cards,fbref,576,Iliass Bel Hassani,RKC Waalwijk,2022,2,0.11730205278592375367,0.36504599987561217043,5.15742659241738670285,2026-09-29 00:19:30.553236,True,Rare discrete event (card/penalty/own goal) -- any real occurrence reads as a z-score outlier even with a proper minutes floor; not a data bug.
3749,ws_interceptions_att_3rd,ws,1085,Ramiz Zerrouki,Twente,2025,9,1.2168674698795181,1.5096722820867885,5.1555113135958356,2026-09-29 00:19:30.553236,True,"High-press tactical trait, not position-concentrated (checked: spreads across MF/FW/DF combinations) -- plausible genuine standout pressing seasons."
3698,ws_touches_att_pen_area,ws,379,Luuk de Jong,PSV,2024,236,39.5828402366863905,38.1192950383878178,5.1526965429322036,2026-09-29 00:19:30.553236,True,"Genuine elite attacking/creative production, comparable to the confirmed Tadic 2022 case."
3881,fbref_second_yellow_cards_per90,fbref,1318,Doğan Erdoğan,Fortuna Sittard,2022,0.05,0.00149560117302052786,0.009414826136559595480069,5.151916575349967026809214,2026-09-29 00:19:30.553236,True,Rare discrete event (card/penalty/own goal) -- any real occurrence reads as a z-score outlier even with a proper minutes floor; not a data bug.
3403,fbref_minutes_per_sub,fbref,1278,Daniël van Kaam,Cambuur,2022,78.0,25.1315789473684211,10.2641333277201486,5.1507925086914884,2026-09-21 22:42:32.067537,True,"Known script limitation, not a data bug: minutes_per_sub has no floor on the number of substitute appearances behind it, so a player with only 1-2 sub appearances can show an extreme-looking rate off a tiny sample -- same root cause as the original nineties-floor gap, different denominator. Not yet fixed in flag_outliers.py. See known_issues.md."
3532,fbref_assists_per90,fbref,116,John Goossens,Feyenoord,2012,0.75,0.10258566978193146417,0.12570244993238244464,5.15037161619621633240,2026-09-29 00:19:30.553236,True,"Genuine elite attacking/creative production, comparable to the confirmed Tadic 2022 case."
3737,ws_tackles_att_3rd,ws,394,Hidde ter Avest,Twente,2016,17,2.7270029673590504,2.7714983661268050,5.1499207818720806,2026-09-29 00:19:30.553236,True,"Zone-matched position pattern, same blended-baseline limitation as touches_def_pen_area/aerials/errors -- MF dominates att_3rd/mid_3rd tackle+interception variants (pressing/midfield actions), DF dominates def_3rd variants and clearances (own-box defending). Confirmed via position breakdown, not assumed."
3682,ws_touches_def_pen_area,ws,2347,Jasper Schendelaar,Zwolle,2023,1420,123.5016181229773463,251.966675087235,5.1455153004981854,2026-09-29 00:19:30.553236,True,Structural: touches_def_pen_area naturally clusters almost entirely among goalkeepers (confirmed via derive_possession_stats.py sanity check and re-confirmed here: 31/31 flagged rows are GK). Not a bug -- a blended-position z-score baseline will always flag keepers here.
3697,ws_touches_att_pen_area,ws,379,Luuk de Jong,PSV,2023,282,44.1294498381877023,46.2350299397276057,5.1448122878238092,2026-09-29 00:19:30.553236,True,"Genuine elite attacking/creative production, comparable to the confirmed Tadic 2022 case."
3739,ws_tackles_att_3rd,ws,1090,Daan Rots,Twente,2024,20,3.6035502958579882,3.1869893794276256,5.1448083918895169,2026-09-29 00:19:30.553236,True,"Zone-matched position pattern, same blended-baseline limitation as touches_def_pen_area/aerials/errors -- MF dominates att_3rd/mid_3rd tackle+interception variants (pressing/midfield actions), DF dominates def_3rd variants and clearances (own-box defending). Confirmed via position breakdown, not assumed."
3429,fbref_assists,fbref,261,Dušan Tadić,Groningen,2010,15,1.7408536585365854,2.5778238938004178,5.1435423394713767,2026-09-29 00:19:30.553236,True,"Genuine elite attacking/creative production, comparable to the confirmed Tadic 2022 case."
3959,ws_errors_per90,ws,1104,Tomáš Hájek,Vitesse,2020,0.24,0.02277439024390243902,0.04232448214234742625,5.13238671238824664060,2026-09-29 00:19:30.553236,True,"Position-driven, same blended-baseline effect as touches_def_pen_area/aerials -- confirmed 26/27 flagged rows are GK or DF, matching the football-logical expectation that WhoScored errors (mistakes leading to a shot/goal) concentrate among the players closest to danger."
3671,ws_touches_def_pen_area,ws,956,Etienne Vaessen,RKC Waalwijk,2021,1349,121.5730659025787966,239.349293804857,5.1281828100907211,2026-09-29 00:19:30.553236,True,Structural: touches_def_pen_area naturally clusters almost entirely among goalkeepers (confirmed via derive_possession_stats.py sanity check and re-confirmed here: 31/31 flagged rows are GK). Not a bug -- a blended-position z-score baseline will always flag keepers here.
3627,fbref_offsides,fbref,1308,Santiago Giménez,Feyenoord,2023,23,2.4813753581661891,4.0061479118300164,5.1217840912071721,2026-09-29 00:19:30.553236,True,"Genuine elite attacking/creative production, comparable to the confirmed Tadic 2022 case."
3625,fbref_offsides,fbref,885,Vangelis Pavlidis,AZ Alkmaar,2023,23,2.4813753581661891,4.0061479118300164,5.1217840912071721,2026-09-29 00:19:30.553236,True,"Genuine elite attacking/creative production, comparable to the confirmed Tadic 2022 case."
3702,ws_take_ons,ws,539,Milot Rashica,Vitesse,2015,199,29.9279279279279279,33.0116933586332182,5.1215813207551300,2026-09-29 00:19:30.553236,True,"Genuine elite attacking/creative production, comparable to the confirmed Tadic 2022 case."
3771,ws_final_third_entries,ws,261,Dušan Tadić,Ajax,2022,903,171.0531561461794020,142.952079960403,5.1202252115293891,2026-09-29 00:19:30.553236,True,"Genuine elite attacking/creative production, comparable to the confirmed Tadic 2022 case."
3735,ws_tackles_mid_3rd,ws,1136,Peer Koopmeiners,AZ Alkmaar,2024,57,10.9053254437869822,9.0062573720846458,5.1180720971938703,2026-09-29 00:19:30.553236,True,"Zone-matched position pattern, same blended-baseline limitation as touches_def_pen_area/aerials/errors -- MF dominates att_3rd/mid_3rd tackle+interception variants (pressing/midfield actions), DF dominates def_3rd variants and clearances (own-box defending). Confirmed via position breakdown, not assumed."
3746,ws_interceptions_att_3rd,ws,737,Bryan Linssen,Feyenoord,2021,9,1.2636103151862464,1.5121612862903745,5.1161141043311729,2026-09-29 00:19:30.553236,True,"High-press tactical trait, not position-concentrated (checked: spreads across MF/FW/DF combinations) -- plausible genuine standout pressing seasons."
3813,fbref_red_cards_per90,fbref,398,Kevin Diks,Vitesse,2016,0.19,0.01115727002967359050,0.03495952867110816227,5.11570769883200988945,2026-09-29 00:19:30.553236,True,Rare discrete event (card/penalty/own goal) -- any real occurrence reads as a z-score outlier even with a proper minutes floor; not a data bug.
3711,ws_take_ons_won,ws,1451,Anis Hadj Moussa,Feyenoord,2025,77,11.6837349397590361,12.7729169873046669,5.1136529835088173,2026-09-29 00:19:30.553236,True,"Genuine elite attacking/creative production, comparable to the confirmed Tadic 2022 case."
3687,ws_touches_att_pen_area,ws,1036,Sébastien Haller,Utrecht,2015,256,36.0240240240240240,43.0486488533125352,5.1099391464187411,2026-09-29 00:19:30.553236,True,"Genuine elite attacking/creative production, comparable to the confirmed Tadic 2022 case."
3703,ws_take_ons,ws,431,Amin Younes,Ajax,2016,193,30.1127596439169139,31.8781027963932345,5.1096905420140794,2026-09-29 00:19:30.553236,True,"Genuine elite attacking/creative production, comparable to the confirmed Tadic 2022 case."
3551,fbref_shots_on_target,fbref,1693,Memphis,PSV,2013,64,9.6474164133738602,10.6503607381867713,5.1033561137272512,2026-09-29 00:19:30.553236,True,"Genuine elite attacking/creative production, comparable to the confirmed Tadic 2022 case."
3931,ws_tackles_per90,ws,1567,Mateo Chávez,AZ Alkmaar,2025,6.09,1.5218072289156627,0.89532642811328790615,5.10226508192195614743,2026-09-29 00:19:30.553236,True,"Zone-matched position pattern, same blended-baseline limitation as touches_def_pen_area/aerials/errors -- MF dominates att_3rd/mid_3rd tackle+interception variants (pressing/midfield actions), DF dominates def_3rd variants and clearances (own-box defending). Confirmed via position breakdown, not assumed."
3934,ws_tackles_def_3rd_per90,ws,575,Jonas Svensson,AZ Alkmaar,2016,4.23,0.88673590504451038576,0.65567579072761003604,5.09895918415019675882,2026-09-29 00:19:30.553236,True,"Zone-matched position pattern, same blended-baseline limitation as touches_def_pen_area/aerials/errors -- MF dominates att_3rd/mid_3rd tackle+interception variants (pressing/midfield actions), DF dominates def_3rd variants and clearances (own-box defending). Confirmed via position breakdown, not assumed."
3699,ws_take_ons,ws,1451,Anis Hadj Moussa,Feyenoord,2025,177,27.9849397590361446,29.2491601190542918,5.0946782620225860,2026-09-29 00:19:30.553236,True,"Genuine elite attacking/creative production, comparable to the confirmed Tadic 2022 case."
3678,ws_touches_def_pen_area,ws,125,Eloy Room,Vitesse,2023,1407,123.5016181229773463,251.966675087235,5.0939211760152585,2026-09-29 00:19:30.553236,True,Structural: touches_def_pen_area naturally clusters almost entirely among goalkeepers (confirmed via derive_possession_stats.py sanity check and re-confirmed here: 31/31 flagged rows are GK). Not a bug -- a blended-position z-score baseline will always flag keepers here.
3933,ws_tackles_won_per90,ws,1567,Mateo Chávez,AZ Alkmaar,2025,3.80,0.91852409638554216867,0.56570405510961202558,5.09361012633387771609,2026-09-29 00:19:30.553236,True,"Zone-matched position pattern, same blended-baseline limitation as touches_def_pen_area/aerials/errors -- MF dominates att_3rd/mid_3rd tackle+interception variants (pressing/midfield actions), DF dominates def_3rd variants and clearances (own-box defending). Confirmed via position breakdown, not assumed."
3714,ws_take_ons_won,ws,381,Hakim Ziyech,Twente,2015,92,14.3273273273273273,15.2595339861300942,5.0901077807010350,2026-09-29 00:19:30.553236,True,"Genuine elite attacking/creative production, comparable to the confirmed Tadic 2022 case."
3734,ws_tackles_mid_3rd,ws,983,Sondre Tronstad,Vitesse,2021,61,11.5587392550143266,9.7134291808779677,5.0899903447401082,2026-09-29 00:19:30.553236,True,"Zone-matched position pattern, same blended-baseline limitation as touches_def_pen_area/aerials/errors -- MF dominates att_3rd/mid_3rd tackle+interception variants (pressing/midfield actions), DF dominates def_3rd variants and clearances (own-box defending). Confirmed via position breakdown, not assumed."
3673,ws_touches_def_pen_area,ws,956,Etienne Vaessen,RKC Waalwijk,2022,1314,122.4152823920265781,234.128078123214,5.0894567074559981,2026-09-29 00:19:30.553236,True,Structural: touches_def_pen_area naturally clusters almost entirely among goalkeepers (confirmed via derive_possession_stats.py sanity check and re-confirmed here: 31/31 flagged rows are GK). Not a bug -- a blended-position z-score baseline will always flag keepers here.
3525,fbref_assists_per90,fbref,672,Oussama Idrissi,AZ Alkmaar,2017,0.72,0.10136904761904761905,0.12157388562498088804,5.08851838699343728827,2026-09-29 00:19:30.553236,True,"Genuine elite attacking/creative production, comparable to the confirmed Tadic 2022 case."
3964,ws_pen_area_entries_per90,ws,381,Hakim Ziyech,Ajax,2017,6.54,1.1944642857142857,1.0505763927147980,5.0881932540596095,2026-09-29 00:19:30.553236,True,"Genuine elite attacking/creative production, comparable to the confirmed Tadic 2022 case."
3653,ws_touches_def_pen_area,ws,156,Jelle ten Rouwelaar,NAC Breda,2013,1800,135.9696048632218845,327.302415243974,5.0840761254279035,2026-09-29 00:19:30.553236,True,Structural: touches_def_pen_area naturally clusters almost entirely among goalkeepers (confirmed via derive_possession_stats.py sanity check and re-confirmed here: 31/31 flagged rows are GK). Not a bug -- a blended-position z-score baseline will always flag keepers here.
3443,fbref_goals_plus_assists,fbref,1253,Mika Godts,Ajax,2025,29,4.4717514124293785,4.8268070825598700,5.0816716243322911,2026-09-29 00:19:30.553236,True,"Genuine elite attacking/creative production, comparable to the confirmed Tadic 2022 case."
3937,ws_tackles_mid_3rd_per90,ws,718,Mauro Júnior,PSV,2017,2.81,0.60723214285714285714,0.43357220092103905466,5.08050989538422692143,2026-09-29 00:19:30.553236,True,"Zone-matched position pattern, same blended-baseline limitation as touches_def_pen_area/aerials/errors -- MF dominates att_3rd/mid_3rd tackle+interception variants (pressing/midfield actions), DF dominates def_3rd variants and clearances (own-box defending). Confirmed via position breakdown, not assumed."
3681,ws_touches_def_pen_area,ws,2086,Michael Brouwer,Heracles Almelo,2023,1402,123.5016181229773463,251.966675087235,5.0740772819833636,2026-09-29 00:19:30.553236,True,Structural: touches_def_pen_area naturally clusters almost entirely among goalkeepers (confirmed via derive_possession_stats.py sanity check and re-confirmed here: 31/31 flagged rows are GK). Not a bug -- a blended-position z-score baseline will always flag keepers here.
3452,fbref_non_penalty_goals,fbref,1693,Memphis,PSV,2014,20,2.4520958083832335,3.4592147614116073,5.0727998698918494,2026-09-29 00:19:30.553236,True,"Genuine elite attacking/creative production, comparable to the confirmed Tadic 2022 case."
3798,ws_aerials_won,ws,379,Luuk de Jong,PSV,2015,164,26.4564564564564565,27.1303534841800781,5.0697291365461295,2026-09-29 00:19:30.553236,True,"Genuine elite aerial performance, mostly forwards (confirmed 42/46 flagged rows are FW) -- same blended-position-baseline effect as touches_def_pen_area, but manifesting as real standout performers rather than a purely structural artifact."
3558,fbref_shots_on_target,fbref,719,Donyell Malen,PSV,2020,86,12.6324786324786325,14.4826585704213599,5.0658876621840299,2026-09-29 00:19:30.553236,True,"Genuine elite attacking/creative production, comparable to the confirmed Tadic 2022 case."
3743,ws_interceptions_att_3rd,ws,675,Fredrik Midtsjø,AZ Alkmaar,2019,7,0.85273972602739726027,1.2137072347202581,5.06486251224287791458,2026-09-29 00:19:30.553236,True,"High-press tactical trait, not position-concentrated (checked: spreads across MF/FW/DF combinations) -- plausible genuine standout pressing seasons."
3721,ws_take_ons_won,ws,860,Richonell Margaret,RKC Waalwijk,2024,76,11.6301775147928994,12.7093475015432059,5.0647621742493963,2026-09-29 00:19:30.553236,True,"Genuine elite attacking/creative production, comparable to the confirmed Tadic 2022 case."
4087,fbref_penalty_goals,fbref,,Andreas Lasnik,Willem II,2010,5,0.24390243902439024390,0.93926870648977487580,5.06361760816033944493,2026-09-28 21:27:51.725506,True,Rare discrete event (penalty/red card/own goal) -- any real occurrence reads as a z-score outlier even with a proper minutes floor; not a data bug.
3508,fbref_penalty_goals,fbref,,Andreas Lasnik,Willem II,2010,5,0.24390243902439024390,0.93926870648977487580,5.06361760816033944493,2026-09-21 22:42:32.067537,True,Rare discrete event (card/penalty/own goal) -- any real occurrence reads as a z-score outlier even with a proper minutes floor; not a data bug.
3513,fbref_penalty_goals,fbref,,Balázs Dzsudzsák,PSV,2010,5,0.24390243902439024390,0.93926870648977487580,5.06361760816033944493,2026-09-21 22:42:32.067537,True,Rare discrete event (card/penalty/own goal) -- any real occurrence reads as a z-score outlier even with a proper minutes floor; not a data bug.
4092,fbref_penalty_goals,fbref,,Balázs Dzsudzsák,PSV,2010,5,0.24390243902439024390,0.93926870648977487580,5.06361760816033944493,2026-09-28 21:27:51.725506,True,Rare discrete event (penalty/red card/own goal) -- any real occurrence reads as a z-score outlier even with a proper minutes floor; not a data bug.
3654,ws_touches_def_pen_area,ws,99,Kostas Lamprou,Willem II,2015,1739,134.9609609609609610,316.985511871478,5.0602913349850444,2026-09-29 00:19:30.553236,True,Structural: touches_def_pen_area naturally clusters almost entirely among goalkeepers (confirmed via derive_possession_stats.py sanity check and re-confirmed here: 31/31 flagged rows are GK). Not a bug -- a blended-position z-score baseline will always flag keepers here.
3985,ws_aerials_won_per90,ws,1006,Paul Gladon,Fortuna Sittard,2021,7.61,1.5073638968481375,1.2063266827333407,5.0588585915419515,2026-09-29 00:19:30.553236,True,"Genuine elite aerial performance, mostly forwards (confirmed 42/46 flagged rows are FW) -- same blended-position-baseline effect as touches_def_pen_area, but manifesting as real standout performers rather than a purely structural artifact."
3448,fbref_non_penalty_goals,fbref,2487,Alfreð Finnbogason,Heerenveen,2013,19,2.5896656534954407,3.2448856866735562,5.0572919760780100,2026-09-29 00:19:30.553236,True,"Genuine elite attacking/creative production, comparable to the confirmed Tadic 2022 case."
3664,ws_touches_def_pen_area,ws,1793,Sergio Padt,Groningen,2017,1332,118.3928571428571429,240.236203063277,5.0517246251077523,2026-09-29 00:19:30.553236,True,Structural: touches_def_pen_area naturally clusters almost entirely among goalkeepers (confirmed via derive_possession_stats.py sanity check and re-confirmed here: 31/31 flagged rows are GK). Not a bug -- a blended-position z-score baseline will always flag keepers here.
3676,ws_touches_def_pen_area,ws,1227,Jeffrey De Lange,Go Ahead Eagles,2023,1396,123.5016181229773463,251.966675087235,5.0502646091450896,2026-09-29 00:19:30.553236,True,Structural: touches_def_pen_area naturally clusters almost entirely among goalkeepers (confirmed via derive_possession_stats.py sanity check and re-confirmed here: 31/31 flagged rows are GK). Not a bug -- a blended-position z-score baseline will always flag keepers here.
3433,fbref_goals_plus_assists,fbref,190,Alireza Jahanbakhsh,AZ Alkmaar,2017,33,4.5446428571428571,5.6349999952701948,5.0497528246213824,2026-09-29 00:19:30.553236,True,"Genuine elite attacking/creative production, comparable to the confirmed Tadic 2022 case."
3704,ws_take_ons,ws,1811,Arber Zeneli,Heerenveen,2016,191,30.1127596439169139,31.8781027963932345,5.0469515511533596,2026-09-29 00:19:30.553236,True,"Genuine elite attacking/creative production, comparable to the confirmed Tadic 2022 case."
3742,ws_interceptions_att_3rd,ws,381,Hakim Ziyech,Ajax,2017,8,1.1190476190476190,1.3639692901936352,5.0448000775556539,2026-09-29 00:19:30.553236,True,"High-press tactical trait, not position-concentrated (checked: spreads across MF/FW/DF combinations) -- plausible genuine standout pressing seasons."
3990,ws_aerials_won_per90,ws,2256,Tobias Lauritsen,Sparta R.,2024,7.57,1.4236686390532544,1.2186528180991706,5.0435458480567631,2026-09-29 00:19:30.553236,True,"Genuine elite aerial performance, mostly forwards (confirmed 42/46 flagged rows are FW) -- same blended-position-baseline effect as touches_def_pen_area, but manifesting as real standout performers rather than a purely structural artifact."
3925,fbref_own_goals_per90,fbref,,Alois Oroz,Vitesse,2022,0.09,0.00360703812316715543,0.01713813627629950141,5.04097764681137050943,2026-09-21 22:42:32.067537,True,Rare discrete event (card/penalty/own goal) -- any real occurrence reads as a z-score outlier even with a proper minutes floor; not a data bug.
4504,fbref_own_goals_per90,fbref,,Alois Oroz,Vitesse,2022,0.09,0.00360703812316715543,0.01713813627629950141,5.04097764681137050943,2026-09-28 21:27:51.725506,True,Rare discrete event (penalty/red card/own goal) -- any real occurrence reads as a z-score outlier even with a proper minutes floor; not a data bug.
4435,fbref_red_cards_per90,fbref,,Marcus Nilsson,Utrecht,2011,0.18,0.01429429429429429429,0.03287247902098987043,5.04086429258647080901,2026-09-28 21:27:51.725506,True,Rare discrete event (penalty/red card/own goal) -- any real occurrence reads as a z-score outlier even with a proper minutes floor; not a data bug.
3856,fbref_red_cards_per90,fbref,,Marcus Nilsson,Utrecht,2011,0.18,0.01429429429429429429,0.03287247902098987043,5.04086429258647080901,2026-09-21 22:42:32.067537,True,Rare discrete event (card/penalty/own goal) -- any real occurrence reads as a z-score outlier even with a proper minutes floor; not a data bug.
3670,ws_touches_def_pen_area,ws,1680,Peter Vindahl Jensen,AZ Alkmaar,2021,1328,121.5730659025787966,239.349293804857,5.0404449284944569,2026-09-29 00:19:30.553236,True,Structural: touches_def_pen_area naturally clusters almost entirely among goalkeepers (confirmed via derive_possession_stats.py sanity check and re-confirmed here: 31/31 flagged rows are GK). Not a bug -- a blended-position z-score baseline will always flag keepers here.
3454,fbref_non_penalty_goals,fbref,1105,Giorgos Giakoumakis,VVV-Venlo,2020,18,2.1880341880341880,3.1412416760572987,5.0336673973497190,2026-09-29 00:19:30.553236,True,"Genuine elite attacking/creative production, comparable to the confirmed Tadic 2022 case."
3804,ws_aerials_won,ws,2102,Sven Botman,Heerenveen,2019,132,22.5000000000000000,21.7591470673750527,5.0323663726773871,2026-09-29 00:19:30.553236,True,"Genuine elite aerial performance, mostly forwards (confirmed 42/46 flagged rows are FW) -- same blended-position-baseline effect as touches_def_pen_area, but manifesting as real standout performers rather than a purely structural artifact."
3406,fbref_unused_sub,fbref,765,Mattijs Branderhorst,Utrecht,2023,29,3.5386819484240688,5.0630302457364572,5.0288694350614894,2026-09-29 00:19:30.553236,True,"Confirmed: both are Utrecht squad goalkeepers (backup keepers sit unused almost every match all season -- expected, not an anomaly)."
3981,ws_aerials_won_per90,ws,379,Luuk de Jong,PSV,2018,8.76,1.6562745098039216,1.4126519102309907,5.0286453716928101,2026-09-29 00:19:30.553236,True,"Genuine elite aerial performance, mostly forwards (confirmed 42/46 flagged rows are FW) -- same blended-position-baseline effect as touches_def_pen_area, but manifesting as real standout performers rather than a purely structural artifact."
3668,ws_touches_def_pen_area,ws,673,Marco Bizot,AZ Alkmaar,2020,1273,115.4085365853658537,230.342221508504,5.0255287798893485,2026-09-29 00:19:30.553236,True,Structural: touches_def_pen_area naturally clusters almost entirely among goalkeepers (confirmed via derive_possession_stats.py sanity check and re-confirmed here: 31/31 flagged rows are GK). Not a bug -- a blended-position z-score baseline will always flag keepers here.
3944,ws_interceptions_att_3rd_per90,ws,661,Thijmen Goppel,ADO Den Haag,2017,0.41,0.05720238095238095238,0.07031210248248997866,5.01759450494994420736,2026-09-29 00:19:30.553236,True,"High-press tactical trait, not position-concentrated (checked: spreads across MF/FW/DF combinations) -- plausible genuine standout pressing seasons."
3977,ws_aerials_per90,ws,1006,Paul Gladon,Fortuna Sittard,2025,14.18,2.8969578313253012,2.2500966259276495,5.0144700626014352,2026-09-29 00:19:30.553236,True,"Genuine elite aerial performance, mostly forwards (confirmed 42/46 flagged rows are FW) -- same blended-position-baseline effect as touches_def_pen_area, but manifesting as real standout performers rather than a purely structural artifact."
3750,ws_clearances,ws,1816,Mike te Wierik,Heracles Almelo,2015,317,48.6576576576576577,53.5453015322880924,5.0115011898948880,2026-09-29 00:19:30.553236,True,"Zone-matched position pattern, same blended-baseline limitation as touches_def_pen_area/aerials/errors -- MF dominates att_3rd/mid_3rd tackle+interception variants (pressing/midfield actions), DF dominates def_3rd variants and clearances (own-box defending). Confirmed via position breakdown, not assumed."
3857,fbref_red_cards_per90,fbref,1944,Anco Jansen,Emmen,2020,0.14,0.00937321937321937322,0.02606925437380255435,5.01076013735359240437,2026-09-29 00:19:30.553236,True,Rare discrete event (card/penalty/own goal) -- any real occurrence reads as a z-score outlier even with a proper minutes floor; not a data bug.
3836,fbref_red_cards_per90,fbref,2088,Adrián Dalmau,Utrecht,2020,0.14,0.00937321937321937322,0.02606925437380255435,5.01076013735359240437,2026-09-29 00:19:30.553236,True,Rare discrete event (card/penalty/own goal) -- any real occurrence reads as a z-score outlier even with a proper minutes floor; not a data bug.
3835,fbref_red_cards_per90,fbref,2138,Adrian Szöke,Heracles Almelo,2020,0.14,0.00937321937321937322,0.02606925437380255435,5.01076013735359240437,2026-09-29 00:19:30.553236,True,Rare discrete event (card/penalty/own goal) -- any real occurrence reads as a z-score outlier even with a proper minutes floor; not a data bug.
3552,fbref_shots_on_target,fbref,115,Graziano Pellè,Feyenoord,2013,63,9.6474164133738602,10.6503607381867713,5.0094625804862119,2026-09-29 00:19:30.553236,True,"Genuine elite attacking/creative production, comparable to the confirmed Tadic 2022 case."
3523,fbref_goals_per90,fbref,1429,Ricardo Pepi,PSV,2025,1.02,0.14700564971751412429,0.17428303954106661319,5.00906085056418075216,2026-09-29 00:19:30.553236,True,"Genuine elite attacking/creative production, comparable to the confirmed Tadic 2022 case."
3436,fbref_goals_plus_assists,fbref,438,Vincent Janssen,AZ Alkmaar,2015,31,4.3933933933933934,5.3118035944583643,5.0089590349997942,2026-09-29 00:19:30.553236,True,"Genuine elite attacking/creative production, comparable to the confirmed Tadic 2022 case."
3649,ws_touches_att_3rd,ws,261,Dušan Tadić,Ajax,2020,1366,256.0121951219512195,221.602227541683,5.0089198885388549,2026-09-29 00:19:30.553236,True,"Genuine elite attacking production, same category as the earlier confirmed cluster -- missed from the first bulk pass."
3895,fbref_crosses_per90,fbref,261,Dušan Tadić,Ajax,2020,10.52,1.5553276353276353,1.7898411240920937,5.0086414062140525,2026-09-29 00:19:30.553236,True,"Genuine elite attacking production, same category as the earlier confirmed cluster -- missed from the first bulk pass."
3633,fbref_crosses,fbref,1217,Joey Veerman,PSV,2023,218,30.7363896848137536,37.4028914247036409,5.0066613350513186,2026-09-29 00:19:30.553236,True,"Genuine elite attacking/creative production, comparable to the confirmed Tadic 2022 case."
3529,fbref_assists_per90,fbref,608,Quincy Owusu-Abeyie,NEC Nijmegen,2016,0.68,0.09729970326409495549,0.11647913580248025741,5.00261521277098341126,2026-09-29 00:19:30.553236,True,"Genuine elite attacking/creative production, comparable to the confirmed Tadic 2022 case."
3556,fbref_shots_on_target,fbref,1693,Memphis,PSV,2014,64,9.1766467065868263,10.9641208256025957,5.0002507419832309,2026-09-29 00:19:30.553236,True,"Genuine elite attacking/creative production, comparable to the confirmed Tadic 2022 case."
