group_key,column_name,domain,total_rows,non_null_rows,pct_populated,explanation_tier,explanation
2010,ws_passes_pct,ws,488,0,0.0,explained,"No WhoScored coverage before 2013-14 -- documented, structural, not a data problem."
2010,ws_dispossessed,ws,488,0,0.0,explained,"No WhoScored coverage before 2013-14 -- documented, structural, not a data problem."
2010,ws_interceptions_mid_3rd_per90,ws,488,0,0.0,explained,"No WhoScored coverage before 2013-14 -- documented, structural, not a data problem."
2010,fbref_penalty_kicks_conceded_per90,fbref,488,0,0.0,likely_explained,"Matches the shape of the documented FBref 2010-2017 historical data gap (see known_issues.md) -- near-zero coverage in exactly that season range and domain. Detected from actual coverage numbers, not a hardcoded column list -- worth a quick individual confirmation if this is being relied on for a specific column, not just accepted blind."
2010,ws_interceptions_att_3rd_per90,ws,488,0,0.0,explained,"No WhoScored coverage before 2013-14 -- documented, structural, not a data problem."
2010,ws_clearances_per90,ws,488,0,0.0,explained,"No WhoScored coverage before 2013-14 -- documented, structural, not a data problem."
2010,ws_tackles_att_3rd,ws,488,0,0.0,explained,"No WhoScored coverage before 2013-14 -- documented, structural, not a data problem."
2010,ws_dribbled_past_per90,ws,488,0,0.0,explained,"No WhoScored coverage before 2013-14 -- documented, structural, not a data problem."
2010,fbref_penalty_kicks_won_per90,fbref,488,0,0.0,likely_explained,"Matches the shape of the documented FBref 2010-2017 historical data gap (see known_issues.md) -- near-zero coverage in exactly that season range and domain. Detected from actual coverage numbers, not a hardcoded column list -- worth a quick individual confirmation if this is being relied on for a specific column, not just accepted blind."
2010,ws_errors_per90,ws,488,0,0.0,explained,"No WhoScored coverage before 2013-14 -- documented, structural, not a data problem."
2010,ws_final_third_entries_per90,ws,488,0,0.0,explained,"No WhoScored coverage before 2013-14 -- documented, structural, not a data problem."
2010,ws_pen_area_entries_per90,ws,488,0,0.0,explained,"No WhoScored coverage before 2013-14 -- documented, structural, not a data problem."
2010,fbref_tackles_won_per90,fbref,488,0,0.0,likely_explained,"Matches the shape of the documented FBref 2010-2017 historical data gap (see known_issues.md) -- near-zero coverage in exactly that season range and domain. Detected from actual coverage numbers, not a hardcoded column list -- worth a quick individual confirmation if this is being relied on for a specific column, not just accepted blind."
2010,ws_touches_att_3rd,ws,488,0,0.0,explained,"No WhoScored coverage before 2013-14 -- documented, structural, not a data problem."
2010,ws_aerials_per90,ws,488,0,0.0,explained,"No WhoScored coverage before 2013-14 -- documented, structural, not a data problem."
2010,ws_aerials_won_per90,ws,488,0,0.0,explained,"No WhoScored coverage before 2013-14 -- documented, structural, not a data problem."
2010,ws_interceptions,ws,488,0,0.0,explained,"No WhoScored coverage before 2013-14 -- documented, structural, not a data problem."
2010,fbref_minutes_per_start,fbref,488,0,0.0,likely_explained,"Matches the shape of the documented FBref 2010-2017 historical data gap (see known_issues.md) -- near-zero coverage in exactly that season range and domain. Detected from actual coverage numbers, not a hardcoded column list -- worth a quick individual confirmation if this is being relied on for a specific column, not just accepted blind."
2010,fbref_interceptions_per90,fbref,488,0,0.0,likely_explained,"Matches the shape of the documented FBref 2010-2017 historical data gap (see known_issues.md) -- near-zero coverage in exactly that season range and domain. Detected from actual coverage numbers, not a hardcoded column list -- worth a quick individual confirmation if this is being relied on for a specific column, not just accepted blind."
2010,fbref_minutes_per_sub,fbref,488,0,0.0,likely_explained,"Matches the shape of the documented FBref 2010-2017 historical data gap (see known_issues.md) -- near-zero coverage in exactly that season range and domain. Detected from actual coverage numbers, not a hardcoded column list -- worth a quick individual confirmation if this is being relied on for a specific column, not just accepted blind."
2010,ws_touches_mid_3rd,ws,488,0,0.0,explained,"No WhoScored coverage before 2013-14 -- documented, structural, not a data problem."
2010,ws_interceptions_def_3rd,ws,488,0,0.0,explained,"No WhoScored coverage before 2013-14 -- documented, structural, not a data problem."
2010,fbref_unused_sub,fbref,488,0,0.0,likely_explained,"Matches the shape of the documented FBref 2010-2017 historical data gap (see known_issues.md) -- near-zero coverage in exactly that season range and domain. Detected from actual coverage numbers, not a hardcoded column list -- worth a quick individual confirmation if this is being relied on for a specific column, not just accepted blind."
2010,fbref_crosses_per90,fbref,488,0,0.0,likely_explained,"Matches the shape of the documented FBref 2010-2017 historical data gap (see known_issues.md) -- near-zero coverage in exactly that season range and domain. Detected from actual coverage numbers, not a hardcoded column list -- worth a quick individual confirmation if this is being relied on for a specific column, not just accepted blind."
2010,fbref_points_per_match,fbref,488,0,0.0,likely_explained,"Matches the shape of the documented FBref 2010-2017 historical data gap (see known_issues.md) -- near-zero coverage in exactly that season range and domain. Detected from actual coverage numbers, not a hardcoded column list -- worth a quick individual confirmation if this is being relied on for a specific column, not just accepted blind."
2010,fbref_team_goals_while_on_pitch,fbref,488,0,0.0,likely_explained,"Matches the shape of the documented FBref 2010-2017 historical data gap (see known_issues.md) -- near-zero coverage in exactly that season range and domain. Detected from actual coverage numbers, not a hardcoded column list -- worth a quick individual confirmation if this is being relied on for a specific column, not just accepted blind."
2010,fbref_team_goals_against_while_on_pitch,fbref,488,0,0.0,likely_explained,"Matches the shape of the documented FBref 2010-2017 historical data gap (see known_issues.md) -- near-zero coverage in exactly that season range and domain. Detected from actual coverage numbers, not a hardcoded column list -- worth a quick individual confirmation if this is being relied on for a specific column, not just accepted blind."
2010,ws_interceptions_mid_3rd,ws,488,0,0.0,explained,"No WhoScored coverage before 2013-14 -- documented, structural, not a data problem."
2010,ws_touches_def_3rd,ws,488,0,0.0,explained,"No WhoScored coverage before 2013-14 -- documented, structural, not a data problem."
2010,fbref_plus_minus,fbref,488,0,0.0,likely_explained,"Matches the shape of the documented FBref 2010-2017 historical data gap (see known_issues.md) -- near-zero coverage in exactly that season range and domain. Detected from actual coverage numbers, not a hardcoded column list -- worth a quick individual confirmation if this is being relied on for a specific column, not just accepted blind."
2010,fbref_offsides_per90,fbref,488,0,0.0,likely_explained,"Matches the shape of the documented FBref 2010-2017 historical data gap (see known_issues.md) -- near-zero coverage in exactly that season range and domain. Detected from actual coverage numbers, not a hardcoded column list -- worth a quick individual confirmation if this is being relied on for a specific column, not just accepted blind."
2010,fbref_plus_minus_per90,fbref,488,0,0.0,likely_explained,"Matches the shape of the documented FBref 2010-2017 historical data gap (see known_issues.md) -- near-zero coverage in exactly that season range and domain. Detected from actual coverage numbers, not a hardcoded column list -- worth a quick individual confirmation if this is being relied on for a specific column, not just accepted blind."
2010,fbref_on_off,fbref,488,0,0.0,likely_explained,"Matches the shape of the documented FBref 2010-2017 historical data gap (see known_issues.md) -- near-zero coverage in exactly that season range and domain. Detected from actual coverage numbers, not a hardcoded column list -- worth a quick individual confirmation if this is being relied on for a specific column, not just accepted blind."
2010,ws_interceptions_att_3rd,ws,488,0,0.0,explained,"No WhoScored coverage before 2013-14 -- documented, structural, not a data problem."
2010,fbref_shots,fbref,488,0,0.0,likely_explained,"Matches the shape of the documented FBref 2010-2017 historical data gap (see known_issues.md) -- near-zero coverage in exactly that season range and domain. Detected from actual coverage numbers, not a hardcoded column list -- worth a quick individual confirmation if this is being relied on for a specific column, not just accepted blind."
2010,fbref_shots_on_target,fbref,488,0,0.0,likely_explained,"Matches the shape of the documented FBref 2010-2017 historical data gap (see known_issues.md) -- near-zero coverage in exactly that season range and domain. Detected from actual coverage numbers, not a hardcoded column list -- worth a quick individual confirmation if this is being relied on for a specific column, not just accepted blind."
2010,fbref_fouls_drawn_per90,fbref,488,0,0.0,likely_explained,"Matches the shape of the documented FBref 2010-2017 historical data gap (see known_issues.md) -- near-zero coverage in exactly that season range and domain. Detected from actual coverage numbers, not a hardcoded column list -- worth a quick individual confirmation if this is being relied on for a specific column, not just accepted blind."
2010,fbref_shots_on_target_pct,fbref,488,0,0.0,likely_explained,"Matches the shape of the documented FBref 2010-2017 historical data gap (see known_issues.md) -- near-zero coverage in exactly that season range and domain. Detected from actual coverage numbers, not a hardcoded column list -- worth a quick individual confirmation if this is being relied on for a specific column, not just accepted blind."
2010,fbref_shots_per90,fbref,488,0,0.0,likely_explained,"Matches the shape of the documented FBref 2010-2017 historical data gap (see known_issues.md) -- near-zero coverage in exactly that season range and domain. Detected from actual coverage numbers, not a hardcoded column list -- worth a quick individual confirmation if this is being relied on for a specific column, not just accepted blind."
2010,ws_touches,ws,488,0,0.0,explained,"No WhoScored coverage before 2013-14 -- documented, structural, not a data problem."
2010,fbref_goals_per_shot,fbref,488,0,0.0,likely_explained,"Matches the shape of the documented FBref 2010-2017 historical data gap (see known_issues.md) -- near-zero coverage in exactly that season range and domain. Detected from actual coverage numbers, not a hardcoded column list -- worth a quick individual confirmation if this is being relied on for a specific column, not just accepted blind."
2010,fbref_second_yellow_cards_per90,fbref,488,0,0.0,likely_explained,"Matches the shape of the documented FBref 2010-2017 historical data gap (see known_issues.md) -- near-zero coverage in exactly that season range and domain. Detected from actual coverage numbers, not a hardcoded column list -- worth a quick individual confirmation if this is being relied on for a specific column, not just accepted blind."
2010,fbref_second_yellow_cards,fbref,488,0,0.0,likely_explained,"Matches the shape of the documented FBref 2010-2017 historical data gap (see known_issues.md) -- near-zero coverage in exactly that season range and domain. Detected from actual coverage numbers, not a hardcoded column list -- worth a quick individual confirmation if this is being relied on for a specific column, not just accepted blind."
2010,ws_whoscored_player_id,ws,488,0,0.0,explained,"No WhoScored coverage before 2013-14 -- documented, structural, not a data problem."
2010,ws_clearances,ws,488,0,0.0,explained,"No WhoScored coverage before 2013-14 -- documented, structural, not a data problem."
2010,fbref_fouls_drawn,fbref,488,0,0.0,likely_explained,"Matches the shape of the documented FBref 2010-2017 historical data gap (see known_issues.md) -- near-zero coverage in exactly that season range and domain. Detected from actual coverage numbers, not a hardcoded column list -- worth a quick individual confirmation if this is being relied on for a specific column, not just accepted blind."
2010,fbref_own_goals,fbref,488,0,0.0,likely_explained,"Matches the shape of the documented FBref 2010-2017 historical data gap (see known_issues.md) -- near-zero coverage in exactly that season range and domain. Detected from actual coverage numbers, not a hardcoded column list -- worth a quick individual confirmation if this is being relied on for a specific column, not just accepted blind."
2010,fbref_offsides,fbref,488,0,0.0,likely_explained,"Matches the shape of the documented FBref 2010-2017 historical data gap (see known_issues.md) -- near-zero coverage in exactly that season range and domain. Detected from actual coverage numbers, not a hardcoded column list -- worth a quick individual confirmation if this is being relied on for a specific column, not just accepted blind."
2010,ws_passes_completed,ws,488,0,0.0,explained,"No WhoScored coverage before 2013-14 -- documented, structural, not a data problem."
2010,fbref_crosses,fbref,488,0,0.0,likely_explained,"Matches the shape of the documented FBref 2010-2017 historical data gap (see known_issues.md) -- near-zero coverage in exactly that season range and domain. Detected from actual coverage numbers, not a hardcoded column list -- worth a quick individual confirmation if this is being relied on for a specific column, not just accepted blind."
2010,ws_take_ons_won_pct,ws,488,0,0.0,explained,"No WhoScored coverage before 2013-14 -- documented, structural, not a data problem."
2010,fbref_penalty_kicks_conceded,fbref,488,0,0.0,likely_explained,"Matches the shape of the documented FBref 2010-2017 historical data gap (see known_issues.md) -- near-zero coverage in exactly that season range and domain. Detected from actual coverage numbers, not a hardcoded column list -- worth a quick individual confirmation if this is being relied on for a specific column, not just accepted blind."
2010,fbref_interceptions,fbref,488,0,0.0,likely_explained,"Matches the shape of the documented FBref 2010-2017 historical data gap (see known_issues.md) -- near-zero coverage in exactly that season range and domain. Detected from actual coverage numbers, not a hardcoded column list -- worth a quick individual confirmation if this is being relied on for a specific column, not just accepted blind."
2010,ws_passes,ws,488,0,0.0,explained,"No WhoScored coverage before 2013-14 -- documented, structural, not a data problem."
2010,ws_matches_with_data,ws,488,0,0.0,explained,"No WhoScored coverage before 2013-14 -- documented, structural, not a data problem."
2010,fbref_penalty_kicks_won,fbref,488,0,0.0,likely_explained,"Matches the shape of the documented FBref 2010-2017 historical data gap (see known_issues.md) -- near-zero coverage in exactly that season range and domain. Detected from actual coverage numbers, not a hardcoded column list -- worth a quick individual confirmation if this is being relied on for a specific column, not just accepted blind."
2010,fbref_tackles_won,fbref,488,0,0.0,likely_explained,"Matches the shape of the documented FBref 2010-2017 historical data gap (see known_issues.md) -- near-zero coverage in exactly that season range and domain. Detected from actual coverage numbers, not a hardcoded column list -- worth a quick individual confirmation if this is being relied on for a specific column, not just accepted blind."
2010,ws_dribbled_past,ws,488,0,0.0,explained,"No WhoScored coverage before 2013-14 -- documented, structural, not a data problem."
2010,ws_errors,ws,488,0,0.0,explained,"No WhoScored coverage before 2013-14 -- documented, structural, not a data problem."
2010,ws_tackles,ws,488,0,0.0,explained,"No WhoScored coverage before 2013-14 -- documented, structural, not a data problem."
2010,ws_final_third_entries,ws,488,0,0.0,explained,"No WhoScored coverage before 2013-14 -- documented, structural, not a data problem."
2010,gk_penalty_kick_save_pct,gk,40,0,0.0,unexplained,
2010,ws_pen_area_entries,ws,488,0,0.0,explained,"No WhoScored coverage before 2013-14 -- documented, structural, not a data problem."
2010,ws_aerials,ws,488,0,0.0,explained,"No WhoScored coverage before 2013-14 -- documented, structural, not a data problem."
2010,ws_aerials_won,ws,488,0,0.0,explained,"No WhoScored coverage before 2013-14 -- documented, structural, not a data problem."
2010,gk_penalty_kicks_missed_by_opponent,gk,40,0,0.0,unexplained,
2010,ws_aerial_duel_win_pct,ws,488,0,0.0,explained,"No WhoScored coverage before 2013-14 -- documented, structural, not a data problem."
2010,ws_take_ons_won,ws,488,0,0.0,explained,"No WhoScored coverage before 2013-14 -- documented, structural, not a data problem."
2010,ws_ground_duel_win_pct,ws,488,0,0.0,explained,"No WhoScored coverage before 2013-14 -- documented, structural, not a data problem."
2010,ws_passes_per90,ws,488,0,0.0,explained,"No WhoScored coverage before 2013-14 -- documented, structural, not a data problem."
2010,gk_penalty_kicks_saved,gk,40,0,0.0,unexplained,
2010,ws_passes_completed_per90,ws,488,0,0.0,explained,"No WhoScored coverage before 2013-14 -- documented, structural, not a data problem."
2010,ws_touches_per90,ws,488,0,0.0,explained,"No WhoScored coverage before 2013-14 -- documented, structural, not a data problem."
2010,ws_tackles_won,ws,488,0,0.0,explained,"No WhoScored coverage before 2013-14 -- documented, structural, not a data problem."
2010,ws_touches_def_3rd_per90,ws,488,0,0.0,explained,"No WhoScored coverage before 2013-14 -- documented, structural, not a data problem."
2010,gk_penalty_kicks_allowed,gk,40,0,0.0,unexplained,
2010,ws_touches_mid_3rd_per90,ws,488,0,0.0,explained,"No WhoScored coverage before 2013-14 -- documented, structural, not a data problem."
2010,ws_take_ons,ws,488,0,0.0,explained,"No WhoScored coverage before 2013-14 -- documented, structural, not a data problem."
2010,ws_tackles_def_3rd,ws,488,0,0.0,explained,"No WhoScored coverage before 2013-14 -- documented, structural, not a data problem."
2010,ws_touches_att_3rd_per90,ws,488,0,0.0,explained,"No WhoScored coverage before 2013-14 -- documented, structural, not a data problem."
2010,gk_penalty_kicks_faced,gk,40,0,0.0,unexplained,
2010,ws_touches_def_pen_area_per90,ws,488,0,0.0,explained,"No WhoScored coverage before 2013-14 -- documented, structural, not a data problem."
2010,ws_touches_att_pen_area_per90,ws,488,0,0.0,explained,"No WhoScored coverage before 2013-14 -- documented, structural, not a data problem."
2010,ws_take_ons_per90,ws,488,0,0.0,explained,"No WhoScored coverage before 2013-14 -- documented, structural, not a data problem."
2010,ws_take_ons_won_per90,ws,488,0,0.0,explained,"No WhoScored coverage before 2013-14 -- documented, structural, not a data problem."
2010,ws_dispossessed_per90,ws,488,0,0.0,explained,"No WhoScored coverage before 2013-14 -- documented, structural, not a data problem."
2010,ws_tackles_per90,ws,488,0,0.0,explained,"No WhoScored coverage before 2013-14 -- documented, structural, not a data problem."
2010,ws_touches_att_pen_area,ws,488,0,0.0,explained,"No WhoScored coverage before 2013-14 -- documented, structural, not a data problem."
2010,ws_tackles_won_per90,ws,488,0,0.0,explained,"No WhoScored coverage before 2013-14 -- documented, structural, not a data problem."
2010,ws_tackles_def_3rd_per90,ws,488,0,0.0,explained,"No WhoScored coverage before 2013-14 -- documented, structural, not a data problem."
2010,ws_tackles_mid_3rd_per90,ws,488,0,0.0,explained,"No WhoScored coverage before 2013-14 -- documented, structural, not a data problem."
2010,ws_tackles_att_3rd_per90,ws,488,0,0.0,explained,"No WhoScored coverage before 2013-14 -- documented, structural, not a data problem."
2010,ws_tackles_mid_3rd,ws,488,0,0.0,explained,"No WhoScored coverage before 2013-14 -- documented, structural, not a data problem."
2010,ws_interceptions_per90,ws,488,0,0.0,explained,"No WhoScored coverage before 2013-14 -- documented, structural, not a data problem."
2010,ws_interceptions_def_3rd_per90,ws,488,0,0.0,explained,"No WhoScored coverage before 2013-14 -- documented, structural, not a data problem."
2010,fbref_own_goals_per90,fbref,488,0,0.0,likely_explained,"Matches the shape of the documented FBref 2010-2017 historical data gap (see known_issues.md) -- near-zero coverage in exactly that season range and domain. Detected from actual coverage numbers, not a hardcoded column list -- worth a quick individual confirmation if this is being relied on for a specific column, not just accepted blind."
2010,ws_touches_def_pen_area,ws,488,0,0.0,explained,"No WhoScored coverage before 2013-14 -- documented, structural, not a data problem."
2010,tm_foot,tm,488,173,35.5,unexplained,
2010,tm_height_cm,tm,488,173,35.5,unexplained,
2010,fbref_goals_per_shot_on_target,fbref,488,341,69.9,unexplained,
2010,fbref_complete_matches,fbref,488,412,84.4,,
2010,gk_clean_sheet_pct,gk,40,39,97.5,,
2010,fbref_fouls_committed_per90,fbref,488,482,98.8,,
2010,fbref_yellow_cards_per90,fbref,488,483,99.0,,
2010,fbref_red_cards_per90,fbref,488,483,99.0,,
2010,fbref_age,fbref,488,486,99.6,,
2010,fbref_position,fbref,488,487,99.8,,
2010,fbref_shots_on_target_per90,fbref,488,487,99.8,,
2010,fbref_fouls_committed,fbref,488,487,99.8,,
2010,fbref_nation,fbref,488,487,99.8,,
2010,fbref_born,fbref,488,487,99.8,,
2010,gk_goals_against,gk,40,40,100.0,,
2010,fbref_non_penalty_goals_plus_assists_per90,fbref,488,488,100.0,,
2010,fbref_red_cards,fbref,488,488,100.0,,
2010,gk_saves,gk,40,40,100.0,,
2010,gk_clean_sheets,gk,40,40,100.0,,
2010,fbref_penalty_attempts,fbref,488,488,100.0,,
2010,fbref_yellow_cards,fbref,488,488,100.0,,
2010,gk_losses,gk,40,40,100.0,,
2010,fbref_non_penalty_goals_per90,fbref,488,488,100.0,,
2010,fbref_matches_played,fbref,488,488,100.0,,
2010,fbref_goals_plus_assists,fbref,488,488,100.0,,
2010,gk_draws,gk,40,40,100.0,,
2010,gk_goals_against_per90,gk,40,40,100.0,,
2010,fbref_goals_plus_assists_per90,fbref,488,488,100.0,,
2010,fbref_penalty_goals,fbref,488,488,100.0,,
2010,fbref_nineties,fbref,488,488,100.0,,
2010,gk_save_pct,gk,40,40,100.0,,
2010,fbref_starts,fbref,488,488,100.0,,
2010,gk_saves_per90,gk,40,40,100.0,,
2010,gk_shots_on_target_against,gk,40,40,100.0,,
2010,fbref_minutes_pct,fbref,488,488,100.0,,
2010,fbref_assists_per90,fbref,488,488,100.0,,
2010,fbref_goals,fbref,488,488,100.0,,
2010,fbref_assists,fbref,488,488,100.0,,
2010,fbref_substitute_appearances,fbref,488,488,100.0,,
2010,gk_wins,gk,40,40,100.0,,
2010,fbref_non_penalty_goals,fbref,488,488,100.0,,
2010,fbref_minutes_per_match,fbref,488,488,100.0,,
2010,fbref_minutes,fbref,488,488,100.0,,
2010,fbref_goals_per90,fbref,488,488,100.0,,
2011,ws_aerials,ws,475,0,0.0,explained,"No WhoScored coverage before 2013-14 -- documented, structural, not a data problem."
2011,gk_penalty_kick_save_pct,gk,39,0,0.0,unexplained,
2011,gk_penalty_kicks_missed_by_opponent,gk,39,0,0.0,unexplained,
2011,gk_penalty_kicks_saved,gk,39,0,0.0,unexplained,
2011,gk_penalty_kicks_allowed,gk,39,0,0.0,unexplained,
2011,gk_penalty_kicks_faced,gk,39,0,0.0,unexplained,
2011,fbref_own_goals_per90,fbref,475,0,0.0,likely_explained,"Matches the shape of the documented FBref 2010-2017 historical data gap (see known_issues.md) -- near-zero coverage in exactly that season range and domain. Detected from actual coverage numbers, not a hardcoded column list -- worth a quick individual confirmation if this is being relied on for a specific column, not just accepted blind."
2011,fbref_penalty_kicks_conceded_per90,fbref,475,0,0.0,likely_explained,"Matches the shape of the documented FBref 2010-2017 historical data gap (see known_issues.md) -- near-zero coverage in exactly that season range and domain. Detected from actual coverage numbers, not a hardcoded column list -- worth a quick individual confirmation if this is being relied on for a specific column, not just accepted blind."
2011,fbref_penalty_kicks_won_per90,fbref,475,0,0.0,likely_explained,"Matches the shape of the documented FBref 2010-2017 historical data gap (see known_issues.md) -- near-zero coverage in exactly that season range and domain. Detected from actual coverage numbers, not a hardcoded column list -- worth a quick individual confirmation if this is being relied on for a specific column, not just accepted blind."
2011,fbref_tackles_won_per90,fbref,475,0,0.0,likely_explained,"Matches the shape of the documented FBref 2010-2017 historical data gap (see known_issues.md) -- near-zero coverage in exactly that season range and domain. Detected from actual coverage numbers, not a hardcoded column list -- worth a quick individual confirmation if this is being relied on for a specific column, not just accepted blind."
2011,fbref_interceptions_per90,fbref,475,0,0.0,likely_explained,"Matches the shape of the documented FBref 2010-2017 historical data gap (see known_issues.md) -- near-zero coverage in exactly that season range and domain. Detected from actual coverage numbers, not a hardcoded column list -- worth a quick individual confirmation if this is being relied on for a specific column, not just accepted blind."
2011,fbref_crosses_per90,fbref,475,0,0.0,likely_explained,"Matches the shape of the documented FBref 2010-2017 historical data gap (see known_issues.md) -- near-zero coverage in exactly that season range and domain. Detected from actual coverage numbers, not a hardcoded column list -- worth a quick individual confirmation if this is being relied on for a specific column, not just accepted blind."
2011,fbref_offsides_per90,fbref,475,0,0.0,likely_explained,"Matches the shape of the documented FBref 2010-2017 historical data gap (see known_issues.md) -- near-zero coverage in exactly that season range and domain. Detected from actual coverage numbers, not a hardcoded column list -- worth a quick individual confirmation if this is being relied on for a specific column, not just accepted blind."
2011,fbref_fouls_drawn_per90,fbref,475,0,0.0,likely_explained,"Matches the shape of the documented FBref 2010-2017 historical data gap (see known_issues.md) -- near-zero coverage in exactly that season range and domain. Detected from actual coverage numbers, not a hardcoded column list -- worth a quick individual confirmation if this is being relied on for a specific column, not just accepted blind."
2011,fbref_second_yellow_cards_per90,fbref,475,0,0.0,likely_explained,"Matches the shape of the documented FBref 2010-2017 historical data gap (see known_issues.md) -- near-zero coverage in exactly that season range and domain. Detected from actual coverage numbers, not a hardcoded column list -- worth a quick individual confirmation if this is being relied on for a specific column, not just accepted blind."
2011,fbref_own_goals,fbref,475,0,0.0,likely_explained,"Matches the shape of the documented FBref 2010-2017 historical data gap (see known_issues.md) -- near-zero coverage in exactly that season range and domain. Detected from actual coverage numbers, not a hardcoded column list -- worth a quick individual confirmation if this is being relied on for a specific column, not just accepted blind."
2011,ws_whoscored_player_id,ws,475,0,0.0,explained,"No WhoScored coverage before 2013-14 -- documented, structural, not a data problem."
2011,fbref_penalty_kicks_conceded,fbref,475,0,0.0,likely_explained,"Matches the shape of the documented FBref 2010-2017 historical data gap (see known_issues.md) -- near-zero coverage in exactly that season range and domain. Detected from actual coverage numbers, not a hardcoded column list -- worth a quick individual confirmation if this is being relied on for a specific column, not just accepted blind."
2011,fbref_penalty_kicks_won,fbref,475,0,0.0,likely_explained,"Matches the shape of the documented FBref 2010-2017 historical data gap (see known_issues.md) -- near-zero coverage in exactly that season range and domain. Detected from actual coverage numbers, not a hardcoded column list -- worth a quick individual confirmation if this is being relied on for a specific column, not just accepted blind."
2011,ws_matches_with_data,ws,475,0,0.0,explained,"No WhoScored coverage before 2013-14 -- documented, structural, not a data problem."
2011,fbref_tackles_won,fbref,475,0,0.0,likely_explained,"Matches the shape of the documented FBref 2010-2017 historical data gap (see known_issues.md) -- near-zero coverage in exactly that season range and domain. Detected from actual coverage numbers, not a hardcoded column list -- worth a quick individual confirmation if this is being relied on for a specific column, not just accepted blind."
2011,fbref_interceptions,fbref,475,0,0.0,likely_explained,"Matches the shape of the documented FBref 2010-2017 historical data gap (see known_issues.md) -- near-zero coverage in exactly that season range and domain. Detected from actual coverage numbers, not a hardcoded column list -- worth a quick individual confirmation if this is being relied on for a specific column, not just accepted blind."
2011,ws_passes,ws,475,0,0.0,explained,"No WhoScored coverage before 2013-14 -- documented, structural, not a data problem."
2011,fbref_crosses,fbref,475,0,0.0,likely_explained,"Matches the shape of the documented FBref 2010-2017 historical data gap (see known_issues.md) -- near-zero coverage in exactly that season range and domain. Detected from actual coverage numbers, not a hardcoded column list -- worth a quick individual confirmation if this is being relied on for a specific column, not just accepted blind."
2011,fbref_offsides,fbref,475,0,0.0,likely_explained,"Matches the shape of the documented FBref 2010-2017 historical data gap (see known_issues.md) -- near-zero coverage in exactly that season range and domain. Detected from actual coverage numbers, not a hardcoded column list -- worth a quick individual confirmation if this is being relied on for a specific column, not just accepted blind."
2011,ws_passes_completed,ws,475,0,0.0,explained,"No WhoScored coverage before 2013-14 -- documented, structural, not a data problem."
2011,fbref_fouls_drawn,fbref,475,0,0.0,likely_explained,"Matches the shape of the documented FBref 2010-2017 historical data gap (see known_issues.md) -- near-zero coverage in exactly that season range and domain. Detected from actual coverage numbers, not a hardcoded column list -- worth a quick individual confirmation if this is being relied on for a specific column, not just accepted blind."
2011,fbref_second_yellow_cards,fbref,475,0,0.0,likely_explained,"Matches the shape of the documented FBref 2010-2017 historical data gap (see known_issues.md) -- near-zero coverage in exactly that season range and domain. Detected from actual coverage numbers, not a hardcoded column list -- worth a quick individual confirmation if this is being relied on for a specific column, not just accepted blind."
2011,ws_passes_pct,ws,475,0,0.0,explained,"No WhoScored coverage before 2013-14 -- documented, structural, not a data problem."
2011,fbref_goals_per_shot,fbref,475,0,0.0,likely_explained,"Matches the shape of the documented FBref 2010-2017 historical data gap (see known_issues.md) -- near-zero coverage in exactly that season range and domain. Detected from actual coverage numbers, not a hardcoded column list -- worth a quick individual confirmation if this is being relied on for a specific column, not just accepted blind."
2011,fbref_shots_per90,fbref,475,0,0.0,likely_explained,"Matches the shape of the documented FBref 2010-2017 historical data gap (see known_issues.md) -- near-zero coverage in exactly that season range and domain. Detected from actual coverage numbers, not a hardcoded column list -- worth a quick individual confirmation if this is being relied on for a specific column, not just accepted blind."
2011,ws_touches,ws,475,0,0.0,explained,"No WhoScored coverage before 2013-14 -- documented, structural, not a data problem."
2011,fbref_shots_on_target_pct,fbref,475,0,0.0,likely_explained,"Matches the shape of the documented FBref 2010-2017 historical data gap (see known_issues.md) -- near-zero coverage in exactly that season range and domain. Detected from actual coverage numbers, not a hardcoded column list -- worth a quick individual confirmation if this is being relied on for a specific column, not just accepted blind."
2011,fbref_shots_on_target,fbref,475,0,0.0,likely_explained,"Matches the shape of the documented FBref 2010-2017 historical data gap (see known_issues.md) -- near-zero coverage in exactly that season range and domain. Detected from actual coverage numbers, not a hardcoded column list -- worth a quick individual confirmation if this is being relied on for a specific column, not just accepted blind."
2011,fbref_shots,fbref,475,0,0.0,likely_explained,"Matches the shape of the documented FBref 2010-2017 historical data gap (see known_issues.md) -- near-zero coverage in exactly that season range and domain. Detected from actual coverage numbers, not a hardcoded column list -- worth a quick individual confirmation if this is being relied on for a specific column, not just accepted blind."
2011,fbref_on_off,fbref,475,0,0.0,likely_explained,"Matches the shape of the documented FBref 2010-2017 historical data gap (see known_issues.md) -- near-zero coverage in exactly that season range and domain. Detected from actual coverage numbers, not a hardcoded column list -- worth a quick individual confirmation if this is being relied on for a specific column, not just accepted blind."
2011,fbref_plus_minus_per90,fbref,475,0,0.0,likely_explained,"Matches the shape of the documented FBref 2010-2017 historical data gap (see known_issues.md) -- near-zero coverage in exactly that season range and domain. Detected from actual coverage numbers, not a hardcoded column list -- worth a quick individual confirmation if this is being relied on for a specific column, not just accepted blind."
2011,fbref_plus_minus,fbref,475,0,0.0,likely_explained,"Matches the shape of the documented FBref 2010-2017 historical data gap (see known_issues.md) -- near-zero coverage in exactly that season range and domain. Detected from actual coverage numbers, not a hardcoded column list -- worth a quick individual confirmation if this is being relied on for a specific column, not just accepted blind."
2011,fbref_team_goals_against_while_on_pitch,fbref,475,0,0.0,likely_explained,"Matches the shape of the documented FBref 2010-2017 historical data gap (see known_issues.md) -- near-zero coverage in exactly that season range and domain. Detected from actual coverage numbers, not a hardcoded column list -- worth a quick individual confirmation if this is being relied on for a specific column, not just accepted blind."
2011,fbref_team_goals_while_on_pitch,fbref,475,0,0.0,likely_explained,"Matches the shape of the documented FBref 2010-2017 historical data gap (see known_issues.md) -- near-zero coverage in exactly that season range and domain. Detected from actual coverage numbers, not a hardcoded column list -- worth a quick individual confirmation if this is being relied on for a specific column, not just accepted blind."
2011,ws_touches_def_3rd,ws,475,0,0.0,explained,"No WhoScored coverage before 2013-14 -- documented, structural, not a data problem."
2011,fbref_points_per_match,fbref,475,0,0.0,likely_explained,"Matches the shape of the documented FBref 2010-2017 historical data gap (see known_issues.md) -- near-zero coverage in exactly that season range and domain. Detected from actual coverage numbers, not a hardcoded column list -- worth a quick individual confirmation if this is being relied on for a specific column, not just accepted blind."
2011,fbref_unused_sub,fbref,475,0,0.0,likely_explained,"Matches the shape of the documented FBref 2010-2017 historical data gap (see known_issues.md) -- near-zero coverage in exactly that season range and domain. Detected from actual coverage numbers, not a hardcoded column list -- worth a quick individual confirmation if this is being relied on for a specific column, not just accepted blind."
2011,fbref_minutes_per_sub,fbref,475,0,0.0,likely_explained,"Matches the shape of the documented FBref 2010-2017 historical data gap (see known_issues.md) -- near-zero coverage in exactly that season range and domain. Detected from actual coverage numbers, not a hardcoded column list -- worth a quick individual confirmation if this is being relied on for a specific column, not just accepted blind."
2011,fbref_minutes_per_start,fbref,475,0,0.0,likely_explained,"Matches the shape of the documented FBref 2010-2017 historical data gap (see known_issues.md) -- near-zero coverage in exactly that season range and domain. Detected from actual coverage numbers, not a hardcoded column list -- worth a quick individual confirmation if this is being relied on for a specific column, not just accepted blind."
2011,ws_touches_mid_3rd,ws,475,0,0.0,explained,"No WhoScored coverage before 2013-14 -- documented, structural, not a data problem."
2011,ws_aerials_won_per90,ws,475,0,0.0,explained,"No WhoScored coverage before 2013-14 -- documented, structural, not a data problem."
2011,ws_aerials_per90,ws,475,0,0.0,explained,"No WhoScored coverage before 2013-14 -- documented, structural, not a data problem."
2011,ws_pen_area_entries_per90,ws,475,0,0.0,explained,"No WhoScored coverage before 2013-14 -- documented, structural, not a data problem."
2011,ws_final_third_entries_per90,ws,475,0,0.0,explained,"No WhoScored coverage before 2013-14 -- documented, structural, not a data problem."
2011,ws_errors_per90,ws,475,0,0.0,explained,"No WhoScored coverage before 2013-14 -- documented, structural, not a data problem."
2011,ws_touches_att_3rd,ws,475,0,0.0,explained,"No WhoScored coverage before 2013-14 -- documented, structural, not a data problem."
2011,ws_dribbled_past_per90,ws,475,0,0.0,explained,"No WhoScored coverage before 2013-14 -- documented, structural, not a data problem."
2011,ws_clearances_per90,ws,475,0,0.0,explained,"No WhoScored coverage before 2013-14 -- documented, structural, not a data problem."
2011,ws_interceptions_att_3rd_per90,ws,475,0,0.0,explained,"No WhoScored coverage before 2013-14 -- documented, structural, not a data problem."
2011,ws_interceptions_mid_3rd_per90,ws,475,0,0.0,explained,"No WhoScored coverage before 2013-14 -- documented, structural, not a data problem."
2011,ws_interceptions_def_3rd_per90,ws,475,0,0.0,explained,"No WhoScored coverage before 2013-14 -- documented, structural, not a data problem."
2011,ws_interceptions_per90,ws,475,0,0.0,explained,"No WhoScored coverage before 2013-14 -- documented, structural, not a data problem."
2011,ws_tackles_att_3rd_per90,ws,475,0,0.0,explained,"No WhoScored coverage before 2013-14 -- documented, structural, not a data problem."
2011,ws_touches_def_pen_area,ws,475,0,0.0,explained,"No WhoScored coverage before 2013-14 -- documented, structural, not a data problem."
2011,ws_tackles_mid_3rd_per90,ws,475,0,0.0,explained,"No WhoScored coverage before 2013-14 -- documented, structural, not a data problem."
2011,ws_tackles_def_3rd_per90,ws,475,0,0.0,explained,"No WhoScored coverage before 2013-14 -- documented, structural, not a data problem."
2011,ws_tackles_won_per90,ws,475,0,0.0,explained,"No WhoScored coverage before 2013-14 -- documented, structural, not a data problem."
2011,ws_tackles_per90,ws,475,0,0.0,explained,"No WhoScored coverage before 2013-14 -- documented, structural, not a data problem."
2011,ws_touches_att_pen_area,ws,475,0,0.0,explained,"No WhoScored coverage before 2013-14 -- documented, structural, not a data problem."
2011,ws_dispossessed_per90,ws,475,0,0.0,explained,"No WhoScored coverage before 2013-14 -- documented, structural, not a data problem."
2011,ws_take_ons_won_per90,ws,475,0,0.0,explained,"No WhoScored coverage before 2013-14 -- documented, structural, not a data problem."
2011,ws_take_ons_per90,ws,475,0,0.0,explained,"No WhoScored coverage before 2013-14 -- documented, structural, not a data problem."
2011,ws_touches_att_pen_area_per90,ws,475,0,0.0,explained,"No WhoScored coverage before 2013-14 -- documented, structural, not a data problem."
2011,ws_touches_def_pen_area_per90,ws,475,0,0.0,explained,"No WhoScored coverage before 2013-14 -- documented, structural, not a data problem."
2011,ws_touches_att_3rd_per90,ws,475,0,0.0,explained,"No WhoScored coverage before 2013-14 -- documented, structural, not a data problem."
2011,ws_touches_mid_3rd_per90,ws,475,0,0.0,explained,"No WhoScored coverage before 2013-14 -- documented, structural, not a data problem."
2011,ws_take_ons,ws,475,0,0.0,explained,"No WhoScored coverage before 2013-14 -- documented, structural, not a data problem."
2011,ws_touches_def_3rd_per90,ws,475,0,0.0,explained,"No WhoScored coverage before 2013-14 -- documented, structural, not a data problem."
2011,ws_touches_per90,ws,475,0,0.0,explained,"No WhoScored coverage before 2013-14 -- documented, structural, not a data problem."
2011,ws_passes_completed_per90,ws,475,0,0.0,explained,"No WhoScored coverage before 2013-14 -- documented, structural, not a data problem."
2011,ws_passes_per90,ws,475,0,0.0,explained,"No WhoScored coverage before 2013-14 -- documented, structural, not a data problem."
2011,ws_ground_duel_win_pct,ws,475,0,0.0,explained,"No WhoScored coverage before 2013-14 -- documented, structural, not a data problem."
2011,ws_aerial_duel_win_pct,ws,475,0,0.0,explained,"No WhoScored coverage before 2013-14 -- documented, structural, not a data problem."
2011,ws_aerials_won,ws,475,0,0.0,explained,"No WhoScored coverage before 2013-14 -- documented, structural, not a data problem."
2011,ws_pen_area_entries,ws,475,0,0.0,explained,"No WhoScored coverage before 2013-14 -- documented, structural, not a data problem."
2011,ws_take_ons_won,ws,475,0,0.0,explained,"No WhoScored coverage before 2013-14 -- documented, structural, not a data problem."
2011,ws_final_third_entries,ws,475,0,0.0,explained,"No WhoScored coverage before 2013-14 -- documented, structural, not a data problem."
2011,ws_errors,ws,475,0,0.0,explained,"No WhoScored coverage before 2013-14 -- documented, structural, not a data problem."
2011,ws_dribbled_past,ws,475,0,0.0,explained,"No WhoScored coverage before 2013-14 -- documented, structural, not a data problem."
2011,ws_clearances,ws,475,0,0.0,explained,"No WhoScored coverage before 2013-14 -- documented, structural, not a data problem."
2011,ws_take_ons_won_pct,ws,475,0,0.0,explained,"No WhoScored coverage before 2013-14 -- documented, structural, not a data problem."
2011,ws_interceptions_att_3rd,ws,475,0,0.0,explained,"No WhoScored coverage before 2013-14 -- documented, structural, not a data problem."
2011,ws_interceptions_mid_3rd,ws,475,0,0.0,explained,"No WhoScored coverage before 2013-14 -- documented, structural, not a data problem."
2011,ws_interceptions_def_3rd,ws,475,0,0.0,explained,"No WhoScored coverage before 2013-14 -- documented, structural, not a data problem."
2011,ws_interceptions,ws,475,0,0.0,explained,"No WhoScored coverage before 2013-14 -- documented, structural, not a data problem."
2011,ws_tackles_att_3rd,ws,475,0,0.0,explained,"No WhoScored coverage before 2013-14 -- documented, structural, not a data problem."
2011,ws_tackles_mid_3rd,ws,475,0,0.0,explained,"No WhoScored coverage before 2013-14 -- documented, structural, not a data problem."
2011,ws_tackles_def_3rd,ws,475,0,0.0,explained,"No WhoScored coverage before 2013-14 -- documented, structural, not a data problem."
2011,ws_tackles_won,ws,475,0,0.0,explained,"No WhoScored coverage before 2013-14 -- documented, structural, not a data problem."
2011,ws_tackles,ws,475,0,0.0,explained,"No WhoScored coverage before 2013-14 -- documented, structural, not a data problem."
2011,ws_dispossessed,ws,475,0,0.0,explained,"No WhoScored coverage before 2013-14 -- documented, structural, not a data problem."
2011,tm_height_cm,tm,475,199,41.9,unexplained,
2011,tm_foot,tm,475,199,41.9,unexplained,
2011,fbref_goals_per_shot_on_target,fbref,475,336,70.7,unexplained,
2011,fbref_complete_matches,fbref,475,407,85.7,,
2011,gk_clean_sheet_pct,gk,39,35,89.7,,
2011,fbref_fouls_committed_per90,fbref,475,468,98.5,,
2011,fbref_yellow_cards_per90,fbref,475,468,98.5,,
2011,fbref_red_cards_per90,fbref,475,468,98.5,,
2011,fbref_age,fbref,475,474,99.8,,
2011,gk_losses,gk,39,39,100.0,,
2011,fbref_non_penalty_goals_plus_assists_per90,fbref,475,475,100.0,,
2011,gk_draws,gk,39,39,100.0,,
2011,fbref_fouls_committed,fbref,475,475,100.0,,
2011,fbref_yellow_cards,fbref,475,475,100.0,,
2011,gk_goals_against_per90,gk,39,39,100.0,,
2011,fbref_penalty_goals,fbref,475,475,100.0,,
2011,fbref_goals_plus_assists,fbref,475,475,100.0,,
2011,fbref_nineties,fbref,475,475,100.0,,
2011,fbref_minutes,fbref,475,475,100.0,,
2011,gk_saves_per90,gk,39,39,100.0,,
2011,gk_save_pct,gk,39,39,100.0,,
2011,fbref_matches_played,fbref,475,475,100.0,,
2011,fbref_non_penalty_goals,fbref,475,475,100.0,,
2011,fbref_assists_per90,fbref,475,475,100.0,,
2011,gk_wins,gk,39,39,100.0,,
2011,fbref_starts,fbref,475,475,100.0,,
2011,fbref_goals,fbref,475,475,100.0,,
2011,fbref_born,fbref,475,475,100.0,,
2011,fbref_shots_on_target_per90,fbref,475,475,100.0,,
2011,fbref_nation,fbref,475,475,100.0,,
2011,fbref_goals_per90,fbref,475,475,100.0,,
2011,fbref_minutes_per_match,fbref,475,475,100.0,,
2011,fbref_substitute_appearances,fbref,475,475,100.0,,
2011,fbref_position,fbref,475,475,100.0,,
2011,fbref_goals_plus_assists_per90,fbref,475,475,100.0,,
2011,gk_saves,gk,39,39,100.0,,
2011,fbref_red_cards,fbref,475,475,100.0,,
2011,fbref_non_penalty_goals_per90,fbref,475,475,100.0,,
2011,fbref_assists,fbref,475,475,100.0,,
2011,fbref_penalty_attempts,fbref,475,475,100.0,,
2011,fbref_minutes_pct,fbref,475,475,100.0,,
2011,gk_goals_against,gk,39,39,100.0,,
2011,gk_clean_sheets,gk,39,39,100.0,,
2011,gk_shots_on_target_against,gk,39,39,100.0,,
2012,fbref_shots_per90,fbref,469,0,0.0,likely_explained,"Matches the shape of the documented FBref 2010-2017 historical data gap (see known_issues.md) -- near-zero coverage in exactly that season range and domain. Detected from actual coverage numbers, not a hardcoded column list -- worth a quick individual confirmation if this is being relied on for a specific column, not just accepted blind."
2012,fbref_offsides_per90,fbref,469,0,0.0,likely_explained,"Matches the shape of the documented FBref 2010-2017 historical data gap (see known_issues.md) -- near-zero coverage in exactly that season range and domain. Detected from actual coverage numbers, not a hardcoded column list -- worth a quick individual confirmation if this is being relied on for a specific column, not just accepted blind."
2012,fbref_team_goals_while_on_pitch,fbref,469,0,0.0,likely_explained,"Matches the shape of the documented FBref 2010-2017 historical data gap (see known_issues.md) -- near-zero coverage in exactly that season range and domain. Detected from actual coverage numbers, not a hardcoded column list -- worth a quick individual confirmation if this is being relied on for a specific column, not just accepted blind."
2012,ws_pen_area_entries,ws,469,0,0.0,explained,"No WhoScored coverage before 2013-14 -- documented, structural, not a data problem."
2012,fbref_points_per_match,fbref,469,0,0.0,likely_explained,"Matches the shape of the documented FBref 2010-2017 historical data gap (see known_issues.md) -- near-zero coverage in exactly that season range and domain. Detected from actual coverage numbers, not a hardcoded column list -- worth a quick individual confirmation if this is being relied on for a specific column, not just accepted blind."
2012,fbref_unused_sub,fbref,469,0,0.0,likely_explained,"Matches the shape of the documented FBref 2010-2017 historical data gap (see known_issues.md) -- near-zero coverage in exactly that season range and domain. Detected from actual coverage numbers, not a hardcoded column list -- worth a quick individual confirmation if this is being relied on for a specific column, not just accepted blind."
2012,fbref_minutes_per_sub,fbref,469,0,0.0,likely_explained,"Matches the shape of the documented FBref 2010-2017 historical data gap (see known_issues.md) -- near-zero coverage in exactly that season range and domain. Detected from actual coverage numbers, not a hardcoded column list -- worth a quick individual confirmation if this is being relied on for a specific column, not just accepted blind."
2012,ws_touches_def_3rd,ws,469,0,0.0,explained,"No WhoScored coverage before 2013-14 -- documented, structural, not a data problem."
2012,fbref_crosses_per90,fbref,469,0,0.0,likely_explained,"Matches the shape of the documented FBref 2010-2017 historical data gap (see known_issues.md) -- near-zero coverage in exactly that season range and domain. Detected from actual coverage numbers, not a hardcoded column list -- worth a quick individual confirmation if this is being relied on for a specific column, not just accepted blind."
2012,fbref_minutes_per_start,fbref,469,0,0.0,likely_explained,"Matches the shape of the documented FBref 2010-2017 historical data gap (see known_issues.md) -- near-zero coverage in exactly that season range and domain. Detected from actual coverage numbers, not a hardcoded column list -- worth a quick individual confirmation if this is being relied on for a specific column, not just accepted blind."
2012,ws_tackles_mid_3rd,ws,469,0,0.0,explained,"No WhoScored coverage before 2013-14 -- documented, structural, not a data problem."
2012,ws_final_third_entries,ws,469,0,0.0,explained,"No WhoScored coverage before 2013-14 -- documented, structural, not a data problem."
2012,ws_touches_mid_3rd,ws,469,0,0.0,explained,"No WhoScored coverage before 2013-14 -- documented, structural, not a data problem."
2012,ws_aerials_won_per90,ws,469,0,0.0,explained,"No WhoScored coverage before 2013-14 -- documented, structural, not a data problem."
2012,fbref_interceptions_per90,fbref,469,0,0.0,likely_explained,"Matches the shape of the documented FBref 2010-2017 historical data gap (see known_issues.md) -- near-zero coverage in exactly that season range and domain. Detected from actual coverage numbers, not a hardcoded column list -- worth a quick individual confirmation if this is being relied on for a specific column, not just accepted blind."
2012,ws_aerials_per90,ws,469,0,0.0,explained,"No WhoScored coverage before 2013-14 -- documented, structural, not a data problem."
2012,ws_pen_area_entries_per90,ws,469,0,0.0,explained,"No WhoScored coverage before 2013-14 -- documented, structural, not a data problem."
2012,fbref_tackles_won_per90,fbref,469,0,0.0,likely_explained,"Matches the shape of the documented FBref 2010-2017 historical data gap (see known_issues.md) -- near-zero coverage in exactly that season range and domain. Detected from actual coverage numbers, not a hardcoded column list -- worth a quick individual confirmation if this is being relied on for a specific column, not just accepted blind."
2012,ws_final_third_entries_per90,ws,469,0,0.0,explained,"No WhoScored coverage before 2013-14 -- documented, structural, not a data problem."
2012,ws_take_ons_won,ws,469,0,0.0,explained,"No WhoScored coverage before 2013-14 -- documented, structural, not a data problem."
2012,ws_errors_per90,ws,469,0,0.0,explained,"No WhoScored coverage before 2013-14 -- documented, structural, not a data problem."
2012,ws_errors,ws,469,0,0.0,explained,"No WhoScored coverage before 2013-14 -- documented, structural, not a data problem."
2012,ws_dribbled_past_per90,ws,469,0,0.0,explained,"No WhoScored coverage before 2013-14 -- documented, structural, not a data problem."
2012,ws_clearances_per90,ws,469,0,0.0,explained,"No WhoScored coverage before 2013-14 -- documented, structural, not a data problem."
2012,fbref_penalty_kicks_won_per90,fbref,469,0,0.0,likely_explained,"Matches the shape of the documented FBref 2010-2017 historical data gap (see known_issues.md) -- near-zero coverage in exactly that season range and domain. Detected from actual coverage numbers, not a hardcoded column list -- worth a quick individual confirmation if this is being relied on for a specific column, not just accepted blind."
2012,ws_touches_att_3rd,ws,469,0,0.0,explained,"No WhoScored coverage before 2013-14 -- documented, structural, not a data problem."
2012,gk_penalty_kick_save_pct,gk,38,0,0.0,unexplained,
2012,ws_interceptions_att_3rd_per90,ws,469,0,0.0,explained,"No WhoScored coverage before 2013-14 -- documented, structural, not a data problem."
2012,ws_dribbled_past,ws,469,0,0.0,explained,"No WhoScored coverage before 2013-14 -- documented, structural, not a data problem."
2012,ws_interceptions_mid_3rd_per90,ws,469,0,0.0,explained,"No WhoScored coverage before 2013-14 -- documented, structural, not a data problem."
2012,ws_interceptions_def_3rd_per90,ws,469,0,0.0,explained,"No WhoScored coverage before 2013-14 -- documented, structural, not a data problem."
2012,fbref_penalty_kicks_conceded_per90,fbref,469,0,0.0,likely_explained,"Matches the shape of the documented FBref 2010-2017 historical data gap (see known_issues.md) -- near-zero coverage in exactly that season range and domain. Detected from actual coverage numbers, not a hardcoded column list -- worth a quick individual confirmation if this is being relied on for a specific column, not just accepted blind."
2012,ws_interceptions_per90,ws,469,0,0.0,explained,"No WhoScored coverage before 2013-14 -- documented, structural, not a data problem."
2012,ws_tackles_att_3rd_per90,ws,469,0,0.0,explained,"No WhoScored coverage before 2013-14 -- documented, structural, not a data problem."
2012,ws_clearances,ws,469,0,0.0,explained,"No WhoScored coverage before 2013-14 -- documented, structural, not a data problem."
2012,fbref_own_goals_per90,fbref,469,0,0.0,likely_explained,"Matches the shape of the documented FBref 2010-2017 historical data gap (see known_issues.md) -- near-zero coverage in exactly that season range and domain. Detected from actual coverage numbers, not a hardcoded column list -- worth a quick individual confirmation if this is being relied on for a specific column, not just accepted blind."
2012,ws_tackles_mid_3rd_per90,ws,469,0,0.0,explained,"No WhoScored coverage before 2013-14 -- documented, structural, not a data problem."
2012,ws_tackles_def_3rd,ws,469,0,0.0,explained,"No WhoScored coverage before 2013-14 -- documented, structural, not a data problem."
2012,ws_touches_def_pen_area,ws,469,0,0.0,explained,"No WhoScored coverage before 2013-14 -- documented, structural, not a data problem."
2012,ws_tackles_def_3rd_per90,ws,469,0,0.0,explained,"No WhoScored coverage before 2013-14 -- documented, structural, not a data problem."
2012,ws_tackles_won_per90,ws,469,0,0.0,explained,"No WhoScored coverage before 2013-14 -- documented, structural, not a data problem."
2012,ws_tackles_per90,ws,469,0,0.0,explained,"No WhoScored coverage before 2013-14 -- documented, structural, not a data problem."
2012,ws_interceptions_att_3rd,ws,469,0,0.0,explained,"No WhoScored coverage before 2013-14 -- documented, structural, not a data problem."
2012,ws_dispossessed_per90,ws,469,0,0.0,explained,"No WhoScored coverage before 2013-14 -- documented, structural, not a data problem."
2012,ws_take_ons_won_per90,ws,469,0,0.0,explained,"No WhoScored coverage before 2013-14 -- documented, structural, not a data problem."
2012,ws_interceptions_mid_3rd,ws,469,0,0.0,explained,"No WhoScored coverage before 2013-14 -- documented, structural, not a data problem."
2012,ws_take_ons_per90,ws,469,0,0.0,explained,"No WhoScored coverage before 2013-14 -- documented, structural, not a data problem."
2012,ws_tackles_won,ws,469,0,0.0,explained,"No WhoScored coverage before 2013-14 -- documented, structural, not a data problem."
2012,ws_touches_att_pen_area_per90,ws,469,0,0.0,explained,"No WhoScored coverage before 2013-14 -- documented, structural, not a data problem."
2012,ws_touches_att_pen_area,ws,469,0,0.0,explained,"No WhoScored coverage before 2013-14 -- documented, structural, not a data problem."
2012,ws_touches_def_pen_area_per90,ws,469,0,0.0,explained,"No WhoScored coverage before 2013-14 -- documented, structural, not a data problem."
2012,ws_touches_att_3rd_per90,ws,469,0,0.0,explained,"No WhoScored coverage before 2013-14 -- documented, structural, not a data problem."
2012,ws_interceptions_def_3rd,ws,469,0,0.0,explained,"No WhoScored coverage before 2013-14 -- documented, structural, not a data problem."
2012,ws_touches_mid_3rd_per90,ws,469,0,0.0,explained,"No WhoScored coverage before 2013-14 -- documented, structural, not a data problem."
2012,ws_dispossessed,ws,469,0,0.0,explained,"No WhoScored coverage before 2013-14 -- documented, structural, not a data problem."
2012,gk_penalty_kicks_faced,gk,38,0,0.0,unexplained,
2012,ws_touches_def_3rd_per90,ws,469,0,0.0,explained,"No WhoScored coverage before 2013-14 -- documented, structural, not a data problem."
2012,ws_take_ons_won_pct,ws,469,0,0.0,explained,"No WhoScored coverage before 2013-14 -- documented, structural, not a data problem."
2012,ws_touches_per90,ws,469,0,0.0,explained,"No WhoScored coverage before 2013-14 -- documented, structural, not a data problem."
2012,ws_interceptions,ws,469,0,0.0,explained,"No WhoScored coverage before 2013-14 -- documented, structural, not a data problem."
2012,ws_passes_completed_per90,ws,469,0,0.0,explained,"No WhoScored coverage before 2013-14 -- documented, structural, not a data problem."
2012,gk_penalty_kicks_allowed,gk,38,0,0.0,unexplained,
2012,ws_passes_per90,ws,469,0,0.0,explained,"No WhoScored coverage before 2013-14 -- documented, structural, not a data problem."
2012,ws_take_ons,ws,469,0,0.0,explained,"No WhoScored coverage before 2013-14 -- documented, structural, not a data problem."
2012,fbref_tackles_won,fbref,469,0,0.0,likely_explained,"Matches the shape of the documented FBref 2010-2017 historical data gap (see known_issues.md) -- near-zero coverage in exactly that season range and domain. Detected from actual coverage numbers, not a hardcoded column list -- worth a quick individual confirmation if this is being relied on for a specific column, not just accepted blind."
2012,ws_matches_with_data,ws,469,0,0.0,explained,"No WhoScored coverage before 2013-14 -- documented, structural, not a data problem."
2012,fbref_interceptions,fbref,469,0,0.0,likely_explained,"Matches the shape of the documented FBref 2010-2017 historical data gap (see known_issues.md) -- near-zero coverage in exactly that season range and domain. Detected from actual coverage numbers, not a hardcoded column list -- worth a quick individual confirmation if this is being relied on for a specific column, not just accepted blind."
2012,fbref_penalty_kicks_won,fbref,469,0,0.0,likely_explained,"Matches the shape of the documented FBref 2010-2017 historical data gap (see known_issues.md) -- near-zero coverage in exactly that season range and domain. Detected from actual coverage numbers, not a hardcoded column list -- worth a quick individual confirmation if this is being relied on for a specific column, not just accepted blind."
2012,fbref_crosses,fbref,469,0,0.0,likely_explained,"Matches the shape of the documented FBref 2010-2017 historical data gap (see known_issues.md) -- near-zero coverage in exactly that season range and domain. Detected from actual coverage numbers, not a hardcoded column list -- worth a quick individual confirmation if this is being relied on for a specific column, not just accepted blind."
2012,ws_ground_duel_win_pct,ws,469,0,0.0,explained,"No WhoScored coverage before 2013-14 -- documented, structural, not a data problem."
2012,fbref_offsides,fbref,469,0,0.0,likely_explained,"Matches the shape of the documented FBref 2010-2017 historical data gap (see known_issues.md) -- near-zero coverage in exactly that season range and domain. Detected from actual coverage numbers, not a hardcoded column list -- worth a quick individual confirmation if this is being relied on for a specific column, not just accepted blind."
2012,ws_tackles_att_3rd,ws,469,0,0.0,explained,"No WhoScored coverage before 2013-14 -- documented, structural, not a data problem."
2012,ws_passes,ws,469,0,0.0,explained,"No WhoScored coverage before 2013-14 -- documented, structural, not a data problem."
2012,fbref_penalty_kicks_conceded,fbref,469,0,0.0,likely_explained,"Matches the shape of the documented FBref 2010-2017 historical data gap (see known_issues.md) -- near-zero coverage in exactly that season range and domain. Detected from actual coverage numbers, not a hardcoded column list -- worth a quick individual confirmation if this is being relied on for a specific column, not just accepted blind."
2012,fbref_fouls_drawn,fbref,469,0,0.0,likely_explained,"Matches the shape of the documented FBref 2010-2017 historical data gap (see known_issues.md) -- near-zero coverage in exactly that season range and domain. Detected from actual coverage numbers, not a hardcoded column list -- worth a quick individual confirmation if this is being relied on for a specific column, not just accepted blind."
2012,ws_passes_completed,ws,469,0,0.0,explained,"No WhoScored coverage before 2013-14 -- documented, structural, not a data problem."
2012,ws_whoscored_player_id,ws,469,0,0.0,explained,"No WhoScored coverage before 2013-14 -- documented, structural, not a data problem."
2012,fbref_second_yellow_cards,fbref,469,0,0.0,likely_explained,"Matches the shape of the documented FBref 2010-2017 historical data gap (see known_issues.md) -- near-zero coverage in exactly that season range and domain. Detected from actual coverage numbers, not a hardcoded column list -- worth a quick individual confirmation if this is being relied on for a specific column, not just accepted blind."
2012,ws_aerial_duel_win_pct,ws,469,0,0.0,explained,"No WhoScored coverage before 2013-14 -- documented, structural, not a data problem."
2012,fbref_own_goals,fbref,469,0,0.0,likely_explained,"Matches the shape of the documented FBref 2010-2017 historical data gap (see known_issues.md) -- near-zero coverage in exactly that season range and domain. Detected from actual coverage numbers, not a hardcoded column list -- worth a quick individual confirmation if this is being relied on for a specific column, not just accepted blind."
2012,fbref_goals_per_shot,fbref,469,0,0.0,likely_explained,"Matches the shape of the documented FBref 2010-2017 historical data gap (see known_issues.md) -- near-zero coverage in exactly that season range and domain. Detected from actual coverage numbers, not a hardcoded column list -- worth a quick individual confirmation if this is being relied on for a specific column, not just accepted blind."
2012,ws_tackles,ws,469,0,0.0,explained,"No WhoScored coverage before 2013-14 -- documented, structural, not a data problem."
2012,gk_penalty_kicks_saved,gk,38,0,0.0,unexplained,
2012,ws_passes_pct,ws,469,0,0.0,explained,"No WhoScored coverage before 2013-14 -- documented, structural, not a data problem."
2012,fbref_team_goals_against_while_on_pitch,fbref,469,0,0.0,likely_explained,"Matches the shape of the documented FBref 2010-2017 historical data gap (see known_issues.md) -- near-zero coverage in exactly that season range and domain. Detected from actual coverage numbers, not a hardcoded column list -- worth a quick individual confirmation if this is being relied on for a specific column, not just accepted blind."
2012,fbref_second_yellow_cards_per90,fbref,469,0,0.0,likely_explained,"Matches the shape of the documented FBref 2010-2017 historical data gap (see known_issues.md) -- near-zero coverage in exactly that season range and domain. Detected from actual coverage numbers, not a hardcoded column list -- worth a quick individual confirmation if this is being relied on for a specific column, not just accepted blind."
2012,fbref_shots_on_target_pct,fbref,469,0,0.0,likely_explained,"Matches the shape of the documented FBref 2010-2017 historical data gap (see known_issues.md) -- near-zero coverage in exactly that season range and domain. Detected from actual coverage numbers, not a hardcoded column list -- worth a quick individual confirmation if this is being relied on for a specific column, not just accepted blind."
2012,ws_aerials_won,ws,469,0,0.0,explained,"No WhoScored coverage before 2013-14 -- documented, structural, not a data problem."
2012,fbref_shots_on_target,fbref,469,0,0.0,likely_explained,"Matches the shape of the documented FBref 2010-2017 historical data gap (see known_issues.md) -- near-zero coverage in exactly that season range and domain. Detected from actual coverage numbers, not a hardcoded column list -- worth a quick individual confirmation if this is being relied on for a specific column, not just accepted blind."
2012,fbref_shots,fbref,469,0,0.0,likely_explained,"Matches the shape of the documented FBref 2010-2017 historical data gap (see known_issues.md) -- near-zero coverage in exactly that season range and domain. Detected from actual coverage numbers, not a hardcoded column list -- worth a quick individual confirmation if this is being relied on for a specific column, not just accepted blind."
2012,fbref_on_off,fbref,469,0,0.0,likely_explained,"Matches the shape of the documented FBref 2010-2017 historical data gap (see known_issues.md) -- near-zero coverage in exactly that season range and domain. Detected from actual coverage numbers, not a hardcoded column list -- worth a quick individual confirmation if this is being relied on for a specific column, not just accepted blind."
2012,ws_touches,ws,469,0,0.0,explained,"No WhoScored coverage before 2013-14 -- documented, structural, not a data problem."
2012,gk_penalty_kicks_missed_by_opponent,gk,38,0,0.0,unexplained,
2012,fbref_fouls_drawn_per90,fbref,469,0,0.0,likely_explained,"Matches the shape of the documented FBref 2010-2017 historical data gap (see known_issues.md) -- near-zero coverage in exactly that season range and domain. Detected from actual coverage numbers, not a hardcoded column list -- worth a quick individual confirmation if this is being relied on for a specific column, not just accepted blind."
2012,fbref_plus_minus_per90,fbref,469,0,0.0,likely_explained,"Matches the shape of the documented FBref 2010-2017 historical data gap (see known_issues.md) -- near-zero coverage in exactly that season range and domain. Detected from actual coverage numbers, not a hardcoded column list -- worth a quick individual confirmation if this is being relied on for a specific column, not just accepted blind."
2012,ws_aerials,ws,469,0,0.0,explained,"No WhoScored coverage before 2013-14 -- documented, structural, not a data problem."
2012,fbref_plus_minus,fbref,469,0,0.0,likely_explained,"Matches the shape of the documented FBref 2010-2017 historical data gap (see known_issues.md) -- near-zero coverage in exactly that season range and domain. Detected from actual coverage numbers, not a hardcoded column list -- worth a quick individual confirmation if this is being relied on for a specific column, not just accepted blind."
2012,tm_foot,tm,469,224,47.8,unexplained,
2012,tm_height_cm,tm,469,225,48.0,unexplained,
2012,fbref_goals_per_shot_on_target,fbref,469,335,71.4,unexplained,
2012,fbref_complete_matches,fbref,469,407,86.8,,
2012,gk_clean_sheet_pct,gk,38,36,94.7,,
2012,fbref_yellow_cards_per90,fbref,469,465,99.1,,
2012,fbref_fouls_committed_per90,fbref,469,465,99.1,,
2012,fbref_red_cards_per90,fbref,469,465,99.1,,
2012,fbref_nation,fbref,469,468,99.8,,
2012,fbref_minutes_per_match,fbref,469,469,100.0,,
2012,fbref_non_penalty_goals_per90,fbref,469,469,100.0,,
2012,fbref_position,fbref,469,469,100.0,,
2012,gk_clean_sheets,gk,38,38,100.0,,
2012,fbref_penalty_attempts,fbref,469,469,100.0,,
2012,fbref_non_penalty_goals_plus_assists_per90,fbref,469,469,100.0,,
2012,fbref_goals_plus_assists_per90,fbref,469,469,100.0,,
2012,fbref_yellow_cards,fbref,469,469,100.0,,
2012,fbref_born,fbref,469,469,100.0,,
2012,fbref_matches_played,fbref,469,469,100.0,,
2012,fbref_red_cards,fbref,469,469,100.0,,
2012,fbref_goals,fbref,469,469,100.0,,
2012,fbref_shots_on_target_per90,fbref,469,469,100.0,,
2012,fbref_goals_per90,fbref,469,469,100.0,,
2012,fbref_non_penalty_goals,fbref,469,469,100.0,,
2012,fbref_starts,fbref,469,469,100.0,,
2012,gk_goals_against,gk,38,38,100.0,,
2012,fbref_assists_per90,fbref,469,469,100.0,,
2012,fbref_nineties,fbref,469,469,100.0,,
2012,gk_save_pct,gk,38,38,100.0,,
2012,fbref_fouls_committed,fbref,469,469,100.0,,
2012,gk_goals_against_per90,gk,38,38,100.0,,
2012,fbref_goals_plus_assists,fbref,469,469,100.0,,
2012,gk_wins,gk,38,38,100.0,,
2012,fbref_minutes_pct,fbref,469,469,100.0,,
2012,fbref_minutes,fbref,469,469,100.0,,
2012,fbref_penalty_goals,fbref,469,469,100.0,,
2012,fbref_age,fbref,469,469,100.0,,
2012,gk_draws,gk,38,38,100.0,,
2012,gk_shots_on_target_against,gk,38,38,100.0,,
2012,gk_saves_per90,gk,38,38,100.0,,
2012,fbref_substitute_appearances,fbref,469,469,100.0,,
2012,gk_losses,gk,38,38,100.0,,
2012,gk_saves,gk,38,38,100.0,,
2012,fbref_assists,fbref,469,469,100.0,,
2013,fbref_team_goals_while_on_pitch,fbref,464,0,0.0,likely_explained,"Matches the shape of the documented FBref 2010-2017 historical data gap (see known_issues.md) -- near-zero coverage in exactly that season range and domain. Detected from actual coverage numbers, not a hardcoded column list -- worth a quick individual confirmation if this is being relied on for a specific column, not just accepted blind."
2013,fbref_goals_per_shot,fbref,464,0,0.0,likely_explained,"Matches the shape of the documented FBref 2010-2017 historical data gap (see known_issues.md) -- near-zero coverage in exactly that season range and domain. Detected from actual coverage numbers, not a hardcoded column list -- worth a quick individual confirmation if this is being relied on for a specific column, not just accepted blind."
2013,fbref_minutes_per_start,fbref,464,0,0.0,likely_explained,"Matches the shape of the documented FBref 2010-2017 historical data gap (see known_issues.md) -- near-zero coverage in exactly that season range and domain. Detected from actual coverage numbers, not a hardcoded column list -- worth a quick individual confirmation if this is being relied on for a specific column, not just accepted blind."
2013,gk_penalty_kicks_allowed,gk,34,0,0.0,unexplained,
2013,fbref_tackles_won,fbref,464,0,0.0,likely_explained,"Matches the shape of the documented FBref 2010-2017 historical data gap (see known_issues.md) -- near-zero coverage in exactly that season range and domain. Detected from actual coverage numbers, not a hardcoded column list -- worth a quick individual confirmation if this is being relied on for a specific column, not just accepted blind."
2013,fbref_on_off,fbref,464,0,0.0,likely_explained,"Matches the shape of the documented FBref 2010-2017 historical data gap (see known_issues.md) -- near-zero coverage in exactly that season range and domain. Detected from actual coverage numbers, not a hardcoded column list -- worth a quick individual confirmation if this is being relied on for a specific column, not just accepted blind."
2013,fbref_crosses_per90,fbref,464,0,0.0,likely_explained,"Matches the shape of the documented FBref 2010-2017 historical data gap (see known_issues.md) -- near-zero coverage in exactly that season range and domain. Detected from actual coverage numbers, not a hardcoded column list -- worth a quick individual confirmation if this is being relied on for a specific column, not just accepted blind."
2013,fbref_fouls_drawn_per90,fbref,464,0,0.0,likely_explained,"Matches the shape of the documented FBref 2010-2017 historical data gap (see known_issues.md) -- near-zero coverage in exactly that season range and domain. Detected from actual coverage numbers, not a hardcoded column list -- worth a quick individual confirmation if this is being relied on for a specific column, not just accepted blind."
2013,fbref_interceptions,fbref,464,0,0.0,likely_explained,"Matches the shape of the documented FBref 2010-2017 historical data gap (see known_issues.md) -- near-zero coverage in exactly that season range and domain. Detected from actual coverage numbers, not a hardcoded column list -- worth a quick individual confirmation if this is being relied on for a specific column, not just accepted blind."
2013,gk_penalty_kicks_missed_by_opponent,gk,34,0,0.0,unexplained,
2013,fbref_shots_per90,fbref,464,0,0.0,likely_explained,"Matches the shape of the documented FBref 2010-2017 historical data gap (see known_issues.md) -- near-zero coverage in exactly that season range and domain. Detected from actual coverage numbers, not a hardcoded column list -- worth a quick individual confirmation if this is being relied on for a specific column, not just accepted blind."
2013,fbref_penalty_kicks_conceded_per90,fbref,464,0,0.0,likely_explained,"Matches the shape of the documented FBref 2010-2017 historical data gap (see known_issues.md) -- near-zero coverage in exactly that season range and domain. Detected from actual coverage numbers, not a hardcoded column list -- worth a quick individual confirmation if this is being relied on for a specific column, not just accepted blind."
2013,fbref_penalty_kicks_won,fbref,464,0,0.0,likely_explained,"Matches the shape of the documented FBref 2010-2017 historical data gap (see known_issues.md) -- near-zero coverage in exactly that season range and domain. Detected from actual coverage numbers, not a hardcoded column list -- worth a quick individual confirmation if this is being relied on for a specific column, not just accepted blind."
2013,gk_penalty_kick_save_pct,gk,34,0,0.0,unexplained,
2013,fbref_crosses,fbref,464,0,0.0,likely_explained,"Matches the shape of the documented FBref 2010-2017 historical data gap (see known_issues.md) -- near-zero coverage in exactly that season range and domain. Detected from actual coverage numbers, not a hardcoded column list -- worth a quick individual confirmation if this is being relied on for a specific column, not just accepted blind."
2013,fbref_minutes_per_sub,fbref,464,0,0.0,likely_explained,"Matches the shape of the documented FBref 2010-2017 historical data gap (see known_issues.md) -- near-zero coverage in exactly that season range and domain. Detected from actual coverage numbers, not a hardcoded column list -- worth a quick individual confirmation if this is being relied on for a specific column, not just accepted blind."
2013,fbref_plus_minus,fbref,464,0,0.0,likely_explained,"Matches the shape of the documented FBref 2010-2017 historical data gap (see known_issues.md) -- near-zero coverage in exactly that season range and domain. Detected from actual coverage numbers, not a hardcoded column list -- worth a quick individual confirmation if this is being relied on for a specific column, not just accepted blind."
2013,fbref_offsides_per90,fbref,464,0,0.0,likely_explained,"Matches the shape of the documented FBref 2010-2017 historical data gap (see known_issues.md) -- near-zero coverage in exactly that season range and domain. Detected from actual coverage numbers, not a hardcoded column list -- worth a quick individual confirmation if this is being relied on for a specific column, not just accepted blind."
2013,fbref_own_goals_per90,fbref,464,0,0.0,likely_explained,"Matches the shape of the documented FBref 2010-2017 historical data gap (see known_issues.md) -- near-zero coverage in exactly that season range and domain. Detected from actual coverage numbers, not a hardcoded column list -- worth a quick individual confirmation if this is being relied on for a specific column, not just accepted blind."
2013,fbref_penalty_kicks_won_per90,fbref,464,0,0.0,likely_explained,"Matches the shape of the documented FBref 2010-2017 historical data gap (see known_issues.md) -- near-zero coverage in exactly that season range and domain. Detected from actual coverage numbers, not a hardcoded column list -- worth a quick individual confirmation if this is being relied on for a specific column, not just accepted blind."
2013,fbref_unused_sub,fbref,464,0,0.0,likely_explained,"Matches the shape of the documented FBref 2010-2017 historical data gap (see known_issues.md) -- near-zero coverage in exactly that season range and domain. Detected from actual coverage numbers, not a hardcoded column list -- worth a quick individual confirmation if this is being relied on for a specific column, not just accepted blind."
2013,fbref_offsides,fbref,464,0,0.0,likely_explained,"Matches the shape of the documented FBref 2010-2017 historical data gap (see known_issues.md) -- near-zero coverage in exactly that season range and domain. Detected from actual coverage numbers, not a hardcoded column list -- worth a quick individual confirmation if this is being relied on for a specific column, not just accepted blind."
2013,fbref_team_goals_against_while_on_pitch,fbref,464,0,0.0,likely_explained,"Matches the shape of the documented FBref 2010-2017 historical data gap (see known_issues.md) -- near-zero coverage in exactly that season range and domain. Detected from actual coverage numbers, not a hardcoded column list -- worth a quick individual confirmation if this is being relied on for a specific column, not just accepted blind."
2013,fbref_tackles_won_per90,fbref,464,0,0.0,likely_explained,"Matches the shape of the documented FBref 2010-2017 historical data gap (see known_issues.md) -- near-zero coverage in exactly that season range and domain. Detected from actual coverage numbers, not a hardcoded column list -- worth a quick individual confirmation if this is being relied on for a specific column, not just accepted blind."
2013,fbref_plus_minus_per90,fbref,464,0,0.0,likely_explained,"Matches the shape of the documented FBref 2010-2017 historical data gap (see known_issues.md) -- near-zero coverage in exactly that season range and domain. Detected from actual coverage numbers, not a hardcoded column list -- worth a quick individual confirmation if this is being relied on for a specific column, not just accepted blind."
2013,fbref_penalty_kicks_conceded,fbref,464,0,0.0,likely_explained,"Matches the shape of the documented FBref 2010-2017 historical data gap (see known_issues.md) -- near-zero coverage in exactly that season range and domain. Detected from actual coverage numbers, not a hardcoded column list -- worth a quick individual confirmation if this is being relied on for a specific column, not just accepted blind."
2013,fbref_interceptions_per90,fbref,464,0,0.0,likely_explained,"Matches the shape of the documented FBref 2010-2017 historical data gap (see known_issues.md) -- near-zero coverage in exactly that season range and domain. Detected from actual coverage numbers, not a hardcoded column list -- worth a quick individual confirmation if this is being relied on for a specific column, not just accepted blind."
2013,fbref_fouls_drawn,fbref,464,0,0.0,likely_explained,"Matches the shape of the documented FBref 2010-2017 historical data gap (see known_issues.md) -- near-zero coverage in exactly that season range and domain. Detected from actual coverage numbers, not a hardcoded column list -- worth a quick individual confirmation if this is being relied on for a specific column, not just accepted blind."
2013,fbref_second_yellow_cards_per90,fbref,464,0,0.0,likely_explained,"Matches the shape of the documented FBref 2010-2017 historical data gap (see known_issues.md) -- near-zero coverage in exactly that season range and domain. Detected from actual coverage numbers, not a hardcoded column list -- worth a quick individual confirmation if this is being relied on for a specific column, not just accepted blind."
2013,fbref_second_yellow_cards,fbref,464,0,0.0,likely_explained,"Matches the shape of the documented FBref 2010-2017 historical data gap (see known_issues.md) -- near-zero coverage in exactly that season range and domain. Detected from actual coverage numbers, not a hardcoded column list -- worth a quick individual confirmation if this is being relied on for a specific column, not just accepted blind."
2013,gk_penalty_kicks_faced,gk,34,0,0.0,unexplained,
2013,gk_penalty_kicks_saved,gk,34,0,0.0,unexplained,
2013,fbref_points_per_match,fbref,464,0,0.0,likely_explained,"Matches the shape of the documented FBref 2010-2017 historical data gap (see known_issues.md) -- near-zero coverage in exactly that season range and domain. Detected from actual coverage numbers, not a hardcoded column list -- worth a quick individual confirmation if this is being relied on for a specific column, not just accepted blind."
2013,fbref_own_goals,fbref,464,0,0.0,likely_explained,"Matches the shape of the documented FBref 2010-2017 historical data gap (see known_issues.md) -- near-zero coverage in exactly that season range and domain. Detected from actual coverage numbers, not a hardcoded column list -- worth a quick individual confirmation if this is being relied on for a specific column, not just accepted blind."
2013,tm_foot,tm,464,274,59.1,unexplained,
2013,tm_height_cm,tm,464,279,60.1,unexplained,
2013,fbref_goals_per_shot_on_target,fbref,464,331,71.3,unexplained,
2013,fbref_shots_on_target_pct,fbref,464,383,82.5,,
2013,ws_take_ons_won_pct,ws,464,397,85.6,,
2013,fbref_complete_matches,fbref,464,417,89.9,,
2013,ws_aerial_duel_win_pct,ws,464,429,92.5,,
2013,ws_ground_duel_win_pct,ws,464,431,92.9,,
2013,gk_clean_sheet_pct,gk,34,32,94.1,,
2013,ws_aerials_won_per90,ws,464,456,98.3,,
2013,ws_aerials_per90,ws,464,456,98.3,,
2013,ws_pen_area_entries_per90,ws,464,456,98.3,,
2013,ws_final_third_entries_per90,ws,464,456,98.3,,
2013,ws_errors_per90,ws,464,456,98.3,,
2013,ws_dribbled_past_per90,ws,464,456,98.3,,
2013,ws_clearances_per90,ws,464,456,98.3,,
2013,ws_interceptions_att_3rd_per90,ws,464,456,98.3,,
2013,ws_interceptions_mid_3rd_per90,ws,464,456,98.3,,
2013,ws_interceptions_def_3rd_per90,ws,464,456,98.3,,
2013,ws_interceptions_per90,ws,464,456,98.3,,
2013,ws_tackles_att_3rd_per90,ws,464,456,98.3,,
2013,ws_tackles_mid_3rd_per90,ws,464,456,98.3,,
2013,ws_tackles_def_3rd_per90,ws,464,456,98.3,,
2013,ws_tackles_won_per90,ws,464,456,98.3,,
2013,ws_tackles_per90,ws,464,456,98.3,,
2013,ws_dispossessed_per90,ws,464,456,98.3,,
2013,ws_take_ons_won_per90,ws,464,456,98.3,,
2013,ws_take_ons_per90,ws,464,456,98.3,,
2013,ws_touches_att_pen_area_per90,ws,464,456,98.3,,
2013,ws_touches_def_pen_area_per90,ws,464,456,98.3,,
2013,ws_touches_att_3rd_per90,ws,464,456,98.3,,
2013,ws_touches_mid_3rd_per90,ws,464,456,98.3,,
2013,ws_touches_def_3rd_per90,ws,464,456,98.3,,
2013,ws_touches_per90,ws,464,456,98.3,,
2013,ws_passes_completed_per90,ws,464,456,98.3,,
2013,ws_passes_per90,ws,464,456,98.3,,
2013,ws_passes_pct,ws,464,459,98.9,,
2013,ws_take_ons_won,ws,464,460,99.1,,
2013,ws_touches,ws,464,460,99.1,,
2013,ws_dispossessed,ws,464,460,99.1,,
2013,ws_tackles,ws,464,460,99.1,,
2013,ws_tackles_won,ws,464,460,99.1,,
2013,ws_tackles_def_3rd,ws,464,460,99.1,,
2013,ws_interceptions_mid_3rd,ws,464,460,99.1,,
2013,fbref_shots,fbref,464,460,99.1,,
2013,ws_passes_completed,ws,464,460,99.1,,
2013,ws_interceptions_att_3rd,ws,464,460,99.1,,
2013,ws_clearances,ws,464,460,99.1,,
2013,ws_dribbled_past,ws,464,460,99.1,,
2013,ws_errors,ws,464,460,99.1,,
2013,ws_final_third_entries,ws,464,460,99.1,,
2013,ws_pen_area_entries,ws,464,460,99.1,,
2013,ws_passes,ws,464,460,99.1,,
2013,ws_aerials,ws,464,460,99.1,,
2013,ws_aerials_won,ws,464,460,99.1,,
2013,ws_tackles_mid_3rd,ws,464,460,99.1,,
2013,ws_matches_with_data,ws,464,460,99.1,,
2013,fbref_yellow_cards_per90,fbref,464,460,99.1,,
2013,fbref_red_cards_per90,fbref,464,460,99.1,,
2013,ws_whoscored_player_id,ws,464,460,99.1,,
2013,fbref_fouls_committed_per90,fbref,464,460,99.1,,
2013,ws_touches_mid_3rd,ws,464,460,99.1,,
2013,ws_touches_def_3rd,ws,464,460,99.1,,
2013,ws_touches_att_3rd,ws,464,460,99.1,,
2013,ws_tackles_att_3rd,ws,464,460,99.1,,
2013,ws_touches_def_pen_area,ws,464,460,99.1,,
2013,ws_touches_att_pen_area,ws,464,460,99.1,,
2013,ws_interceptions,ws,464,460,99.1,,
2013,ws_interceptions_def_3rd,ws,464,460,99.1,,
2013,ws_take_ons,ws,464,460,99.1,,
2013,gk_save_pct,gk,34,34,100.0,,
2013,fbref_assists,fbref,464,464,100.0,,
2013,fbref_goals,fbref,464,464,100.0,,
2013,fbref_red_cards,fbref,464,464,100.0,,
2013,fbref_substitute_appearances,fbref,464,464,100.0,,
2013,fbref_starts,fbref,464,464,100.0,,
2013,fbref_fouls_committed,fbref,464,464,100.0,,
2013,fbref_nineties,fbref,464,464,100.0,,
2013,gk_goals_against,gk,34,34,100.0,,
2013,fbref_minutes_pct,fbref,464,464,100.0,,
2013,gk_goals_against_per90,gk,34,34,100.0,,
2013,fbref_minutes_per_match,fbref,464,464,100.0,,
2013,gk_shots_on_target_against,gk,34,34,100.0,,
2013,fbref_minutes,fbref,464,464,100.0,,
2013,gk_saves,gk,34,34,100.0,,
2013,fbref_matches_played,fbref,464,464,100.0,,
2013,gk_wins,gk,34,34,100.0,,
2013,gk_draws,gk,34,34,100.0,,
2013,gk_losses,gk,34,34,100.0,,
2013,fbref_born,fbref,464,464,100.0,,
2013,gk_clean_sheets,gk,34,34,100.0,,
2013,gk_saves_per90,gk,34,34,100.0,,
2013,fbref_age,fbref,464,464,100.0,,
2013,fbref_position,fbref,464,464,100.0,,
2013,fbref_nation,fbref,464,464,100.0,,
2013,fbref_shots_on_target,fbref,464,464,100.0,,
2013,fbref_shots_on_target_per90,fbref,464,464,100.0,,
2013,fbref_non_penalty_goals_plus_assists_per90,fbref,464,464,100.0,,
2013,fbref_non_penalty_goals_per90,fbref,464,464,100.0,,
2013,fbref_goals_plus_assists_per90,fbref,464,464,100.0,,
2013,fbref_assists_per90,fbref,464,464,100.0,,
2013,fbref_goals_per90,fbref,464,464,100.0,,
2013,fbref_penalty_attempts,fbref,464,464,100.0,,
2013,fbref_penalty_goals,fbref,464,464,100.0,,
2013,fbref_yellow_cards,fbref,464,464,100.0,,
2013,fbref_non_penalty_goals,fbref,464,464,100.0,,
2013,fbref_goals_plus_assists,fbref,464,464,100.0,,
2014,fbref_penalty_kicks_conceded_per90,fbref,542,0,0.0,likely_explained,"Matches the shape of the documented FBref 2010-2017 historical data gap (see known_issues.md) -- near-zero coverage in exactly that season range and domain. Detected from actual coverage numbers, not a hardcoded column list -- worth a quick individual confirmation if this is being relied on for a specific column, not just accepted blind."
2014,fbref_interceptions_per90,fbref,542,0,0.0,likely_explained,"Matches the shape of the documented FBref 2010-2017 historical data gap (see known_issues.md) -- near-zero coverage in exactly that season range and domain. Detected from actual coverage numbers, not a hardcoded column list -- worth a quick individual confirmation if this is being relied on for a specific column, not just accepted blind."
2014,fbref_tackles_won_per90,fbref,542,0,0.0,likely_explained,"Matches the shape of the documented FBref 2010-2017 historical data gap (see known_issues.md) -- near-zero coverage in exactly that season range and domain. Detected from actual coverage numbers, not a hardcoded column list -- worth a quick individual confirmation if this is being relied on for a specific column, not just accepted blind."
2014,fbref_own_goals_per90,fbref,542,0,0.0,likely_explained,"Matches the shape of the documented FBref 2010-2017 historical data gap (see known_issues.md) -- near-zero coverage in exactly that season range and domain. Detected from actual coverage numbers, not a hardcoded column list -- worth a quick individual confirmation if this is being relied on for a specific column, not just accepted blind."
2014,fbref_penalty_kicks_won_per90,fbref,542,0,0.0,likely_explained,"Matches the shape of the documented FBref 2010-2017 historical data gap (see known_issues.md) -- near-zero coverage in exactly that season range and domain. Detected from actual coverage numbers, not a hardcoded column list -- worth a quick individual confirmation if this is being relied on for a specific column, not just accepted blind."
2014,fbref_offsides,fbref,542,0,0.0,likely_explained,"Matches the shape of the documented FBref 2010-2017 historical data gap (see known_issues.md) -- near-zero coverage in exactly that season range and domain. Detected from actual coverage numbers, not a hardcoded column list -- worth a quick individual confirmation if this is being relied on for a specific column, not just accepted blind."
2014,fbref_shots_per90,fbref,542,0,0.0,likely_explained,"Matches the shape of the documented FBref 2010-2017 historical data gap (see known_issues.md) -- near-zero coverage in exactly that season range and domain. Detected from actual coverage numbers, not a hardcoded column list -- worth a quick individual confirmation if this is being relied on for a specific column, not just accepted blind."
2014,fbref_fouls_drawn,fbref,542,0,0.0,likely_explained,"Matches the shape of the documented FBref 2010-2017 historical data gap (see known_issues.md) -- near-zero coverage in exactly that season range and domain. Detected from actual coverage numbers, not a hardcoded column list -- worth a quick individual confirmation if this is being relied on for a specific column, not just accepted blind."
2014,fbref_penalty_kicks_won,fbref,542,0,0.0,likely_explained,"Matches the shape of the documented FBref 2010-2017 historical data gap (see known_issues.md) -- near-zero coverage in exactly that season range and domain. Detected from actual coverage numbers, not a hardcoded column list -- worth a quick individual confirmation if this is being relied on for a specific column, not just accepted blind."
2014,fbref_second_yellow_cards,fbref,542,0,0.0,likely_explained,"Matches the shape of the documented FBref 2010-2017 historical data gap (see known_issues.md) -- near-zero coverage in exactly that season range and domain. Detected from actual coverage numbers, not a hardcoded column list -- worth a quick individual confirmation if this is being relied on for a specific column, not just accepted blind."
2014,fbref_crosses,fbref,542,0,0.0,likely_explained,"Matches the shape of the documented FBref 2010-2017 historical data gap (see known_issues.md) -- near-zero coverage in exactly that season range and domain. Detected from actual coverage numbers, not a hardcoded column list -- worth a quick individual confirmation if this is being relied on for a specific column, not just accepted blind."
2014,gk_penalty_kick_save_pct,gk,57,0,0.0,unexplained,
2014,fbref_goals_per_shot,fbref,542,0,0.0,likely_explained,"Matches the shape of the documented FBref 2010-2017 historical data gap (see known_issues.md) -- near-zero coverage in exactly that season range and domain. Detected from actual coverage numbers, not a hardcoded column list -- worth a quick individual confirmation if this is being relied on for a specific column, not just accepted blind."
2014,gk_penalty_kicks_missed_by_opponent,gk,57,0,0.0,unexplained,
2014,fbref_minutes_per_sub,fbref,542,0,0.0,likely_explained,"Matches the shape of the documented FBref 2010-2017 historical data gap (see known_issues.md) -- near-zero coverage in exactly that season range and domain. Detected from actual coverage numbers, not a hardcoded column list -- worth a quick individual confirmation if this is being relied on for a specific column, not just accepted blind."
2014,gk_penalty_kicks_saved,gk,57,0,0.0,unexplained,
2014,fbref_interceptions,fbref,542,0,0.0,likely_explained,"Matches the shape of the documented FBref 2010-2017 historical data gap (see known_issues.md) -- near-zero coverage in exactly that season range and domain. Detected from actual coverage numbers, not a hardcoded column list -- worth a quick individual confirmation if this is being relied on for a specific column, not just accepted blind."
2014,fbref_tackles_won,fbref,542,0,0.0,likely_explained,"Matches the shape of the documented FBref 2010-2017 historical data gap (see known_issues.md) -- near-zero coverage in exactly that season range and domain. Detected from actual coverage numbers, not a hardcoded column list -- worth a quick individual confirmation if this is being relied on for a specific column, not just accepted blind."
2014,fbref_second_yellow_cards_per90,fbref,542,0,0.0,likely_explained,"Matches the shape of the documented FBref 2010-2017 historical data gap (see known_issues.md) -- near-zero coverage in exactly that season range and domain. Detected from actual coverage numbers, not a hardcoded column list -- worth a quick individual confirmation if this is being relied on for a specific column, not just accepted blind."
2014,gk_penalty_kicks_allowed,gk,57,0,0.0,unexplained,
2014,fbref_fouls_drawn_per90,fbref,542,0,0.0,likely_explained,"Matches the shape of the documented FBref 2010-2017 historical data gap (see known_issues.md) -- near-zero coverage in exactly that season range and domain. Detected from actual coverage numbers, not a hardcoded column list -- worth a quick individual confirmation if this is being relied on for a specific column, not just accepted blind."
2014,fbref_minutes_per_start,fbref,542,0,0.0,likely_explained,"Matches the shape of the documented FBref 2010-2017 historical data gap (see known_issues.md) -- near-zero coverage in exactly that season range and domain. Detected from actual coverage numbers, not a hardcoded column list -- worth a quick individual confirmation if this is being relied on for a specific column, not just accepted blind."
2014,fbref_offsides_per90,fbref,542,0,0.0,likely_explained,"Matches the shape of the documented FBref 2010-2017 historical data gap (see known_issues.md) -- near-zero coverage in exactly that season range and domain. Detected from actual coverage numbers, not a hardcoded column list -- worth a quick individual confirmation if this is being relied on for a specific column, not just accepted blind."
2014,fbref_own_goals,fbref,542,0,0.0,likely_explained,"Matches the shape of the documented FBref 2010-2017 historical data gap (see known_issues.md) -- near-zero coverage in exactly that season range and domain. Detected from actual coverage numbers, not a hardcoded column list -- worth a quick individual confirmation if this is being relied on for a specific column, not just accepted blind."
2014,fbref_penalty_kicks_conceded,fbref,542,0,0.0,likely_explained,"Matches the shape of the documented FBref 2010-2017 historical data gap (see known_issues.md) -- near-zero coverage in exactly that season range and domain. Detected from actual coverage numbers, not a hardcoded column list -- worth a quick individual confirmation if this is being relied on for a specific column, not just accepted blind."
2014,fbref_crosses_per90,fbref,542,0,0.0,likely_explained,"Matches the shape of the documented FBref 2010-2017 historical data gap (see known_issues.md) -- near-zero coverage in exactly that season range and domain. Detected from actual coverage numbers, not a hardcoded column list -- worth a quick individual confirmation if this is being relied on for a specific column, not just accepted blind."
2014,gk_penalty_kicks_faced,gk,57,0,0.0,unexplained,
2014,tm_foot,tm,542,285,52.6,unexplained,
2014,tm_height_cm,tm,542,292,53.9,unexplained,
2014,fbref_goals_per_shot_on_target,fbref,542,325,60.0,unexplained,
2014,gk_clean_sheet_pct,gk,57,35,61.4,unexplained,
2014,gk_saves_per90,gk,57,36,63.2,unexplained,
2014,gk_goals_against,gk,57,36,63.2,unexplained,
2014,gk_goals_against_per90,gk,57,36,63.2,unexplained,
2014,gk_shots_on_target_against,gk,57,36,63.2,unexplained,
2014,gk_saves,gk,57,36,63.2,unexplained,
2014,gk_save_pct,gk,57,36,63.2,unexplained,
2014,gk_wins,gk,57,36,63.2,unexplained,
2014,gk_draws,gk,57,36,63.2,unexplained,
2014,gk_losses,gk,57,36,63.2,unexplained,
2014,gk_clean_sheets,gk,57,36,63.2,unexplained,
2014,fbref_shots_on_target_pct,fbref,542,365,67.3,unexplained,
2014,ws_take_ons_won_pct,ws,542,409,75.5,unexplained,
2014,ws_aerial_duel_win_pct,ws,542,437,80.6,,
2014,fbref_shots,fbref,542,447,82.5,,
2014,ws_ground_duel_win_pct,ws,542,451,83.2,,
2014,ws_clearances_per90,ws,542,468,86.3,,
2014,ws_pen_area_entries_per90,ws,542,468,86.3,,
2014,ws_touches_att_pen_area_per90,ws,542,468,86.3,,
2014,ws_tackles_def_3rd_per90,ws,542,468,86.3,,
2014,ws_tackles_won_per90,ws,542,468,86.3,,
2014,ws_passes_per90,ws,542,468,86.3,,
2014,ws_dribbled_past_per90,ws,542,468,86.3,,
2014,ws_tackles_per90,ws,542,468,86.3,,
2014,ws_final_third_entries_per90,ws,542,468,86.3,,
2014,ws_touches_def_pen_area_per90,ws,542,468,86.3,,
2014,ws_dispossessed_per90,ws,542,468,86.3,,
2014,ws_passes_completed_per90,ws,542,468,86.3,,
2014,ws_take_ons_won_per90,ws,542,468,86.3,,
2014,ws_touches_per90,ws,542,468,86.3,,
2014,ws_errors_per90,ws,542,468,86.3,,
2014,ws_touches_def_3rd_per90,ws,542,468,86.3,,
2014,ws_interceptions_def_3rd_per90,ws,542,468,86.3,,
2014,ws_interceptions_mid_3rd_per90,ws,542,468,86.3,,
2014,ws_touches_mid_3rd_per90,ws,542,468,86.3,,
2014,ws_interceptions_att_3rd_per90,ws,542,468,86.3,,
2014,ws_take_ons_per90,ws,542,468,86.3,,
2014,ws_touches_att_3rd_per90,ws,542,468,86.3,,
2014,ws_tackles_mid_3rd_per90,ws,542,468,86.3,,
2014,ws_tackles_att_3rd_per90,ws,542,468,86.3,,
2014,ws_interceptions_per90,ws,542,468,86.3,,
2014,ws_aerials_won_per90,ws,542,468,86.3,,
2014,ws_aerials_per90,ws,542,468,86.3,,
2014,fbref_yellow_cards_per90,fbref,542,469,86.5,,
2014,fbref_fouls_committed_per90,fbref,542,469,86.5,,
2014,fbref_red_cards_per90,fbref,542,469,86.5,,
2014,ws_passes_pct,ws,542,471,86.9,,
2014,fbref_on_off,fbref,542,472,87.1,,
2014,fbref_points_per_match,fbref,542,476,87.8,,
2014,fbref_team_goals_while_on_pitch,fbref,542,476,87.8,,
2014,fbref_team_goals_against_while_on_pitch,fbref,542,476,87.8,,
2014,fbref_plus_minus,fbref,542,476,87.8,,
2014,fbref_plus_minus_per90,fbref,542,476,87.8,,
2014,ws_take_ons,ws,542,477,88.0,,
2014,ws_touches_att_pen_area,ws,542,477,88.0,,
2014,ws_touches_def_pen_area,ws,542,477,88.0,,
2014,ws_touches_att_3rd,ws,542,477,88.0,,
2014,ws_tackles_att_3rd,ws,542,477,88.0,,
2014,ws_whoscored_player_id,ws,542,477,88.0,,
2014,ws_matches_with_data,ws,542,477,88.0,,
2014,ws_passes,ws,542,477,88.0,,
2014,ws_aerials_won,ws,542,477,88.0,,
2014,ws_aerials,ws,542,477,88.0,,
2014,ws_pen_area_entries,ws,542,477,88.0,,
2014,ws_passes_completed,ws,542,477,88.0,,
2014,ws_final_third_entries,ws,542,477,88.0,,
2014,ws_errors,ws,542,477,88.0,,
2014,ws_dribbled_past,ws,542,477,88.0,,
2014,ws_clearances,ws,542,477,88.0,,
2014,ws_interceptions_att_3rd,ws,542,477,88.0,,
2014,ws_interceptions_mid_3rd,ws,542,477,88.0,,
2014,ws_interceptions_def_3rd,ws,542,477,88.0,,
2014,ws_interceptions,ws,542,477,88.0,,
2014,ws_tackles_def_3rd,ws,542,477,88.0,,
2014,ws_touches,ws,542,477,88.0,,
2014,ws_tackles_won,ws,542,477,88.0,,
2014,ws_tackles_mid_3rd,ws,542,477,88.0,,
2014,ws_tackles,ws,542,477,88.0,,
2014,ws_dispossessed,ws,542,477,88.0,,
2014,ws_touches_mid_3rd,ws,542,477,88.0,,
2014,ws_take_ons_won,ws,542,477,88.0,,
2014,ws_touches_def_3rd,ws,542,477,88.0,,
2014,fbref_assists_per90,fbref,542,480,88.6,,
2014,fbref_nineties,fbref,542,480,88.6,,
2014,fbref_red_cards,fbref,542,480,88.6,,
2014,fbref_minutes,fbref,542,480,88.6,,
2014,fbref_goals_plus_assists_per90,fbref,542,480,88.6,,
2014,fbref_assists,fbref,542,480,88.6,,
2014,fbref_fouls_committed,fbref,542,480,88.6,,
2014,fbref_shots_on_target,fbref,542,480,88.6,,
2014,fbref_minutes_per_match,fbref,542,480,88.6,,
2014,fbref_penalty_attempts,fbref,542,480,88.6,,
2014,fbref_shots_on_target_per90,fbref,542,480,88.6,,
2014,fbref_yellow_cards,fbref,542,480,88.6,,
2014,fbref_non_penalty_goals_per90,fbref,542,480,88.6,,
2014,fbref_penalty_goals,fbref,542,480,88.6,,
2014,fbref_non_penalty_goals_plus_assists_per90,fbref,542,480,88.6,,
2014,fbref_goals,fbref,542,480,88.6,,
2014,fbref_goals_per90,fbref,542,480,88.6,,
2014,fbref_minutes_pct,fbref,542,480,88.6,,
2014,fbref_non_penalty_goals,fbref,542,480,88.6,,
2014,fbref_goals_plus_assists,fbref,542,480,88.6,,
2014,fbref_complete_matches,fbref,542,540,99.6,,
2014,fbref_substitute_appearances,fbref,542,542,100.0,,
2014,fbref_matches_played,fbref,542,542,100.0,,
2014,fbref_age,fbref,542,542,100.0,,
2014,fbref_unused_sub,fbref,542,542,100.0,,
2014,fbref_position,fbref,542,542,100.0,,
2014,fbref_nation,fbref,542,542,100.0,,
2014,fbref_starts,fbref,542,542,100.0,,
2014,fbref_born,fbref,542,542,100.0,,
2015,gk_penalty_kicks_missed_by_opponent,gk,58,0,0.0,unexplained,
2015,fbref_minutes_per_start,fbref,546,0,0.0,likely_explained,"Matches the shape of the documented FBref 2010-2017 historical data gap (see known_issues.md) -- near-zero coverage in exactly that season range and domain. Detected from actual coverage numbers, not a hardcoded column list -- worth a quick individual confirmation if this is being relied on for a specific column, not just accepted blind."
2015,fbref_minutes_per_sub,fbref,546,0,0.0,likely_explained,"Matches the shape of the documented FBref 2010-2017 historical data gap (see known_issues.md) -- near-zero coverage in exactly that season range and domain. Detected from actual coverage numbers, not a hardcoded column list -- worth a quick individual confirmation if this is being relied on for a specific column, not just accepted blind."
2015,fbref_shots_per90,fbref,546,0,0.0,likely_explained,"Matches the shape of the documented FBref 2010-2017 historical data gap (see known_issues.md) -- near-zero coverage in exactly that season range and domain. Detected from actual coverage numbers, not a hardcoded column list -- worth a quick individual confirmation if this is being relied on for a specific column, not just accepted blind."
2015,fbref_goals_per_shot,fbref,546,0,0.0,likely_explained,"Matches the shape of the documented FBref 2010-2017 historical data gap (see known_issues.md) -- near-zero coverage in exactly that season range and domain. Detected from actual coverage numbers, not a hardcoded column list -- worth a quick individual confirmation if this is being relied on for a specific column, not just accepted blind."
2015,fbref_second_yellow_cards,fbref,546,0,0.0,likely_explained,"Matches the shape of the documented FBref 2010-2017 historical data gap (see known_issues.md) -- near-zero coverage in exactly that season range and domain. Detected from actual coverage numbers, not a hardcoded column list -- worth a quick individual confirmation if this is being relied on for a specific column, not just accepted blind."
2015,fbref_fouls_drawn,fbref,546,0,0.0,likely_explained,"Matches the shape of the documented FBref 2010-2017 historical data gap (see known_issues.md) -- near-zero coverage in exactly that season range and domain. Detected from actual coverage numbers, not a hardcoded column list -- worth a quick individual confirmation if this is being relied on for a specific column, not just accepted blind."
2015,fbref_offsides,fbref,546,0,0.0,likely_explained,"Matches the shape of the documented FBref 2010-2017 historical data gap (see known_issues.md) -- near-zero coverage in exactly that season range and domain. Detected from actual coverage numbers, not a hardcoded column list -- worth a quick individual confirmation if this is being relied on for a specific column, not just accepted blind."
2015,fbref_crosses,fbref,546,0,0.0,likely_explained,"Matches the shape of the documented FBref 2010-2017 historical data gap (see known_issues.md) -- near-zero coverage in exactly that season range and domain. Detected from actual coverage numbers, not a hardcoded column list -- worth a quick individual confirmation if this is being relied on for a specific column, not just accepted blind."
2015,fbref_interceptions,fbref,546,0,0.0,likely_explained,"Matches the shape of the documented FBref 2010-2017 historical data gap (see known_issues.md) -- near-zero coverage in exactly that season range and domain. Detected from actual coverage numbers, not a hardcoded column list -- worth a quick individual confirmation if this is being relied on for a specific column, not just accepted blind."
2015,fbref_tackles_won,fbref,546,0,0.0,likely_explained,"Matches the shape of the documented FBref 2010-2017 historical data gap (see known_issues.md) -- near-zero coverage in exactly that season range and domain. Detected from actual coverage numbers, not a hardcoded column list -- worth a quick individual confirmation if this is being relied on for a specific column, not just accepted blind."
2015,fbref_penalty_kicks_won,fbref,546,0,0.0,likely_explained,"Matches the shape of the documented FBref 2010-2017 historical data gap (see known_issues.md) -- near-zero coverage in exactly that season range and domain. Detected from actual coverage numbers, not a hardcoded column list -- worth a quick individual confirmation if this is being relied on for a specific column, not just accepted blind."
2015,fbref_penalty_kicks_conceded,fbref,546,0,0.0,likely_explained,"Matches the shape of the documented FBref 2010-2017 historical data gap (see known_issues.md) -- near-zero coverage in exactly that season range and domain. Detected from actual coverage numbers, not a hardcoded column list -- worth a quick individual confirmation if this is being relied on for a specific column, not just accepted blind."
2015,fbref_own_goals,fbref,546,0,0.0,likely_explained,"Matches the shape of the documented FBref 2010-2017 historical data gap (see known_issues.md) -- near-zero coverage in exactly that season range and domain. Detected from actual coverage numbers, not a hardcoded column list -- worth a quick individual confirmation if this is being relied on for a specific column, not just accepted blind."
2015,fbref_second_yellow_cards_per90,fbref,546,0,0.0,likely_explained,"Matches the shape of the documented FBref 2010-2017 historical data gap (see known_issues.md) -- near-zero coverage in exactly that season range and domain. Detected from actual coverage numbers, not a hardcoded column list -- worth a quick individual confirmation if this is being relied on for a specific column, not just accepted blind."
2015,fbref_fouls_drawn_per90,fbref,546,0,0.0,likely_explained,"Matches the shape of the documented FBref 2010-2017 historical data gap (see known_issues.md) -- near-zero coverage in exactly that season range and domain. Detected from actual coverage numbers, not a hardcoded column list -- worth a quick individual confirmation if this is being relied on for a specific column, not just accepted blind."
2015,fbref_offsides_per90,fbref,546,0,0.0,likely_explained,"Matches the shape of the documented FBref 2010-2017 historical data gap (see known_issues.md) -- near-zero coverage in exactly that season range and domain. Detected from actual coverage numbers, not a hardcoded column list -- worth a quick individual confirmation if this is being relied on for a specific column, not just accepted blind."
2015,fbref_crosses_per90,fbref,546,0,0.0,likely_explained,"Matches the shape of the documented FBref 2010-2017 historical data gap (see known_issues.md) -- near-zero coverage in exactly that season range and domain. Detected from actual coverage numbers, not a hardcoded column list -- worth a quick individual confirmation if this is being relied on for a specific column, not just accepted blind."
2015,fbref_interceptions_per90,fbref,546,0,0.0,likely_explained,"Matches the shape of the documented FBref 2010-2017 historical data gap (see known_issues.md) -- near-zero coverage in exactly that season range and domain. Detected from actual coverage numbers, not a hardcoded column list -- worth a quick individual confirmation if this is being relied on for a specific column, not just accepted blind."
2015,fbref_tackles_won_per90,fbref,546,0,0.0,likely_explained,"Matches the shape of the documented FBref 2010-2017 historical data gap (see known_issues.md) -- near-zero coverage in exactly that season range and domain. Detected from actual coverage numbers, not a hardcoded column list -- worth a quick individual confirmation if this is being relied on for a specific column, not just accepted blind."
2015,fbref_penalty_kicks_won_per90,fbref,546,0,0.0,likely_explained,"Matches the shape of the documented FBref 2010-2017 historical data gap (see known_issues.md) -- near-zero coverage in exactly that season range and domain. Detected from actual coverage numbers, not a hardcoded column list -- worth a quick individual confirmation if this is being relied on for a specific column, not just accepted blind."
2015,fbref_penalty_kicks_conceded_per90,fbref,546,0,0.0,likely_explained,"Matches the shape of the documented FBref 2010-2017 historical data gap (see known_issues.md) -- near-zero coverage in exactly that season range and domain. Detected from actual coverage numbers, not a hardcoded column list -- worth a quick individual confirmation if this is being relied on for a specific column, not just accepted blind."
2015,fbref_own_goals_per90,fbref,546,0,0.0,likely_explained,"Matches the shape of the documented FBref 2010-2017 historical data gap (see known_issues.md) -- near-zero coverage in exactly that season range and domain. Detected from actual coverage numbers, not a hardcoded column list -- worth a quick individual confirmation if this is being relied on for a specific column, not just accepted blind."
2015,gk_penalty_kicks_faced,gk,58,0,0.0,unexplained,
2015,gk_penalty_kicks_allowed,gk,58,0,0.0,unexplained,
2015,gk_penalty_kicks_saved,gk,58,0,0.0,unexplained,
2015,gk_penalty_kick_save_pct,gk,58,0,0.0,unexplained,
2015,gk_clean_sheet_pct,gk,58,29,50.0,unexplained,
2015,gk_losses,gk,58,30,51.7,unexplained,
2015,gk_save_pct,gk,58,30,51.7,unexplained,
2015,gk_draws,gk,58,30,51.7,unexplained,
2015,gk_shots_on_target_against,gk,58,30,51.7,unexplained,
2015,gk_clean_sheets,gk,58,30,51.7,unexplained,
2015,gk_saves,gk,58,30,51.7,unexplained,
2015,gk_goals_against_per90,gk,58,30,51.7,unexplained,
2015,gk_goals_against,gk,58,30,51.7,unexplained,
2015,gk_saves_per90,gk,58,30,51.7,unexplained,
2015,gk_wins,gk,58,30,51.7,unexplained,
2015,tm_foot,tm,546,291,53.3,unexplained,
2015,tm_height_cm,tm,546,300,54.9,unexplained,
2015,fbref_goals_per_shot_on_target,fbref,546,329,60.3,unexplained,
2015,fbref_shots_on_target_pct,fbref,546,397,72.7,unexplained,
2015,ws_take_ons_won_pct,ws,546,406,74.4,unexplained,
2015,ws_aerial_duel_win_pct,ws,546,441,80.8,,
2015,ws_ground_duel_win_pct,ws,546,445,81.5,,
2015,fbref_on_off,fbref,546,464,85.0,,
2015,ws_interceptions_mid_3rd_per90,ws,546,467,85.5,,
2015,ws_interceptions_def_3rd_per90,ws,546,467,85.5,,
2015,ws_interceptions_per90,ws,546,467,85.5,,
2015,ws_tackles_att_3rd_per90,ws,546,467,85.5,,
2015,ws_dispossessed_per90,ws,546,467,85.5,,
2015,ws_tackles_per90,ws,546,467,85.5,,
2015,ws_tackles_mid_3rd_per90,ws,546,467,85.5,,
2015,ws_tackles_won_per90,ws,546,467,85.5,,
2015,ws_take_ons_per90,ws,546,467,85.5,,
2015,ws_passes_per90,ws,546,467,85.5,,
2015,ws_passes_completed_per90,ws,546,467,85.5,,
2015,ws_touches_per90,ws,546,467,85.5,,
2015,ws_touches_def_3rd_per90,ws,546,467,85.5,,
2015,ws_touches_mid_3rd_per90,ws,546,467,85.5,,
2015,ws_aerials_won_per90,ws,546,467,85.5,,
2015,ws_touches_att_3rd_per90,ws,546,467,85.5,,
2015,ws_aerials_per90,ws,546,467,85.5,,
2015,ws_touches_def_pen_area_per90,ws,546,467,85.5,,
2015,ws_pen_area_entries_per90,ws,546,467,85.5,,
2015,ws_final_third_entries_per90,ws,546,467,85.5,,
2015,ws_touches_att_pen_area_per90,ws,546,467,85.5,,
2015,ws_errors_per90,ws,546,467,85.5,,
2015,ws_tackles_def_3rd_per90,ws,546,467,85.5,,
2015,ws_dribbled_past_per90,ws,546,467,85.5,,
2015,ws_clearances_per90,ws,546,467,85.5,,
2015,ws_take_ons_won_per90,ws,546,467,85.5,,
2015,ws_interceptions_att_3rd_per90,ws,546,467,85.5,,
2015,fbref_fouls_committed_per90,fbref,546,468,85.7,,
2015,fbref_red_cards_per90,fbref,546,468,85.7,,
2015,fbref_yellow_cards_per90,fbref,546,468,85.7,,
2015,ws_passes_pct,ws,546,469,85.9,,
2015,ws_passes,ws,546,471,86.3,,
2015,ws_dispossessed,ws,546,471,86.3,,
2015,ws_tackles,ws,546,471,86.3,,
2015,ws_touches_def_3rd,ws,546,471,86.3,,
2015,fbref_shots,fbref,546,471,86.3,,
2015,ws_aerials_won,ws,546,471,86.3,,
2015,ws_take_ons_won,ws,546,471,86.3,,
2015,ws_tackles_won,ws,546,471,86.3,,
2015,ws_take_ons,ws,546,471,86.3,,
2015,ws_aerials,ws,546,471,86.3,,
2015,ws_matches_with_data,ws,546,471,86.3,,
2015,ws_passes_completed,ws,546,471,86.3,,
2015,ws_pen_area_entries,ws,546,471,86.3,,
2015,ws_tackles_def_3rd,ws,546,471,86.3,,
2015,ws_touches_att_pen_area,ws,546,471,86.3,,
2015,ws_final_third_entries,ws,546,471,86.3,,
2015,ws_touches_mid_3rd,ws,546,471,86.3,,
2015,ws_touches,ws,546,471,86.3,,
2015,ws_tackles_mid_3rd,ws,546,471,86.3,,
2015,ws_errors,ws,546,471,86.3,,
2015,ws_dribbled_past,ws,546,471,86.3,,
2015,ws_tackles_att_3rd,ws,546,471,86.3,,
2015,ws_clearances,ws,546,471,86.3,,
2015,ws_interceptions,ws,546,471,86.3,,
2015,ws_touches_def_pen_area,ws,546,471,86.3,,
2015,ws_interceptions_att_3rd,ws,546,471,86.3,,
2015,ws_whoscored_player_id,ws,546,471,86.3,,
2015,ws_interceptions_def_3rd,ws,546,471,86.3,,
2015,ws_interceptions_mid_3rd,ws,546,471,86.3,,
2015,ws_touches_att_3rd,ws,546,471,86.3,,
2015,fbref_goals_plus_assists,fbref,546,473,86.6,,
2015,fbref_shots_on_target,fbref,546,473,86.6,,
2015,fbref_points_per_match,fbref,546,473,86.6,,
2015,fbref_non_penalty_goals_plus_assists_per90,fbref,546,473,86.6,,
2015,fbref_goals,fbref,546,473,86.6,,
2015,fbref_assists_per90,fbref,546,473,86.6,,
2015,fbref_minutes,fbref,546,473,86.6,,
2015,fbref_team_goals_while_on_pitch,fbref,546,473,86.6,,
2015,fbref_non_penalty_goals,fbref,546,473,86.6,,
2015,fbref_fouls_committed,fbref,546,473,86.6,,
2015,fbref_team_goals_against_while_on_pitch,fbref,546,473,86.6,,
2015,fbref_red_cards,fbref,546,473,86.6,,
2015,fbref_non_penalty_goals_per90,fbref,546,473,86.6,,
2015,fbref_plus_minus,fbref,546,473,86.6,,
2015,fbref_assists,fbref,546,473,86.6,,
2015,fbref_yellow_cards,fbref,546,473,86.6,,
2015,fbref_goals_per90,fbref,546,473,86.6,,
2015,fbref_minutes_per_match,fbref,546,473,86.6,,
2015,fbref_plus_minus_per90,fbref,546,473,86.6,,
2015,fbref_shots_on_target_per90,fbref,546,473,86.6,,
2015,fbref_goals_plus_assists_per90,fbref,546,473,86.6,,
2015,fbref_minutes_pct,fbref,546,473,86.6,,
2015,fbref_penalty_attempts,fbref,546,473,86.6,,
2015,fbref_nineties,fbref,546,473,86.6,,
2015,fbref_penalty_goals,fbref,546,473,86.6,,
2015,fbref_nation,fbref,546,545,99.8,,
2015,fbref_starts,fbref,546,546,100.0,,
2015,fbref_position,fbref,546,546,100.0,,
2015,fbref_born,fbref,546,546,100.0,,
2015,fbref_unused_sub,fbref,546,546,100.0,,
2015,fbref_matches_played,fbref,546,546,100.0,,
2015,fbref_complete_matches,fbref,546,546,100.0,,
2015,fbref_substitute_appearances,fbref,546,546,100.0,,
2015,fbref_age,fbref,546,546,100.0,,
2016,fbref_goals_per_shot,fbref,593,0,0.0,likely_explained,"Matches the shape of the documented FBref 2010-2017 historical data gap (see known_issues.md) -- near-zero coverage in exactly that season range and domain. Detected from actual coverage numbers, not a hardcoded column list -- worth a quick individual confirmation if this is being relied on for a specific column, not just accepted blind."
2016,fbref_minutes_per_start,fbref,593,0,0.0,likely_explained,"Matches the shape of the documented FBref 2010-2017 historical data gap (see known_issues.md) -- near-zero coverage in exactly that season range and domain. Detected from actual coverage numbers, not a hardcoded column list -- worth a quick individual confirmation if this is being relied on for a specific column, not just accepted blind."
2016,fbref_minutes_per_sub,fbref,593,0,0.0,likely_explained,"Matches the shape of the documented FBref 2010-2017 historical data gap (see known_issues.md) -- near-zero coverage in exactly that season range and domain. Detected from actual coverage numbers, not a hardcoded column list -- worth a quick individual confirmation if this is being relied on for a specific column, not just accepted blind."
2016,gk_penalty_kick_save_pct,gk,74,22,29.7,unexplained,
2016,gk_clean_sheet_pct,gk,74,28,37.8,unexplained,
2016,gk_goals_against,gk,74,29,39.2,unexplained,
2016,gk_draws,gk,74,29,39.2,unexplained,
2016,gk_clean_sheets,gk,74,29,39.2,unexplained,
2016,gk_goals_against_per90,gk,74,29,39.2,unexplained,
2016,gk_saves,gk,74,29,39.2,unexplained,
2016,gk_wins,gk,74,29,39.2,unexplained,
2016,gk_penalty_kicks_faced,gk,74,29,39.2,unexplained,
2016,gk_shots_on_target_against,gk,74,29,39.2,unexplained,
2016,gk_penalty_kicks_saved,gk,74,29,39.2,unexplained,
2016,gk_save_pct,gk,74,29,39.2,unexplained,
2016,gk_losses,gk,74,29,39.2,unexplained,
2016,gk_penalty_kicks_allowed,gk,74,29,39.2,unexplained,
2016,gk_penalty_kicks_missed_by_opponent,gk,74,29,39.2,unexplained,
2016,gk_saves_per90,gk,74,29,39.2,unexplained,
2016,tm_foot,tm,593,314,53.0,unexplained,
2016,tm_height_cm,tm,593,318,53.6,unexplained,
2016,fbref_goals_per_shot_on_target,fbref,593,347,58.5,unexplained,
2016,fbref_shots_on_target_pct,fbref,593,403,68.0,unexplained,
2016,ws_take_ons_won_pct,ws,593,415,70.0,unexplained,
2016,ws_aerial_duel_win_pct,ws,593,448,75.5,unexplained,
2016,ws_ground_duel_win_pct,ws,593,453,76.4,unexplained,
2016,fbref_fouls_drawn_per90,fbref,593,472,79.6,unexplained,
2016,fbref_crosses_per90,fbref,593,472,79.6,unexplained,
2016,fbref_own_goals_per90,fbref,593,472,79.6,unexplained,
2016,fbref_offsides_per90,fbref,593,472,79.6,unexplained,
2016,fbref_interceptions_per90,fbref,593,472,79.6,unexplained,
2016,fbref_tackles_won_per90,fbref,593,472,79.6,unexplained,
2016,fbref_second_yellow_cards_per90,fbref,593,472,79.6,unexplained,
2016,fbref_penalty_kicks_won_per90,fbref,593,472,79.6,unexplained,
2016,fbref_on_off,fbref,593,472,79.6,unexplained,
2016,fbref_penalty_kicks_conceded_per90,fbref,593,472,79.6,unexplained,
2016,ws_tackles_per90,ws,593,476,80.3,,
2016,ws_tackles_att_3rd_per90,ws,593,476,80.3,,
2016,ws_touches_per90,ws,593,476,80.3,,
2016,ws_interceptions_def_3rd_per90,ws,593,476,80.3,,
2016,ws_tackles_mid_3rd_per90,ws,593,476,80.3,,
2016,ws_dribbled_past_per90,ws,593,476,80.3,,
2016,ws_tackles_won_per90,ws,593,476,80.3,,
2016,ws_passes_completed_per90,ws,593,476,80.3,,
2016,ws_errors_per90,ws,593,476,80.3,,
2016,ws_take_ons_per90,ws,593,476,80.3,,
2016,ws_final_third_entries_per90,ws,593,476,80.3,,
2016,ws_tackles_def_3rd_per90,ws,593,476,80.3,,
2016,ws_pen_area_entries_per90,ws,593,476,80.3,,
2016,ws_touches_def_3rd_per90,ws,593,476,80.3,,
2016,fbref_fouls_committed_per90,fbref,593,476,80.3,,
2016,ws_touches_mid_3rd_per90,ws,593,476,80.3,,
2016,ws_aerials_per90,ws,593,476,80.3,,
2016,fbref_yellow_cards_per90,fbref,593,476,80.3,,
2016,ws_take_ons_won_per90,ws,593,476,80.3,,
2016,ws_touches_att_pen_area_per90,ws,593,476,80.3,,
2016,ws_passes_per90,ws,593,476,80.3,,
2016,ws_touches_att_3rd_per90,ws,593,476,80.3,,
2016,ws_aerials_won_per90,ws,593,476,80.3,,
2016,ws_touches_def_pen_area_per90,ws,593,476,80.3,,
2016,ws_clearances_per90,ws,593,476,80.3,,
2016,ws_interceptions_att_3rd_per90,ws,593,476,80.3,,
2016,ws_interceptions_per90,ws,593,476,80.3,,
2016,ws_dispossessed_per90,ws,593,476,80.3,,
2016,fbref_red_cards_per90,fbref,593,476,80.3,,
2016,ws_interceptions_mid_3rd_per90,ws,593,476,80.3,,
2016,fbref_second_yellow_cards,fbref,593,480,80.9,,
2016,fbref_own_goals,fbref,593,480,80.9,,
2016,fbref_offsides,fbref,593,480,80.9,,
2016,fbref_crosses,fbref,593,480,80.9,,
2016,fbref_interceptions,fbref,593,480,80.9,,
2016,fbref_shots_per90,fbref,593,480,80.9,,
2016,fbref_penalty_kicks_conceded,fbref,593,480,80.9,,
2016,fbref_penalty_kicks_won,fbref,593,480,80.9,,
2016,fbref_fouls_drawn,fbref,593,480,80.9,,
2016,fbref_tackles_won,fbref,593,480,80.9,,
2016,ws_passes_pct,ws,593,482,81.3,,
2016,fbref_points_per_match,fbref,593,483,81.5,,
2016,fbref_plus_minus_per90,fbref,593,483,81.5,,
2016,fbref_team_goals_against_while_on_pitch,fbref,593,483,81.5,,
2016,fbref_plus_minus,fbref,593,483,81.5,,
2016,fbref_team_goals_while_on_pitch,fbref,593,483,81.5,,
2016,fbref_nineties,fbref,593,484,81.6,,
2016,fbref_assists_per90,fbref,593,484,81.6,,
2016,fbref_penalty_goals,fbref,593,484,81.6,,
2016,fbref_non_penalty_goals_plus_assists_per90,fbref,593,484,81.6,,
2016,fbref_shots_on_target_per90,fbref,593,484,81.6,,
2016,fbref_goals_plus_assists,fbref,593,484,81.6,,
2016,fbref_minutes_per_match,fbref,593,484,81.6,,
2016,fbref_goals_per90,fbref,593,484,81.6,,
2016,fbref_non_penalty_goals_per90,fbref,593,484,81.6,,
2016,fbref_non_penalty_goals,fbref,593,484,81.6,,
2016,fbref_minutes_pct,fbref,593,484,81.6,,
2016,fbref_fouls_committed,fbref,593,484,81.6,,
2016,fbref_penalty_attempts,fbref,593,484,81.6,,
2016,fbref_goals,fbref,593,484,81.6,,
2016,fbref_goals_plus_assists_per90,fbref,593,484,81.6,,
2016,fbref_red_cards,fbref,593,484,81.6,,
2016,fbref_yellow_cards,fbref,593,484,81.6,,
2016,fbref_minutes,fbref,593,484,81.6,,
2016,fbref_assists,fbref,593,484,81.6,,
2016,ws_tackles_mid_3rd,ws,593,486,82.0,,
2016,ws_interceptions_mid_3rd,ws,593,486,82.0,,
2016,ws_interceptions,ws,593,486,82.0,,
2016,ws_interceptions_att_3rd,ws,593,486,82.0,,
2016,ws_interceptions_def_3rd,ws,593,486,82.0,,
2016,ws_tackles_att_3rd,ws,593,486,82.0,,
2016,ws_touches_att_pen_area,ws,593,486,82.0,,
2016,ws_clearances,ws,593,486,82.0,,
2016,ws_passes_completed,ws,593,486,82.0,,
2016,ws_dispossessed,ws,593,486,82.0,,
2016,ws_dribbled_past,ws,593,486,82.0,,
2016,ws_errors,ws,593,486,82.0,,
2016,ws_whoscored_player_id,ws,593,486,82.0,,
2016,ws_take_ons,ws,593,486,82.0,,
2016,ws_tackles_def_3rd,ws,593,486,82.0,,
2016,ws_final_third_entries,ws,593,486,82.0,,
2016,ws_touches_att_3rd,ws,593,486,82.0,,
2016,ws_touches_def_pen_area,ws,593,486,82.0,,
2016,ws_tackles_won,ws,593,486,82.0,,
2016,ws_take_ons_won,ws,593,486,82.0,,
2016,ws_pen_area_entries,ws,593,486,82.0,,
2016,ws_touches_mid_3rd,ws,593,486,82.0,,
2016,ws_aerials,ws,593,486,82.0,,
2016,ws_tackles,ws,593,486,82.0,,
2016,ws_passes,ws,593,486,82.0,,
2016,ws_matches_with_data,ws,593,486,82.0,,
2016,ws_aerials_won,ws,593,486,82.0,,
2016,ws_touches_def_3rd,ws,593,486,82.0,,
2016,ws_touches,ws,593,486,82.0,,
2016,fbref_shots_on_target,fbref,593,487,82.1,,
2016,fbref_shots,fbref,593,487,82.1,,
2016,fbref_complete_matches,fbref,593,592,99.8,,
2016,fbref_nation,fbref,593,592,99.8,,
2016,fbref_matches_played,fbref,593,593,100.0,,
2016,fbref_age,fbref,593,593,100.0,,
2016,fbref_starts,fbref,593,593,100.0,,
2016,fbref_position,fbref,593,593,100.0,,
2016,fbref_substitute_appearances,fbref,593,593,100.0,,
2016,fbref_unused_sub,fbref,593,593,100.0,,
2016,fbref_born,fbref,593,593,100.0,,
2017,fbref_minutes_per_sub,fbref,579,0,0.0,likely_explained,"Matches the shape of the documented FBref 2010-2017 historical data gap (see known_issues.md) -- near-zero coverage in exactly that season range and domain. Detected from actual coverage numbers, not a hardcoded column list -- worth a quick individual confirmation if this is being relied on for a specific column, not just accepted blind."
2017,fbref_minutes_per_start,fbref,579,0,0.0,likely_explained,"Matches the shape of the documented FBref 2010-2017 historical data gap (see known_issues.md) -- near-zero coverage in exactly that season range and domain. Detected from actual coverage numbers, not a hardcoded column list -- worth a quick individual confirmation if this is being relied on for a specific column, not just accepted blind."
2017,fbref_goals_per_shot,fbref,579,0,0.0,likely_explained,"Matches the shape of the documented FBref 2010-2017 historical data gap (see known_issues.md) -- near-zero coverage in exactly that season range and domain. Detected from actual coverage numbers, not a hardcoded column list -- worth a quick individual confirmation if this is being relied on for a specific column, not just accepted blind."
2017,gk_penalty_kick_save_pct,gk,76,27,35.5,unexplained,
2017,gk_clean_sheet_pct,gk,76,36,47.4,unexplained,
2017,gk_saves_per90,gk,76,38,50.0,unexplained,
2017,gk_penalty_kicks_allowed,gk,76,38,50.0,unexplained,
2017,gk_penalty_kicks_faced,gk,76,38,50.0,unexplained,
2017,gk_shots_on_target_against,gk,76,38,50.0,unexplained,
2017,gk_draws,gk,76,38,50.0,unexplained,
2017,gk_penalty_kicks_saved,gk,76,38,50.0,unexplained,
2017,gk_goals_against_per90,gk,76,38,50.0,unexplained,
2017,gk_saves,gk,76,38,50.0,unexplained,
2017,gk_penalty_kicks_missed_by_opponent,gk,76,38,50.0,unexplained,
2017,gk_losses,gk,76,38,50.0,unexplained,
2017,gk_clean_sheets,gk,76,38,50.0,unexplained,
2017,gk_save_pct,gk,76,38,50.0,unexplained,
2017,gk_wins,gk,76,38,50.0,unexplained,
2017,gk_goals_against,gk,76,38,50.0,unexplained,
2017,tm_foot,tm,579,317,54.7,unexplained,
2017,tm_height_cm,tm,579,321,55.4,unexplained,
2017,fbref_goals_per_shot_on_target,fbref,579,329,56.8,unexplained,
2017,fbref_shots_on_target_pct,fbref,579,387,66.8,unexplained,
2017,ws_take_ons_won_pct,ws,579,408,70.5,unexplained,
2017,ws_aerial_duel_win_pct,ws,579,444,76.7,unexplained,
2017,ws_ground_duel_win_pct,ws,579,449,77.5,unexplained,
2017,fbref_own_goals_per90,fbref,579,462,79.8,unexplained,
2017,fbref_offsides_per90,fbref,579,462,79.8,unexplained,
2017,fbref_interceptions_per90,fbref,579,462,79.8,unexplained,
2017,fbref_penalty_kicks_conceded_per90,fbref,579,462,79.8,unexplained,
2017,fbref_crosses_per90,fbref,579,462,79.8,unexplained,
2017,fbref_second_yellow_cards_per90,fbref,579,462,79.8,unexplained,
2017,fbref_penalty_kicks_won_per90,fbref,579,462,79.8,unexplained,
2017,fbref_tackles_won_per90,fbref,579,462,79.8,unexplained,
2017,fbref_fouls_drawn_per90,fbref,579,462,79.8,unexplained,
2017,ws_touches_att_3rd_per90,ws,579,468,80.8,,
2017,ws_touches_mid_3rd_per90,ws,579,468,80.8,,
2017,ws_touches_def_3rd_per90,ws,579,468,80.8,,
2017,fbref_own_goals,fbref,579,468,80.8,,
2017,fbref_shots_per90,fbref,579,468,80.8,,
2017,ws_touches_per90,ws,579,468,80.8,,
2017,ws_passes_per90,ws,579,468,80.8,,
2017,ws_tackles_def_3rd_per90,ws,579,468,80.8,,
2017,fbref_interceptions,fbref,579,468,80.8,,
2017,fbref_yellow_cards_per90,fbref,579,468,80.8,,
2017,ws_tackles_att_3rd_per90,ws,579,468,80.8,,
2017,ws_interceptions_per90,ws,579,468,80.8,,
2017,ws_tackles_won_per90,ws,579,468,80.8,,
2017,fbref_crosses,fbref,579,468,80.8,,
2017,ws_interceptions_def_3rd_per90,ws,579,468,80.8,,
2017,ws_interceptions_mid_3rd_per90,ws,579,468,80.8,,
2017,ws_tackles_per90,ws,579,468,80.8,,
2017,fbref_red_cards_per90,fbref,579,468,80.8,,
2017,ws_interceptions_att_3rd_per90,ws,579,468,80.8,,
2017,ws_dispossessed_per90,ws,579,468,80.8,,
2017,ws_clearances_per90,ws,579,468,80.8,,
2017,fbref_offsides,fbref,579,468,80.8,,
2017,ws_take_ons_won_per90,ws,579,468,80.8,,
2017,ws_dribbled_past_per90,ws,579,468,80.8,,
2017,ws_errors_per90,ws,579,468,80.8,,
2017,fbref_tackles_won,fbref,579,468,80.8,,
2017,ws_take_ons_per90,ws,579,468,80.8,,
2017,ws_final_third_entries_per90,ws,579,468,80.8,,
2017,ws_pen_area_entries_per90,ws,579,468,80.8,,
2017,fbref_fouls_committed_per90,fbref,579,468,80.8,,
2017,fbref_fouls_drawn,fbref,579,468,80.8,,
2017,ws_aerials_per90,ws,579,468,80.8,,
2017,ws_aerials_won_per90,ws,579,468,80.8,,
2017,ws_touches_att_pen_area_per90,ws,579,468,80.8,,
2017,fbref_penalty_kicks_won,fbref,579,468,80.8,,
2017,ws_touches_def_pen_area_per90,ws,579,468,80.8,,
2017,fbref_penalty_kicks_conceded,fbref,579,468,80.8,,
2017,fbref_second_yellow_cards,fbref,579,468,80.8,,
2017,ws_passes_completed_per90,ws,579,468,80.8,,
2017,ws_tackles_mid_3rd_per90,ws,579,468,80.8,,
2017,fbref_on_off,fbref,579,470,81.2,,
2017,fbref_plus_minus,fbref,579,476,82.2,,
2017,fbref_points_per_match,fbref,579,476,82.2,,
2017,fbref_team_goals_against_while_on_pitch,fbref,579,476,82.2,,
2017,fbref_team_goals_while_on_pitch,fbref,579,476,82.2,,
2017,fbref_plus_minus_per90,fbref,579,476,82.2,,
2017,fbref_goals_per90,fbref,579,477,82.4,,
2017,fbref_fouls_committed,fbref,579,477,82.4,,
2017,fbref_red_cards,fbref,579,477,82.4,,
2017,fbref_yellow_cards,fbref,579,477,82.4,,
2017,fbref_shots_on_target_per90,fbref,579,477,82.4,,
2017,fbref_non_penalty_goals_plus_assists_per90,fbref,579,477,82.4,,
2017,fbref_non_penalty_goals_per90,fbref,579,477,82.4,,
2017,fbref_goals_plus_assists_per90,fbref,579,477,82.4,,
2017,fbref_assists_per90,fbref,579,477,82.4,,
2017,fbref_penalty_attempts,fbref,579,477,82.4,,
2017,fbref_penalty_goals,fbref,579,477,82.4,,
2017,fbref_non_penalty_goals,fbref,579,477,82.4,,
2017,fbref_goals_plus_assists,fbref,579,477,82.4,,
2017,fbref_assists,fbref,579,477,82.4,,
2017,fbref_goals,fbref,579,477,82.4,,
2017,fbref_minutes_pct,fbref,579,477,82.4,,
2017,fbref_minutes_per_match,fbref,579,477,82.4,,
2017,fbref_nineties,fbref,579,478,82.6,,
2017,fbref_minutes,fbref,579,478,82.6,,
2017,ws_passes_pct,ws,579,480,82.9,,
2017,ws_tackles,ws,579,481,83.1,,
2017,ws_tackles_def_3rd,ws,579,481,83.1,,
2017,ws_interceptions_mid_3rd,ws,579,481,83.1,,
2017,ws_touches_att_pen_area,ws,579,481,83.1,,
2017,ws_touches,ws,579,481,83.1,,
2017,ws_matches_with_data,ws,579,481,83.1,,
2017,ws_take_ons_won,ws,579,481,83.1,,
2017,ws_pen_area_entries,ws,579,481,83.1,,
2017,ws_errors,ws,579,481,83.1,,
2017,ws_passes_completed,ws,579,481,83.1,,
2017,ws_dribbled_past,ws,579,481,83.1,,
2017,ws_tackles_att_3rd,ws,579,481,83.1,,
2017,ws_aerials,ws,579,481,83.1,,
2017,ws_final_third_entries,ws,579,481,83.1,,
2017,ws_tackles_won,ws,579,481,83.1,,
2017,ws_interceptions,ws,579,481,83.1,,
2017,ws_clearances,ws,579,481,83.1,,
2017,ws_aerials_won,ws,579,481,83.1,,
2017,ws_whoscored_player_id,ws,579,481,83.1,,
2017,ws_tackles_mid_3rd,ws,579,481,83.1,,
2017,ws_passes,ws,579,481,83.1,,
2017,ws_take_ons,ws,579,481,83.1,,
2017,ws_touches_def_3rd,ws,579,481,83.1,,
2017,ws_interceptions_def_3rd,ws,579,481,83.1,,
2017,ws_dispossessed,ws,579,481,83.1,,
2017,ws_touches_def_pen_area,ws,579,481,83.1,,
2017,ws_touches_mid_3rd,ws,579,481,83.1,,
2017,ws_interceptions_att_3rd,ws,579,481,83.1,,
2017,ws_touches_att_3rd,ws,579,481,83.1,,
2017,fbref_shots_on_target,fbref,579,483,83.4,,
2017,fbref_shots,fbref,579,483,83.4,,
2017,fbref_born,fbref,579,579,100.0,,
2017,fbref_position,fbref,579,579,100.0,,
2017,fbref_starts,fbref,579,579,100.0,,
2017,fbref_complete_matches,fbref,579,579,100.0,,
2017,fbref_substitute_appearances,fbref,579,579,100.0,,
2017,fbref_unused_sub,fbref,579,579,100.0,,
2017,fbref_matches_played,fbref,579,579,100.0,,
2017,fbref_age,fbref,579,579,100.0,,
2017,fbref_nation,fbref,579,579,100.0,,
2018,fbref_tackles_won,fbref,596,0,0.0,unexplained,
2018,fbref_interceptions,fbref,596,0,0.0,unexplained,
2018,fbref_fouls_committed,fbref,596,0,0.0,unexplained,
2018,gk_shots_on_target_against,gk,79,0,0.0,unexplained,
2018,fbref_penalty_kicks_won_per90,fbref,596,0,0.0,unexplained,
2018,fbref_interceptions_per90,fbref,596,0,0.0,unexplained,
2018,fbref_penalty_kicks_won,fbref,596,0,0.0,unexplained,
2018,fbref_fouls_drawn_per90,fbref,596,0,0.0,unexplained,
2018,fbref_crosses,fbref,596,0,0.0,unexplained,
2018,fbref_penalty_kicks_conceded,fbref,596,0,0.0,unexplained,
2018,fbref_penalty_kicks_conceded_per90,fbref,596,0,0.0,unexplained,
2018,gk_saves_per90,gk,79,0,0.0,unexplained,
2018,fbref_offsides_per90,fbref,596,0,0.0,unexplained,
2018,fbref_goals_per_shot,fbref,596,0,0.0,unexplained,
2018,fbref_offsides,fbref,596,0,0.0,unexplained,
2018,fbref_fouls_committed_per90,fbref,596,0,0.0,unexplained,
2018,gk_saves,gk,79,0,0.0,unexplained,
2018,gk_save_pct,gk,79,0,0.0,unexplained,
2018,fbref_shots_per90,fbref,596,0,0.0,unexplained,
2018,fbref_shots_on_target_per90,fbref,596,0,0.0,unexplained,
2018,fbref_tackles_won_per90,fbref,596,0,0.0,unexplained,
2018,fbref_goals_per_shot_on_target,fbref,596,0,0.0,unexplained,
2018,fbref_crosses_per90,fbref,596,0,0.0,unexplained,
2018,fbref_fouls_drawn,fbref,596,0,0.0,unexplained,
2018,gk_penalty_kick_save_pct,gk,79,24,30.4,unexplained,
2018,gk_clean_sheet_pct,gk,79,35,44.3,unexplained,
2018,gk_penalty_kicks_allowed,gk,79,37,46.8,unexplained,
2018,gk_goals_against,gk,79,37,46.8,unexplained,
2018,gk_penalty_kicks_missed_by_opponent,gk,79,37,46.8,unexplained,
2018,gk_losses,gk,79,37,46.8,unexplained,
2018,gk_clean_sheets,gk,79,37,46.8,unexplained,
2018,gk_wins,gk,79,37,46.8,unexplained,
2018,gk_draws,gk,79,37,46.8,unexplained,
2018,gk_penalty_kicks_saved,gk,79,37,46.8,unexplained,
2018,gk_penalty_kicks_faced,gk,79,37,46.8,unexplained,
2018,gk_goals_against_per90,gk,79,37,46.8,unexplained,
2018,tm_foot,tm,596,344,57.7,unexplained,
2018,tm_height_cm,tm,596,347,58.2,unexplained,
2018,fbref_minutes_per_sub,fbref,596,364,61.1,unexplained,
2018,fbref_shots_on_target_pct,fbref,596,372,62.4,unexplained,
2018,ws_take_ons_won_pct,ws,596,394,66.1,unexplained,
2018,fbref_minutes_per_start,fbref,596,413,69.3,unexplained,
2018,ws_ground_duel_win_pct,ws,596,434,72.8,unexplained,
2018,ws_aerial_duel_win_pct,ws,596,441,74.0,unexplained,
2018,fbref_shots,fbref,596,450,75.5,unexplained,
2018,fbref_shots_on_target,fbref,596,450,75.5,unexplained,
2018,ws_dispossessed_per90,ws,596,468,78.5,unexplained,
2018,ws_touches_def_pen_area_per90,ws,596,468,78.5,unexplained,
2018,ws_interceptions_att_3rd_per90,ws,596,468,78.5,unexplained,
2018,ws_interceptions_def_3rd_per90,ws,596,468,78.5,unexplained,
2018,ws_aerials_won_per90,ws,596,468,78.5,unexplained,
2018,ws_interceptions_per90,ws,596,468,78.5,unexplained,
2018,ws_clearances_per90,ws,596,468,78.5,unexplained,
2018,ws_dribbled_past_per90,ws,596,468,78.5,unexplained,
2018,ws_interceptions_mid_3rd_per90,ws,596,468,78.5,unexplained,
2018,ws_tackles_att_3rd_per90,ws,596,468,78.5,unexplained,
2018,ws_tackles_mid_3rd_per90,ws,596,468,78.5,unexplained,
2018,ws_errors_per90,ws,596,468,78.5,unexplained,
2018,ws_tackles_def_3rd_per90,ws,596,468,78.5,unexplained,
2018,ws_final_third_entries_per90,ws,596,468,78.5,unexplained,
2018,ws_tackles_won_per90,ws,596,468,78.5,unexplained,
2018,ws_passes_per90,ws,596,468,78.5,unexplained,
2018,ws_pen_area_entries_per90,ws,596,468,78.5,unexplained,
2018,ws_passes_completed_per90,ws,596,468,78.5,unexplained,
2018,ws_tackles_per90,ws,596,468,78.5,unexplained,
2018,ws_touches_per90,ws,596,468,78.5,unexplained,
2018,ws_touches_att_3rd_per90,ws,596,468,78.5,unexplained,
2018,ws_touches_def_3rd_per90,ws,596,468,78.5,unexplained,
2018,ws_take_ons_won_per90,ws,596,468,78.5,unexplained,
2018,ws_aerials_per90,ws,596,468,78.5,unexplained,
2018,ws_take_ons_per90,ws,596,468,78.5,unexplained,
2018,ws_touches_mid_3rd_per90,ws,596,468,78.5,unexplained,
2018,ws_touches_att_pen_area_per90,ws,596,468,78.5,unexplained,
2018,fbref_own_goals_per90,fbref,596,469,78.7,unexplained,
2018,fbref_yellow_cards_per90,fbref,596,469,78.7,unexplained,
2018,fbref_second_yellow_cards_per90,fbref,596,469,78.7,unexplained,
2018,fbref_red_cards_per90,fbref,596,469,78.7,unexplained,
2018,fbref_on_off,fbref,596,471,79.0,unexplained,
2018,ws_interceptions_att_3rd,ws,596,478,80.2,,
2018,ws_touches_def_3rd,ws,596,478,80.2,,
2018,ws_tackles_def_3rd,ws,596,478,80.2,,
2018,fbref_minutes,fbref,596,478,80.2,,
2018,fbref_penalty_attempts,fbref,596,478,80.2,,
2018,ws_interceptions_def_3rd,ws,596,478,80.2,,
2018,ws_take_ons,ws,596,478,80.2,,
2018,fbref_penalty_goals,fbref,596,478,80.2,,
2018,fbref_goals_per90,fbref,596,478,80.2,,
2018,ws_dispossessed,ws,596,478,80.2,,
2018,ws_tackles,ws,596,478,80.2,,
2018,ws_touches_mid_3rd,ws,596,478,80.2,,
2018,fbref_points_per_match,fbref,596,478,80.2,,
2018,fbref_team_goals_while_on_pitch,fbref,596,478,80.2,,
2018,ws_tackles_att_3rd,ws,596,478,80.2,,
2018,fbref_plus_minus_per90,fbref,596,478,80.2,,
2018,fbref_plus_minus,fbref,596,478,80.2,,
2018,ws_passes_pct,ws,596,478,80.2,,
2018,ws_tackles_won,ws,596,478,80.2,,
2018,ws_dribbled_past,ws,596,478,80.2,,
2018,fbref_team_goals_against_while_on_pitch,fbref,596,478,80.2,,
2018,ws_touches,ws,596,478,80.2,,
2018,ws_touches_def_pen_area,ws,596,478,80.2,,
2018,ws_errors,ws,596,478,80.2,,
2018,fbref_non_penalty_goals_per90,fbref,596,478,80.2,,
2018,fbref_own_goals,fbref,596,478,80.2,,
2018,ws_matches_with_data,ws,596,478,80.2,,
2018,ws_tackles_mid_3rd,ws,596,478,80.2,,
2018,ws_interceptions_mid_3rd,ws,596,478,80.2,,
2018,fbref_goals_plus_assists_per90,fbref,596,478,80.2,,
2018,fbref_assists_per90,fbref,596,478,80.2,,
2018,fbref_non_penalty_goals_plus_assists_per90,fbref,596,478,80.2,,
2018,ws_touches_att_3rd,ws,596,478,80.2,,
2018,ws_whoscored_player_id,ws,596,478,80.2,,
2018,ws_final_third_entries,ws,596,478,80.2,,
2018,fbref_non_penalty_goals,fbref,596,478,80.2,,
2018,ws_passes_completed,ws,596,478,80.2,,
2018,ws_aerials_won,ws,596,478,80.2,,
2018,fbref_goals_plus_assists,fbref,596,478,80.2,,
2018,fbref_assists,fbref,596,478,80.2,,
2018,ws_take_ons_won,ws,596,478,80.2,,
2018,ws_clearances,ws,596,478,80.2,,
2018,fbref_goals,fbref,596,478,80.2,,
2018,ws_interceptions,ws,596,478,80.2,,
2018,ws_touches_att_pen_area,ws,596,478,80.2,,
2018,ws_passes,ws,596,478,80.2,,
2018,ws_pen_area_entries,ws,596,478,80.2,,
2018,ws_aerials,ws,596,478,80.2,,
2018,fbref_minutes_pct,fbref,596,479,80.4,,
2018,fbref_minutes_per_match,fbref,596,479,80.4,,
2018,fbref_red_cards,fbref,596,479,80.4,,
2018,fbref_second_yellow_cards,fbref,596,479,80.4,,
2018,fbref_yellow_cards,fbref,596,479,80.4,,
2018,fbref_nineties,fbref,596,479,80.4,,
2018,fbref_age,fbref,596,595,99.8,,
2018,fbref_position,fbref,596,595,99.8,,
2018,fbref_born,fbref,596,595,99.8,,
2018,fbref_nation,fbref,596,595,99.8,,
2018,fbref_complete_matches,fbref,596,596,100.0,,
2018,fbref_starts,fbref,596,596,100.0,,
2018,fbref_substitute_appearances,fbref,596,596,100.0,,
2018,fbref_unused_sub,fbref,596,596,100.0,,
2018,fbref_matches_played,fbref,596,596,100.0,,
2019,fbref_penalty_kicks_conceded_per90,fbref,610,0,0.0,unexplained,
2019,fbref_penalty_kicks_won,fbref,610,0,0.0,unexplained,
2019,fbref_penalty_kicks_conceded,fbref,610,0,0.0,unexplained,
2019,fbref_penalty_kicks_won_per90,fbref,610,0,0.0,unexplained,
2019,gk_penalty_kick_save_pct,gk,80,27,33.8,unexplained,
2019,gk_penalty_kicks_missed_by_opponent,gk,80,33,41.3,unexplained,
2019,gk_clean_sheets,gk,80,33,41.3,unexplained,
2019,gk_save_pct,gk,80,33,41.3,unexplained,
2019,gk_penalty_kicks_faced,gk,80,33,41.3,unexplained,
2019,gk_saves,gk,80,33,41.3,unexplained,
2019,gk_saves_per90,gk,80,33,41.3,unexplained,
2019,gk_shots_on_target_against,gk,80,33,41.3,unexplained,
2019,gk_clean_sheet_pct,gk,80,33,41.3,unexplained,
2019,gk_goals_against_per90,gk,80,33,41.3,unexplained,
2019,gk_goals_against,gk,80,33,41.3,unexplained,
2019,gk_penalty_kicks_allowed,gk,80,33,41.3,unexplained,
2019,gk_wins,gk,80,33,41.3,unexplained,
2019,gk_penalty_kicks_saved,gk,80,33,41.3,unexplained,
2019,gk_draws,gk,80,33,41.3,unexplained,
2019,gk_losses,gk,80,33,41.3,unexplained,
2019,fbref_goals_per_shot_on_target,fbref,610,324,53.1,unexplained,
2019,fbref_minutes_per_sub,fbref,610,329,53.9,unexplained,
2019,tm_foot,tm,610,390,63.9,unexplained,
2019,tm_height_cm,tm,610,390,63.9,unexplained,
2019,fbref_goals_per_shot,fbref,610,396,64.9,unexplained,
2019,fbref_shots_on_target_pct,fbref,610,396,64.9,unexplained,
2019,ws_take_ons_won_pct,ws,610,414,67.9,unexplained,
2019,fbref_minutes_per_start,fbref,610,424,69.5,unexplained,
2019,ws_ground_duel_win_pct,ws,610,449,73.6,unexplained,
2019,ws_aerial_duel_win_pct,ws,610,451,73.9,unexplained,
2019,fbref_on_off,fbref,610,474,77.7,unexplained,
2019,ws_interceptions_att_3rd_per90,ws,610,476,78.0,unexplained,
2019,ws_aerials_won_per90,ws,610,476,78.0,unexplained,
2019,fbref_red_cards_per90,fbref,610,476,78.0,unexplained,
2019,ws_tackles_mid_3rd_per90,ws,610,476,78.0,unexplained,
2019,fbref_tackles_won_per90,fbref,610,476,78.0,unexplained,
2019,ws_tackles_per90,ws,610,476,78.0,unexplained,
2019,ws_passes_per90,ws,610,476,78.0,unexplained,
2019,ws_touches_def_pen_area_per90,ws,610,476,78.0,unexplained,
2019,ws_tackles_def_3rd_per90,ws,610,476,78.0,unexplained,
2019,ws_pen_area_entries_per90,ws,610,476,78.0,unexplained,
2019,fbref_fouls_drawn_per90,fbref,610,476,78.0,unexplained,
2019,ws_interceptions_def_3rd_per90,ws,610,476,78.0,unexplained,
2019,fbref_yellow_cards_per90,fbref,610,476,78.0,unexplained,
2019,fbref_offsides_per90,fbref,610,476,78.0,unexplained,
2019,ws_touches_att_3rd_per90,ws,610,476,78.0,unexplained,
2019,ws_take_ons_per90,ws,610,476,78.0,unexplained,
2019,ws_interceptions_per90,ws,610,476,78.0,unexplained,
2019,ws_aerials_per90,ws,610,476,78.0,unexplained,
2019,ws_dispossessed_per90,ws,610,476,78.0,unexplained,
2019,ws_touches_def_3rd_per90,ws,610,476,78.0,unexplained,
2019,ws_final_third_entries_per90,ws,610,476,78.0,unexplained,
2019,fbref_own_goals_per90,fbref,610,476,78.0,unexplained,
2019,fbref_second_yellow_cards_per90,fbref,610,476,78.0,unexplained,
2019,ws_touches_att_pen_area_per90,ws,610,476,78.0,unexplained,
2019,ws_tackles_won_per90,ws,610,476,78.0,unexplained,
2019,ws_clearances_per90,ws,610,476,78.0,unexplained,
2019,ws_dribbled_past_per90,ws,610,476,78.0,unexplained,
2019,ws_passes_completed_per90,ws,610,476,78.0,unexplained,
2019,fbref_crosses_per90,fbref,610,476,78.0,unexplained,
2019,ws_take_ons_won_per90,ws,610,476,78.0,unexplained,
2019,ws_touches_mid_3rd_per90,ws,610,476,78.0,unexplained,
2019,ws_interceptions_mid_3rd_per90,ws,610,476,78.0,unexplained,
2019,ws_touches_per90,ws,610,476,78.0,unexplained,
2019,ws_tackles_att_3rd_per90,ws,610,476,78.0,unexplained,
2019,fbref_fouls_committed_per90,fbref,610,476,78.0,unexplained,
2019,ws_errors_per90,ws,610,476,78.0,unexplained,
2019,fbref_interceptions_per90,fbref,610,476,78.0,unexplained,
2019,ws_passes_pct,ws,610,482,79.0,unexplained,
2019,fbref_non_penalty_goals,fbref,610,484,79.3,unexplained,
2019,ws_dribbled_past,ws,610,484,79.3,unexplained,
2019,fbref_crosses,fbref,610,484,79.3,unexplained,
2019,ws_errors,ws,610,484,79.3,unexplained,
2019,fbref_offsides,fbref,610,484,79.3,unexplained,
2019,ws_aerials_won,ws,610,484,79.3,unexplained,
2019,fbref_penalty_attempts,fbref,610,484,79.3,unexplained,
2019,ws_final_third_entries,ws,610,484,79.3,unexplained,
2019,ws_aerials,ws,610,484,79.3,unexplained,
2019,ws_pen_area_entries,ws,610,484,79.3,unexplained,
2019,fbref_non_penalty_goals_per90,fbref,610,484,79.3,unexplained,
2019,fbref_plus_minus_per90,fbref,610,484,79.3,unexplained,
2019,ws_passes_completed,ws,610,484,79.3,unexplained,
2019,fbref_plus_minus,fbref,610,484,79.3,unexplained,
2019,fbref_non_penalty_goals_plus_assists_per90,fbref,610,484,79.3,unexplained,
2019,fbref_team_goals_against_while_on_pitch,fbref,610,484,79.3,unexplained,
2019,fbref_shots,fbref,610,484,79.3,unexplained,
2019,fbref_team_goals_while_on_pitch,fbref,610,484,79.3,unexplained,
2019,fbref_points_per_match,fbref,610,484,79.3,unexplained,
2019,fbref_goals_per90,fbref,610,484,79.3,unexplained,
2019,ws_touches,ws,610,484,79.3,unexplained,
2019,fbref_goals_plus_assists,fbref,610,484,79.3,unexplained,
2019,fbref_shots_on_target,fbref,610,484,79.3,unexplained,
2019,ws_touches_def_3rd,ws,610,484,79.3,unexplained,
2019,ws_touches_mid_3rd,ws,610,484,79.3,unexplained,
2019,ws_touches_att_3rd,ws,610,484,79.3,unexplained,
2019,fbref_yellow_cards,fbref,610,484,79.3,unexplained,
2019,ws_touches_def_pen_area,ws,610,484,79.3,unexplained,
2019,ws_touches_att_pen_area,ws,610,484,79.3,unexplained,
2019,fbref_nineties,fbref,610,484,79.3,unexplained,
2019,fbref_minutes_pct,fbref,610,484,79.3,unexplained,
2019,fbref_minutes_per_match,fbref,610,484,79.3,unexplained,
2019,fbref_red_cards,fbref,610,484,79.3,unexplained,
2019,ws_take_ons,ws,610,484,79.3,unexplained,
2019,fbref_minutes,fbref,610,484,79.3,unexplained,
2019,ws_take_ons_won,ws,610,484,79.3,unexplained,
2019,fbref_second_yellow_cards,fbref,610,484,79.3,unexplained,
2019,fbref_penalty_goals,fbref,610,484,79.3,unexplained,
2019,fbref_fouls_committed,fbref,610,484,79.3,unexplained,
2019,fbref_assists,fbref,610,484,79.3,unexplained,
2019,fbref_shots_per90,fbref,610,484,79.3,unexplained,
2019,fbref_shots_on_target_per90,fbref,610,484,79.3,unexplained,
2019,fbref_tackles_won,fbref,610,484,79.3,unexplained,
2019,ws_passes,ws,610,484,79.3,unexplained,
2019,fbref_assists_per90,fbref,610,484,79.3,unexplained,
2019,fbref_goals,fbref,610,484,79.3,unexplained,
2019,ws_dispossessed,ws,610,484,79.3,unexplained,
2019,ws_tackles,ws,610,484,79.3,unexplained,
2019,ws_tackles_won,ws,610,484,79.3,unexplained,
2019,fbref_interceptions,fbref,610,484,79.3,unexplained,
2019,ws_tackles_def_3rd,ws,610,484,79.3,unexplained,
2019,ws_tackles_mid_3rd,ws,610,484,79.3,unexplained,
2019,fbref_own_goals,fbref,610,484,79.3,unexplained,
2019,fbref_goals_plus_assists_per90,fbref,610,484,79.3,unexplained,
2019,ws_tackles_att_3rd,ws,610,484,79.3,unexplained,
2019,ws_interceptions,ws,610,484,79.3,unexplained,
2019,fbref_fouls_drawn,fbref,610,484,79.3,unexplained,
2019,ws_interceptions_def_3rd,ws,610,484,79.3,unexplained,
2019,ws_interceptions_mid_3rd,ws,610,484,79.3,unexplained,
2019,ws_whoscored_player_id,ws,610,484,79.3,unexplained,
2019,ws_matches_with_data,ws,610,484,79.3,unexplained,
2019,ws_interceptions_att_3rd,ws,610,484,79.3,unexplained,
2019,ws_clearances,ws,610,484,79.3,unexplained,
2019,fbref_nation,fbref,610,608,99.7,,
2019,fbref_complete_matches,fbref,610,610,100.0,,
2019,fbref_matches_played,fbref,610,610,100.0,,
2019,fbref_starts,fbref,610,610,100.0,,
2019,fbref_substitute_appearances,fbref,610,610,100.0,,
2019,fbref_unused_sub,fbref,610,610,100.0,,
2019,fbref_born,fbref,610,610,100.0,,
2019,fbref_position,fbref,610,610,100.0,,
2019,fbref_age,fbref,610,610,100.0,,
2020,fbref_penalty_kicks_conceded,fbref,631,0,0.0,unexplained,
2020,fbref_penalty_kicks_won,fbref,631,0,0.0,unexplained,
2020,fbref_penalty_kicks_conceded_per90,fbref,631,0,0.0,unexplained,
2020,fbref_penalty_kicks_won_per90,fbref,631,0,0.0,unexplained,
2020,gk_penalty_kick_save_pct,gk,84,33,39.3,unexplained,
2020,gk_save_pct,gk,84,37,44.0,unexplained,
2020,gk_saves,gk,84,38,45.2,unexplained,
2020,gk_penalty_kicks_missed_by_opponent,gk,84,38,45.2,unexplained,
2020,gk_clean_sheet_pct,gk,84,38,45.2,unexplained,
2020,gk_goals_against,gk,84,38,45.2,unexplained,
2020,gk_saves_per90,gk,84,38,45.2,unexplained,
2020,gk_losses,gk,84,38,45.2,unexplained,
2020,gk_shots_on_target_against,gk,84,38,45.2,unexplained,
2020,gk_goals_against_per90,gk,84,38,45.2,unexplained,
2020,gk_penalty_kicks_saved,gk,84,38,45.2,unexplained,
2020,gk_clean_sheets,gk,84,38,45.2,unexplained,
2020,gk_penalty_kicks_faced,gk,84,38,45.2,unexplained,
2020,gk_wins,gk,84,38,45.2,unexplained,
2020,gk_penalty_kicks_allowed,gk,84,38,45.2,unexplained,
2020,gk_draws,gk,84,38,45.2,unexplained,
2020,fbref_goals_per_shot_on_target,fbref,631,351,55.6,unexplained,
2020,tm_foot,tm,631,420,66.6,unexplained,
2020,tm_height_cm,tm,631,423,67.0,unexplained,
2020,fbref_shots_on_target_pct,fbref,631,427,67.7,unexplained,
2020,fbref_minutes_per_sub,fbref,631,428,67.8,unexplained,
2020,fbref_goals_per_shot,fbref,631,428,67.8,unexplained,
2020,ws_take_ons_won_pct,ws,631,437,69.3,unexplained,
2020,fbref_minutes_per_start,fbref,631,445,70.5,unexplained,
2020,ws_aerial_duel_win_pct,ws,631,481,76.2,unexplained,
2020,ws_ground_duel_win_pct,ws,631,483,76.5,unexplained,
2020,ws_take_ons_won_per90,ws,631,510,80.8,,
2020,ws_dribbled_past_per90,ws,631,510,80.8,,
2020,ws_final_third_entries_per90,ws,631,510,80.8,,
2020,ws_pen_area_entries_per90,ws,631,510,80.8,,
2020,ws_aerials_per90,ws,631,510,80.8,,
2020,ws_clearances_per90,ws,631,510,80.8,,
2020,ws_touches_mid_3rd_per90,ws,631,510,80.8,,
2020,ws_aerials_won_per90,ws,631,510,80.8,,
2020,ws_interceptions_att_3rd_per90,ws,631,510,80.8,,
2020,ws_interceptions_mid_3rd_per90,ws,631,510,80.8,,
2020,ws_interceptions_def_3rd_per90,ws,631,510,80.8,,
2020,ws_interceptions_per90,ws,631,510,80.8,,
2020,ws_touches_def_3rd_per90,ws,631,510,80.8,,
2020,ws_tackles_att_3rd_per90,ws,631,510,80.8,,
2020,ws_tackles_mid_3rd_per90,ws,631,510,80.8,,
2020,ws_passes_per90,ws,631,510,80.8,,
2020,ws_tackles_def_3rd_per90,ws,631,510,80.8,,
2020,ws_tackles_won_per90,ws,631,510,80.8,,
2020,ws_tackles_per90,ws,631,510,80.8,,
2020,ws_dispossessed_per90,ws,631,510,80.8,,
2020,ws_take_ons_per90,ws,631,510,80.8,,
2020,ws_passes_completed_per90,ws,631,510,80.8,,
2020,ws_touches_att_pen_area_per90,ws,631,510,80.8,,
2020,ws_touches_def_pen_area_per90,ws,631,510,80.8,,
2020,ws_touches_per90,ws,631,510,80.8,,
2020,ws_touches_att_3rd_per90,ws,631,510,80.8,,
2020,ws_errors_per90,ws,631,510,80.8,,
2020,fbref_fouls_committed_per90,fbref,631,515,81.6,,
2020,fbref_own_goals_per90,fbref,631,515,81.6,,
2020,fbref_second_yellow_cards_per90,fbref,631,515,81.6,,
2020,fbref_yellow_cards_per90,fbref,631,515,81.6,,
2020,fbref_tackles_won_per90,fbref,631,515,81.6,,
2020,fbref_red_cards_per90,fbref,631,515,81.6,,
2020,fbref_crosses_per90,fbref,631,515,81.6,,
2020,fbref_offsides_per90,fbref,631,515,81.6,,
2020,fbref_fouls_drawn_per90,fbref,631,515,81.6,,
2020,fbref_interceptions_per90,fbref,631,515,81.6,,
2020,ws_passes_pct,ws,631,515,81.6,,
2020,fbref_on_off,fbref,631,516,81.8,,
2020,ws_errors,ws,631,517,81.9,,
2020,ws_tackles_def_3rd,ws,631,517,81.9,,
2020,ws_touches_mid_3rd,ws,631,517,81.9,,
2020,ws_aerials,ws,631,517,81.9,,
2020,ws_take_ons,ws,631,517,81.9,,
2020,ws_final_third_entries,ws,631,517,81.9,,
2020,ws_touches_att_3rd,ws,631,517,81.9,,
2020,ws_touches_def_pen_area,ws,631,517,81.9,,
2020,ws_take_ons_won,ws,631,517,81.9,,
2020,ws_passes_completed,ws,631,517,81.9,,
2020,ws_touches_att_pen_area,ws,631,517,81.9,,
2020,ws_touches,ws,631,517,81.9,,
2020,ws_interceptions_att_3rd,ws,631,517,81.9,,
2020,ws_interceptions_mid_3rd,ws,631,517,81.9,,
2020,ws_whoscored_player_id,ws,631,517,81.9,,
2020,ws_dribbled_past,ws,631,517,81.9,,
2020,ws_tackles,ws,631,517,81.9,,
2020,ws_matches_with_data,ws,631,517,81.9,,
2020,ws_tackles_att_3rd,ws,631,517,81.9,,
2020,ws_tackles_won,ws,631,517,81.9,,
2020,ws_tackles_mid_3rd,ws,631,517,81.9,,
2020,ws_dispossessed,ws,631,517,81.9,,
2020,ws_passes,ws,631,517,81.9,,
2020,ws_interceptions_def_3rd,ws,631,517,81.9,,
2020,ws_interceptions,ws,631,517,81.9,,
2020,ws_pen_area_entries,ws,631,517,81.9,,
2020,ws_clearances,ws,631,517,81.9,,
2020,ws_touches_def_3rd,ws,631,517,81.9,,
2020,ws_aerials_won,ws,631,517,81.9,,
2020,fbref_points_per_match,fbref,631,520,82.4,,
2020,fbref_penalty_attempts,fbref,631,522,82.7,,
2020,fbref_assists_per90,fbref,631,522,82.7,,
2020,fbref_minutes_pct,fbref,631,522,82.7,,
2020,fbref_goals_plus_assists_per90,fbref,631,522,82.7,,
2020,fbref_penalty_goals,fbref,631,522,82.7,,
2020,fbref_non_penalty_goals_per90,fbref,631,522,82.7,,
2020,fbref_non_penalty_goals,fbref,631,522,82.7,,
2020,fbref_non_penalty_goals_plus_assists_per90,fbref,631,522,82.7,,
2020,fbref_goals_plus_assists,fbref,631,522,82.7,,
2020,fbref_minutes_per_match,fbref,631,522,82.7,,
2020,fbref_shots,fbref,631,522,82.7,,
2020,fbref_assists,fbref,631,522,82.7,,
2020,fbref_interceptions,fbref,631,522,82.7,,
2020,fbref_offsides,fbref,631,522,82.7,,
2020,fbref_shots_on_target,fbref,631,522,82.7,,
2020,fbref_goals,fbref,631,522,82.7,,
2020,fbref_minutes,fbref,631,522,82.7,,
2020,fbref_team_goals_while_on_pitch,fbref,631,522,82.7,,
2020,fbref_shots_per90,fbref,631,522,82.7,,
2020,fbref_shots_on_target_per90,fbref,631,522,82.7,,
2020,fbref_yellow_cards,fbref,631,522,82.7,,
2020,fbref_complete_matches,fbref,631,522,82.7,,
2020,fbref_crosses,fbref,631,522,82.7,,
2020,fbref_plus_minus_per90,fbref,631,522,82.7,,
2020,fbref_red_cards,fbref,631,522,82.7,,
2020,fbref_second_yellow_cards,fbref,631,522,82.7,,
2020,fbref_fouls_committed,fbref,631,522,82.7,,
2020,fbref_plus_minus,fbref,631,522,82.7,,
2020,fbref_fouls_drawn,fbref,631,522,82.7,,
2020,fbref_team_goals_against_while_on_pitch,fbref,631,522,82.7,,
2020,fbref_own_goals,fbref,631,522,82.7,,
2020,fbref_goals_per90,fbref,631,522,82.7,,
2020,fbref_tackles_won,fbref,631,522,82.7,,
2020,fbref_nineties,fbref,631,522,82.7,,
2020,fbref_nation,fbref,631,627,99.4,,
2020,fbref_age,fbref,631,629,99.7,,
2020,fbref_born,fbref,631,629,99.7,,
2020,fbref_position,fbref,631,630,99.8,,
2020,fbref_matches_played,fbref,631,631,100.0,,
2020,fbref_starts,fbref,631,631,100.0,,
2020,fbref_substitute_appearances,fbref,631,631,100.0,,
2020,fbref_unused_sub,fbref,631,631,100.0,,
2021,fbref_penalty_kicks_conceded_per90,fbref,642,0,0.0,unexplained,
2021,fbref_penalty_kicks_won,fbref,642,0,0.0,unexplained,
2021,fbref_penalty_kicks_won_per90,fbref,642,0,0.0,unexplained,
2021,fbref_penalty_kicks_conceded,fbref,642,0,0.0,unexplained,
2021,gk_penalty_kick_save_pct,gk,90,22,24.4,unexplained,
2021,gk_clean_sheet_pct,gk,90,39,43.3,unexplained,
2021,gk_goals_against_per90,gk,90,40,44.4,unexplained,
2021,gk_wins,gk,90,40,44.4,unexplained,
2021,gk_clean_sheets,gk,90,40,44.4,unexplained,
2021,gk_penalty_kicks_faced,gk,90,40,44.4,unexplained,
2021,gk_shots_on_target_against,gk,90,40,44.4,unexplained,
2021,gk_penalty_kicks_allowed,gk,90,40,44.4,unexplained,
2021,gk_save_pct,gk,90,40,44.4,unexplained,
2021,gk_saves_per90,gk,90,40,44.4,unexplained,
2021,gk_penalty_kicks_saved,gk,90,40,44.4,unexplained,
2021,gk_saves,gk,90,40,44.4,unexplained,
2021,gk_draws,gk,90,40,44.4,unexplained,
2021,gk_losses,gk,90,40,44.4,unexplained,
2021,gk_penalty_kicks_missed_by_opponent,gk,90,40,44.4,unexplained,
2021,gk_goals_against,gk,90,40,44.4,unexplained,
2021,fbref_goals_per_shot_on_target,fbref,642,358,55.8,unexplained,
2021,fbref_goals_per_shot,fbref,642,425,66.2,unexplained,
2021,tm_foot,tm,642,432,67.3,unexplained,
2021,fbref_shots_on_target_pct,fbref,642,433,67.4,unexplained,
2021,ws_take_ons_won_pct,ws,642,434,67.6,unexplained,
2021,fbref_minutes_per_sub,fbref,642,435,67.8,unexplained,
2021,fbref_minutes_per_start,fbref,642,435,67.8,unexplained,
2021,tm_height_cm,tm,642,436,67.9,unexplained,
2021,ws_aerial_duel_win_pct,ws,642,486,75.7,unexplained,
2021,ws_ground_duel_win_pct,ws,642,493,76.8,unexplained,
2021,ws_dribbled_past_per90,ws,642,521,81.2,,
2021,ws_touches_per90,ws,642,521,81.2,,
2021,ws_touches_def_3rd_per90,ws,642,521,81.2,,
2021,ws_touches_mid_3rd_per90,ws,642,521,81.2,,
2021,ws_touches_att_3rd_per90,ws,642,521,81.2,,
2021,ws_touches_def_pen_area_per90,ws,642,521,81.2,,
2021,ws_touches_att_pen_area_per90,ws,642,521,81.2,,
2021,ws_take_ons_per90,ws,642,521,81.2,,
2021,ws_take_ons_won_per90,ws,642,521,81.2,,
2021,ws_dispossessed_per90,ws,642,521,81.2,,
2021,ws_tackles_per90,ws,642,521,81.2,,
2021,ws_tackles_won_per90,ws,642,521,81.2,,
2021,ws_tackles_def_3rd_per90,ws,642,521,81.2,,
2021,ws_tackles_mid_3rd_per90,ws,642,521,81.2,,
2021,ws_tackles_att_3rd_per90,ws,642,521,81.2,,
2021,ws_interceptions_per90,ws,642,521,81.2,,
2021,ws_interceptions_def_3rd_per90,ws,642,521,81.2,,
2021,ws_interceptions_mid_3rd_per90,ws,642,521,81.2,,
2021,ws_interceptions_att_3rd_per90,ws,642,521,81.2,,
2021,ws_clearances_per90,ws,642,521,81.2,,
2021,ws_passes_completed_per90,ws,642,521,81.2,,
2021,ws_errors_per90,ws,642,521,81.2,,
2021,ws_final_third_entries_per90,ws,642,521,81.2,,
2021,ws_pen_area_entries_per90,ws,642,521,81.2,,
2021,ws_aerials_per90,ws,642,521,81.2,,
2021,ws_aerials_won_per90,ws,642,521,81.2,,
2021,ws_passes_per90,ws,642,521,81.2,,
2021,fbref_interceptions_per90,fbref,642,524,81.6,,
2021,fbref_second_yellow_cards_per90,fbref,642,524,81.6,,
2021,fbref_crosses_per90,fbref,642,524,81.6,,
2021,fbref_fouls_committed_per90,fbref,642,524,81.6,,
2021,fbref_tackles_won_per90,fbref,642,524,81.6,,
2021,fbref_fouls_drawn_per90,fbref,642,524,81.6,,
2021,fbref_offsides_per90,fbref,642,524,81.6,,
2021,fbref_own_goals_per90,fbref,642,524,81.6,,
2021,fbref_yellow_cards_per90,fbref,642,524,81.6,,
2021,fbref_red_cards_per90,fbref,642,524,81.6,,
2021,fbref_on_off,fbref,642,530,82.6,,
2021,ws_passes_pct,ws,642,531,82.7,,
2021,ws_passes_completed,ws,642,533,83.0,,
2021,ws_touches_def_pen_area,ws,642,533,83.0,,
2021,ws_tackles_won,ws,642,533,83.0,,
2021,ws_tackles_def_3rd,ws,642,533,83.0,,
2021,fbref_points_per_match,fbref,642,533,83.0,,
2021,fbref_own_goals,fbref,642,533,83.0,,
2021,fbref_team_goals_while_on_pitch,fbref,642,533,83.0,,
2021,fbref_yellow_cards,fbref,642,533,83.0,,
2021,fbref_assists_per90,fbref,642,533,83.0,,
2021,ws_clearances,ws,642,533,83.0,,
2021,fbref_shots_on_target_per90,fbref,642,533,83.0,,
2021,fbref_shots_per90,fbref,642,533,83.0,,
2021,ws_interceptions_att_3rd,ws,642,533,83.0,,
2021,fbref_minutes_per_match,fbref,642,533,83.0,,
2021,ws_touches_def_3rd,ws,642,533,83.0,,
2021,fbref_goals_plus_assists_per90,fbref,642,533,83.0,,
2021,ws_interceptions_mid_3rd,ws,642,533,83.0,,
2021,fbref_minutes,fbref,642,533,83.0,,
2021,ws_touches_mid_3rd,ws,642,533,83.0,,
2021,fbref_non_penalty_goals_per90,fbref,642,533,83.0,,
2021,ws_dispossessed,ws,642,533,83.0,,
2021,fbref_non_penalty_goals_plus_assists_per90,fbref,642,533,83.0,,
2021,fbref_team_goals_against_while_on_pitch,fbref,642,533,83.0,,
2021,ws_tackles_mid_3rd,ws,642,533,83.0,,
2021,fbref_tackles_won,fbref,642,533,83.0,,
2021,fbref_plus_minus,fbref,642,533,83.0,,
2021,ws_whoscored_player_id,ws,642,533,83.0,,
2021,ws_take_ons,ws,642,533,83.0,,
2021,fbref_plus_minus_per90,fbref,642,533,83.0,,
2021,ws_tackles_att_3rd,ws,642,533,83.0,,
2021,fbref_interceptions,fbref,642,533,83.0,,
2021,ws_matches_with_data,ws,642,533,83.0,,
2021,fbref_goals,fbref,642,533,83.0,,
2021,ws_aerials_won,ws,642,533,83.0,,
2021,fbref_crosses,fbref,642,533,83.0,,
2021,ws_interceptions,ws,642,533,83.0,,
2021,fbref_assists,fbref,642,533,83.0,,
2021,ws_aerials,ws,642,533,83.0,,
2021,fbref_goals_plus_assists,fbref,642,533,83.0,,
2021,ws_touches,ws,642,533,83.0,,
2021,fbref_non_penalty_goals,fbref,642,533,83.0,,
2021,ws_take_ons_won,ws,642,533,83.0,,
2021,ws_tackles,ws,642,533,83.0,,
2021,fbref_nineties,fbref,642,533,83.0,,
2021,fbref_offsides,fbref,642,533,83.0,,
2021,ws_pen_area_entries,ws,642,533,83.0,,
2021,ws_passes,ws,642,533,83.0,,
2021,ws_touches_att_pen_area,ws,642,533,83.0,,
2021,fbref_penalty_goals,fbref,642,533,83.0,,
2021,ws_final_third_entries,ws,642,533,83.0,,
2021,fbref_fouls_drawn,fbref,642,533,83.0,,
2021,ws_touches_att_3rd,ws,642,533,83.0,,
2021,fbref_penalty_attempts,fbref,642,533,83.0,,
2021,ws_errors,ws,642,533,83.0,,
2021,ws_interceptions_def_3rd,ws,642,533,83.0,,
2021,fbref_minutes_pct,fbref,642,533,83.0,,
2021,ws_dribbled_past,ws,642,533,83.0,,
2021,fbref_goals_per90,fbref,642,533,83.0,,
2021,fbref_fouls_committed,fbref,642,533,83.0,,
2021,fbref_second_yellow_cards,fbref,642,533,83.0,,
2021,fbref_red_cards,fbref,642,533,83.0,,
2021,fbref_shots_on_target,fbref,642,536,83.5,,
2021,fbref_shots,fbref,642,536,83.5,,
2021,fbref_nation,fbref,642,640,99.7,,
2021,fbref_age,fbref,642,641,99.8,,
2021,fbref_born,fbref,642,641,99.8,,
2021,fbref_position,fbref,642,641,99.8,,
2021,fbref_complete_matches,fbref,642,642,100.0,,
2021,fbref_starts,fbref,642,642,100.0,,
2021,fbref_matches_played,fbref,642,642,100.0,,
2021,fbref_unused_sub,fbref,642,642,100.0,,
2021,fbref_substitute_appearances,fbref,642,642,100.0,,
2022,fbref_penalty_kicks_conceded_per90,fbref,632,0,0.0,unexplained,
2022,fbref_penalty_kicks_won,fbref,632,0,0.0,unexplained,
2022,fbref_penalty_kicks_won_per90,fbref,632,0,0.0,unexplained,
2022,fbref_penalty_kicks_conceded,fbref,632,0,0.0,unexplained,
2022,gk_penalty_kick_save_pct,gk,84,26,31.0,unexplained,
2022,gk_clean_sheet_pct,gk,84,37,44.0,unexplained,
2022,gk_saves_per90,gk,84,38,45.2,unexplained,
2022,gk_save_pct,gk,84,38,45.2,unexplained,
2022,gk_losses,gk,84,39,46.4,unexplained,
2022,gk_penalty_kicks_faced,gk,84,39,46.4,unexplained,
2022,gk_shots_on_target_against,gk,84,39,46.4,unexplained,
2022,gk_wins,gk,84,39,46.4,unexplained,
2022,gk_penalty_kicks_saved,gk,84,39,46.4,unexplained,
2022,gk_saves,gk,84,39,46.4,unexplained,
2022,gk_penalty_kicks_missed_by_opponent,gk,84,39,46.4,unexplained,
2022,gk_goals_against,gk,84,39,46.4,unexplained,
2022,gk_goals_against_per90,gk,84,39,46.4,unexplained,
2022,gk_penalty_kicks_allowed,gk,84,39,46.4,unexplained,
2022,gk_draws,gk,84,39,46.4,unexplained,
2022,gk_clean_sheets,gk,84,39,46.4,unexplained,
2022,fbref_goals_per_shot_on_target,fbref,632,363,57.4,unexplained,
2022,fbref_minutes_per_sub,fbref,632,432,68.4,unexplained,
2022,fbref_goals_per_shot,fbref,632,433,68.5,unexplained,
2022,fbref_shots_on_target_pct,fbref,632,436,69.0,unexplained,
2022,tm_foot,tm,632,437,69.1,unexplained,
2022,fbref_minutes_per_start,fbref,632,438,69.3,unexplained,
2022,tm_height_cm,tm,632,442,69.9,unexplained,
2022,ws_take_ons_won_pct,ws,632,447,70.7,unexplained,
2022,ws_aerial_duel_win_pct,ws,632,479,75.8,unexplained,
2022,ws_ground_duel_win_pct,ws,632,488,77.2,unexplained,
2022,ws_dribbled_past_per90,ws,632,510,80.7,,
2022,ws_touches_mid_3rd_per90,ws,632,510,80.7,,
2022,ws_clearances_per90,ws,632,510,80.7,,
2022,ws_interceptions_per90,ws,632,510,80.7,,
2022,ws_interceptions_def_3rd_per90,ws,632,510,80.7,,
2022,ws_interceptions_att_3rd_per90,ws,632,510,80.7,,
2022,ws_interceptions_mid_3rd_per90,ws,632,510,80.7,,
2022,ws_passes_completed_per90,ws,632,510,80.7,,
2022,ws_touches_att_3rd_per90,ws,632,510,80.7,,
2022,ws_touches_def_pen_area_per90,ws,632,510,80.7,,
2022,ws_touches_per90,ws,632,510,80.7,,
2022,ws_passes_per90,ws,632,510,80.7,,
2022,ws_touches_att_pen_area_per90,ws,632,510,80.7,,
2022,ws_take_ons_per90,ws,632,510,80.7,,
2022,ws_take_ons_won_per90,ws,632,510,80.7,,
2022,ws_dispossessed_per90,ws,632,510,80.7,,
2022,ws_touches_def_3rd_per90,ws,632,510,80.7,,
2022,ws_aerials_won_per90,ws,632,510,80.7,,
2022,ws_tackles_per90,ws,632,510,80.7,,
2022,ws_aerials_per90,ws,632,510,80.7,,
2022,ws_tackles_won_per90,ws,632,510,80.7,,
2022,ws_pen_area_entries_per90,ws,632,510,80.7,,
2022,ws_tackles_def_3rd_per90,ws,632,510,80.7,,
2022,ws_final_third_entries_per90,ws,632,510,80.7,,
2022,ws_tackles_mid_3rd_per90,ws,632,510,80.7,,
2022,ws_errors_per90,ws,632,510,80.7,,
2022,ws_tackles_att_3rd_per90,ws,632,510,80.7,,
2022,fbref_red_cards_per90,fbref,632,516,81.6,,
2022,fbref_crosses_per90,fbref,632,516,81.6,,
2022,fbref_second_yellow_cards_per90,fbref,632,516,81.6,,
2022,fbref_fouls_committed_per90,fbref,632,516,81.6,,
2022,ws_passes_pct,ws,632,516,81.6,,
2022,fbref_fouls_drawn_per90,fbref,632,516,81.6,,
2022,fbref_tackles_won_per90,fbref,632,516,81.6,,
2022,fbref_offsides_per90,fbref,632,516,81.6,,
2022,fbref_interceptions_per90,fbref,632,516,81.6,,
2022,fbref_own_goals_per90,fbref,632,516,81.6,,
2022,fbref_yellow_cards_per90,fbref,632,516,81.6,,
2022,ws_errors,ws,632,517,81.8,,
2022,ws_interceptions_att_3rd,ws,632,517,81.8,,
2022,ws_tackles,ws,632,517,81.8,,
2022,ws_dispossessed,ws,632,517,81.8,,
2022,ws_interceptions_mid_3rd,ws,632,517,81.8,,
2022,ws_clearances,ws,632,517,81.8,,
2022,ws_dribbled_past,ws,632,517,81.8,,
2022,ws_touches_att_pen_area,ws,632,517,81.8,,
2022,ws_passes_completed,ws,632,517,81.8,,
2022,ws_final_third_entries,ws,632,517,81.8,,
2022,ws_touches,ws,632,517,81.8,,
2022,ws_pen_area_entries,ws,632,517,81.8,,
2022,ws_aerials,ws,632,517,81.8,,
2022,ws_interceptions_def_3rd,ws,632,517,81.8,,
2022,ws_touches_att_3rd,ws,632,517,81.8,,
2022,ws_touches_def_pen_area,ws,632,517,81.8,,
2022,ws_aerials_won,ws,632,517,81.8,,
2022,ws_passes,ws,632,517,81.8,,
2022,ws_interceptions,ws,632,517,81.8,,
2022,ws_tackles_won,ws,632,517,81.8,,
2022,ws_matches_with_data,ws,632,517,81.8,,
2022,ws_take_ons_won,ws,632,517,81.8,,
2022,ws_tackles_att_3rd,ws,632,517,81.8,,
2022,ws_take_ons,ws,632,517,81.8,,
2022,ws_touches_def_3rd,ws,632,517,81.8,,
2022,ws_tackles_mid_3rd,ws,632,517,81.8,,
2022,ws_touches_mid_3rd,ws,632,517,81.8,,
2022,ws_tackles_def_3rd,ws,632,517,81.8,,
2022,ws_whoscored_player_id,ws,632,517,81.8,,
2022,fbref_on_off,fbref,632,524,82.9,,
2022,fbref_nineties,fbref,632,526,83.2,,
2022,fbref_assists,fbref,632,526,83.2,,
2022,fbref_fouls_drawn,fbref,632,526,83.2,,
2022,fbref_goals,fbref,632,526,83.2,,
2022,fbref_penalty_attempts,fbref,632,526,83.2,,
2022,fbref_interceptions,fbref,632,526,83.2,,
2022,fbref_goals_per90,fbref,632,526,83.2,,
2022,fbref_points_per_match,fbref,632,526,83.2,,
2022,fbref_offsides,fbref,632,526,83.2,,
2022,fbref_fouls_committed,fbref,632,526,83.2,,
2022,fbref_tackles_won,fbref,632,526,83.2,,
2022,fbref_plus_minus_per90,fbref,632,526,83.2,,
2022,fbref_minutes_per_match,fbref,632,526,83.2,,
2022,fbref_second_yellow_cards,fbref,632,526,83.2,,
2022,fbref_non_penalty_goals_plus_assists_per90,fbref,632,526,83.2,,
2022,fbref_plus_minus,fbref,632,526,83.2,,
2022,fbref_red_cards,fbref,632,526,83.2,,
2022,fbref_team_goals_against_while_on_pitch,fbref,632,526,83.2,,
2022,fbref_assists_per90,fbref,632,526,83.2,,
2022,fbref_yellow_cards,fbref,632,526,83.2,,
2022,fbref_minutes_pct,fbref,632,526,83.2,,
2022,fbref_shots_on_target_per90,fbref,632,526,83.2,,
2022,fbref_shots_per90,fbref,632,526,83.2,,
2022,fbref_shots,fbref,632,526,83.2,,
2022,fbref_goals_plus_assists_per90,fbref,632,526,83.2,,
2022,fbref_minutes,fbref,632,526,83.2,,
2022,fbref_team_goals_while_on_pitch,fbref,632,526,83.2,,
2022,fbref_non_penalty_goals_per90,fbref,632,526,83.2,,
2022,fbref_shots_on_target,fbref,632,526,83.2,,
2022,fbref_own_goals,fbref,632,526,83.2,,
2022,fbref_non_penalty_goals,fbref,632,526,83.2,,
2022,fbref_penalty_goals,fbref,632,526,83.2,,
2022,fbref_crosses,fbref,632,526,83.2,,
2022,fbref_goals_plus_assists,fbref,632,526,83.2,,
2022,fbref_born,fbref,632,631,99.8,,
2022,fbref_age,fbref,632,631,99.8,,
2022,fbref_nation,fbref,632,631,99.8,,
2022,fbref_substitute_appearances,fbref,632,632,100.0,,
2022,fbref_matches_played,fbref,632,632,100.0,,
2022,fbref_complete_matches,fbref,632,632,100.0,,
2022,fbref_unused_sub,fbref,632,632,100.0,,
2022,fbref_starts,fbref,632,632,100.0,,
2022,fbref_position,fbref,632,632,100.0,,
2023,fbref_penalty_kicks_won,fbref,639,0,0.0,unexplained,
2023,fbref_penalty_kicks_won_per90,fbref,639,0,0.0,unexplained,
2023,fbref_penalty_kicks_conceded_per90,fbref,639,0,0.0,unexplained,
2023,fbref_penalty_kicks_conceded,fbref,639,0,0.0,unexplained,
2023,gk_penalty_kick_save_pct,gk,80,24,30.0,unexplained,
2023,gk_clean_sheet_pct,gk,80,37,46.3,unexplained,
2023,gk_penalty_kicks_saved,gk,80,38,47.5,unexplained,
2023,gk_clean_sheets,gk,80,38,47.5,unexplained,
2023,gk_saves_per90,gk,80,38,47.5,unexplained,
2023,gk_shots_on_target_against,gk,80,38,47.5,unexplained,
2023,gk_penalty_kicks_faced,gk,80,38,47.5,unexplained,
2023,gk_saves,gk,80,38,47.5,unexplained,
2023,gk_wins,gk,80,38,47.5,unexplained,
2023,gk_save_pct,gk,80,38,47.5,unexplained,
2023,gk_draws,gk,80,38,47.5,unexplained,
2023,gk_goals_against_per90,gk,80,38,47.5,unexplained,
2023,gk_losses,gk,80,38,47.5,unexplained,
2023,gk_goals_against,gk,80,38,47.5,unexplained,
2023,gk_penalty_kicks_allowed,gk,80,38,47.5,unexplained,
2023,gk_penalty_kicks_missed_by_opponent,gk,80,38,47.5,unexplained,
2023,fbref_goals_per_shot_on_target,fbref,639,375,58.7,unexplained,
2023,fbref_minutes_per_sub,fbref,639,428,67.0,unexplained,
2023,fbref_goals_per_shot,fbref,639,438,68.5,unexplained,
2023,fbref_shots_on_target_pct,fbref,639,439,68.7,unexplained,
2023,ws_take_ons_won_pct,ws,639,439,68.7,unexplained,
2023,fbref_minutes_per_start,fbref,639,448,70.1,unexplained,
2023,tm_foot,tm,639,456,71.4,unexplained,
2023,tm_height_cm,tm,639,459,71.8,unexplained,
2023,ws_aerial_duel_win_pct,ws,639,479,75.0,unexplained,
2023,ws_ground_duel_win_pct,ws,639,485,75.9,unexplained,
2023,ws_passes_completed_per90,ws,639,513,80.3,,
2023,ws_tackles_per90,ws,639,513,80.3,,
2023,ws_passes_pct,ws,639,513,80.3,,
2023,ws_dispossessed_per90,ws,639,513,80.3,,
2023,ws_touches_per90,ws,639,513,80.3,,
2023,ws_touches_att_pen_area_per90,ws,639,513,80.3,,
2023,ws_passes_per90,ws,639,513,80.3,,
2023,ws_interceptions_att_3rd_per90,ws,639,513,80.3,,
2023,ws_touches_def_pen_area_per90,ws,639,513,80.3,,
2023,ws_touches_def_3rd_per90,ws,639,513,80.3,,
2023,ws_take_ons_per90,ws,639,513,80.3,,
2023,ws_dribbled_past_per90,ws,639,513,80.3,,
2023,ws_tackles_att_3rd_per90,ws,639,513,80.3,,
2023,ws_errors_per90,ws,639,513,80.3,,
2023,ws_final_third_entries_per90,ws,639,513,80.3,,
2023,ws_tackles_mid_3rd_per90,ws,639,513,80.3,,
2023,ws_take_ons_won_per90,ws,639,513,80.3,,
2023,ws_touches_att_3rd_per90,ws,639,513,80.3,,
2023,ws_interceptions_mid_3rd_per90,ws,639,513,80.3,,
2023,ws_pen_area_entries_per90,ws,639,513,80.3,,
2023,ws_tackles_def_3rd_per90,ws,639,513,80.3,,
2023,ws_touches_mid_3rd_per90,ws,639,513,80.3,,
2023,ws_clearances_per90,ws,639,513,80.3,,
2023,ws_aerials_per90,ws,639,513,80.3,,
2023,ws_tackles_won_per90,ws,639,513,80.3,,
2023,ws_interceptions_per90,ws,639,513,80.3,,
2023,ws_interceptions_def_3rd_per90,ws,639,513,80.3,,
2023,ws_aerials_won_per90,ws,639,513,80.3,,
2023,ws_errors,ws,639,515,80.6,,
2023,ws_touches_att_pen_area,ws,639,515,80.6,,
2023,ws_take_ons,ws,639,515,80.6,,
2023,ws_touches_def_3rd,ws,639,515,80.6,,
2023,ws_take_ons_won,ws,639,515,80.6,,
2023,ws_dispossessed,ws,639,515,80.6,,
2023,ws_tackles,ws,639,515,80.6,,
2023,ws_tackles_won,ws,639,515,80.6,,
2023,ws_tackles_def_3rd,ws,639,515,80.6,,
2023,ws_touches,ws,639,515,80.6,,
2023,ws_tackles_mid_3rd,ws,639,515,80.6,,
2023,ws_tackles_att_3rd,ws,639,515,80.6,,
2023,ws_interceptions,ws,639,515,80.6,,
2023,ws_interceptions_def_3rd,ws,639,515,80.6,,
2023,ws_interceptions_mid_3rd,ws,639,515,80.6,,
2023,ws_interceptions_att_3rd,ws,639,515,80.6,,
2023,ws_clearances,ws,639,515,80.6,,
2023,ws_dribbled_past,ws,639,515,80.6,,
2023,ws_final_third_entries,ws,639,515,80.6,,
2023,ws_passes_completed,ws,639,515,80.6,,
2023,ws_pen_area_entries,ws,639,515,80.6,,
2023,ws_aerials,ws,639,515,80.6,,
2023,ws_aerials_won,ws,639,515,80.6,,
2023,ws_passes,ws,639,515,80.6,,
2023,ws_matches_with_data,ws,639,515,80.6,,
2023,ws_whoscored_player_id,ws,639,515,80.6,,
2023,ws_touches_mid_3rd,ws,639,515,80.6,,
2023,ws_touches_att_3rd,ws,639,515,80.6,,
2023,ws_touches_def_pen_area,ws,639,515,80.6,,
2023,fbref_on_off,fbref,639,518,81.1,,
2023,fbref_own_goals_per90,fbref,639,519,81.2,,
2023,fbref_crosses_per90,fbref,639,519,81.2,,
2023,fbref_yellow_cards_per90,fbref,639,519,81.2,,
2023,fbref_fouls_committed_per90,fbref,639,519,81.2,,
2023,fbref_tackles_won_per90,fbref,639,519,81.2,,
2023,fbref_offsides_per90,fbref,639,519,81.2,,
2023,fbref_second_yellow_cards_per90,fbref,639,519,81.2,,
2023,fbref_fouls_drawn_per90,fbref,639,519,81.2,,
2023,fbref_interceptions_per90,fbref,639,519,81.2,,
2023,fbref_red_cards_per90,fbref,639,519,81.2,,
2023,fbref_points_per_match,fbref,639,523,81.8,,
2023,fbref_shots_on_target,fbref,639,524,82.0,,
2023,fbref_fouls_drawn,fbref,639,524,82.0,,
2023,fbref_offsides,fbref,639,524,82.0,,
2023,fbref_red_cards,fbref,639,524,82.0,,
2023,fbref_goals_plus_assists,fbref,639,524,82.0,,
2023,fbref_crosses,fbref,639,524,82.0,,
2023,fbref_shots_per90,fbref,639,524,82.0,,
2023,fbref_non_penalty_goals,fbref,639,524,82.0,,
2023,fbref_shots,fbref,639,524,82.0,,
2023,fbref_own_goals,fbref,639,524,82.0,,
2023,fbref_penalty_goals,fbref,639,524,82.0,,
2023,fbref_nineties,fbref,639,524,82.0,,
2023,fbref_penalty_attempts,fbref,639,524,82.0,,
2023,fbref_non_penalty_goals_plus_assists_per90,fbref,639,524,82.0,,
2023,fbref_goals_per90,fbref,639,524,82.0,,
2023,fbref_tackles_won,fbref,639,524,82.0,,
2023,fbref_minutes_pct,fbref,639,524,82.0,,
2023,fbref_non_penalty_goals_per90,fbref,639,524,82.0,,
2023,fbref_assists_per90,fbref,639,524,82.0,,
2023,fbref_minutes,fbref,639,524,82.0,,
2023,fbref_minutes_per_match,fbref,639,524,82.0,,
2023,fbref_goals_plus_assists_per90,fbref,639,524,82.0,,
2023,fbref_goals,fbref,639,524,82.0,,
2023,fbref_team_goals_while_on_pitch,fbref,639,524,82.0,,
2023,fbref_team_goals_against_while_on_pitch,fbref,639,524,82.0,,
2023,fbref_plus_minus,fbref,639,524,82.0,,
2023,fbref_plus_minus_per90,fbref,639,524,82.0,,
2023,fbref_second_yellow_cards,fbref,639,524,82.0,,
2023,fbref_interceptions,fbref,639,524,82.0,,
2023,fbref_assists,fbref,639,524,82.0,,
2023,fbref_fouls_committed,fbref,639,524,82.0,,
2023,fbref_yellow_cards,fbref,639,524,82.0,,
2023,fbref_shots_on_target_per90,fbref,639,524,82.0,,
2023,fbref_nation,fbref,639,633,99.1,,
2023,fbref_age,fbref,639,634,99.2,,
2023,fbref_born,fbref,639,634,99.2,,
2023,fbref_position,fbref,639,639,100.0,,
2023,fbref_unused_sub,fbref,639,639,100.0,,
2023,fbref_complete_matches,fbref,639,639,100.0,,
2023,fbref_matches_played,fbref,639,639,100.0,,
2023,fbref_starts,fbref,639,639,100.0,,
2023,fbref_substitute_appearances,fbref,639,639,100.0,,
2024,fbref_penalty_kicks_conceded_per90,fbref,643,0,0.0,unexplained,
2024,fbref_penalty_kicks_conceded,fbref,643,0,0.0,unexplained,
2024,fbref_penalty_kicks_won,fbref,643,0,0.0,unexplained,
2024,fbref_penalty_kicks_won_per90,fbref,643,0,0.0,unexplained,
2024,gk_penalty_kick_save_pct,gk,83,26,31.3,unexplained,
2024,gk_clean_sheet_pct,gk,83,36,43.4,unexplained,
2024,gk_save_pct,gk,83,36,43.4,unexplained,
2024,gk_clean_sheets,gk,83,38,45.8,unexplained,
2024,gk_losses,gk,83,38,45.8,unexplained,
2024,gk_penalty_kicks_saved,gk,83,38,45.8,unexplained,
2024,gk_draws,gk,83,38,45.8,unexplained,
2024,gk_goals_against_per90,gk,83,38,45.8,unexplained,
2024,gk_penalty_kicks_allowed,gk,83,38,45.8,unexplained,
2024,gk_shots_on_target_against,gk,83,38,45.8,unexplained,
2024,gk_penalty_kicks_faced,gk,83,38,45.8,unexplained,
2024,gk_saves_per90,gk,83,38,45.8,unexplained,
2024,gk_penalty_kicks_missed_by_opponent,gk,83,38,45.8,unexplained,
2024,gk_saves,gk,83,38,45.8,unexplained,
2024,gk_goals_against,gk,83,38,45.8,unexplained,
2024,gk_wins,gk,83,38,45.8,unexplained,
2024,fbref_goals_per_shot_on_target,fbref,643,373,58.0,unexplained,
2024,fbref_goals_per_shot,fbref,643,439,68.3,unexplained,
2024,fbref_shots_on_target_pct,fbref,643,441,68.6,unexplained,
2024,fbref_minutes_per_sub,fbref,643,444,69.1,unexplained,
2024,ws_take_ons_won_pct,ws,643,454,70.6,unexplained,
2024,fbref_minutes_per_start,fbref,643,457,71.1,unexplained,
2024,tm_foot,tm,643,468,72.8,unexplained,
2024,tm_height_cm,tm,643,473,73.6,unexplained,
2024,ws_ground_duel_win_pct,ws,643,492,76.5,unexplained,
2024,ws_aerial_duel_win_pct,ws,643,496,77.1,unexplained,
2024,ws_touches_mid_3rd_per90,ws,643,523,81.3,,
2024,ws_interceptions_per90,ws,643,523,81.3,,
2024,ws_interceptions_def_3rd_per90,ws,643,523,81.3,,
2024,ws_interceptions_mid_3rd_per90,ws,643,523,81.3,,
2024,ws_interceptions_att_3rd_per90,ws,643,523,81.3,,
2024,ws_clearances_per90,ws,643,523,81.3,,
2024,ws_dribbled_past_per90,ws,643,523,81.3,,
2024,ws_errors_per90,ws,643,523,81.3,,
2024,ws_aerials_won_per90,ws,643,523,81.3,,
2024,ws_aerials_per90,ws,643,523,81.3,,
2024,ws_pen_area_entries_per90,ws,643,523,81.3,,
2024,ws_final_third_entries_per90,ws,643,523,81.3,,
2024,ws_passes_per90,ws,643,523,81.3,,
2024,ws_passes_completed_per90,ws,643,523,81.3,,
2024,ws_touches_per90,ws,643,523,81.3,,
2024,ws_touches_def_3rd_per90,ws,643,523,81.3,,
2024,ws_tackles_att_3rd_per90,ws,643,523,81.3,,
2024,ws_touches_att_3rd_per90,ws,643,523,81.3,,
2024,ws_touches_def_pen_area_per90,ws,643,523,81.3,,
2024,ws_touches_att_pen_area_per90,ws,643,523,81.3,,
2024,ws_take_ons_per90,ws,643,523,81.3,,
2024,ws_take_ons_won_per90,ws,643,523,81.3,,
2024,ws_dispossessed_per90,ws,643,523,81.3,,
2024,ws_tackles_per90,ws,643,523,81.3,,
2024,ws_tackles_won_per90,ws,643,523,81.3,,
2024,ws_tackles_def_3rd_per90,ws,643,523,81.3,,
2024,ws_tackles_mid_3rd_per90,ws,643,523,81.3,,
2024,fbref_yellow_cards_per90,fbref,643,524,81.5,,
2024,fbref_fouls_drawn_per90,fbref,643,524,81.5,,
2024,fbref_tackles_won_per90,fbref,643,524,81.5,,
2024,fbref_fouls_committed_per90,fbref,643,524,81.5,,
2024,fbref_interceptions_per90,fbref,643,524,81.5,,
2024,fbref_crosses_per90,fbref,643,524,81.5,,
2024,fbref_second_yellow_cards_per90,fbref,643,524,81.5,,
2024,fbref_red_cards_per90,fbref,643,524,81.5,,
2024,fbref_own_goals_per90,fbref,643,524,81.5,,
2024,fbref_offsides_per90,fbref,643,524,81.5,,
2024,ws_passes_pct,ws,643,529,82.3,,
2024,fbref_on_off,fbref,643,529,82.3,,
2024,ws_passes,ws,643,531,82.6,,
2024,ws_tackles_att_3rd,ws,643,531,82.6,,
2024,ws_pen_area_entries,ws,643,531,82.6,,
2024,ws_final_third_entries,ws,643,531,82.6,,
2024,ws_tackles,ws,643,531,82.6,,
2024,ws_errors,ws,643,531,82.6,,
2024,ws_dribbled_past,ws,643,531,82.6,,
2024,ws_clearances,ws,643,531,82.6,,
2024,ws_passes_completed,ws,643,531,82.6,,
2024,ws_take_ons,ws,643,531,82.6,,
2024,ws_take_ons_won,ws,643,531,82.6,,
2024,ws_touches_att_3rd,ws,643,531,82.6,,
2024,ws_interceptions_att_3rd,ws,643,531,82.6,,
2024,ws_interceptions_mid_3rd,ws,643,531,82.6,,
2024,ws_tackles_mid_3rd,ws,643,531,82.6,,
2024,ws_touches,ws,643,531,82.6,,
2024,ws_touches_def_3rd,ws,643,531,82.6,,
2024,ws_tackles_def_3rd,ws,643,531,82.6,,
2024,ws_interceptions_def_3rd,ws,643,531,82.6,,
2024,ws_whoscored_player_id,ws,643,531,82.6,,
2024,ws_touches_def_pen_area,ws,643,531,82.6,,
2024,ws_touches_att_pen_area,ws,643,531,82.6,,
2024,ws_interceptions,ws,643,531,82.6,,
2024,ws_matches_with_data,ws,643,531,82.6,,
2024,ws_tackles_won,ws,643,531,82.6,,
2024,ws_dispossessed,ws,643,531,82.6,,
2024,ws_aerials_won,ws,643,531,82.6,,
2024,ws_touches_mid_3rd,ws,643,531,82.6,,
2024,ws_aerials,ws,643,531,82.6,,
2024,fbref_goals_per90,fbref,643,534,83.0,,
2024,fbref_minutes,fbref,643,534,83.0,,
2024,fbref_minutes_per_match,fbref,643,534,83.0,,
2024,fbref_minutes_pct,fbref,643,534,83.0,,
2024,fbref_nineties,fbref,643,534,83.0,,
2024,fbref_team_goals_while_on_pitch,fbref,643,534,83.0,,
2024,fbref_team_goals_against_while_on_pitch,fbref,643,534,83.0,,
2024,fbref_plus_minus,fbref,643,534,83.0,,
2024,fbref_plus_minus_per90,fbref,643,534,83.0,,
2024,fbref_goals,fbref,643,534,83.0,,
2024,fbref_assists,fbref,643,534,83.0,,
2024,fbref_goals_plus_assists,fbref,643,534,83.0,,
2024,fbref_non_penalty_goals,fbref,643,534,83.0,,
2024,fbref_penalty_goals,fbref,643,534,83.0,,
2024,fbref_penalty_attempts,fbref,643,534,83.0,,
2024,fbref_assists_per90,fbref,643,534,83.0,,
2024,fbref_goals_plus_assists_per90,fbref,643,534,83.0,,
2024,fbref_non_penalty_goals_per90,fbref,643,534,83.0,,
2024,fbref_non_penalty_goals_plus_assists_per90,fbref,643,534,83.0,,
2024,fbref_shots,fbref,643,534,83.0,,
2024,fbref_shots_on_target,fbref,643,534,83.0,,
2024,fbref_shots_per90,fbref,643,534,83.0,,
2024,fbref_shots_on_target_per90,fbref,643,534,83.0,,
2024,fbref_yellow_cards,fbref,643,534,83.0,,
2024,fbref_red_cards,fbref,643,534,83.0,,
2024,fbref_second_yellow_cards,fbref,643,534,83.0,,
2024,fbref_fouls_committed,fbref,643,534,83.0,,
2024,fbref_fouls_drawn,fbref,643,534,83.0,,
2024,fbref_offsides,fbref,643,534,83.0,,
2024,fbref_crosses,fbref,643,534,83.0,,
2024,fbref_interceptions,fbref,643,534,83.0,,
2024,fbref_tackles_won,fbref,643,534,83.0,,
2024,fbref_own_goals,fbref,643,534,83.0,,
2024,fbref_points_per_match,fbref,643,536,83.4,,
2024,fbref_age,fbref,643,633,98.4,,
2024,fbref_born,fbref,643,633,98.4,,
2024,fbref_nation,fbref,643,634,98.6,,
2024,fbref_position,fbref,643,642,99.8,,
2024,fbref_unused_sub,fbref,643,643,100.0,,
2024,fbref_complete_matches,fbref,643,643,100.0,,
2024,fbref_starts,fbref,643,643,100.0,,
2024,fbref_matches_played,fbref,643,643,100.0,,
2024,fbref_substitute_appearances,fbref,643,643,100.0,,
2025,fbref_penalty_kicks_conceded,fbref,680,0,0.0,unexplained,
2025,fbref_penalty_kicks_conceded_per90,fbref,680,0,0.0,unexplained,
2025,fbref_penalty_kicks_won,fbref,680,0,0.0,unexplained,
2025,fbref_penalty_kicks_won_per90,fbref,680,0,0.0,unexplained,
2025,gk_penalty_kick_save_pct,gk,84,28,33.3,unexplained,
2025,gk_clean_sheet_pct,gk,84,40,47.6,unexplained,
2025,gk_save_pct,gk,84,41,48.8,unexplained,
2025,gk_penalty_kicks_faced,gk,84,42,50.0,unexplained,
2025,gk_clean_sheets,gk,84,42,50.0,unexplained,
2025,gk_draws,gk,84,42,50.0,unexplained,
2025,gk_saves,gk,84,42,50.0,unexplained,
2025,gk_shots_on_target_against,gk,84,42,50.0,unexplained,
2025,gk_goals_against_per90,gk,84,42,50.0,unexplained,
2025,gk_penalty_kicks_saved,gk,84,42,50.0,unexplained,
2025,gk_goals_against,gk,84,42,50.0,unexplained,
2025,gk_penalty_kicks_allowed,gk,84,42,50.0,unexplained,
2025,gk_penalty_kicks_missed_by_opponent,gk,84,42,50.0,unexplained,
2025,gk_saves_per90,gk,84,42,50.0,unexplained,
2025,gk_losses,gk,84,42,50.0,unexplained,
2025,gk_wins,gk,84,42,50.0,unexplained,
2025,fbref_goals_per_shot_on_target,fbref,680,385,56.6,unexplained,
2025,tm_foot,tm,680,442,65.0,unexplained,
2025,fbref_goals_per_shot,fbref,680,442,65.0,unexplained,
2025,tm_height_cm,tm,680,444,65.3,unexplained,
2025,fbref_shots_on_target_pct,fbref,680,448,65.9,unexplained,
2025,fbref_minutes_per_sub,fbref,680,451,66.3,unexplained,
2025,fbref_minutes_per_start,fbref,680,452,66.5,unexplained,
2025,ws_take_ons_won_pct,ws,680,458,67.4,unexplained,
2025,ws_ground_duel_win_pct,ws,680,497,73.1,unexplained,
2025,ws_aerial_duel_win_pct,ws,680,498,73.2,unexplained,
2025,ws_touches_att_pen_area_per90,ws,680,541,79.6,unexplained,
2025,ws_touches_def_3rd_per90,ws,680,541,79.6,unexplained,
2025,ws_pen_area_entries_per90,ws,680,541,79.6,unexplained,
2025,ws_touches_mid_3rd_per90,ws,680,541,79.6,unexplained,
2025,ws_touches_def_pen_area_per90,ws,680,541,79.6,unexplained,
2025,ws_touches_att_3rd_per90,ws,680,541,79.6,unexplained,
2025,ws_interceptions_def_3rd_per90,ws,680,541,79.6,unexplained,
2025,ws_interceptions_per90,ws,680,541,79.6,unexplained,
2025,ws_tackles_att_3rd_per90,ws,680,541,79.6,unexplained,
2025,ws_tackles_mid_3rd_per90,ws,680,541,79.6,unexplained,
2025,ws_interceptions_mid_3rd_per90,ws,680,541,79.6,unexplained,
2025,ws_tackles_def_3rd_per90,ws,680,541,79.6,unexplained,
2025,ws_tackles_won_per90,ws,680,541,79.6,unexplained,
2025,ws_aerials_won_per90,ws,680,541,79.6,unexplained,
2025,ws_tackles_per90,ws,680,541,79.6,unexplained,
2025,ws_interceptions_att_3rd_per90,ws,680,541,79.6,unexplained,
2025,ws_dispossessed_per90,ws,680,541,79.6,unexplained,
2025,ws_clearances_per90,ws,680,541,79.6,unexplained,
2025,ws_take_ons_won_per90,ws,680,541,79.6,unexplained,
2025,ws_dribbled_past_per90,ws,680,541,79.6,unexplained,
2025,ws_take_ons_per90,ws,680,541,79.6,unexplained,
2025,ws_errors_per90,ws,680,541,79.6,unexplained,
2025,ws_passes_per90,ws,680,541,79.6,unexplained,
2025,ws_aerials_per90,ws,680,541,79.6,unexplained,
2025,ws_passes_completed_per90,ws,680,541,79.6,unexplained,
2025,ws_final_third_entries_per90,ws,680,541,79.6,unexplained,
2025,ws_touches_per90,ws,680,541,79.6,unexplained,
2025,fbref_offsides_per90,fbref,680,542,79.7,unexplained,
2025,fbref_fouls_committed_per90,fbref,680,542,79.7,unexplained,
2025,fbref_own_goals_per90,fbref,680,542,79.7,unexplained,
2025,fbref_second_yellow_cards_per90,fbref,680,542,79.7,unexplained,
2025,fbref_crosses_per90,fbref,680,542,79.7,unexplained,
2025,fbref_yellow_cards_per90,fbref,680,542,79.7,unexplained,
2025,fbref_tackles_won_per90,fbref,680,542,79.7,unexplained,
2025,fbref_fouls_drawn_per90,fbref,680,542,79.7,unexplained,
2025,fbref_interceptions_per90,fbref,680,542,79.7,unexplained,
2025,fbref_red_cards_per90,fbref,680,542,79.7,unexplained,
2025,ws_passes_pct,ws,680,545,80.1,,
2025,fbref_on_off,fbref,680,547,80.4,,
2025,ws_interceptions_def_3rd,ws,680,548,80.6,,
2025,ws_touches_def_3rd,ws,680,548,80.6,,
2025,ws_whoscored_player_id,ws,680,548,80.6,,
2025,ws_matches_with_data,ws,680,548,80.6,,
2025,ws_passes,ws,680,548,80.6,,
2025,ws_aerials_won,ws,680,548,80.6,,
2025,ws_aerials,ws,680,548,80.6,,
2025,ws_pen_area_entries,ws,680,548,80.6,,
2025,ws_final_third_entries,ws,680,548,80.6,,
2025,ws_passes_completed,ws,680,548,80.6,,
2025,ws_errors,ws,680,548,80.6,,
2025,ws_touches_def_pen_area,ws,680,548,80.6,,
2025,ws_dribbled_past,ws,680,548,80.6,,
2025,ws_clearances,ws,680,548,80.6,,
2025,ws_interceptions_att_3rd,ws,680,548,80.6,,
2025,ws_interceptions_mid_3rd,ws,680,548,80.6,,
2025,ws_interceptions,ws,680,548,80.6,,
2025,ws_tackles_att_3rd,ws,680,548,80.6,,
2025,ws_tackles_mid_3rd,ws,680,548,80.6,,
2025,ws_touches_att_pen_area,ws,680,548,80.6,,
2025,ws_touches_mid_3rd,ws,680,548,80.6,,
2025,ws_tackles_def_3rd,ws,680,548,80.6,,
2025,ws_touches,ws,680,548,80.6,,
2025,ws_tackles_won,ws,680,548,80.6,,
2025,ws_tackles,ws,680,548,80.6,,
2025,ws_dispossessed,ws,680,548,80.6,,
2025,ws_touches_att_3rd,ws,680,548,80.6,,
2025,ws_take_ons_won,ws,680,548,80.6,,
2025,ws_take_ons,ws,680,548,80.6,,
2025,fbref_plus_minus,fbref,680,550,80.9,,
2025,fbref_shots_on_target,fbref,680,550,80.9,,
2025,fbref_goals,fbref,680,550,80.9,,
2025,fbref_assists,fbref,680,550,80.9,,
2025,fbref_own_goals,fbref,680,550,80.9,,
2025,fbref_goals_plus_assists,fbref,680,550,80.9,,
2025,fbref_fouls_committed,fbref,680,550,80.9,,
2025,fbref_non_penalty_goals,fbref,680,550,80.9,,
2025,fbref_penalty_goals,fbref,680,550,80.9,,
2025,fbref_shots_per90,fbref,680,550,80.9,,
2025,fbref_penalty_attempts,fbref,680,550,80.9,,
2025,fbref_goals_per90,fbref,680,550,80.9,,
2025,fbref_offsides,fbref,680,550,80.9,,
2025,fbref_assists_per90,fbref,680,550,80.9,,
2025,fbref_tackles_won,fbref,680,550,80.9,,
2025,fbref_goals_plus_assists_per90,fbref,680,550,80.9,,
2025,fbref_shots_on_target_per90,fbref,680,550,80.9,,
2025,fbref_nineties,fbref,680,550,80.9,,
2025,fbref_non_penalty_goals_plus_assists_per90,fbref,680,550,80.9,,
2025,fbref_shots,fbref,680,550,80.9,,
2025,fbref_red_cards,fbref,680,550,80.9,,
2025,fbref_interceptions,fbref,680,550,80.9,,
2025,fbref_points_per_match,fbref,680,550,80.9,,
2025,fbref_team_goals_while_on_pitch,fbref,680,550,80.9,,
2025,fbref_team_goals_against_while_on_pitch,fbref,680,550,80.9,,
2025,fbref_plus_minus_per90,fbref,680,550,80.9,,
2025,fbref_non_penalty_goals_per90,fbref,680,550,80.9,,
2025,fbref_second_yellow_cards,fbref,680,550,80.9,,
2025,fbref_crosses,fbref,680,550,80.9,,
2025,fbref_minutes,fbref,680,550,80.9,,
2025,fbref_fouls_drawn,fbref,680,550,80.9,,
2025,fbref_minutes_per_match,fbref,680,550,80.9,,
2025,fbref_yellow_cards,fbref,680,550,80.9,,
2025,fbref_minutes_pct,fbref,680,550,80.9,,
2025,fbref_nation,fbref,680,656,96.5,,
2025,fbref_age,fbref,680,657,96.6,,
2025,fbref_born,fbref,680,657,96.6,,
2025,fbref_position,fbref,680,678,99.7,,
2025,fbref_starts,fbref,680,680,100.0,,
2025,fbref_matches_played,fbref,680,680,100.0,,
2025,fbref_complete_matches,fbref,680,680,100.0,,
2025,fbref_substitute_appearances,fbref,680,680,100.0,,
2025,fbref_unused_sub,fbref,680,680,100.0,,
