group_key,canonical_team,column_name,domain,total_rows,non_null_rows,pct_populated,explanation_tier,explanation
ADO Den Haag,ADO Den Haag,fbref_penalty_kicks_won_per90,fbref,346,54,15.6,unexplained_blended,"Low coverage in a domain/season-sensitive column, but this table blends all seasons together -- check season_column_coverage for this column for the real per-season breakdown before treating this as a new finding."
ADO Den Haag,ADO Den Haag,fbref_penalty_kicks_conceded_per90,fbref,346,54,15.6,unexplained_blended,"Low coverage in a domain/season-sensitive column, but this table blends all seasons together -- check season_column_coverage for this column for the real per-season breakdown before treating this as a new finding."
ADO Den Haag,ADO Den Haag,fbref_penalty_kicks_won,fbref,346,55,15.9,unexplained_blended,"Low coverage in a domain/season-sensitive column, but this table blends all seasons together -- check season_column_coverage for this column for the real per-season breakdown before treating this as a new finding."
ADO Den Haag,ADO Den Haag,fbref_penalty_kicks_conceded,fbref,346,55,15.9,unexplained_blended,"Low coverage in a domain/season-sensitive column, but this table blends all seasons together -- check season_column_coverage for this column for the real per-season breakdown before treating this as a new finding."
ADO Den Haag,ADO Den Haag,fbref_goals_per_shot,fbref,346,57,16.5,unexplained_blended,"Low coverage in a domain/season-sensitive column, but this table blends all seasons together -- check season_column_coverage for this column for the real per-season breakdown before treating this as a new finding."
ADO Den Haag,ADO Den Haag,fbref_minutes_per_sub,fbref,346,71,20.5,unexplained_blended,"Low coverage in a domain/season-sensitive column, but this table blends all seasons together -- check season_column_coverage for this column for the real per-season breakdown before treating this as a new finding."
ADO Den Haag,ADO Den Haag,fbref_minutes_per_start,fbref,346,86,24.9,unexplained_blended,"Low coverage in a domain/season-sensitive column, but this table blends all seasons together -- check season_column_coverage for this column for the real per-season breakdown before treating this as a new finding."
ADO Den Haag,ADO Den Haag,gk_penalty_kick_save_pct,gk,35,11,31.4,,
ADO Den Haag,ADO Den Haag,fbref_fouls_drawn_per90,fbref,346,125,36.1,unexplained_blended,"Low coverage in a domain/season-sensitive column, but this table blends all seasons together -- check season_column_coverage for this column for the real per-season breakdown before treating this as a new finding."
ADO Den Haag,ADO Den Haag,fbref_offsides_per90,fbref,346,125,36.1,unexplained_blended,"Low coverage in a domain/season-sensitive column, but this table blends all seasons together -- check season_column_coverage for this column for the real per-season breakdown before treating this as a new finding."
ADO Den Haag,ADO Den Haag,fbref_crosses_per90,fbref,346,125,36.1,unexplained_blended,"Low coverage in a domain/season-sensitive column, but this table blends all seasons together -- check season_column_coverage for this column for the real per-season breakdown before treating this as a new finding."
ADO Den Haag,ADO Den Haag,fbref_interceptions_per90,fbref,346,125,36.1,unexplained_blended,"Low coverage in a domain/season-sensitive column, but this table blends all seasons together -- check season_column_coverage for this column for the real per-season breakdown before treating this as a new finding."
ADO Den Haag,ADO Den Haag,fbref_tackles_won_per90,fbref,346,125,36.1,unexplained_blended,"Low coverage in a domain/season-sensitive column, but this table blends all seasons together -- check season_column_coverage for this column for the real per-season breakdown before treating this as a new finding."
ADO Den Haag,ADO Den Haag,fbref_offsides,fbref,346,126,36.4,unexplained_blended,"Low coverage in a domain/season-sensitive column, but this table blends all seasons together -- check season_column_coverage for this column for the real per-season breakdown before treating this as a new finding."
ADO Den Haag,ADO Den Haag,fbref_fouls_drawn,fbref,346,126,36.4,unexplained_blended,"Low coverage in a domain/season-sensitive column, but this table blends all seasons together -- check season_column_coverage for this column for the real per-season breakdown before treating this as a new finding."
ADO Den Haag,ADO Den Haag,fbref_shots_per90,fbref,346,126,36.4,unexplained_blended,"Low coverage in a domain/season-sensitive column, but this table blends all seasons together -- check season_column_coverage for this column for the real per-season breakdown before treating this as a new finding."
ADO Den Haag,ADO Den Haag,fbref_tackles_won,fbref,346,126,36.4,unexplained_blended,"Low coverage in a domain/season-sensitive column, but this table blends all seasons together -- check season_column_coverage for this column for the real per-season breakdown before treating this as a new finding."
ADO Den Haag,ADO Den Haag,fbref_interceptions,fbref,346,126,36.4,unexplained_blended,"Low coverage in a domain/season-sensitive column, but this table blends all seasons together -- check season_column_coverage for this column for the real per-season breakdown before treating this as a new finding."
ADO Den Haag,ADO Den Haag,fbref_crosses,fbref,346,126,36.4,unexplained_blended,"Low coverage in a domain/season-sensitive column, but this table blends all seasons together -- check season_column_coverage for this column for the real per-season breakdown before treating this as a new finding."
ADO Den Haag,ADO Den Haag,gk_penalty_kicks_faced,gk,35,13,37.1,,
ADO Den Haag,ADO Den Haag,gk_penalty_kicks_missed_by_opponent,gk,35,13,37.1,,
ADO Den Haag,ADO Den Haag,gk_penalty_kicks_allowed,gk,35,13,37.1,,
ADO Den Haag,ADO Den Haag,gk_penalty_kicks_saved,gk,35,13,37.1,,
ADO Den Haag,ADO Den Haag,fbref_second_yellow_cards_per90,fbref,346,148,42.8,unexplained_blended,"Low coverage in a domain/season-sensitive column, but this table blends all seasons together -- check season_column_coverage for this column for the real per-season breakdown before treating this as a new finding."
ADO Den Haag,ADO Den Haag,fbref_own_goals_per90,fbref,346,148,42.8,unexplained_blended,"Low coverage in a domain/season-sensitive column, but this table blends all seasons together -- check season_column_coverage for this column for the real per-season breakdown before treating this as a new finding."
ADO Den Haag,ADO Den Haag,fbref_second_yellow_cards,fbref,346,151,43.6,unexplained_blended,"Low coverage in a domain/season-sensitive column, but this table blends all seasons together -- check season_column_coverage for this column for the real per-season breakdown before treating this as a new finding."
ADO Den Haag,ADO Den Haag,fbref_own_goals,fbref,346,151,43.6,unexplained_blended,"Low coverage in a domain/season-sensitive column, but this table blends all seasons together -- check season_column_coverage for this column for the real per-season breakdown before treating this as a new finding."
ADO Den Haag,ADO Den Haag,fbref_goals_per_shot_on_target,fbref,346,173,50.0,unexplained_blended,"Low coverage in a domain/season-sensitive column, but this table blends all seasons together -- check season_column_coverage for this column for the real per-season breakdown before treating this as a new finding."
ADO Den Haag,ADO Den Haag,fbref_shots_on_target_pct,fbref,346,182,52.6,unexplained_blended,"Low coverage in a domain/season-sensitive column, but this table blends all seasons together -- check season_column_coverage for this column for the real per-season breakdown before treating this as a new finding."
ADO Den Haag,ADO Den Haag,ws_take_ons_won_pct,ws,346,186,53.8,unexplained_blended,"Low coverage in a domain/season-sensitive column, but this table blends all seasons together -- check season_column_coverage for this column for the real per-season breakdown before treating this as a new finding."
ADO Den Haag,ADO Den Haag,tm_foot,tm,346,187,54.0,,
ADO Den Haag,ADO Den Haag,tm_height_cm,tm,346,187,54.0,,
ADO Den Haag,ADO Den Haag,fbref_plus_minus,fbref,346,202,58.4,unexplained_blended,"Low coverage in a domain/season-sensitive column, but this table blends all seasons together -- check season_column_coverage for this column for the real per-season breakdown before treating this as a new finding."
ADO Den Haag,ADO Den Haag,fbref_team_goals_while_on_pitch,fbref,346,202,58.4,unexplained_blended,"Low coverage in a domain/season-sensitive column, but this table blends all seasons together -- check season_column_coverage for this column for the real per-season breakdown before treating this as a new finding."
ADO Den Haag,ADO Den Haag,fbref_points_per_match,fbref,346,202,58.4,unexplained_blended,"Low coverage in a domain/season-sensitive column, but this table blends all seasons together -- check season_column_coverage for this column for the real per-season breakdown before treating this as a new finding."
ADO Den Haag,ADO Den Haag,fbref_plus_minus_per90,fbref,346,202,58.4,unexplained_blended,"Low coverage in a domain/season-sensitive column, but this table blends all seasons together -- check season_column_coverage for this column for the real per-season breakdown before treating this as a new finding."
ADO Den Haag,ADO Den Haag,fbref_team_goals_against_while_on_pitch,fbref,346,202,58.4,unexplained_blended,"Low coverage in a domain/season-sensitive column, but this table blends all seasons together -- check season_column_coverage for this column for the real per-season breakdown before treating this as a new finding."
ADO Den Haag,ADO Den Haag,fbref_on_off,fbref,346,202,58.4,unexplained_blended,"Low coverage in a domain/season-sensitive column, but this table blends all seasons together -- check season_column_coverage for this column for the real per-season breakdown before treating this as a new finding."
ADO Den Haag,ADO Den Haag,ws_ground_duel_win_pct,ws,346,210,60.7,unexplained_blended,"Low coverage in a domain/season-sensitive column, but this table blends all seasons together -- check season_column_coverage for this column for the real per-season breakdown before treating this as a new finding."
ADO Den Haag,ADO Den Haag,ws_aerial_duel_win_pct,ws,346,211,61.0,unexplained_blended,"Low coverage in a domain/season-sensitive column, but this table blends all seasons together -- check season_column_coverage for this column for the real per-season breakdown before treating this as a new finding."
ADO Den Haag,ADO Den Haag,ws_aerials_won_per90,ws,346,219,63.3,unexplained_blended,"Low coverage in a domain/season-sensitive column, but this table blends all seasons together -- check season_column_coverage for this column for the real per-season breakdown before treating this as a new finding."
ADO Den Haag,ADO Den Haag,ws_passes_per90,ws,346,219,63.3,unexplained_blended,"Low coverage in a domain/season-sensitive column, but this table blends all seasons together -- check season_column_coverage for this column for the real per-season breakdown before treating this as a new finding."
ADO Den Haag,ADO Den Haag,ws_passes_completed_per90,ws,346,219,63.3,unexplained_blended,"Low coverage in a domain/season-sensitive column, but this table blends all seasons together -- check season_column_coverage for this column for the real per-season breakdown before treating this as a new finding."
ADO Den Haag,ADO Den Haag,ws_touches_per90,ws,346,219,63.3,unexplained_blended,"Low coverage in a domain/season-sensitive column, but this table blends all seasons together -- check season_column_coverage for this column for the real per-season breakdown before treating this as a new finding."
ADO Den Haag,ADO Den Haag,ws_touches_def_3rd_per90,ws,346,219,63.3,unexplained_blended,"Low coverage in a domain/season-sensitive column, but this table blends all seasons together -- check season_column_coverage for this column for the real per-season breakdown before treating this as a new finding."
ADO Den Haag,ADO Den Haag,ws_touches_mid_3rd_per90,ws,346,219,63.3,unexplained_blended,"Low coverage in a domain/season-sensitive column, but this table blends all seasons together -- check season_column_coverage for this column for the real per-season breakdown before treating this as a new finding."
ADO Den Haag,ADO Den Haag,ws_touches_att_3rd_per90,ws,346,219,63.3,unexplained_blended,"Low coverage in a domain/season-sensitive column, but this table blends all seasons together -- check season_column_coverage for this column for the real per-season breakdown before treating this as a new finding."
ADO Den Haag,ADO Den Haag,ws_touches_def_pen_area_per90,ws,346,219,63.3,unexplained_blended,"Low coverage in a domain/season-sensitive column, but this table blends all seasons together -- check season_column_coverage for this column for the real per-season breakdown before treating this as a new finding."
ADO Den Haag,ADO Den Haag,ws_touches_att_pen_area_per90,ws,346,219,63.3,unexplained_blended,"Low coverage in a domain/season-sensitive column, but this table blends all seasons together -- check season_column_coverage for this column for the real per-season breakdown before treating this as a new finding."
ADO Den Haag,ADO Den Haag,ws_take_ons_per90,ws,346,219,63.3,unexplained_blended,"Low coverage in a domain/season-sensitive column, but this table blends all seasons together -- check season_column_coverage for this column for the real per-season breakdown before treating this as a new finding."
ADO Den Haag,ADO Den Haag,ws_take_ons_won_per90,ws,346,219,63.3,unexplained_blended,"Low coverage in a domain/season-sensitive column, but this table blends all seasons together -- check season_column_coverage for this column for the real per-season breakdown before treating this as a new finding."
ADO Den Haag,ADO Den Haag,ws_dispossessed_per90,ws,346,219,63.3,unexplained_blended,"Low coverage in a domain/season-sensitive column, but this table blends all seasons together -- check season_column_coverage for this column for the real per-season breakdown before treating this as a new finding."
ADO Den Haag,ADO Den Haag,ws_tackles_per90,ws,346,219,63.3,unexplained_blended,"Low coverage in a domain/season-sensitive column, but this table blends all seasons together -- check season_column_coverage for this column for the real per-season breakdown before treating this as a new finding."
ADO Den Haag,ADO Den Haag,ws_tackles_won_per90,ws,346,219,63.3,unexplained_blended,"Low coverage in a domain/season-sensitive column, but this table blends all seasons together -- check season_column_coverage for this column for the real per-season breakdown before treating this as a new finding."
ADO Den Haag,ADO Den Haag,ws_tackles_def_3rd_per90,ws,346,219,63.3,unexplained_blended,"Low coverage in a domain/season-sensitive column, but this table blends all seasons together -- check season_column_coverage for this column for the real per-season breakdown before treating this as a new finding."
ADO Den Haag,ADO Den Haag,ws_tackles_mid_3rd_per90,ws,346,219,63.3,unexplained_blended,"Low coverage in a domain/season-sensitive column, but this table blends all seasons together -- check season_column_coverage for this column for the real per-season breakdown before treating this as a new finding."
ADO Den Haag,ADO Den Haag,ws_tackles_att_3rd_per90,ws,346,219,63.3,unexplained_blended,"Low coverage in a domain/season-sensitive column, but this table blends all seasons together -- check season_column_coverage for this column for the real per-season breakdown before treating this as a new finding."
ADO Den Haag,ADO Den Haag,ws_interceptions_per90,ws,346,219,63.3,unexplained_blended,"Low coverage in a domain/season-sensitive column, but this table blends all seasons together -- check season_column_coverage for this column for the real per-season breakdown before treating this as a new finding."
ADO Den Haag,ADO Den Haag,ws_interceptions_def_3rd_per90,ws,346,219,63.3,unexplained_blended,"Low coverage in a domain/season-sensitive column, but this table blends all seasons together -- check season_column_coverage for this column for the real per-season breakdown before treating this as a new finding."
ADO Den Haag,ADO Den Haag,ws_interceptions_mid_3rd_per90,ws,346,219,63.3,unexplained_blended,"Low coverage in a domain/season-sensitive column, but this table blends all seasons together -- check season_column_coverage for this column for the real per-season breakdown before treating this as a new finding."
ADO Den Haag,ADO Den Haag,ws_interceptions_att_3rd_per90,ws,346,219,63.3,unexplained_blended,"Low coverage in a domain/season-sensitive column, but this table blends all seasons together -- check season_column_coverage for this column for the real per-season breakdown before treating this as a new finding."
ADO Den Haag,ADO Den Haag,ws_clearances_per90,ws,346,219,63.3,unexplained_blended,"Low coverage in a domain/season-sensitive column, but this table blends all seasons together -- check season_column_coverage for this column for the real per-season breakdown before treating this as a new finding."
ADO Den Haag,ADO Den Haag,ws_dribbled_past_per90,ws,346,219,63.3,unexplained_blended,"Low coverage in a domain/season-sensitive column, but this table blends all seasons together -- check season_column_coverage for this column for the real per-season breakdown before treating this as a new finding."
ADO Den Haag,ADO Den Haag,ws_errors_per90,ws,346,219,63.3,unexplained_blended,"Low coverage in a domain/season-sensitive column, but this table blends all seasons together -- check season_column_coverage for this column for the real per-season breakdown before treating this as a new finding."
ADO Den Haag,ADO Den Haag,ws_final_third_entries_per90,ws,346,219,63.3,unexplained_blended,"Low coverage in a domain/season-sensitive column, but this table blends all seasons together -- check season_column_coverage for this column for the real per-season breakdown before treating this as a new finding."
ADO Den Haag,ADO Den Haag,ws_pen_area_entries_per90,ws,346,219,63.3,unexplained_blended,"Low coverage in a domain/season-sensitive column, but this table blends all seasons together -- check season_column_coverage for this column for the real per-season breakdown before treating this as a new finding."
ADO Den Haag,ADO Den Haag,ws_aerials_per90,ws,346,219,63.3,unexplained_blended,"Low coverage in a domain/season-sensitive column, but this table blends all seasons together -- check season_column_coverage for this column for the real per-season breakdown before treating this as a new finding."
ADO Den Haag,ADO Den Haag,ws_passes_pct,ws,346,224,64.7,unexplained_blended,"Low coverage in a domain/season-sensitive column, but this table blends all seasons together -- check season_column_coverage for this column for the real per-season breakdown before treating this as a new finding."
ADO Den Haag,ADO Den Haag,ws_whoscored_player_id,ws,346,226,65.3,unexplained_blended,"Low coverage in a domain/season-sensitive column, but this table blends all seasons together -- check season_column_coverage for this column for the real per-season breakdown before treating this as a new finding."
ADO Den Haag,ADO Den Haag,ws_aerials_won,ws,346,226,65.3,unexplained_blended,"Low coverage in a domain/season-sensitive column, but this table blends all seasons together -- check season_column_coverage for this column for the real per-season breakdown before treating this as a new finding."
ADO Den Haag,ADO Den Haag,ws_aerials,ws,346,226,65.3,unexplained_blended,"Low coverage in a domain/season-sensitive column, but this table blends all seasons together -- check season_column_coverage for this column for the real per-season breakdown before treating this as a new finding."
ADO Den Haag,ADO Den Haag,ws_pen_area_entries,ws,346,226,65.3,unexplained_blended,"Low coverage in a domain/season-sensitive column, but this table blends all seasons together -- check season_column_coverage for this column for the real per-season breakdown before treating this as a new finding."
ADO Den Haag,ADO Den Haag,ws_final_third_entries,ws,346,226,65.3,unexplained_blended,"Low coverage in a domain/season-sensitive column, but this table blends all seasons together -- check season_column_coverage for this column for the real per-season breakdown before treating this as a new finding."
ADO Den Haag,ADO Den Haag,ws_matches_with_data,ws,346,226,65.3,unexplained_blended,"Low coverage in a domain/season-sensitive column, but this table blends all seasons together -- check season_column_coverage for this column for the real per-season breakdown before treating this as a new finding."
ADO Den Haag,ADO Den Haag,ws_passes,ws,346,226,65.3,unexplained_blended,"Low coverage in a domain/season-sensitive column, but this table blends all seasons together -- check season_column_coverage for this column for the real per-season breakdown before treating this as a new finding."
ADO Den Haag,ADO Den Haag,ws_passes_completed,ws,346,226,65.3,unexplained_blended,"Low coverage in a domain/season-sensitive column, but this table blends all seasons together -- check season_column_coverage for this column for the real per-season breakdown before treating this as a new finding."
ADO Den Haag,ADO Den Haag,ws_touches,ws,346,226,65.3,unexplained_blended,"Low coverage in a domain/season-sensitive column, but this table blends all seasons together -- check season_column_coverage for this column for the real per-season breakdown before treating this as a new finding."
ADO Den Haag,ADO Den Haag,ws_touches_def_3rd,ws,346,226,65.3,unexplained_blended,"Low coverage in a domain/season-sensitive column, but this table blends all seasons together -- check season_column_coverage for this column for the real per-season breakdown before treating this as a new finding."
ADO Den Haag,ADO Den Haag,ws_touches_mid_3rd,ws,346,226,65.3,unexplained_blended,"Low coverage in a domain/season-sensitive column, but this table blends all seasons together -- check season_column_coverage for this column for the real per-season breakdown before treating this as a new finding."
ADO Den Haag,ADO Den Haag,ws_touches_att_3rd,ws,346,226,65.3,unexplained_blended,"Low coverage in a domain/season-sensitive column, but this table blends all seasons together -- check season_column_coverage for this column for the real per-season breakdown before treating this as a new finding."
ADO Den Haag,ADO Den Haag,ws_touches_def_pen_area,ws,346,226,65.3,unexplained_blended,"Low coverage in a domain/season-sensitive column, but this table blends all seasons together -- check season_column_coverage for this column for the real per-season breakdown before treating this as a new finding."
ADO Den Haag,ADO Den Haag,ws_touches_att_pen_area,ws,346,226,65.3,unexplained_blended,"Low coverage in a domain/season-sensitive column, but this table blends all seasons together -- check season_column_coverage for this column for the real per-season breakdown before treating this as a new finding."
ADO Den Haag,ADO Den Haag,ws_take_ons,ws,346,226,65.3,unexplained_blended,"Low coverage in a domain/season-sensitive column, but this table blends all seasons together -- check season_column_coverage for this column for the real per-season breakdown before treating this as a new finding."
ADO Den Haag,ADO Den Haag,ws_take_ons_won,ws,346,226,65.3,unexplained_blended,"Low coverage in a domain/season-sensitive column, but this table blends all seasons together -- check season_column_coverage for this column for the real per-season breakdown before treating this as a new finding."
ADO Den Haag,ADO Den Haag,ws_errors,ws,346,226,65.3,unexplained_blended,"Low coverage in a domain/season-sensitive column, but this table blends all seasons together -- check season_column_coverage for this column for the real per-season breakdown before treating this as a new finding."
ADO Den Haag,ADO Den Haag,ws_dispossessed,ws,346,226,65.3,unexplained_blended,"Low coverage in a domain/season-sensitive column, but this table blends all seasons together -- check season_column_coverage for this column for the real per-season breakdown before treating this as a new finding."
ADO Den Haag,ADO Den Haag,ws_tackles,ws,346,226,65.3,unexplained_blended,"Low coverage in a domain/season-sensitive column, but this table blends all seasons together -- check season_column_coverage for this column for the real per-season breakdown before treating this as a new finding."
ADO Den Haag,ADO Den Haag,ws_tackles_won,ws,346,226,65.3,unexplained_blended,"Low coverage in a domain/season-sensitive column, but this table blends all seasons together -- check season_column_coverage for this column for the real per-season breakdown before treating this as a new finding."
ADO Den Haag,ADO Den Haag,ws_tackles_def_3rd,ws,346,226,65.3,unexplained_blended,"Low coverage in a domain/season-sensitive column, but this table blends all seasons together -- check season_column_coverage for this column for the real per-season breakdown before treating this as a new finding."
ADO Den Haag,ADO Den Haag,ws_tackles_mid_3rd,ws,346,226,65.3,unexplained_blended,"Low coverage in a domain/season-sensitive column, but this table blends all seasons together -- check season_column_coverage for this column for the real per-season breakdown before treating this as a new finding."
ADO Den Haag,ADO Den Haag,ws_tackles_att_3rd,ws,346,226,65.3,unexplained_blended,"Low coverage in a domain/season-sensitive column, but this table blends all seasons together -- check season_column_coverage for this column for the real per-season breakdown before treating this as a new finding."
ADO Den Haag,ADO Den Haag,ws_interceptions,ws,346,226,65.3,unexplained_blended,"Low coverage in a domain/season-sensitive column, but this table blends all seasons together -- check season_column_coverage for this column for the real per-season breakdown before treating this as a new finding."
ADO Den Haag,ADO Den Haag,ws_interceptions_def_3rd,ws,346,226,65.3,unexplained_blended,"Low coverage in a domain/season-sensitive column, but this table blends all seasons together -- check season_column_coverage for this column for the real per-season breakdown before treating this as a new finding."
ADO Den Haag,ADO Den Haag,ws_interceptions_mid_3rd,ws,346,226,65.3,unexplained_blended,"Low coverage in a domain/season-sensitive column, but this table blends all seasons together -- check season_column_coverage for this column for the real per-season breakdown before treating this as a new finding."
ADO Den Haag,ADO Den Haag,ws_interceptions_att_3rd,ws,346,226,65.3,unexplained_blended,"Low coverage in a domain/season-sensitive column, but this table blends all seasons together -- check season_column_coverage for this column for the real per-season breakdown before treating this as a new finding."
ADO Den Haag,ADO Den Haag,ws_dribbled_past,ws,346,226,65.3,unexplained_blended,"Low coverage in a domain/season-sensitive column, but this table blends all seasons together -- check season_column_coverage for this column for the real per-season breakdown before treating this as a new finding."
ADO Den Haag,ADO Den Haag,ws_clearances,ws,346,226,65.3,unexplained_blended,"Low coverage in a domain/season-sensitive column, but this table blends all seasons together -- check season_column_coverage for this column for the real per-season breakdown before treating this as a new finding."
ADO Den Haag,ADO Den Haag,fbref_shots,fbref,346,227,65.6,unexplained_blended,"Low coverage in a domain/season-sensitive column, but this table blends all seasons together -- check season_column_coverage for this column for the real per-season breakdown before treating this as a new finding."
ADO Den Haag,ADO Den Haag,gk_clean_sheet_pct,gk,35,23,65.7,,
ADO Den Haag,ADO Den Haag,fbref_shots_on_target,fbref,346,228,65.9,unexplained_blended,"Low coverage in a domain/season-sensitive column, but this table blends all seasons together -- check season_column_coverage for this column for the real per-season breakdown before treating this as a new finding."
ADO Den Haag,ADO Den Haag,gk_saves_per90,gk,35,24,68.6,,
ADO Den Haag,ADO Den Haag,gk_saves,gk,35,24,68.6,,
ADO Den Haag,ADO Den Haag,gk_save_pct,gk,35,24,68.6,,
ADO Den Haag,ADO Den Haag,gk_shots_on_target_against,gk,35,24,68.6,,
ADO Den Haag,ADO Den Haag,fbref_unused_sub,fbref,346,238,68.8,unexplained_blended,"Low coverage in a domain/season-sensitive column, but this table blends all seasons together -- check season_column_coverage for this column for the real per-season breakdown before treating this as a new finding."
ADO Den Haag,ADO Den Haag,gk_losses,gk,35,27,77.1,,
ADO Den Haag,ADO Den Haag,gk_clean_sheets,gk,35,27,77.1,,
ADO Den Haag,ADO Den Haag,gk_draws,gk,35,27,77.1,,
ADO Den Haag,ADO Den Haag,gk_goals_against_per90,gk,35,27,77.1,,
ADO Den Haag,ADO Den Haag,gk_goals_against,gk,35,27,77.1,,
ADO Den Haag,ADO Den Haag,gk_wins,gk,35,27,77.1,,
ADO Den Haag,ADO Den Haag,fbref_fouls_committed_per90,fbref,346,278,80.3,,
ADO Den Haag,ADO Den Haag,fbref_fouls_committed,fbref,346,285,82.4,,
ADO Den Haag,ADO Den Haag,fbref_shots_on_target_per90,fbref,346,285,82.4,,
ADO Den Haag,ADO Den Haag,fbref_yellow_cards_per90,fbref,346,301,87.0,,
ADO Den Haag,ADO Den Haag,fbref_red_cards_per90,fbref,346,301,87.0,,
ADO Den Haag,ADO Den Haag,fbref_goals_plus_assists_per90,fbref,346,310,89.6,,
ADO Den Haag,ADO Den Haag,fbref_goals_per90,fbref,346,310,89.6,,
ADO Den Haag,ADO Den Haag,fbref_penalty_attempts,fbref,346,310,89.6,,
ADO Den Haag,ADO Den Haag,fbref_penalty_goals,fbref,346,310,89.6,,
ADO Den Haag,ADO Den Haag,fbref_non_penalty_goals,fbref,346,310,89.6,,
ADO Den Haag,ADO Den Haag,fbref_goals_plus_assists,fbref,346,310,89.6,,
ADO Den Haag,ADO Den Haag,fbref_assists,fbref,346,310,89.6,,
ADO Den Haag,ADO Den Haag,fbref_goals,fbref,346,310,89.6,,
ADO Den Haag,ADO Den Haag,fbref_nineties,fbref,346,310,89.6,,
ADO Den Haag,ADO Den Haag,fbref_minutes_per_match,fbref,346,310,89.6,,
ADO Den Haag,ADO Den Haag,fbref_minutes,fbref,346,310,89.6,,
ADO Den Haag,ADO Den Haag,fbref_yellow_cards,fbref,346,310,89.6,,
ADO Den Haag,ADO Den Haag,fbref_non_penalty_goals_plus_assists_per90,fbref,346,310,89.6,,
ADO Den Haag,ADO Den Haag,fbref_minutes_pct,fbref,346,310,89.6,,
ADO Den Haag,ADO Den Haag,fbref_red_cards,fbref,346,310,89.6,,
ADO Den Haag,ADO Den Haag,fbref_non_penalty_goals_per90,fbref,346,310,89.6,,
ADO Den Haag,ADO Den Haag,fbref_assists_per90,fbref,346,310,89.6,,
ADO Den Haag,ADO Den Haag,fbref_complete_matches,fbref,346,318,91.9,,
ADO Den Haag,ADO Den Haag,fbref_starts,fbref,346,346,100.0,,
ADO Den Haag,ADO Den Haag,fbref_matches_played,fbref,346,346,100.0,,
ADO Den Haag,ADO Den Haag,fbref_nation,fbref,346,346,100.0,,
ADO Den Haag,ADO Den Haag,fbref_born,fbref,346,346,100.0,,
ADO Den Haag,ADO Den Haag,fbref_position,fbref,346,346,100.0,,
ADO Den Haag,ADO Den Haag,fbref_substitute_appearances,fbref,346,346,100.0,,
ADO Den Haag,ADO Den Haag,fbref_age,fbref,346,346,100.0,,
Ajax,Ajax,fbref_penalty_kicks_won_per90,fbref,577,59,10.2,unexplained_blended,"Low coverage in a domain/season-sensitive column, but this table blends all seasons together -- check season_column_coverage for this column for the real per-season breakdown before treating this as a new finding."
Ajax,Ajax,fbref_penalty_kicks_conceded_per90,fbref,577,59,10.2,unexplained_blended,"Low coverage in a domain/season-sensitive column, but this table blends all seasons together -- check season_column_coverage for this column for the real per-season breakdown before treating this as a new finding."
Ajax,Ajax,fbref_penalty_kicks_conceded,fbref,577,59,10.2,unexplained_blended,"Low coverage in a domain/season-sensitive column, but this table blends all seasons together -- check season_column_coverage for this column for the real per-season breakdown before treating this as a new finding."
Ajax,Ajax,fbref_penalty_kicks_won,fbref,577,59,10.2,unexplained_blended,"Low coverage in a domain/season-sensitive column, but this table blends all seasons together -- check season_column_coverage for this column for the real per-season breakdown before treating this as a new finding."
Ajax,Ajax,gk_penalty_kick_save_pct,gk,69,11,15.9,,
Ajax,Ajax,fbref_goals_per_shot,fbref,577,186,32.2,unexplained_blended,"Low coverage in a domain/season-sensitive column, but this table blends all seasons together -- check season_column_coverage for this column for the real per-season breakdown before treating this as a new finding."
Ajax,Ajax,fbref_minutes_per_sub,fbref,577,204,35.4,unexplained_blended,"Low coverage in a domain/season-sensitive column, but this table blends all seasons together -- check season_column_coverage for this column for the real per-season breakdown before treating this as a new finding."
Ajax,Ajax,fbref_minutes_per_start,fbref,577,216,37.4,unexplained_blended,"Low coverage in a domain/season-sensitive column, but this table blends all seasons together -- check season_column_coverage for this column for the real per-season breakdown before treating this as a new finding."
Ajax,Ajax,gk_penalty_kicks_saved,gk,69,26,37.7,,
Ajax,Ajax,gk_penalty_kicks_allowed,gk,69,26,37.7,,
Ajax,Ajax,gk_penalty_kicks_missed_by_opponent,gk,69,26,37.7,,
Ajax,Ajax,gk_penalty_kicks_faced,gk,69,26,37.7,,
Ajax,Ajax,fbref_fouls_drawn_per90,fbref,577,282,48.9,unexplained_blended,"Low coverage in a domain/season-sensitive column, but this table blends all seasons together -- check season_column_coverage for this column for the real per-season breakdown before treating this as a new finding."
Ajax,Ajax,fbref_offsides_per90,fbref,577,282,48.9,unexplained_blended,"Low coverage in a domain/season-sensitive column, but this table blends all seasons together -- check season_column_coverage for this column for the real per-season breakdown before treating this as a new finding."
Ajax,Ajax,fbref_crosses_per90,fbref,577,282,48.9,unexplained_blended,"Low coverage in a domain/season-sensitive column, but this table blends all seasons together -- check season_column_coverage for this column for the real per-season breakdown before treating this as a new finding."
Ajax,Ajax,fbref_interceptions_per90,fbref,577,282,48.9,unexplained_blended,"Low coverage in a domain/season-sensitive column, but this table blends all seasons together -- check season_column_coverage for this column for the real per-season breakdown before treating this as a new finding."
Ajax,Ajax,fbref_tackles_won_per90,fbref,577,282,48.9,unexplained_blended,"Low coverage in a domain/season-sensitive column, but this table blends all seasons together -- check season_column_coverage for this column for the real per-season breakdown before treating this as a new finding."
Ajax,Ajax,fbref_offsides,fbref,577,283,49.0,unexplained_blended,"Low coverage in a domain/season-sensitive column, but this table blends all seasons together -- check season_column_coverage for this column for the real per-season breakdown before treating this as a new finding."
Ajax,Ajax,fbref_shots_per90,fbref,577,283,49.0,unexplained_blended,"Low coverage in a domain/season-sensitive column, but this table blends all seasons together -- check season_column_coverage for this column for the real per-season breakdown before treating this as a new finding."
Ajax,Ajax,fbref_fouls_drawn,fbref,577,283,49.0,unexplained_blended,"Low coverage in a domain/season-sensitive column, but this table blends all seasons together -- check season_column_coverage for this column for the real per-season breakdown before treating this as a new finding."
Ajax,Ajax,fbref_tackles_won,fbref,577,283,49.0,unexplained_blended,"Low coverage in a domain/season-sensitive column, but this table blends all seasons together -- check season_column_coverage for this column for the real per-season breakdown before treating this as a new finding."
Ajax,Ajax,fbref_interceptions,fbref,577,283,49.0,unexplained_blended,"Low coverage in a domain/season-sensitive column, but this table blends all seasons together -- check season_column_coverage for this column for the real per-season breakdown before treating this as a new finding."
Ajax,Ajax,fbref_crosses,fbref,577,283,49.0,unexplained_blended,"Low coverage in a domain/season-sensitive column, but this table blends all seasons together -- check season_column_coverage for this column for the real per-season breakdown before treating this as a new finding."
Ajax,Ajax,fbref_second_yellow_cards_per90,fbref,577,310,53.7,unexplained_blended,"Low coverage in a domain/season-sensitive column, but this table blends all seasons together -- check season_column_coverage for this column for the real per-season breakdown before treating this as a new finding."
Ajax,Ajax,fbref_own_goals_per90,fbref,577,310,53.7,unexplained_blended,"Low coverage in a domain/season-sensitive column, but this table blends all seasons together -- check season_column_coverage for this column for the real per-season breakdown before treating this as a new finding."
Ajax,Ajax,fbref_own_goals,fbref,577,312,54.1,unexplained_blended,"Low coverage in a domain/season-sensitive column, but this table blends all seasons together -- check season_column_coverage for this column for the real per-season breakdown before treating this as a new finding."
Ajax,Ajax,fbref_second_yellow_cards,fbref,577,312,54.1,unexplained_blended,"Low coverage in a domain/season-sensitive column, but this table blends all seasons together -- check season_column_coverage for this column for the real per-season breakdown before treating this as a new finding."
Ajax,Ajax,gk_saves,gk,69,38,55.1,,
Ajax,Ajax,gk_shots_on_target_against,gk,69,38,55.1,,
Ajax,Ajax,gk_save_pct,gk,69,38,55.1,,
Ajax,Ajax,gk_saves_per90,gk,69,38,55.1,,
Ajax,Ajax,fbref_goals_per_shot_on_target,fbref,577,320,55.5,unexplained_blended,"Low coverage in a domain/season-sensitive column, but this table blends all seasons together -- check season_column_coverage for this column for the real per-season breakdown before treating this as a new finding."
Ajax,Ajax,fbref_shots_on_target_pct,fbref,577,328,56.8,unexplained_blended,"Low coverage in a domain/season-sensitive column, but this table blends all seasons together -- check season_column_coverage for this column for the real per-season breakdown before treating this as a new finding."
Ajax,Ajax,gk_draws,gk,69,40,58.0,,
Ajax,Ajax,gk_goals_against,gk,69,40,58.0,,
Ajax,Ajax,gk_clean_sheet_pct,gk,69,40,58.0,,
Ajax,Ajax,gk_losses,gk,69,40,58.0,,
Ajax,Ajax,gk_goals_against_per90,gk,69,40,58.0,,
Ajax,Ajax,gk_wins,gk,69,40,58.0,,
Ajax,Ajax,gk_clean_sheets,gk,69,40,58.0,,
Ajax,Ajax,ws_take_ons_won_pct,ws,577,348,60.3,unexplained_blended,"Low coverage in a domain/season-sensitive column, but this table blends all seasons together -- check season_column_coverage for this column for the real per-season breakdown before treating this as a new finding."
Ajax,Ajax,ws_aerial_duel_win_pct,ws,577,350,60.7,unexplained_blended,"Low coverage in a domain/season-sensitive column, but this table blends all seasons together -- check season_column_coverage for this column for the real per-season breakdown before treating this as a new finding."
Ajax,Ajax,fbref_team_goals_against_while_on_pitch,fbref,577,366,63.4,unexplained_blended,"Low coverage in a domain/season-sensitive column, but this table blends all seasons together -- check season_column_coverage for this column for the real per-season breakdown before treating this as a new finding."
Ajax,Ajax,fbref_plus_minus_per90,fbref,577,366,63.4,unexplained_blended,"Low coverage in a domain/season-sensitive column, but this table blends all seasons together -- check season_column_coverage for this column for the real per-season breakdown before treating this as a new finding."
Ajax,Ajax,fbref_team_goals_while_on_pitch,fbref,577,366,63.4,unexplained_blended,"Low coverage in a domain/season-sensitive column, but this table blends all seasons together -- check season_column_coverage for this column for the real per-season breakdown before treating this as a new finding."
Ajax,Ajax,fbref_points_per_match,fbref,577,366,63.4,unexplained_blended,"Low coverage in a domain/season-sensitive column, but this table blends all seasons together -- check season_column_coverage for this column for the real per-season breakdown before treating this as a new finding."
Ajax,Ajax,fbref_on_off,fbref,577,366,63.4,unexplained_blended,"Low coverage in a domain/season-sensitive column, but this table blends all seasons together -- check season_column_coverage for this column for the real per-season breakdown before treating this as a new finding."
Ajax,Ajax,fbref_plus_minus,fbref,577,366,63.4,unexplained_blended,"Low coverage in a domain/season-sensitive column, but this table blends all seasons together -- check season_column_coverage for this column for the real per-season breakdown before treating this as a new finding."
Ajax,Ajax,ws_ground_duel_win_pct,ws,577,370,64.1,unexplained_blended,"Low coverage in a domain/season-sensitive column, but this table blends all seasons together -- check season_column_coverage for this column for the real per-season breakdown before treating this as a new finding."
Ajax,Ajax,ws_aerials_won_per90,ws,577,391,67.8,unexplained_blended,"Low coverage in a domain/season-sensitive column, but this table blends all seasons together -- check season_column_coverage for this column for the real per-season breakdown before treating this as a new finding."
Ajax,Ajax,ws_passes_per90,ws,577,391,67.8,unexplained_blended,"Low coverage in a domain/season-sensitive column, but this table blends all seasons together -- check season_column_coverage for this column for the real per-season breakdown before treating this as a new finding."
Ajax,Ajax,ws_passes_completed_per90,ws,577,391,67.8,unexplained_blended,"Low coverage in a domain/season-sensitive column, but this table blends all seasons together -- check season_column_coverage for this column for the real per-season breakdown before treating this as a new finding."
Ajax,Ajax,ws_touches_per90,ws,577,391,67.8,unexplained_blended,"Low coverage in a domain/season-sensitive column, but this table blends all seasons together -- check season_column_coverage for this column for the real per-season breakdown before treating this as a new finding."
Ajax,Ajax,ws_touches_def_3rd_per90,ws,577,391,67.8,unexplained_blended,"Low coverage in a domain/season-sensitive column, but this table blends all seasons together -- check season_column_coverage for this column for the real per-season breakdown before treating this as a new finding."
Ajax,Ajax,ws_touches_mid_3rd_per90,ws,577,391,67.8,unexplained_blended,"Low coverage in a domain/season-sensitive column, but this table blends all seasons together -- check season_column_coverage for this column for the real per-season breakdown before treating this as a new finding."
Ajax,Ajax,ws_touches_att_3rd_per90,ws,577,391,67.8,unexplained_blended,"Low coverage in a domain/season-sensitive column, but this table blends all seasons together -- check season_column_coverage for this column for the real per-season breakdown before treating this as a new finding."
Ajax,Ajax,ws_touches_def_pen_area_per90,ws,577,391,67.8,unexplained_blended,"Low coverage in a domain/season-sensitive column, but this table blends all seasons together -- check season_column_coverage for this column for the real per-season breakdown before treating this as a new finding."
Ajax,Ajax,ws_touches_att_pen_area_per90,ws,577,391,67.8,unexplained_blended,"Low coverage in a domain/season-sensitive column, but this table blends all seasons together -- check season_column_coverage for this column for the real per-season breakdown before treating this as a new finding."
Ajax,Ajax,ws_take_ons_per90,ws,577,391,67.8,unexplained_blended,"Low coverage in a domain/season-sensitive column, but this table blends all seasons together -- check season_column_coverage for this column for the real per-season breakdown before treating this as a new finding."
Ajax,Ajax,ws_take_ons_won_per90,ws,577,391,67.8,unexplained_blended,"Low coverage in a domain/season-sensitive column, but this table blends all seasons together -- check season_column_coverage for this column for the real per-season breakdown before treating this as a new finding."
Ajax,Ajax,ws_dispossessed_per90,ws,577,391,67.8,unexplained_blended,"Low coverage in a domain/season-sensitive column, but this table blends all seasons together -- check season_column_coverage for this column for the real per-season breakdown before treating this as a new finding."
Ajax,Ajax,ws_tackles_per90,ws,577,391,67.8,unexplained_blended,"Low coverage in a domain/season-sensitive column, but this table blends all seasons together -- check season_column_coverage for this column for the real per-season breakdown before treating this as a new finding."
Ajax,Ajax,ws_tackles_won_per90,ws,577,391,67.8,unexplained_blended,"Low coverage in a domain/season-sensitive column, but this table blends all seasons together -- check season_column_coverage for this column for the real per-season breakdown before treating this as a new finding."
Ajax,Ajax,ws_tackles_def_3rd_per90,ws,577,391,67.8,unexplained_blended,"Low coverage in a domain/season-sensitive column, but this table blends all seasons together -- check season_column_coverage for this column for the real per-season breakdown before treating this as a new finding."
Ajax,Ajax,ws_tackles_mid_3rd_per90,ws,577,391,67.8,unexplained_blended,"Low coverage in a domain/season-sensitive column, but this table blends all seasons together -- check season_column_coverage for this column for the real per-season breakdown before treating this as a new finding."
Ajax,Ajax,ws_tackles_att_3rd_per90,ws,577,391,67.8,unexplained_blended,"Low coverage in a domain/season-sensitive column, but this table blends all seasons together -- check season_column_coverage for this column for the real per-season breakdown before treating this as a new finding."
Ajax,Ajax,ws_interceptions_per90,ws,577,391,67.8,unexplained_blended,"Low coverage in a domain/season-sensitive column, but this table blends all seasons together -- check season_column_coverage for this column for the real per-season breakdown before treating this as a new finding."
Ajax,Ajax,ws_interceptions_def_3rd_per90,ws,577,391,67.8,unexplained_blended,"Low coverage in a domain/season-sensitive column, but this table blends all seasons together -- check season_column_coverage for this column for the real per-season breakdown before treating this as a new finding."
Ajax,Ajax,ws_interceptions_mid_3rd_per90,ws,577,391,67.8,unexplained_blended,"Low coverage in a domain/season-sensitive column, but this table blends all seasons together -- check season_column_coverage for this column for the real per-season breakdown before treating this as a new finding."
Ajax,Ajax,ws_interceptions_att_3rd_per90,ws,577,391,67.8,unexplained_blended,"Low coverage in a domain/season-sensitive column, but this table blends all seasons together -- check season_column_coverage for this column for the real per-season breakdown before treating this as a new finding."
Ajax,Ajax,ws_clearances_per90,ws,577,391,67.8,unexplained_blended,"Low coverage in a domain/season-sensitive column, but this table blends all seasons together -- check season_column_coverage for this column for the real per-season breakdown before treating this as a new finding."
Ajax,Ajax,ws_dribbled_past_per90,ws,577,391,67.8,unexplained_blended,"Low coverage in a domain/season-sensitive column, but this table blends all seasons together -- check season_column_coverage for this column for the real per-season breakdown before treating this as a new finding."
Ajax,Ajax,ws_errors_per90,ws,577,391,67.8,unexplained_blended,"Low coverage in a domain/season-sensitive column, but this table blends all seasons together -- check season_column_coverage for this column for the real per-season breakdown before treating this as a new finding."
Ajax,Ajax,ws_final_third_entries_per90,ws,577,391,67.8,unexplained_blended,"Low coverage in a domain/season-sensitive column, but this table blends all seasons together -- check season_column_coverage for this column for the real per-season breakdown before treating this as a new finding."
Ajax,Ajax,ws_pen_area_entries_per90,ws,577,391,67.8,unexplained_blended,"Low coverage in a domain/season-sensitive column, but this table blends all seasons together -- check season_column_coverage for this column for the real per-season breakdown before treating this as a new finding."
Ajax,Ajax,ws_aerials_per90,ws,577,391,67.8,unexplained_blended,"Low coverage in a domain/season-sensitive column, but this table blends all seasons together -- check season_column_coverage for this column for the real per-season breakdown before treating this as a new finding."
Ajax,Ajax,ws_passes_pct,ws,577,393,68.1,unexplained_blended,"Low coverage in a domain/season-sensitive column, but this table blends all seasons together -- check season_column_coverage for this column for the real per-season breakdown before treating this as a new finding."
Ajax,Ajax,ws_clearances,ws,577,393,68.1,unexplained_blended,"Low coverage in a domain/season-sensitive column, but this table blends all seasons together -- check season_column_coverage for this column for the real per-season breakdown before treating this as a new finding."
Ajax,Ajax,ws_touches_def_3rd,ws,577,393,68.1,unexplained_blended,"Low coverage in a domain/season-sensitive column, but this table blends all seasons together -- check season_column_coverage for this column for the real per-season breakdown before treating this as a new finding."
Ajax,Ajax,ws_touches_mid_3rd,ws,577,393,68.1,unexplained_blended,"Low coverage in a domain/season-sensitive column, but this table blends all seasons together -- check season_column_coverage for this column for the real per-season breakdown before treating this as a new finding."
Ajax,Ajax,ws_touches_att_3rd,ws,577,393,68.1,unexplained_blended,"Low coverage in a domain/season-sensitive column, but this table blends all seasons together -- check season_column_coverage for this column for the real per-season breakdown before treating this as a new finding."
Ajax,Ajax,ws_touches_def_pen_area,ws,577,393,68.1,unexplained_blended,"Low coverage in a domain/season-sensitive column, but this table blends all seasons together -- check season_column_coverage for this column for the real per-season breakdown before treating this as a new finding."
Ajax,Ajax,ws_touches_att_pen_area,ws,577,393,68.1,unexplained_blended,"Low coverage in a domain/season-sensitive column, but this table blends all seasons together -- check season_column_coverage for this column for the real per-season breakdown before treating this as a new finding."
Ajax,Ajax,ws_take_ons,ws,577,393,68.1,unexplained_blended,"Low coverage in a domain/season-sensitive column, but this table blends all seasons together -- check season_column_coverage for this column for the real per-season breakdown before treating this as a new finding."
Ajax,Ajax,ws_take_ons_won,ws,577,393,68.1,unexplained_blended,"Low coverage in a domain/season-sensitive column, but this table blends all seasons together -- check season_column_coverage for this column for the real per-season breakdown before treating this as a new finding."
Ajax,Ajax,ws_passes_completed,ws,577,393,68.1,unexplained_blended,"Low coverage in a domain/season-sensitive column, but this table blends all seasons together -- check season_column_coverage for this column for the real per-season breakdown before treating this as a new finding."
Ajax,Ajax,ws_dispossessed,ws,577,393,68.1,unexplained_blended,"Low coverage in a domain/season-sensitive column, but this table blends all seasons together -- check season_column_coverage for this column for the real per-season breakdown before treating this as a new finding."
Ajax,Ajax,ws_tackles,ws,577,393,68.1,unexplained_blended,"Low coverage in a domain/season-sensitive column, but this table blends all seasons together -- check season_column_coverage for this column for the real per-season breakdown before treating this as a new finding."
Ajax,Ajax,ws_tackles_won,ws,577,393,68.1,unexplained_blended,"Low coverage in a domain/season-sensitive column, but this table blends all seasons together -- check season_column_coverage for this column for the real per-season breakdown before treating this as a new finding."
Ajax,Ajax,ws_tackles_def_3rd,ws,577,393,68.1,unexplained_blended,"Low coverage in a domain/season-sensitive column, but this table blends all seasons together -- check season_column_coverage for this column for the real per-season breakdown before treating this as a new finding."
Ajax,Ajax,ws_tackles_mid_3rd,ws,577,393,68.1,unexplained_blended,"Low coverage in a domain/season-sensitive column, but this table blends all seasons together -- check season_column_coverage for this column for the real per-season breakdown before treating this as a new finding."
Ajax,Ajax,ws_tackles_att_3rd,ws,577,393,68.1,unexplained_blended,"Low coverage in a domain/season-sensitive column, but this table blends all seasons together -- check season_column_coverage for this column for the real per-season breakdown before treating this as a new finding."
Ajax,Ajax,ws_interceptions,ws,577,393,68.1,unexplained_blended,"Low coverage in a domain/season-sensitive column, but this table blends all seasons together -- check season_column_coverage for this column for the real per-season breakdown before treating this as a new finding."
Ajax,Ajax,ws_interceptions_def_3rd,ws,577,393,68.1,unexplained_blended,"Low coverage in a domain/season-sensitive column, but this table blends all seasons together -- check season_column_coverage for this column for the real per-season breakdown before treating this as a new finding."
Ajax,Ajax,ws_interceptions_mid_3rd,ws,577,393,68.1,unexplained_blended,"Low coverage in a domain/season-sensitive column, but this table blends all seasons together -- check season_column_coverage for this column for the real per-season breakdown before treating this as a new finding."
Ajax,Ajax,ws_interceptions_att_3rd,ws,577,393,68.1,unexplained_blended,"Low coverage in a domain/season-sensitive column, but this table blends all seasons together -- check season_column_coverage for this column for the real per-season breakdown before treating this as a new finding."
Ajax,Ajax,ws_dribbled_past,ws,577,393,68.1,unexplained_blended,"Low coverage in a domain/season-sensitive column, but this table blends all seasons together -- check season_column_coverage for this column for the real per-season breakdown before treating this as a new finding."
Ajax,Ajax,ws_errors,ws,577,393,68.1,unexplained_blended,"Low coverage in a domain/season-sensitive column, but this table blends all seasons together -- check season_column_coverage for this column for the real per-season breakdown before treating this as a new finding."
Ajax,Ajax,ws_final_third_entries,ws,577,393,68.1,unexplained_blended,"Low coverage in a domain/season-sensitive column, but this table blends all seasons together -- check season_column_coverage for this column for the real per-season breakdown before treating this as a new finding."
Ajax,Ajax,ws_pen_area_entries,ws,577,393,68.1,unexplained_blended,"Low coverage in a domain/season-sensitive column, but this table blends all seasons together -- check season_column_coverage for this column for the real per-season breakdown before treating this as a new finding."
Ajax,Ajax,ws_aerials,ws,577,393,68.1,unexplained_blended,"Low coverage in a domain/season-sensitive column, but this table blends all seasons together -- check season_column_coverage for this column for the real per-season breakdown before treating this as a new finding."
Ajax,Ajax,ws_aerials_won,ws,577,393,68.1,unexplained_blended,"Low coverage in a domain/season-sensitive column, but this table blends all seasons together -- check season_column_coverage for this column for the real per-season breakdown before treating this as a new finding."
Ajax,Ajax,ws_passes,ws,577,393,68.1,unexplained_blended,"Low coverage in a domain/season-sensitive column, but this table blends all seasons together -- check season_column_coverage for this column for the real per-season breakdown before treating this as a new finding."
Ajax,Ajax,ws_matches_with_data,ws,577,393,68.1,unexplained_blended,"Low coverage in a domain/season-sensitive column, but this table blends all seasons together -- check season_column_coverage for this column for the real per-season breakdown before treating this as a new finding."
Ajax,Ajax,ws_whoscored_player_id,ws,577,393,68.1,unexplained_blended,"Low coverage in a domain/season-sensitive column, but this table blends all seasons together -- check season_column_coverage for this column for the real per-season breakdown before treating this as a new finding."
Ajax,Ajax,ws_touches,ws,577,393,68.1,unexplained_blended,"Low coverage in a domain/season-sensitive column, but this table blends all seasons together -- check season_column_coverage for this column for the real per-season breakdown before treating this as a new finding."
Ajax,Ajax,fbref_shots,fbref,577,393,68.1,unexplained_blended,"Low coverage in a domain/season-sensitive column, but this table blends all seasons together -- check season_column_coverage for this column for the real per-season breakdown before treating this as a new finding."
Ajax,Ajax,fbref_shots_on_target,fbref,577,393,68.1,unexplained_blended,"Low coverage in a domain/season-sensitive column, but this table blends all seasons together -- check season_column_coverage for this column for the real per-season breakdown before treating this as a new finding."
Ajax,Ajax,tm_foot,tm,577,394,68.3,,
Ajax,Ajax,tm_height_cm,tm,577,394,68.3,,
Ajax,Ajax,fbref_fouls_committed_per90,fbref,577,454,78.7,unexplained_blended,"Low coverage in a domain/season-sensitive column, but this table blends all seasons together -- check season_column_coverage for this column for the real per-season breakdown before treating this as a new finding."
Ajax,Ajax,fbref_shots_on_target_per90,fbref,577,455,78.9,unexplained_blended,"Low coverage in a domain/season-sensitive column, but this table blends all seasons together -- check season_column_coverage for this column for the real per-season breakdown before treating this as a new finding."
Ajax,Ajax,fbref_fouls_committed,fbref,577,455,78.9,unexplained_blended,"Low coverage in a domain/season-sensitive column, but this table blends all seasons together -- check season_column_coverage for this column for the real per-season breakdown before treating this as a new finding."
Ajax,Ajax,fbref_unused_sub,fbref,577,459,79.5,unexplained_blended,"Low coverage in a domain/season-sensitive column, but this table blends all seasons together -- check season_column_coverage for this column for the real per-season breakdown before treating this as a new finding."
Ajax,Ajax,fbref_red_cards_per90,fbref,577,482,83.5,,
Ajax,Ajax,fbref_yellow_cards_per90,fbref,577,482,83.5,,
Ajax,Ajax,fbref_nineties,fbref,577,484,83.9,,
Ajax,Ajax,fbref_minutes_pct,fbref,577,484,83.9,,
Ajax,Ajax,fbref_minutes_per_match,fbref,577,484,83.9,,
Ajax,Ajax,fbref_minutes,fbref,577,484,83.9,,
Ajax,Ajax,fbref_yellow_cards,fbref,577,484,83.9,,
Ajax,Ajax,fbref_penalty_goals,fbref,577,484,83.9,,
Ajax,Ajax,fbref_goals_plus_assists_per90,fbref,577,484,83.9,,
Ajax,Ajax,fbref_assists_per90,fbref,577,484,83.9,,
Ajax,Ajax,fbref_non_penalty_goals_plus_assists_per90,fbref,577,484,83.9,,
Ajax,Ajax,fbref_red_cards,fbref,577,484,83.9,,
Ajax,Ajax,fbref_goals,fbref,577,484,83.9,,
Ajax,Ajax,fbref_assists,fbref,577,484,83.9,,
Ajax,Ajax,fbref_goals_plus_assists,fbref,577,484,83.9,,
Ajax,Ajax,fbref_non_penalty_goals,fbref,577,484,83.9,,
Ajax,Ajax,fbref_goals_per90,fbref,577,484,83.9,,
Ajax,Ajax,fbref_penalty_attempts,fbref,577,484,83.9,,
Ajax,Ajax,fbref_non_penalty_goals_per90,fbref,577,484,83.9,,
Ajax,Ajax,fbref_complete_matches,fbref,577,555,96.2,,
Ajax,Ajax,fbref_substitute_appearances,fbref,577,577,100.0,,
Ajax,Ajax,fbref_starts,fbref,577,577,100.0,,
Ajax,Ajax,fbref_matches_played,fbref,577,577,100.0,,
Ajax,Ajax,fbref_age,fbref,577,577,100.0,,
Ajax,Ajax,fbref_born,fbref,577,577,100.0,,
Ajax,Ajax,fbref_position,fbref,577,577,100.0,,
Ajax,Ajax,fbref_nation,fbref,577,577,100.0,,
Almere City,Almere City,fbref_penalty_kicks_won_per90,fbref,74,0,0.0,unexplained_blended,"Low coverage in a domain/season-sensitive column, but this table blends all seasons together -- check season_column_coverage for this column for the real per-season breakdown before treating this as a new finding."
Almere City,Almere City,fbref_penalty_kicks_conceded_per90,fbref,74,0,0.0,unexplained_blended,"Low coverage in a domain/season-sensitive column, but this table blends all seasons together -- check season_column_coverage for this column for the real per-season breakdown before treating this as a new finding."
Almere City,Almere City,fbref_penalty_kicks_conceded,fbref,74,0,0.0,unexplained_blended,"Low coverage in a domain/season-sensitive column, but this table blends all seasons together -- check season_column_coverage for this column for the real per-season breakdown before treating this as a new finding."
Almere City,Almere City,fbref_penalty_kicks_won,fbref,74,0,0.0,unexplained_blended,"Low coverage in a domain/season-sensitive column, but this table blends all seasons together -- check season_column_coverage for this column for the real per-season breakdown before treating this as a new finding."
Almere City,Almere City,gk_penalty_kick_save_pct,gk,10,1,10.0,,
Almere City,Almere City,gk_save_pct,gk,10,3,30.0,,
Almere City,Almere City,gk_clean_sheet_pct,gk,10,3,30.0,,
Almere City,Almere City,gk_goals_against_per90,gk,10,4,40.0,,
Almere City,Almere City,gk_shots_on_target_against,gk,10,4,40.0,,
Almere City,Almere City,gk_goals_against,gk,10,4,40.0,,
Almere City,Almere City,gk_saves_per90,gk,10,4,40.0,,
Almere City,Almere City,gk_wins,gk,10,4,40.0,,
Almere City,Almere City,gk_draws,gk,10,4,40.0,,
Almere City,Almere City,gk_losses,gk,10,4,40.0,,
Almere City,Almere City,gk_clean_sheets,gk,10,4,40.0,,
Almere City,Almere City,gk_penalty_kicks_faced,gk,10,4,40.0,,
Almere City,Almere City,gk_penalty_kicks_allowed,gk,10,4,40.0,,
Almere City,Almere City,gk_penalty_kicks_missed_by_opponent,gk,10,4,40.0,,
Almere City,Almere City,gk_penalty_kicks_saved,gk,10,4,40.0,,
Almere City,Almere City,gk_saves,gk,10,4,40.0,,
Almere City,Almere City,fbref_goals_per_shot_on_target,fbref,74,42,56.8,unexplained_blended,"Low coverage in a domain/season-sensitive column, but this table blends all seasons together -- check season_column_coverage for this column for the real per-season breakdown before treating this as a new finding."
Almere City,Almere City,tm_height_cm,tm,74,43,58.1,,
Almere City,Almere City,tm_foot,tm,74,43,58.1,,
Almere City,Almere City,fbref_minutes_per_start,fbref,74,50,67.6,unexplained_blended,"Low coverage in a domain/season-sensitive column, but this table blends all seasons together -- check season_column_coverage for this column for the real per-season breakdown before treating this as a new finding."
Almere City,Almere City,ws_take_ons_won_pct,ws,74,52,70.3,unexplained_blended,"Low coverage in a domain/season-sensitive column, but this table blends all seasons together -- check season_column_coverage for this column for the real per-season breakdown before treating this as a new finding."
Almere City,Almere City,fbref_goals_per_shot,fbref,74,53,71.6,unexplained_blended,"Low coverage in a domain/season-sensitive column, but this table blends all seasons together -- check season_column_coverage for this column for the real per-season breakdown before treating this as a new finding."
Almere City,Almere City,fbref_minutes_per_sub,fbref,74,53,71.6,unexplained_blended,"Low coverage in a domain/season-sensitive column, but this table blends all seasons together -- check season_column_coverage for this column for the real per-season breakdown before treating this as a new finding."
Almere City,Almere City,fbref_shots_on_target_pct,fbref,74,53,71.6,unexplained_blended,"Low coverage in a domain/season-sensitive column, but this table blends all seasons together -- check season_column_coverage for this column for the real per-season breakdown before treating this as a new finding."
Almere City,Almere City,ws_ground_duel_win_pct,ws,74,57,77.0,unexplained_blended,"Low coverage in a domain/season-sensitive column, but this table blends all seasons together -- check season_column_coverage for this column for the real per-season breakdown before treating this as a new finding."
Almere City,Almere City,ws_aerial_duel_win_pct,ws,74,57,77.0,unexplained_blended,"Low coverage in a domain/season-sensitive column, but this table blends all seasons together -- check season_column_coverage for this column for the real per-season breakdown before treating this as a new finding."
Almere City,Almere City,ws_dribbled_past_per90,ws,74,60,81.1,,
Almere City,Almere City,ws_passes,ws,74,60,81.1,,
Almere City,Almere City,ws_matches_with_data,ws,74,60,81.1,,
Almere City,Almere City,ws_whoscored_player_id,ws,74,60,81.1,,
Almere City,Almere City,ws_touches,ws,74,60,81.1,,
Almere City,Almere City,ws_passes_completed,ws,74,60,81.1,,
Almere City,Almere City,ws_passes_pct,ws,74,60,81.1,,
Almere City,Almere City,ws_touches_def_3rd,ws,74,60,81.1,,
Almere City,Almere City,ws_touches_mid_3rd,ws,74,60,81.1,,
Almere City,Almere City,ws_touches_att_3rd,ws,74,60,81.1,,
Almere City,Almere City,ws_touches_def_pen_area,ws,74,60,81.1,,
Almere City,Almere City,ws_touches_att_pen_area,ws,74,60,81.1,,
Almere City,Almere City,ws_take_ons,ws,74,60,81.1,,
Almere City,Almere City,ws_take_ons_won,ws,74,60,81.1,,
Almere City,Almere City,ws_dispossessed,ws,74,60,81.1,,
Almere City,Almere City,ws_tackles,ws,74,60,81.1,,
Almere City,Almere City,ws_tackles_won,ws,74,60,81.1,,
Almere City,Almere City,ws_tackles_def_3rd,ws,74,60,81.1,,
Almere City,Almere City,ws_tackles_mid_3rd,ws,74,60,81.1,,
Almere City,Almere City,ws_tackles_att_3rd,ws,74,60,81.1,,
Almere City,Almere City,ws_interceptions,ws,74,60,81.1,,
Almere City,Almere City,ws_interceptions_def_3rd,ws,74,60,81.1,,
Almere City,Almere City,ws_interceptions_mid_3rd,ws,74,60,81.1,,
Almere City,Almere City,ws_interceptions_att_3rd,ws,74,60,81.1,,
Almere City,Almere City,ws_clearances,ws,74,60,81.1,,
Almere City,Almere City,ws_dribbled_past,ws,74,60,81.1,,
Almere City,Almere City,ws_errors,ws,74,60,81.1,,
Almere City,Almere City,ws_final_third_entries,ws,74,60,81.1,,
Almere City,Almere City,ws_pen_area_entries,ws,74,60,81.1,,
Almere City,Almere City,ws_aerials,ws,74,60,81.1,,
Almere City,Almere City,ws_aerials_won,ws,74,60,81.1,,
Almere City,Almere City,ws_passes_per90,ws,74,60,81.1,,
Almere City,Almere City,ws_passes_completed_per90,ws,74,60,81.1,,
Almere City,Almere City,ws_touches_per90,ws,74,60,81.1,,
Almere City,Almere City,ws_touches_def_3rd_per90,ws,74,60,81.1,,
Almere City,Almere City,ws_touches_mid_3rd_per90,ws,74,60,81.1,,
Almere City,Almere City,ws_touches_att_3rd_per90,ws,74,60,81.1,,
Almere City,Almere City,ws_touches_def_pen_area_per90,ws,74,60,81.1,,
Almere City,Almere City,ws_touches_att_pen_area_per90,ws,74,60,81.1,,
Almere City,Almere City,ws_take_ons_per90,ws,74,60,81.1,,
Almere City,Almere City,ws_take_ons_won_per90,ws,74,60,81.1,,
Almere City,Almere City,ws_dispossessed_per90,ws,74,60,81.1,,
Almere City,Almere City,ws_tackles_per90,ws,74,60,81.1,,
Almere City,Almere City,ws_tackles_won_per90,ws,74,60,81.1,,
Almere City,Almere City,ws_tackles_def_3rd_per90,ws,74,60,81.1,,
Almere City,Almere City,ws_tackles_mid_3rd_per90,ws,74,60,81.1,,
Almere City,Almere City,ws_tackles_att_3rd_per90,ws,74,60,81.1,,
Almere City,Almere City,ws_interceptions_per90,ws,74,60,81.1,,
Almere City,Almere City,ws_interceptions_def_3rd_per90,ws,74,60,81.1,,
Almere City,Almere City,ws_interceptions_mid_3rd_per90,ws,74,60,81.1,,
Almere City,Almere City,ws_interceptions_att_3rd_per90,ws,74,60,81.1,,
Almere City,Almere City,ws_clearances_per90,ws,74,60,81.1,,
Almere City,Almere City,ws_errors_per90,ws,74,60,81.1,,
Almere City,Almere City,ws_final_third_entries_per90,ws,74,60,81.1,,
Almere City,Almere City,ws_pen_area_entries_per90,ws,74,60,81.1,,
Almere City,Almere City,ws_aerials_per90,ws,74,60,81.1,,
Almere City,Almere City,ws_aerials_won_per90,ws,74,60,81.1,,
Almere City,Almere City,fbref_shots_per90,fbref,74,62,83.8,,
Almere City,Almere City,fbref_shots,fbref,74,62,83.8,,
Almere City,Almere City,fbref_minutes,fbref,74,62,83.8,,
Almere City,Almere City,fbref_crosses,fbref,74,62,83.8,,
Almere City,Almere City,fbref_minutes_per_match,fbref,74,62,83.8,,
Almere City,Almere City,fbref_minutes_pct,fbref,74,62,83.8,,
Almere City,Almere City,fbref_nineties,fbref,74,62,83.8,,
Almere City,Almere City,fbref_points_per_match,fbref,74,62,83.8,,
Almere City,Almere City,fbref_team_goals_while_on_pitch,fbref,74,62,83.8,,
Almere City,Almere City,fbref_team_goals_against_while_on_pitch,fbref,74,62,83.8,,
Almere City,Almere City,fbref_plus_minus,fbref,74,62,83.8,,
Almere City,Almere City,fbref_plus_minus_per90,fbref,74,62,83.8,,
Almere City,Almere City,fbref_on_off,fbref,74,62,83.8,,
Almere City,Almere City,fbref_goals,fbref,74,62,83.8,,
Almere City,Almere City,fbref_assists,fbref,74,62,83.8,,
Almere City,Almere City,fbref_goals_plus_assists,fbref,74,62,83.8,,
Almere City,Almere City,fbref_non_penalty_goals,fbref,74,62,83.8,,
Almere City,Almere City,fbref_penalty_goals,fbref,74,62,83.8,,
Almere City,Almere City,fbref_penalty_attempts,fbref,74,62,83.8,,
Almere City,Almere City,fbref_goals_per90,fbref,74,62,83.8,,
Almere City,Almere City,fbref_assists_per90,fbref,74,62,83.8,,
Almere City,Almere City,fbref_goals_plus_assists_per90,fbref,74,62,83.8,,
Almere City,Almere City,fbref_non_penalty_goals_per90,fbref,74,62,83.8,,
Almere City,Almere City,fbref_offsides,fbref,74,62,83.8,,
Almere City,Almere City,fbref_fouls_drawn,fbref,74,62,83.8,,
Almere City,Almere City,fbref_fouls_committed,fbref,74,62,83.8,,
Almere City,Almere City,fbref_second_yellow_cards,fbref,74,62,83.8,,
Almere City,Almere City,fbref_red_cards,fbref,74,62,83.8,,
Almere City,Almere City,fbref_yellow_cards,fbref,74,62,83.8,,
Almere City,Almere City,fbref_tackles_won,fbref,74,62,83.8,,
Almere City,Almere City,fbref_shots_on_target_per90,fbref,74,62,83.8,,
Almere City,Almere City,fbref_shots_on_target,fbref,74,62,83.8,,
Almere City,Almere City,fbref_yellow_cards_per90,fbref,74,62,83.8,,
Almere City,Almere City,fbref_red_cards_per90,fbref,74,62,83.8,,
Almere City,Almere City,fbref_second_yellow_cards_per90,fbref,74,62,83.8,,
Almere City,Almere City,fbref_fouls_committed_per90,fbref,74,62,83.8,,
Almere City,Almere City,fbref_fouls_drawn_per90,fbref,74,62,83.8,,
Almere City,Almere City,fbref_offsides_per90,fbref,74,62,83.8,,
Almere City,Almere City,fbref_crosses_per90,fbref,74,62,83.8,,
Almere City,Almere City,fbref_interceptions_per90,fbref,74,62,83.8,,
Almere City,Almere City,fbref_tackles_won_per90,fbref,74,62,83.8,,
Almere City,Almere City,fbref_own_goals_per90,fbref,74,62,83.8,,
Almere City,Almere City,fbref_own_goals,fbref,74,62,83.8,,
Almere City,Almere City,fbref_non_penalty_goals_plus_assists_per90,fbref,74,62,83.8,,
Almere City,Almere City,fbref_interceptions,fbref,74,62,83.8,,
Almere City,Almere City,fbref_nation,fbref,74,73,98.6,,
Almere City,Almere City,fbref_unused_sub,fbref,74,74,100.0,,
Almere City,Almere City,fbref_substitute_appearances,fbref,74,74,100.0,,
Almere City,Almere City,fbref_complete_matches,fbref,74,74,100.0,,
Almere City,Almere City,fbref_starts,fbref,74,74,100.0,,
Almere City,Almere City,fbref_matches_played,fbref,74,74,100.0,,
Almere City,Almere City,fbref_born,fbref,74,74,100.0,,
Almere City,Almere City,fbref_position,fbref,74,74,100.0,,
Almere City,Almere City,fbref_age,fbref,74,74,100.0,,
AZ Alkmaar,AZ,fbref_penalty_kicks_conceded,fbref,517,54,10.4,unexplained_blended,"Low coverage in a domain/season-sensitive column, but this table blends all seasons together -- check season_column_coverage for this column for the real per-season breakdown before treating this as a new finding."
AZ Alkmaar,AZ,fbref_penalty_kicks_won_per90,fbref,517,54,10.4,unexplained_blended,"Low coverage in a domain/season-sensitive column, but this table blends all seasons together -- check season_column_coverage for this column for the real per-season breakdown before treating this as a new finding."
AZ Alkmaar,AZ,fbref_penalty_kicks_conceded_per90,fbref,517,54,10.4,unexplained_blended,"Low coverage in a domain/season-sensitive column, but this table blends all seasons together -- check season_column_coverage for this column for the real per-season breakdown before treating this as a new finding."
AZ Alkmaar,AZ,fbref_penalty_kicks_won,fbref,517,54,10.4,unexplained_blended,"Low coverage in a domain/season-sensitive column, but this table blends all seasons together -- check season_column_coverage for this column for the real per-season breakdown before treating this as a new finding."
AZ Alkmaar,AZ,gk_penalty_kick_save_pct,gk,62,15,24.2,,
AZ Alkmaar,AZ,fbref_goals_per_shot,fbref,517,160,30.9,unexplained_blended,"Low coverage in a domain/season-sensitive column, but this table blends all seasons together -- check season_column_coverage for this column for the real per-season breakdown before treating this as a new finding."
AZ Alkmaar,AZ,gk_penalty_kicks_saved,gk,62,20,32.3,,
AZ Alkmaar,AZ,gk_penalty_kicks_missed_by_opponent,gk,62,20,32.3,,
AZ Alkmaar,AZ,gk_penalty_kicks_faced,gk,62,20,32.3,,
AZ Alkmaar,AZ,gk_penalty_kicks_allowed,gk,62,20,32.3,,
AZ Alkmaar,AZ,fbref_minutes_per_sub,fbref,517,176,34.0,unexplained_blended,"Low coverage in a domain/season-sensitive column, but this table blends all seasons together -- check season_column_coverage for this column for the real per-season breakdown before treating this as a new finding."
AZ Alkmaar,AZ,fbref_minutes_per_start,fbref,517,189,36.6,unexplained_blended,"Low coverage in a domain/season-sensitive column, but this table blends all seasons together -- check season_column_coverage for this column for the real per-season breakdown before treating this as a new finding."
AZ Alkmaar,AZ,gk_saves_per90,gk,62,29,46.8,,
AZ Alkmaar,AZ,gk_save_pct,gk,62,29,46.8,,
AZ Alkmaar,AZ,gk_saves,gk,62,29,46.8,,
AZ Alkmaar,AZ,gk_shots_on_target_against,gk,62,29,46.8,,
AZ Alkmaar,AZ,gk_losses,gk,62,30,48.4,,
AZ Alkmaar,AZ,gk_wins,gk,62,30,48.4,,
AZ Alkmaar,AZ,gk_goals_against,gk,62,30,48.4,,
AZ Alkmaar,AZ,gk_draws,gk,62,30,48.4,,
AZ Alkmaar,AZ,gk_goals_against_per90,gk,62,30,48.4,,
AZ Alkmaar,AZ,gk_clean_sheet_pct,gk,62,30,48.4,,
AZ Alkmaar,AZ,gk_clean_sheets,gk,62,30,48.4,,
AZ Alkmaar,AZ,fbref_interceptions_per90,fbref,517,253,48.9,unexplained_blended,"Low coverage in a domain/season-sensitive column, but this table blends all seasons together -- check season_column_coverage for this column for the real per-season breakdown before treating this as a new finding."
AZ Alkmaar,AZ,fbref_fouls_drawn_per90,fbref,517,253,48.9,unexplained_blended,"Low coverage in a domain/season-sensitive column, but this table blends all seasons together -- check season_column_coverage for this column for the real per-season breakdown before treating this as a new finding."
AZ Alkmaar,AZ,fbref_offsides_per90,fbref,517,253,48.9,unexplained_blended,"Low coverage in a domain/season-sensitive column, but this table blends all seasons together -- check season_column_coverage for this column for the real per-season breakdown before treating this as a new finding."
AZ Alkmaar,AZ,fbref_crosses_per90,fbref,517,253,48.9,unexplained_blended,"Low coverage in a domain/season-sensitive column, but this table blends all seasons together -- check season_column_coverage for this column for the real per-season breakdown before treating this as a new finding."
AZ Alkmaar,AZ,fbref_tackles_won_per90,fbref,517,253,48.9,unexplained_blended,"Low coverage in a domain/season-sensitive column, but this table blends all seasons together -- check season_column_coverage for this column for the real per-season breakdown before treating this as a new finding."
AZ Alkmaar,AZ,fbref_interceptions,fbref,517,257,49.7,unexplained_blended,"Low coverage in a domain/season-sensitive column, but this table blends all seasons together -- check season_column_coverage for this column for the real per-season breakdown before treating this as a new finding."
AZ Alkmaar,AZ,fbref_shots_per90,fbref,517,257,49.7,unexplained_blended,"Low coverage in a domain/season-sensitive column, but this table blends all seasons together -- check season_column_coverage for this column for the real per-season breakdown before treating this as a new finding."
AZ Alkmaar,AZ,fbref_offsides,fbref,517,257,49.7,unexplained_blended,"Low coverage in a domain/season-sensitive column, but this table blends all seasons together -- check season_column_coverage for this column for the real per-season breakdown before treating this as a new finding."
AZ Alkmaar,AZ,fbref_fouls_drawn,fbref,517,257,49.7,unexplained_blended,"Low coverage in a domain/season-sensitive column, but this table blends all seasons together -- check season_column_coverage for this column for the real per-season breakdown before treating this as a new finding."
AZ Alkmaar,AZ,fbref_tackles_won,fbref,517,257,49.7,unexplained_blended,"Low coverage in a domain/season-sensitive column, but this table blends all seasons together -- check season_column_coverage for this column for the real per-season breakdown before treating this as a new finding."
AZ Alkmaar,AZ,fbref_crosses,fbref,517,257,49.7,unexplained_blended,"Low coverage in a domain/season-sensitive column, but this table blends all seasons together -- check season_column_coverage for this column for the real per-season breakdown before treating this as a new finding."
AZ Alkmaar,AZ,fbref_own_goals_per90,fbref,517,276,53.4,unexplained_blended,"Low coverage in a domain/season-sensitive column, but this table blends all seasons together -- check season_column_coverage for this column for the real per-season breakdown before treating this as a new finding."
AZ Alkmaar,AZ,fbref_second_yellow_cards_per90,fbref,517,276,53.4,unexplained_blended,"Low coverage in a domain/season-sensitive column, but this table blends all seasons together -- check season_column_coverage for this column for the real per-season breakdown before treating this as a new finding."
AZ Alkmaar,AZ,fbref_second_yellow_cards,fbref,517,281,54.4,unexplained_blended,"Low coverage in a domain/season-sensitive column, but this table blends all seasons together -- check season_column_coverage for this column for the real per-season breakdown before treating this as a new finding."
AZ Alkmaar,AZ,fbref_own_goals,fbref,517,281,54.4,unexplained_blended,"Low coverage in a domain/season-sensitive column, but this table blends all seasons together -- check season_column_coverage for this column for the real per-season breakdown before treating this as a new finding."
AZ Alkmaar,AZ,fbref_goals_per_shot_on_target,fbref,517,290,56.1,unexplained_blended,"Low coverage in a domain/season-sensitive column, but this table blends all seasons together -- check season_column_coverage for this column for the real per-season breakdown before treating this as a new finding."
AZ Alkmaar,AZ,fbref_shots_on_target_pct,fbref,517,295,57.1,unexplained_blended,"Low coverage in a domain/season-sensitive column, but this table blends all seasons together -- check season_column_coverage for this column for the real per-season breakdown before treating this as a new finding."
AZ Alkmaar,AZ,ws_take_ons_won_pct,ws,517,304,58.8,unexplained_blended,"Low coverage in a domain/season-sensitive column, but this table blends all seasons together -- check season_column_coverage for this column for the real per-season breakdown before treating this as a new finding."
AZ Alkmaar,AZ,fbref_on_off,fbref,517,328,63.4,unexplained_blended,"Low coverage in a domain/season-sensitive column, but this table blends all seasons together -- check season_column_coverage for this column for the real per-season breakdown before treating this as a new finding."
AZ Alkmaar,AZ,ws_aerial_duel_win_pct,ws,517,331,64.0,unexplained_blended,"Low coverage in a domain/season-sensitive column, but this table blends all seasons together -- check season_column_coverage for this column for the real per-season breakdown before treating this as a new finding."
AZ Alkmaar,AZ,fbref_team_goals_against_while_on_pitch,fbref,517,332,64.2,unexplained_blended,"Low coverage in a domain/season-sensitive column, but this table blends all seasons together -- check season_column_coverage for this column for the real per-season breakdown before treating this as a new finding."
AZ Alkmaar,AZ,fbref_plus_minus_per90,fbref,517,332,64.2,unexplained_blended,"Low coverage in a domain/season-sensitive column, but this table blends all seasons together -- check season_column_coverage for this column for the real per-season breakdown before treating this as a new finding."
AZ Alkmaar,AZ,fbref_plus_minus,fbref,517,332,64.2,unexplained_blended,"Low coverage in a domain/season-sensitive column, but this table blends all seasons together -- check season_column_coverage for this column for the real per-season breakdown before treating this as a new finding."
AZ Alkmaar,AZ,fbref_team_goals_while_on_pitch,fbref,517,332,64.2,unexplained_blended,"Low coverage in a domain/season-sensitive column, but this table blends all seasons together -- check season_column_coverage for this column for the real per-season breakdown before treating this as a new finding."
AZ Alkmaar,AZ,fbref_points_per_match,fbref,517,334,64.6,unexplained_blended,"Low coverage in a domain/season-sensitive column, but this table blends all seasons together -- check season_column_coverage for this column for the real per-season breakdown before treating this as a new finding."
AZ Alkmaar,AZ,ws_ground_duel_win_pct,ws,517,341,66.0,unexplained_blended,"Low coverage in a domain/season-sensitive column, but this table blends all seasons together -- check season_column_coverage for this column for the real per-season breakdown before treating this as a new finding."
AZ Alkmaar,AZ,ws_aerials_won_per90,ws,517,351,67.9,unexplained_blended,"Low coverage in a domain/season-sensitive column, but this table blends all seasons together -- check season_column_coverage for this column for the real per-season breakdown before treating this as a new finding."
AZ Alkmaar,AZ,ws_passes_per90,ws,517,351,67.9,unexplained_blended,"Low coverage in a domain/season-sensitive column, but this table blends all seasons together -- check season_column_coverage for this column for the real per-season breakdown before treating this as a new finding."
AZ Alkmaar,AZ,ws_passes_completed_per90,ws,517,351,67.9,unexplained_blended,"Low coverage in a domain/season-sensitive column, but this table blends all seasons together -- check season_column_coverage for this column for the real per-season breakdown before treating this as a new finding."
AZ Alkmaar,AZ,ws_touches_per90,ws,517,351,67.9,unexplained_blended,"Low coverage in a domain/season-sensitive column, but this table blends all seasons together -- check season_column_coverage for this column for the real per-season breakdown before treating this as a new finding."
AZ Alkmaar,AZ,ws_touches_def_3rd_per90,ws,517,351,67.9,unexplained_blended,"Low coverage in a domain/season-sensitive column, but this table blends all seasons together -- check season_column_coverage for this column for the real per-season breakdown before treating this as a new finding."
AZ Alkmaar,AZ,ws_touches_mid_3rd_per90,ws,517,351,67.9,unexplained_blended,"Low coverage in a domain/season-sensitive column, but this table blends all seasons together -- check season_column_coverage for this column for the real per-season breakdown before treating this as a new finding."
AZ Alkmaar,AZ,ws_touches_att_3rd_per90,ws,517,351,67.9,unexplained_blended,"Low coverage in a domain/season-sensitive column, but this table blends all seasons together -- check season_column_coverage for this column for the real per-season breakdown before treating this as a new finding."
AZ Alkmaar,AZ,ws_touches_def_pen_area_per90,ws,517,351,67.9,unexplained_blended,"Low coverage in a domain/season-sensitive column, but this table blends all seasons together -- check season_column_coverage for this column for the real per-season breakdown before treating this as a new finding."
AZ Alkmaar,AZ,ws_touches_att_pen_area_per90,ws,517,351,67.9,unexplained_blended,"Low coverage in a domain/season-sensitive column, but this table blends all seasons together -- check season_column_coverage for this column for the real per-season breakdown before treating this as a new finding."
AZ Alkmaar,AZ,ws_take_ons_per90,ws,517,351,67.9,unexplained_blended,"Low coverage in a domain/season-sensitive column, but this table blends all seasons together -- check season_column_coverage for this column for the real per-season breakdown before treating this as a new finding."
AZ Alkmaar,AZ,ws_take_ons_won_per90,ws,517,351,67.9,unexplained_blended,"Low coverage in a domain/season-sensitive column, but this table blends all seasons together -- check season_column_coverage for this column for the real per-season breakdown before treating this as a new finding."
AZ Alkmaar,AZ,ws_dispossessed_per90,ws,517,351,67.9,unexplained_blended,"Low coverage in a domain/season-sensitive column, but this table blends all seasons together -- check season_column_coverage for this column for the real per-season breakdown before treating this as a new finding."
AZ Alkmaar,AZ,ws_tackles_per90,ws,517,351,67.9,unexplained_blended,"Low coverage in a domain/season-sensitive column, but this table blends all seasons together -- check season_column_coverage for this column for the real per-season breakdown before treating this as a new finding."
AZ Alkmaar,AZ,ws_tackles_won_per90,ws,517,351,67.9,unexplained_blended,"Low coverage in a domain/season-sensitive column, but this table blends all seasons together -- check season_column_coverage for this column for the real per-season breakdown before treating this as a new finding."
AZ Alkmaar,AZ,ws_tackles_def_3rd_per90,ws,517,351,67.9,unexplained_blended,"Low coverage in a domain/season-sensitive column, but this table blends all seasons together -- check season_column_coverage for this column for the real per-season breakdown before treating this as a new finding."
AZ Alkmaar,AZ,ws_tackles_mid_3rd_per90,ws,517,351,67.9,unexplained_blended,"Low coverage in a domain/season-sensitive column, but this table blends all seasons together -- check season_column_coverage for this column for the real per-season breakdown before treating this as a new finding."
AZ Alkmaar,AZ,ws_tackles_att_3rd_per90,ws,517,351,67.9,unexplained_blended,"Low coverage in a domain/season-sensitive column, but this table blends all seasons together -- check season_column_coverage for this column for the real per-season breakdown before treating this as a new finding."
AZ Alkmaar,AZ,ws_interceptions_per90,ws,517,351,67.9,unexplained_blended,"Low coverage in a domain/season-sensitive column, but this table blends all seasons together -- check season_column_coverage for this column for the real per-season breakdown before treating this as a new finding."
AZ Alkmaar,AZ,ws_interceptions_def_3rd_per90,ws,517,351,67.9,unexplained_blended,"Low coverage in a domain/season-sensitive column, but this table blends all seasons together -- check season_column_coverage for this column for the real per-season breakdown before treating this as a new finding."
AZ Alkmaar,AZ,ws_pen_area_entries_per90,ws,517,351,67.9,unexplained_blended,"Low coverage in a domain/season-sensitive column, but this table blends all seasons together -- check season_column_coverage for this column for the real per-season breakdown before treating this as a new finding."
AZ Alkmaar,AZ,ws_interceptions_mid_3rd_per90,ws,517,351,67.9,unexplained_blended,"Low coverage in a domain/season-sensitive column, but this table blends all seasons together -- check season_column_coverage for this column for the real per-season breakdown before treating this as a new finding."
AZ Alkmaar,AZ,ws_interceptions_att_3rd_per90,ws,517,351,67.9,unexplained_blended,"Low coverage in a domain/season-sensitive column, but this table blends all seasons together -- check season_column_coverage for this column for the real per-season breakdown before treating this as a new finding."
AZ Alkmaar,AZ,ws_clearances_per90,ws,517,351,67.9,unexplained_blended,"Low coverage in a domain/season-sensitive column, but this table blends all seasons together -- check season_column_coverage for this column for the real per-season breakdown before treating this as a new finding."
AZ Alkmaar,AZ,ws_dribbled_past_per90,ws,517,351,67.9,unexplained_blended,"Low coverage in a domain/season-sensitive column, but this table blends all seasons together -- check season_column_coverage for this column for the real per-season breakdown before treating this as a new finding."
AZ Alkmaar,AZ,ws_errors_per90,ws,517,351,67.9,unexplained_blended,"Low coverage in a domain/season-sensitive column, but this table blends all seasons together -- check season_column_coverage for this column for the real per-season breakdown before treating this as a new finding."
AZ Alkmaar,AZ,ws_final_third_entries_per90,ws,517,351,67.9,unexplained_blended,"Low coverage in a domain/season-sensitive column, but this table blends all seasons together -- check season_column_coverage for this column for the real per-season breakdown before treating this as a new finding."
AZ Alkmaar,AZ,ws_aerials_per90,ws,517,351,67.9,unexplained_blended,"Low coverage in a domain/season-sensitive column, but this table blends all seasons together -- check season_column_coverage for this column for the real per-season breakdown before treating this as a new finding."
AZ Alkmaar,AZ,tm_foot,tm,517,355,68.7,,
AZ Alkmaar,AZ,tm_height_cm,tm,517,358,69.2,,
AZ Alkmaar,AZ,ws_passes_pct,ws,517,359,69.4,unexplained_blended,"Low coverage in a domain/season-sensitive column, but this table blends all seasons together -- check season_column_coverage for this column for the real per-season breakdown before treating this as a new finding."
AZ Alkmaar,AZ,ws_touches_def_pen_area,ws,517,360,69.6,unexplained_blended,"Low coverage in a domain/season-sensitive column, but this table blends all seasons together -- check season_column_coverage for this column for the real per-season breakdown before treating this as a new finding."
AZ Alkmaar,AZ,ws_touches_att_pen_area,ws,517,360,69.6,unexplained_blended,"Low coverage in a domain/season-sensitive column, but this table blends all seasons together -- check season_column_coverage for this column for the real per-season breakdown before treating this as a new finding."
AZ Alkmaar,AZ,ws_take_ons,ws,517,360,69.6,unexplained_blended,"Low coverage in a domain/season-sensitive column, but this table blends all seasons together -- check season_column_coverage for this column for the real per-season breakdown before treating this as a new finding."
AZ Alkmaar,AZ,ws_take_ons_won,ws,517,360,69.6,unexplained_blended,"Low coverage in a domain/season-sensitive column, but this table blends all seasons together -- check season_column_coverage for this column for the real per-season breakdown before treating this as a new finding."
AZ Alkmaar,AZ,ws_dispossessed,ws,517,360,69.6,unexplained_blended,"Low coverage in a domain/season-sensitive column, but this table blends all seasons together -- check season_column_coverage for this column for the real per-season breakdown before treating this as a new finding."
AZ Alkmaar,AZ,ws_tackles,ws,517,360,69.6,unexplained_blended,"Low coverage in a domain/season-sensitive column, but this table blends all seasons together -- check season_column_coverage for this column for the real per-season breakdown before treating this as a new finding."
AZ Alkmaar,AZ,ws_tackles_won,ws,517,360,69.6,unexplained_blended,"Low coverage in a domain/season-sensitive column, but this table blends all seasons together -- check season_column_coverage for this column for the real per-season breakdown before treating this as a new finding."
AZ Alkmaar,AZ,ws_tackles_def_3rd,ws,517,360,69.6,unexplained_blended,"Low coverage in a domain/season-sensitive column, but this table blends all seasons together -- check season_column_coverage for this column for the real per-season breakdown before treating this as a new finding."
AZ Alkmaar,AZ,ws_tackles_mid_3rd,ws,517,360,69.6,unexplained_blended,"Low coverage in a domain/season-sensitive column, but this table blends all seasons together -- check season_column_coverage for this column for the real per-season breakdown before treating this as a new finding."
AZ Alkmaar,AZ,ws_tackles_att_3rd,ws,517,360,69.6,unexplained_blended,"Low coverage in a domain/season-sensitive column, but this table blends all seasons together -- check season_column_coverage for this column for the real per-season breakdown before treating this as a new finding."
AZ Alkmaar,AZ,ws_interceptions,ws,517,360,69.6,unexplained_blended,"Low coverage in a domain/season-sensitive column, but this table blends all seasons together -- check season_column_coverage for this column for the real per-season breakdown before treating this as a new finding."
AZ Alkmaar,AZ,ws_interceptions_def_3rd,ws,517,360,69.6,unexplained_blended,"Low coverage in a domain/season-sensitive column, but this table blends all seasons together -- check season_column_coverage for this column for the real per-season breakdown before treating this as a new finding."
AZ Alkmaar,AZ,ws_interceptions_mid_3rd,ws,517,360,69.6,unexplained_blended,"Low coverage in a domain/season-sensitive column, but this table blends all seasons together -- check season_column_coverage for this column for the real per-season breakdown before treating this as a new finding."
AZ Alkmaar,AZ,ws_clearances,ws,517,360,69.6,unexplained_blended,"Low coverage in a domain/season-sensitive column, but this table blends all seasons together -- check season_column_coverage for this column for the real per-season breakdown before treating this as a new finding."
AZ Alkmaar,AZ,ws_dribbled_past,ws,517,360,69.6,unexplained_blended,"Low coverage in a domain/season-sensitive column, but this table blends all seasons together -- check season_column_coverage for this column for the real per-season breakdown before treating this as a new finding."
AZ Alkmaar,AZ,ws_errors,ws,517,360,69.6,unexplained_blended,"Low coverage in a domain/season-sensitive column, but this table blends all seasons together -- check season_column_coverage for this column for the real per-season breakdown before treating this as a new finding."
AZ Alkmaar,AZ,ws_final_third_entries,ws,517,360,69.6,unexplained_blended,"Low coverage in a domain/season-sensitive column, but this table blends all seasons together -- check season_column_coverage for this column for the real per-season breakdown before treating this as a new finding."
AZ Alkmaar,AZ,ws_pen_area_entries,ws,517,360,69.6,unexplained_blended,"Low coverage in a domain/season-sensitive column, but this table blends all seasons together -- check season_column_coverage for this column for the real per-season breakdown before treating this as a new finding."
AZ Alkmaar,AZ,ws_aerials,ws,517,360,69.6,unexplained_blended,"Low coverage in a domain/season-sensitive column, but this table blends all seasons together -- check season_column_coverage for this column for the real per-season breakdown before treating this as a new finding."
AZ Alkmaar,AZ,ws_aerials_won,ws,517,360,69.6,unexplained_blended,"Low coverage in a domain/season-sensitive column, but this table blends all seasons together -- check season_column_coverage for this column for the real per-season breakdown before treating this as a new finding."
AZ Alkmaar,AZ,ws_passes_completed,ws,517,360,69.6,unexplained_blended,"Low coverage in a domain/season-sensitive column, but this table blends all seasons together -- check season_column_coverage for this column for the real per-season breakdown before treating this as a new finding."
AZ Alkmaar,AZ,ws_passes,ws,517,360,69.6,unexplained_blended,"Low coverage in a domain/season-sensitive column, but this table blends all seasons together -- check season_column_coverage for this column for the real per-season breakdown before treating this as a new finding."
AZ Alkmaar,AZ,ws_matches_with_data,ws,517,360,69.6,unexplained_blended,"Low coverage in a domain/season-sensitive column, but this table blends all seasons together -- check season_column_coverage for this column for the real per-season breakdown before treating this as a new finding."
AZ Alkmaar,AZ,ws_interceptions_att_3rd,ws,517,360,69.6,unexplained_blended,"Low coverage in a domain/season-sensitive column, but this table blends all seasons together -- check season_column_coverage for this column for the real per-season breakdown before treating this as a new finding."
AZ Alkmaar,AZ,ws_touches_mid_3rd,ws,517,360,69.6,unexplained_blended,"Low coverage in a domain/season-sensitive column, but this table blends all seasons together -- check season_column_coverage for this column for the real per-season breakdown before treating this as a new finding."
AZ Alkmaar,AZ,ws_touches_att_3rd,ws,517,360,69.6,unexplained_blended,"Low coverage in a domain/season-sensitive column, but this table blends all seasons together -- check season_column_coverage for this column for the real per-season breakdown before treating this as a new finding."
AZ Alkmaar,AZ,ws_whoscored_player_id,ws,517,360,69.6,unexplained_blended,"Low coverage in a domain/season-sensitive column, but this table blends all seasons together -- check season_column_coverage for this column for the real per-season breakdown before treating this as a new finding."
AZ Alkmaar,AZ,ws_touches_def_3rd,ws,517,360,69.6,unexplained_blended,"Low coverage in a domain/season-sensitive column, but this table blends all seasons together -- check season_column_coverage for this column for the real per-season breakdown before treating this as a new finding."
AZ Alkmaar,AZ,ws_touches,ws,517,360,69.6,unexplained_blended,"Low coverage in a domain/season-sensitive column, but this table blends all seasons together -- check season_column_coverage for this column for the real per-season breakdown before treating this as a new finding."
AZ Alkmaar,AZ,fbref_shots_on_target,fbref,517,361,69.8,unexplained_blended,"Low coverage in a domain/season-sensitive column, but this table blends all seasons together -- check season_column_coverage for this column for the real per-season breakdown before treating this as a new finding."
AZ Alkmaar,AZ,fbref_shots,fbref,517,361,69.8,unexplained_blended,"Low coverage in a domain/season-sensitive column, but this table blends all seasons together -- check season_column_coverage for this column for the real per-season breakdown before treating this as a new finding."
AZ Alkmaar,AZ,fbref_fouls_committed_per90,fbref,517,399,77.2,unexplained_blended,"Low coverage in a domain/season-sensitive column, but this table blends all seasons together -- check season_column_coverage for this column for the real per-season breakdown before treating this as a new finding."
AZ Alkmaar,AZ,fbref_fouls_committed,fbref,517,403,77.9,unexplained_blended,"Low coverage in a domain/season-sensitive column, but this table blends all seasons together -- check season_column_coverage for this column for the real per-season breakdown before treating this as a new finding."
AZ Alkmaar,AZ,fbref_shots_on_target_per90,fbref,517,403,77.9,unexplained_blended,"Low coverage in a domain/season-sensitive column, but this table blends all seasons together -- check season_column_coverage for this column for the real per-season breakdown before treating this as a new finding."
AZ Alkmaar,AZ,fbref_red_cards_per90,fbref,517,422,81.6,,
AZ Alkmaar,AZ,fbref_yellow_cards_per90,fbref,517,422,81.6,,
AZ Alkmaar,AZ,fbref_unused_sub,fbref,517,423,81.8,,
AZ Alkmaar,AZ,fbref_penalty_attempts,fbref,517,427,82.6,,
AZ Alkmaar,AZ,fbref_goals_per90,fbref,517,427,82.6,,
AZ Alkmaar,AZ,fbref_yellow_cards,fbref,517,427,82.6,,
AZ Alkmaar,AZ,fbref_assists_per90,fbref,517,427,82.6,,
AZ Alkmaar,AZ,fbref_goals_plus_assists_per90,fbref,517,427,82.6,,
AZ Alkmaar,AZ,fbref_non_penalty_goals_per90,fbref,517,427,82.6,,
AZ Alkmaar,AZ,fbref_penalty_goals,fbref,517,427,82.6,,
AZ Alkmaar,AZ,fbref_nineties,fbref,517,427,82.6,,
AZ Alkmaar,AZ,fbref_non_penalty_goals_plus_assists_per90,fbref,517,427,82.6,,
AZ Alkmaar,AZ,fbref_goals,fbref,517,427,82.6,,
AZ Alkmaar,AZ,fbref_minutes_per_match,fbref,517,427,82.6,,
AZ Alkmaar,AZ,fbref_goals_plus_assists,fbref,517,427,82.6,,
AZ Alkmaar,AZ,fbref_minutes,fbref,517,427,82.6,,
AZ Alkmaar,AZ,fbref_red_cards,fbref,517,427,82.6,,
AZ Alkmaar,AZ,fbref_assists,fbref,517,427,82.6,,
AZ Alkmaar,AZ,fbref_non_penalty_goals,fbref,517,427,82.6,,
AZ Alkmaar,AZ,fbref_minutes_pct,fbref,517,427,82.6,,
AZ Alkmaar,AZ,fbref_complete_matches,fbref,517,488,94.4,,
AZ Alkmaar,AZ,fbref_nation,fbref,517,516,99.8,,
AZ Alkmaar,AZ,fbref_substitute_appearances,fbref,517,517,100.0,,
AZ Alkmaar,AZ,fbref_starts,fbref,517,517,100.0,,
AZ Alkmaar,AZ,fbref_position,fbref,517,517,100.0,,
AZ Alkmaar,AZ,fbref_matches_played,fbref,517,517,100.0,,
AZ Alkmaar,AZ,fbref_born,fbref,517,517,100.0,,
AZ Alkmaar,AZ,fbref_age,fbref,517,517,100.0,,
Cambuur,Cambuur,fbref_penalty_kicks_won,fbref,155,0,0.0,unexplained_blended,"Low coverage in a domain/season-sensitive column, but this table blends all seasons together -- check season_column_coverage for this column for the real per-season breakdown before treating this as a new finding."
Cambuur,Cambuur,fbref_penalty_kicks_conceded_per90,fbref,155,0,0.0,unexplained_blended,"Low coverage in a domain/season-sensitive column, but this table blends all seasons together -- check season_column_coverage for this column for the real per-season breakdown before treating this as a new finding."
Cambuur,Cambuur,fbref_penalty_kicks_won_per90,fbref,155,0,0.0,unexplained_blended,"Low coverage in a domain/season-sensitive column, but this table blends all seasons together -- check season_column_coverage for this column for the real per-season breakdown before treating this as a new finding."
Cambuur,Cambuur,fbref_penalty_kicks_conceded,fbref,155,0,0.0,unexplained_blended,"Low coverage in a domain/season-sensitive column, but this table blends all seasons together -- check season_column_coverage for this column for the real per-season breakdown before treating this as a new finding."
Cambuur,Cambuur,gk_penalty_kick_save_pct,gk,16,3,18.8,,
Cambuur,Cambuur,fbref_minutes_per_sub,fbref,155,47,30.3,unexplained_blended,"Low coverage in a domain/season-sensitive column, but this table blends all seasons together -- check season_column_coverage for this column for the real per-season breakdown before treating this as a new finding."
Cambuur,Cambuur,gk_penalty_kicks_allowed,gk,16,5,31.3,,
Cambuur,Cambuur,gk_penalty_kicks_faced,gk,16,5,31.3,,
Cambuur,Cambuur,gk_penalty_kicks_missed_by_opponent,gk,16,5,31.3,,
Cambuur,Cambuur,gk_penalty_kicks_saved,gk,16,5,31.3,,
Cambuur,Cambuur,fbref_goals_per_shot,fbref,155,50,32.3,unexplained_blended,"Low coverage in a domain/season-sensitive column, but this table blends all seasons together -- check season_column_coverage for this column for the real per-season breakdown before treating this as a new finding."
Cambuur,Cambuur,fbref_minutes_per_start,fbref,155,52,33.5,unexplained_blended,"Low coverage in a domain/season-sensitive column, but this table blends all seasons together -- check season_column_coverage for this column for the real per-season breakdown before treating this as a new finding."
Cambuur,Cambuur,fbref_fouls_drawn,fbref,155,58,37.4,unexplained_blended,"Low coverage in a domain/season-sensitive column, but this table blends all seasons together -- check season_column_coverage for this column for the real per-season breakdown before treating this as a new finding."
Cambuur,Cambuur,fbref_offsides,fbref,155,58,37.4,unexplained_blended,"Low coverage in a domain/season-sensitive column, but this table blends all seasons together -- check season_column_coverage for this column for the real per-season breakdown before treating this as a new finding."
Cambuur,Cambuur,fbref_crosses,fbref,155,58,37.4,unexplained_blended,"Low coverage in a domain/season-sensitive column, but this table blends all seasons together -- check season_column_coverage for this column for the real per-season breakdown before treating this as a new finding."
Cambuur,Cambuur,fbref_interceptions,fbref,155,58,37.4,unexplained_blended,"Low coverage in a domain/season-sensitive column, but this table blends all seasons together -- check season_column_coverage for this column for the real per-season breakdown before treating this as a new finding."
Cambuur,Cambuur,fbref_tackles_won,fbref,155,58,37.4,unexplained_blended,"Low coverage in a domain/season-sensitive column, but this table blends all seasons together -- check season_column_coverage for this column for the real per-season breakdown before treating this as a new finding."
Cambuur,Cambuur,fbref_own_goals_per90,fbref,155,58,37.4,unexplained_blended,"Low coverage in a domain/season-sensitive column, but this table blends all seasons together -- check season_column_coverage for this column for the real per-season breakdown before treating this as a new finding."
Cambuur,Cambuur,fbref_own_goals,fbref,155,58,37.4,unexplained_blended,"Low coverage in a domain/season-sensitive column, but this table blends all seasons together -- check season_column_coverage for this column for the real per-season breakdown before treating this as a new finding."
Cambuur,Cambuur,fbref_tackles_won_per90,fbref,155,58,37.4,unexplained_blended,"Low coverage in a domain/season-sensitive column, but this table blends all seasons together -- check season_column_coverage for this column for the real per-season breakdown before treating this as a new finding."
Cambuur,Cambuur,fbref_interceptions_per90,fbref,155,58,37.4,unexplained_blended,"Low coverage in a domain/season-sensitive column, but this table blends all seasons together -- check season_column_coverage for this column for the real per-season breakdown before treating this as a new finding."
Cambuur,Cambuur,fbref_crosses_per90,fbref,155,58,37.4,unexplained_blended,"Low coverage in a domain/season-sensitive column, but this table blends all seasons together -- check season_column_coverage for this column for the real per-season breakdown before treating this as a new finding."
Cambuur,Cambuur,fbref_offsides_per90,fbref,155,58,37.4,unexplained_blended,"Low coverage in a domain/season-sensitive column, but this table blends all seasons together -- check season_column_coverage for this column for the real per-season breakdown before treating this as a new finding."
Cambuur,Cambuur,fbref_fouls_drawn_per90,fbref,155,58,37.4,unexplained_blended,"Low coverage in a domain/season-sensitive column, but this table blends all seasons together -- check season_column_coverage for this column for the real per-season breakdown before treating this as a new finding."
Cambuur,Cambuur,fbref_second_yellow_cards_per90,fbref,155,58,37.4,unexplained_blended,"Low coverage in a domain/season-sensitive column, but this table blends all seasons together -- check season_column_coverage for this column for the real per-season breakdown before treating this as a new finding."
Cambuur,Cambuur,fbref_second_yellow_cards,fbref,155,58,37.4,unexplained_blended,"Low coverage in a domain/season-sensitive column, but this table blends all seasons together -- check season_column_coverage for this column for the real per-season breakdown before treating this as a new finding."
Cambuur,Cambuur,fbref_shots_per90,fbref,155,58,37.4,unexplained_blended,"Low coverage in a domain/season-sensitive column, but this table blends all seasons together -- check season_column_coverage for this column for the real per-season breakdown before treating this as a new finding."
Cambuur,Cambuur,tm_foot,tm,155,86,55.5,,
Cambuur,Cambuur,tm_height_cm,tm,155,92,59.4,,
Cambuur,Cambuur,fbref_goals_per_shot_on_target,fbref,155,96,61.9,unexplained_blended,"Low coverage in a domain/season-sensitive column, but this table blends all seasons together -- check season_column_coverage for this column for the real per-season breakdown before treating this as a new finding."
Cambuur,Cambuur,gk_clean_sheet_pct,gk,16,10,62.5,,
Cambuur,Cambuur,gk_wins,gk,16,11,68.8,,
Cambuur,Cambuur,gk_draws,gk,16,11,68.8,,
Cambuur,Cambuur,gk_losses,gk,16,11,68.8,,
Cambuur,Cambuur,gk_saves,gk,16,11,68.8,,
Cambuur,Cambuur,gk_save_pct,gk,16,11,68.8,,
Cambuur,Cambuur,gk_clean_sheets,gk,16,11,68.8,,
Cambuur,Cambuur,gk_goals_against_per90,gk,16,11,68.8,,
Cambuur,Cambuur,gk_shots_on_target_against,gk,16,11,68.8,,
Cambuur,Cambuur,gk_saves_per90,gk,16,11,68.8,,
Cambuur,Cambuur,gk_goals_against,gk,16,11,68.8,,
Cambuur,Cambuur,fbref_on_off,fbref,155,115,74.2,unexplained_blended,"Low coverage in a domain/season-sensitive column, but this table blends all seasons together -- check season_column_coverage for this column for the real per-season breakdown before treating this as a new finding."
Cambuur,Cambuur,fbref_plus_minus_per90,fbref,155,115,74.2,unexplained_blended,"Low coverage in a domain/season-sensitive column, but this table blends all seasons together -- check season_column_coverage for this column for the real per-season breakdown before treating this as a new finding."
Cambuur,Cambuur,fbref_plus_minus,fbref,155,115,74.2,unexplained_blended,"Low coverage in a domain/season-sensitive column, but this table blends all seasons together -- check season_column_coverage for this column for the real per-season breakdown before treating this as a new finding."
Cambuur,Cambuur,fbref_team_goals_against_while_on_pitch,fbref,155,115,74.2,unexplained_blended,"Low coverage in a domain/season-sensitive column, but this table blends all seasons together -- check season_column_coverage for this column for the real per-season breakdown before treating this as a new finding."
Cambuur,Cambuur,fbref_team_goals_while_on_pitch,fbref,155,115,74.2,unexplained_blended,"Low coverage in a domain/season-sensitive column, but this table blends all seasons together -- check season_column_coverage for this column for the real per-season breakdown before treating this as a new finding."
Cambuur,Cambuur,fbref_points_per_match,fbref,155,115,74.2,unexplained_blended,"Low coverage in a domain/season-sensitive column, but this table blends all seasons together -- check season_column_coverage for this column for the real per-season breakdown before treating this as a new finding."
Cambuur,Cambuur,fbref_shots_on_target_pct,fbref,155,124,80.0,,
Cambuur,Cambuur,ws_take_ons_won_pct,ws,155,125,80.6,,
Cambuur,Cambuur,fbref_unused_sub,fbref,155,130,83.9,,
Cambuur,Cambuur,ws_ground_duel_win_pct,ws,155,133,85.8,,
Cambuur,Cambuur,ws_aerial_duel_win_pct,ws,155,134,86.5,,
Cambuur,Cambuur,ws_tackles_mid_3rd,ws,155,139,89.7,,
Cambuur,Cambuur,ws_tackles_won_per90,ws,155,139,89.7,,
Cambuur,Cambuur,ws_tackles_def_3rd_per90,ws,155,139,89.7,,
Cambuur,Cambuur,ws_tackles_mid_3rd_per90,ws,155,139,89.7,,
Cambuur,Cambuur,ws_tackles_att_3rd_per90,ws,155,139,89.7,,
Cambuur,Cambuur,ws_interceptions_per90,ws,155,139,89.7,,
Cambuur,Cambuur,ws_interceptions_def_3rd_per90,ws,155,139,89.7,,
Cambuur,Cambuur,ws_interceptions_mid_3rd_per90,ws,155,139,89.7,,
Cambuur,Cambuur,ws_interceptions_att_3rd_per90,ws,155,139,89.7,,
Cambuur,Cambuur,ws_clearances_per90,ws,155,139,89.7,,
Cambuur,Cambuur,ws_dribbled_past_per90,ws,155,139,89.7,,
Cambuur,Cambuur,ws_errors_per90,ws,155,139,89.7,,
Cambuur,Cambuur,ws_final_third_entries_per90,ws,155,139,89.7,,
Cambuur,Cambuur,ws_pen_area_entries_per90,ws,155,139,89.7,,
Cambuur,Cambuur,ws_aerials_per90,ws,155,139,89.7,,
Cambuur,Cambuur,ws_aerials_won_per90,ws,155,139,89.7,,
Cambuur,Cambuur,ws_tackles_def_3rd,ws,155,139,89.7,,
Cambuur,Cambuur,ws_tackles_won,ws,155,139,89.7,,
Cambuur,Cambuur,ws_tackles,ws,155,139,89.7,,
Cambuur,Cambuur,ws_dispossessed,ws,155,139,89.7,,
Cambuur,Cambuur,ws_take_ons_won,ws,155,139,89.7,,
Cambuur,Cambuur,ws_take_ons,ws,155,139,89.7,,
Cambuur,Cambuur,ws_touches_att_pen_area,ws,155,139,89.7,,
Cambuur,Cambuur,ws_touches_def_pen_area,ws,155,139,89.7,,
Cambuur,Cambuur,ws_touches_att_3rd,ws,155,139,89.7,,
Cambuur,Cambuur,ws_touches_mid_3rd,ws,155,139,89.7,,
Cambuur,Cambuur,ws_touches_def_3rd,ws,155,139,89.7,,
Cambuur,Cambuur,ws_touches,ws,155,139,89.7,,
Cambuur,Cambuur,ws_passes_pct,ws,155,139,89.7,,
Cambuur,Cambuur,ws_passes_completed,ws,155,139,89.7,,
Cambuur,Cambuur,ws_passes,ws,155,139,89.7,,
Cambuur,Cambuur,ws_matches_with_data,ws,155,139,89.7,,
Cambuur,Cambuur,ws_whoscored_player_id,ws,155,139,89.7,,
Cambuur,Cambuur,ws_tackles_att_3rd,ws,155,139,89.7,,
Cambuur,Cambuur,ws_interceptions,ws,155,139,89.7,,
Cambuur,Cambuur,ws_interceptions_def_3rd,ws,155,139,89.7,,
Cambuur,Cambuur,ws_interceptions_mid_3rd,ws,155,139,89.7,,
Cambuur,Cambuur,ws_interceptions_att_3rd,ws,155,139,89.7,,
Cambuur,Cambuur,ws_clearances,ws,155,139,89.7,,
Cambuur,Cambuur,ws_dribbled_past,ws,155,139,89.7,,
Cambuur,Cambuur,ws_errors,ws,155,139,89.7,,
Cambuur,Cambuur,ws_final_third_entries,ws,155,139,89.7,,
Cambuur,Cambuur,ws_pen_area_entries,ws,155,139,89.7,,
Cambuur,Cambuur,ws_aerials,ws,155,139,89.7,,
Cambuur,Cambuur,ws_aerials_won,ws,155,139,89.7,,
Cambuur,Cambuur,ws_passes_per90,ws,155,139,89.7,,
Cambuur,Cambuur,ws_passes_completed_per90,ws,155,139,89.7,,
Cambuur,Cambuur,ws_touches_per90,ws,155,139,89.7,,
Cambuur,Cambuur,ws_touches_def_3rd_per90,ws,155,139,89.7,,
Cambuur,Cambuur,ws_touches_mid_3rd_per90,ws,155,139,89.7,,
Cambuur,Cambuur,ws_touches_att_3rd_per90,ws,155,139,89.7,,
Cambuur,Cambuur,ws_touches_def_pen_area_per90,ws,155,139,89.7,,
Cambuur,Cambuur,ws_touches_att_pen_area_per90,ws,155,139,89.7,,
Cambuur,Cambuur,ws_take_ons_per90,ws,155,139,89.7,,
Cambuur,Cambuur,ws_take_ons_won_per90,ws,155,139,89.7,,
Cambuur,Cambuur,ws_dispossessed_per90,ws,155,139,89.7,,
Cambuur,Cambuur,ws_tackles_per90,ws,155,139,89.7,,
Cambuur,Cambuur,fbref_minutes_per_match,fbref,155,140,90.3,,
Cambuur,Cambuur,fbref_shots,fbref,155,140,90.3,,
Cambuur,Cambuur,fbref_shots_on_target,fbref,155,140,90.3,,
Cambuur,Cambuur,fbref_penalty_attempts,fbref,155,140,90.3,,
Cambuur,Cambuur,fbref_non_penalty_goals_per90,fbref,155,140,90.3,,
Cambuur,Cambuur,fbref_goals_plus_assists_per90,fbref,155,140,90.3,,
Cambuur,Cambuur,fbref_goals_per90,fbref,155,140,90.3,,
Cambuur,Cambuur,fbref_minutes,fbref,155,140,90.3,,
Cambuur,Cambuur,fbref_yellow_cards_per90,fbref,155,140,90.3,,
Cambuur,Cambuur,fbref_red_cards_per90,fbref,155,140,90.3,,
Cambuur,Cambuur,fbref_fouls_committed_per90,fbref,155,140,90.3,,
Cambuur,Cambuur,fbref_non_penalty_goals_plus_assists_per90,fbref,155,140,90.3,,
Cambuur,Cambuur,fbref_shots_on_target_per90,fbref,155,140,90.3,,
Cambuur,Cambuur,fbref_goals,fbref,155,140,90.3,,
Cambuur,Cambuur,fbref_assists_per90,fbref,155,140,90.3,,
Cambuur,Cambuur,fbref_minutes_pct,fbref,155,140,90.3,,
Cambuur,Cambuur,fbref_nineties,fbref,155,140,90.3,,
Cambuur,Cambuur,fbref_assists,fbref,155,140,90.3,,
Cambuur,Cambuur,fbref_goals_plus_assists,fbref,155,140,90.3,,
Cambuur,Cambuur,fbref_non_penalty_goals,fbref,155,140,90.3,,
Cambuur,Cambuur,fbref_penalty_goals,fbref,155,140,90.3,,
Cambuur,Cambuur,fbref_fouls_committed,fbref,155,140,90.3,,
Cambuur,Cambuur,fbref_red_cards,fbref,155,140,90.3,,
Cambuur,Cambuur,fbref_yellow_cards,fbref,155,140,90.3,,
Cambuur,Cambuur,fbref_complete_matches,fbref,155,154,99.4,,
Cambuur,Cambuur,fbref_starts,fbref,155,155,100.0,,
Cambuur,Cambuur,fbref_age,fbref,155,155,100.0,,
Cambuur,Cambuur,fbref_nation,fbref,155,155,100.0,,
Cambuur,Cambuur,fbref_position,fbref,155,155,100.0,,
Cambuur,Cambuur,fbref_substitute_appearances,fbref,155,155,100.0,,
Cambuur,Cambuur,fbref_matches_played,fbref,155,155,100.0,,
Cambuur,Cambuur,fbref_born,fbref,155,155,100.0,,
De Graafschap,De Graafschap,fbref_tackles_won_per90,fbref,120,0,0.0,unexplained_blended,"Low coverage in a domain/season-sensitive column, but this table blends all seasons together -- check season_column_coverage for this column for the real per-season breakdown before treating this as a new finding."
De Graafschap,De Graafschap,fbref_penalty_kicks_conceded,fbref,120,0,0.0,unexplained_blended,"Low coverage in a domain/season-sensitive column, but this table blends all seasons together -- check season_column_coverage for this column for the real per-season breakdown before treating this as a new finding."
De Graafschap,De Graafschap,fbref_penalty_kicks_won,fbref,120,0,0.0,unexplained_blended,"Low coverage in a domain/season-sensitive column, but this table blends all seasons together -- check season_column_coverage for this column for the real per-season breakdown before treating this as a new finding."
De Graafschap,De Graafschap,fbref_tackles_won,fbref,120,0,0.0,unexplained_blended,"Low coverage in a domain/season-sensitive column, but this table blends all seasons together -- check season_column_coverage for this column for the real per-season breakdown before treating this as a new finding."
De Graafschap,De Graafschap,fbref_interceptions,fbref,120,0,0.0,unexplained_blended,"Low coverage in a domain/season-sensitive column, but this table blends all seasons together -- check season_column_coverage for this column for the real per-season breakdown before treating this as a new finding."
De Graafschap,De Graafschap,fbref_crosses,fbref,120,0,0.0,unexplained_blended,"Low coverage in a domain/season-sensitive column, but this table blends all seasons together -- check season_column_coverage for this column for the real per-season breakdown before treating this as a new finding."
De Graafschap,De Graafschap,fbref_fouls_drawn_per90,fbref,120,0,0.0,unexplained_blended,"Low coverage in a domain/season-sensitive column, but this table blends all seasons together -- check season_column_coverage for this column for the real per-season breakdown before treating this as a new finding."
De Graafschap,De Graafschap,fbref_offsides_per90,fbref,120,0,0.0,unexplained_blended,"Low coverage in a domain/season-sensitive column, but this table blends all seasons together -- check season_column_coverage for this column for the real per-season breakdown before treating this as a new finding."
De Graafschap,De Graafschap,fbref_crosses_per90,fbref,120,0,0.0,unexplained_blended,"Low coverage in a domain/season-sensitive column, but this table blends all seasons together -- check season_column_coverage for this column for the real per-season breakdown before treating this as a new finding."
De Graafschap,De Graafschap,fbref_interceptions_per90,fbref,120,0,0.0,unexplained_blended,"Low coverage in a domain/season-sensitive column, but this table blends all seasons together -- check season_column_coverage for this column for the real per-season breakdown before treating this as a new finding."
De Graafschap,De Graafschap,fbref_goals_per_shot,fbref,120,0,0.0,unexplained_blended,"Low coverage in a domain/season-sensitive column, but this table blends all seasons together -- check season_column_coverage for this column for the real per-season breakdown before treating this as a new finding."
De Graafschap,De Graafschap,fbref_shots_per90,fbref,120,0,0.0,unexplained_blended,"Low coverage in a domain/season-sensitive column, but this table blends all seasons together -- check season_column_coverage for this column for the real per-season breakdown before treating this as a new finding."
De Graafschap,De Graafschap,fbref_fouls_drawn,fbref,120,0,0.0,unexplained_blended,"Low coverage in a domain/season-sensitive column, but this table blends all seasons together -- check season_column_coverage for this column for the real per-season breakdown before treating this as a new finding."
De Graafschap,De Graafschap,fbref_offsides,fbref,120,0,0.0,unexplained_blended,"Low coverage in a domain/season-sensitive column, but this table blends all seasons together -- check season_column_coverage for this column for the real per-season breakdown before treating this as a new finding."
De Graafschap,De Graafschap,fbref_penalty_kicks_conceded_per90,fbref,120,0,0.0,unexplained_blended,"Low coverage in a domain/season-sensitive column, but this table blends all seasons together -- check season_column_coverage for this column for the real per-season breakdown before treating this as a new finding."
De Graafschap,De Graafschap,fbref_penalty_kicks_won_per90,fbref,120,0,0.0,unexplained_blended,"Low coverage in a domain/season-sensitive column, but this table blends all seasons together -- check season_column_coverage for this column for the real per-season breakdown before treating this as a new finding."
De Graafschap,De Graafschap,gk_penalty_kick_save_pct,gk,12,2,16.7,,
De Graafschap,De Graafschap,fbref_minutes_per_sub,fbref,120,23,19.2,unexplained_blended,"Low coverage in a domain/season-sensitive column, but this table blends all seasons together -- check season_column_coverage for this column for the real per-season breakdown before treating this as a new finding."
De Graafschap,De Graafschap,fbref_second_yellow_cards,fbref,120,26,21.7,unexplained_blended,"Low coverage in a domain/season-sensitive column, but this table blends all seasons together -- check season_column_coverage for this column for the real per-season breakdown before treating this as a new finding."
De Graafschap,De Graafschap,fbref_second_yellow_cards_per90,fbref,120,26,21.7,unexplained_blended,"Low coverage in a domain/season-sensitive column, but this table blends all seasons together -- check season_column_coverage for this column for the real per-season breakdown before treating this as a new finding."
De Graafschap,De Graafschap,fbref_minutes_per_start,fbref,120,26,21.7,unexplained_blended,"Low coverage in a domain/season-sensitive column, but this table blends all seasons together -- check season_column_coverage for this column for the real per-season breakdown before treating this as a new finding."
De Graafschap,De Graafschap,fbref_own_goals_per90,fbref,120,26,21.7,unexplained_blended,"Low coverage in a domain/season-sensitive column, but this table blends all seasons together -- check season_column_coverage for this column for the real per-season breakdown before treating this as a new finding."
De Graafschap,De Graafschap,fbref_own_goals,fbref,120,26,21.7,unexplained_blended,"Low coverage in a domain/season-sensitive column, but this table blends all seasons together -- check season_column_coverage for this column for the real per-season breakdown before treating this as a new finding."
De Graafschap,De Graafschap,gk_penalty_kicks_missed_by_opponent,gk,12,3,25.0,,
De Graafschap,De Graafschap,gk_penalty_kicks_allowed,gk,12,3,25.0,,
De Graafschap,De Graafschap,gk_penalty_kicks_faced,gk,12,3,25.0,,
De Graafschap,De Graafschap,gk_penalty_kicks_saved,gk,12,3,25.0,,
De Graafschap,De Graafschap,ws_take_ons_won_pct,ws,120,43,35.8,unexplained_blended,"Low coverage in a domain/season-sensitive column, but this table blends all seasons together -- check season_column_coverage for this column for the real per-season breakdown before treating this as a new finding."
De Graafschap,De Graafschap,fbref_shots_on_target_pct,fbref,120,44,36.7,unexplained_blended,"Low coverage in a domain/season-sensitive column, but this table blends all seasons together -- check season_column_coverage for this column for the real per-season breakdown before treating this as a new finding."
De Graafschap,De Graafschap,tm_foot,tm,120,46,38.3,,
De Graafschap,De Graafschap,tm_height_cm,tm,120,48,40.0,,
De Graafschap,De Graafschap,ws_aerial_duel_win_pct,ws,120,49,40.8,unexplained_blended,"Low coverage in a domain/season-sensitive column, but this table blends all seasons together -- check season_column_coverage for this column for the real per-season breakdown before treating this as a new finding."
De Graafschap,De Graafschap,ws_ground_duel_win_pct,ws,120,49,40.8,unexplained_blended,"Low coverage in a domain/season-sensitive column, but this table blends all seasons together -- check season_column_coverage for this column for the real per-season breakdown before treating this as a new finding."
De Graafschap,De Graafschap,gk_shots_on_target_against,gk,12,5,41.7,,
De Graafschap,De Graafschap,gk_saves_per90,gk,12,5,41.7,,
De Graafschap,De Graafschap,fbref_on_off,fbref,120,50,41.7,unexplained_blended,"Low coverage in a domain/season-sensitive column, but this table blends all seasons together -- check season_column_coverage for this column for the real per-season breakdown before treating this as a new finding."
De Graafschap,De Graafschap,gk_save_pct,gk,12,5,41.7,,
De Graafschap,De Graafschap,gk_saves,gk,12,5,41.7,,
De Graafschap,De Graafschap,ws_aerials_won_per90,ws,120,51,42.5,unexplained_blended,"Low coverage in a domain/season-sensitive column, but this table blends all seasons together -- check season_column_coverage for this column for the real per-season breakdown before treating this as a new finding."
De Graafschap,De Graafschap,fbref_team_goals_while_on_pitch,fbref,120,51,42.5,unexplained_blended,"Low coverage in a domain/season-sensitive column, but this table blends all seasons together -- check season_column_coverage for this column for the real per-season breakdown before treating this as a new finding."
De Graafschap,De Graafschap,fbref_team_goals_against_while_on_pitch,fbref,120,51,42.5,unexplained_blended,"Low coverage in a domain/season-sensitive column, but this table blends all seasons together -- check season_column_coverage for this column for the real per-season breakdown before treating this as a new finding."
De Graafschap,De Graafschap,fbref_plus_minus,fbref,120,51,42.5,unexplained_blended,"Low coverage in a domain/season-sensitive column, but this table blends all seasons together -- check season_column_coverage for this column for the real per-season breakdown before treating this as a new finding."
De Graafschap,De Graafschap,fbref_plus_minus_per90,fbref,120,51,42.5,unexplained_blended,"Low coverage in a domain/season-sensitive column, but this table blends all seasons together -- check season_column_coverage for this column for the real per-season breakdown before treating this as a new finding."
De Graafschap,De Graafschap,fbref_shots,fbref,120,51,42.5,unexplained_blended,"Low coverage in a domain/season-sensitive column, but this table blends all seasons together -- check season_column_coverage for this column for the real per-season breakdown before treating this as a new finding."
De Graafschap,De Graafschap,fbref_shots_on_target,fbref,120,51,42.5,unexplained_blended,"Low coverage in a domain/season-sensitive column, but this table blends all seasons together -- check season_column_coverage for this column for the real per-season breakdown before treating this as a new finding."
De Graafschap,De Graafschap,fbref_points_per_match,fbref,120,51,42.5,unexplained_blended,"Low coverage in a domain/season-sensitive column, but this table blends all seasons together -- check season_column_coverage for this column for the real per-season breakdown before treating this as a new finding."
De Graafschap,De Graafschap,ws_tackles_mid_3rd,ws,120,51,42.5,unexplained_blended,"Low coverage in a domain/season-sensitive column, but this table blends all seasons together -- check season_column_coverage for this column for the real per-season breakdown before treating this as a new finding."
De Graafschap,De Graafschap,ws_tackles_att_3rd,ws,120,51,42.5,unexplained_blended,"Low coverage in a domain/season-sensitive column, but this table blends all seasons together -- check season_column_coverage for this column for the real per-season breakdown before treating this as a new finding."
De Graafschap,De Graafschap,ws_interceptions,ws,120,51,42.5,unexplained_blended,"Low coverage in a domain/season-sensitive column, but this table blends all seasons together -- check season_column_coverage for this column for the real per-season breakdown before treating this as a new finding."
De Graafschap,De Graafschap,ws_interceptions_def_3rd,ws,120,51,42.5,unexplained_blended,"Low coverage in a domain/season-sensitive column, but this table blends all seasons together -- check season_column_coverage for this column for the real per-season breakdown before treating this as a new finding."
De Graafschap,De Graafschap,ws_interceptions_mid_3rd,ws,120,51,42.5,unexplained_blended,"Low coverage in a domain/season-sensitive column, but this table blends all seasons together -- check season_column_coverage for this column for the real per-season breakdown before treating this as a new finding."
De Graafschap,De Graafschap,ws_interceptions_att_3rd,ws,120,51,42.5,unexplained_blended,"Low coverage in a domain/season-sensitive column, but this table blends all seasons together -- check season_column_coverage for this column for the real per-season breakdown before treating this as a new finding."
De Graafschap,De Graafschap,ws_clearances,ws,120,51,42.5,unexplained_blended,"Low coverage in a domain/season-sensitive column, but this table blends all seasons together -- check season_column_coverage for this column for the real per-season breakdown before treating this as a new finding."
De Graafschap,De Graafschap,ws_dribbled_past,ws,120,51,42.5,unexplained_blended,"Low coverage in a domain/season-sensitive column, but this table blends all seasons together -- check season_column_coverage for this column for the real per-season breakdown before treating this as a new finding."
De Graafschap,De Graafschap,ws_errors,ws,120,51,42.5,unexplained_blended,"Low coverage in a domain/season-sensitive column, but this table blends all seasons together -- check season_column_coverage for this column for the real per-season breakdown before treating this as a new finding."
De Graafschap,De Graafschap,ws_final_third_entries,ws,120,51,42.5,unexplained_blended,"Low coverage in a domain/season-sensitive column, but this table blends all seasons together -- check season_column_coverage for this column for the real per-season breakdown before treating this as a new finding."
De Graafschap,De Graafschap,ws_pen_area_entries,ws,120,51,42.5,unexplained_blended,"Low coverage in a domain/season-sensitive column, but this table blends all seasons together -- check season_column_coverage for this column for the real per-season breakdown before treating this as a new finding."
De Graafschap,De Graafschap,ws_aerials,ws,120,51,42.5,unexplained_blended,"Low coverage in a domain/season-sensitive column, but this table blends all seasons together -- check season_column_coverage for this column for the real per-season breakdown before treating this as a new finding."
De Graafschap,De Graafschap,ws_aerials_won,ws,120,51,42.5,unexplained_blended,"Low coverage in a domain/season-sensitive column, but this table blends all seasons together -- check season_column_coverage for this column for the real per-season breakdown before treating this as a new finding."
De Graafschap,De Graafschap,ws_passes_per90,ws,120,51,42.5,unexplained_blended,"Low coverage in a domain/season-sensitive column, but this table blends all seasons together -- check season_column_coverage for this column for the real per-season breakdown before treating this as a new finding."
De Graafschap,De Graafschap,ws_passes_completed_per90,ws,120,51,42.5,unexplained_blended,"Low coverage in a domain/season-sensitive column, but this table blends all seasons together -- check season_column_coverage for this column for the real per-season breakdown before treating this as a new finding."
De Graafschap,De Graafschap,ws_touches_per90,ws,120,51,42.5,unexplained_blended,"Low coverage in a domain/season-sensitive column, but this table blends all seasons together -- check season_column_coverage for this column for the real per-season breakdown before treating this as a new finding."
De Graafschap,De Graafschap,ws_touches_def_3rd_per90,ws,120,51,42.5,unexplained_blended,"Low coverage in a domain/season-sensitive column, but this table blends all seasons together -- check season_column_coverage for this column for the real per-season breakdown before treating this as a new finding."
De Graafschap,De Graafschap,ws_touches_mid_3rd_per90,ws,120,51,42.5,unexplained_blended,"Low coverage in a domain/season-sensitive column, but this table blends all seasons together -- check season_column_coverage for this column for the real per-season breakdown before treating this as a new finding."
De Graafschap,De Graafschap,ws_touches_att_3rd_per90,ws,120,51,42.5,unexplained_blended,"Low coverage in a domain/season-sensitive column, but this table blends all seasons together -- check season_column_coverage for this column for the real per-season breakdown before treating this as a new finding."
De Graafschap,De Graafschap,ws_touches_def_pen_area_per90,ws,120,51,42.5,unexplained_blended,"Low coverage in a domain/season-sensitive column, but this table blends all seasons together -- check season_column_coverage for this column for the real per-season breakdown before treating this as a new finding."
De Graafschap,De Graafschap,ws_touches_att_pen_area_per90,ws,120,51,42.5,unexplained_blended,"Low coverage in a domain/season-sensitive column, but this table blends all seasons together -- check season_column_coverage for this column for the real per-season breakdown before treating this as a new finding."
De Graafschap,De Graafschap,ws_take_ons_per90,ws,120,51,42.5,unexplained_blended,"Low coverage in a domain/season-sensitive column, but this table blends all seasons together -- check season_column_coverage for this column for the real per-season breakdown before treating this as a new finding."
De Graafschap,De Graafschap,ws_take_ons_won_per90,ws,120,51,42.5,unexplained_blended,"Low coverage in a domain/season-sensitive column, but this table blends all seasons together -- check season_column_coverage for this column for the real per-season breakdown before treating this as a new finding."
De Graafschap,De Graafschap,ws_dispossessed_per90,ws,120,51,42.5,unexplained_blended,"Low coverage in a domain/season-sensitive column, but this table blends all seasons together -- check season_column_coverage for this column for the real per-season breakdown before treating this as a new finding."
De Graafschap,De Graafschap,ws_tackles_per90,ws,120,51,42.5,unexplained_blended,"Low coverage in a domain/season-sensitive column, but this table blends all seasons together -- check season_column_coverage for this column for the real per-season breakdown before treating this as a new finding."
De Graafschap,De Graafschap,ws_tackles_won_per90,ws,120,51,42.5,unexplained_blended,"Low coverage in a domain/season-sensitive column, but this table blends all seasons together -- check season_column_coverage for this column for the real per-season breakdown before treating this as a new finding."
De Graafschap,De Graafschap,ws_tackles_def_3rd_per90,ws,120,51,42.5,unexplained_blended,"Low coverage in a domain/season-sensitive column, but this table blends all seasons together -- check season_column_coverage for this column for the real per-season breakdown before treating this as a new finding."
De Graafschap,De Graafschap,ws_tackles_mid_3rd_per90,ws,120,51,42.5,unexplained_blended,"Low coverage in a domain/season-sensitive column, but this table blends all seasons together -- check season_column_coverage for this column for the real per-season breakdown before treating this as a new finding."
De Graafschap,De Graafschap,ws_tackles_att_3rd_per90,ws,120,51,42.5,unexplained_blended,"Low coverage in a domain/season-sensitive column, but this table blends all seasons together -- check season_column_coverage for this column for the real per-season breakdown before treating this as a new finding."
De Graafschap,De Graafschap,ws_interceptions_per90,ws,120,51,42.5,unexplained_blended,"Low coverage in a domain/season-sensitive column, but this table blends all seasons together -- check season_column_coverage for this column for the real per-season breakdown before treating this as a new finding."
De Graafschap,De Graafschap,ws_interceptions_def_3rd_per90,ws,120,51,42.5,unexplained_blended,"Low coverage in a domain/season-sensitive column, but this table blends all seasons together -- check season_column_coverage for this column for the real per-season breakdown before treating this as a new finding."
De Graafschap,De Graafschap,ws_interceptions_mid_3rd_per90,ws,120,51,42.5,unexplained_blended,"Low coverage in a domain/season-sensitive column, but this table blends all seasons together -- check season_column_coverage for this column for the real per-season breakdown before treating this as a new finding."
De Graafschap,De Graafschap,ws_interceptions_att_3rd_per90,ws,120,51,42.5,unexplained_blended,"Low coverage in a domain/season-sensitive column, but this table blends all seasons together -- check season_column_coverage for this column for the real per-season breakdown before treating this as a new finding."
De Graafschap,De Graafschap,ws_clearances_per90,ws,120,51,42.5,unexplained_blended,"Low coverage in a domain/season-sensitive column, but this table blends all seasons together -- check season_column_coverage for this column for the real per-season breakdown before treating this as a new finding."
De Graafschap,De Graafschap,ws_dribbled_past_per90,ws,120,51,42.5,unexplained_blended,"Low coverage in a domain/season-sensitive column, but this table blends all seasons together -- check season_column_coverage for this column for the real per-season breakdown before treating this as a new finding."
De Graafschap,De Graafschap,ws_errors_per90,ws,120,51,42.5,unexplained_blended,"Low coverage in a domain/season-sensitive column, but this table blends all seasons together -- check season_column_coverage for this column for the real per-season breakdown before treating this as a new finding."
De Graafschap,De Graafschap,ws_final_third_entries_per90,ws,120,51,42.5,unexplained_blended,"Low coverage in a domain/season-sensitive column, but this table blends all seasons together -- check season_column_coverage for this column for the real per-season breakdown before treating this as a new finding."
De Graafschap,De Graafschap,ws_pen_area_entries_per90,ws,120,51,42.5,unexplained_blended,"Low coverage in a domain/season-sensitive column, but this table blends all seasons together -- check season_column_coverage for this column for the real per-season breakdown before treating this as a new finding."
De Graafschap,De Graafschap,ws_aerials_per90,ws,120,51,42.5,unexplained_blended,"Low coverage in a domain/season-sensitive column, but this table blends all seasons together -- check season_column_coverage for this column for the real per-season breakdown before treating this as a new finding."
De Graafschap,De Graafschap,ws_whoscored_player_id,ws,120,51,42.5,unexplained_blended,"Low coverage in a domain/season-sensitive column, but this table blends all seasons together -- check season_column_coverage for this column for the real per-season breakdown before treating this as a new finding."
De Graafschap,De Graafschap,ws_matches_with_data,ws,120,51,42.5,unexplained_blended,"Low coverage in a domain/season-sensitive column, but this table blends all seasons together -- check season_column_coverage for this column for the real per-season breakdown before treating this as a new finding."
De Graafschap,De Graafschap,ws_passes,ws,120,51,42.5,unexplained_blended,"Low coverage in a domain/season-sensitive column, but this table blends all seasons together -- check season_column_coverage for this column for the real per-season breakdown before treating this as a new finding."
De Graafschap,De Graafschap,ws_passes_completed,ws,120,51,42.5,unexplained_blended,"Low coverage in a domain/season-sensitive column, but this table blends all seasons together -- check season_column_coverage for this column for the real per-season breakdown before treating this as a new finding."
De Graafschap,De Graafschap,ws_passes_pct,ws,120,51,42.5,unexplained_blended,"Low coverage in a domain/season-sensitive column, but this table blends all seasons together -- check season_column_coverage for this column for the real per-season breakdown before treating this as a new finding."
De Graafschap,De Graafschap,ws_touches,ws,120,51,42.5,unexplained_blended,"Low coverage in a domain/season-sensitive column, but this table blends all seasons together -- check season_column_coverage for this column for the real per-season breakdown before treating this as a new finding."
De Graafschap,De Graafschap,ws_touches_def_3rd,ws,120,51,42.5,unexplained_blended,"Low coverage in a domain/season-sensitive column, but this table blends all seasons together -- check season_column_coverage for this column for the real per-season breakdown before treating this as a new finding."
De Graafschap,De Graafschap,ws_touches_mid_3rd,ws,120,51,42.5,unexplained_blended,"Low coverage in a domain/season-sensitive column, but this table blends all seasons together -- check season_column_coverage for this column for the real per-season breakdown before treating this as a new finding."
De Graafschap,De Graafschap,ws_touches_att_3rd,ws,120,51,42.5,unexplained_blended,"Low coverage in a domain/season-sensitive column, but this table blends all seasons together -- check season_column_coverage for this column for the real per-season breakdown before treating this as a new finding."
De Graafschap,De Graafschap,ws_touches_def_pen_area,ws,120,51,42.5,unexplained_blended,"Low coverage in a domain/season-sensitive column, but this table blends all seasons together -- check season_column_coverage for this column for the real per-season breakdown before treating this as a new finding."
De Graafschap,De Graafschap,ws_touches_att_pen_area,ws,120,51,42.5,unexplained_blended,"Low coverage in a domain/season-sensitive column, but this table blends all seasons together -- check season_column_coverage for this column for the real per-season breakdown before treating this as a new finding."
De Graafschap,De Graafschap,ws_take_ons,ws,120,51,42.5,unexplained_blended,"Low coverage in a domain/season-sensitive column, but this table blends all seasons together -- check season_column_coverage for this column for the real per-season breakdown before treating this as a new finding."
De Graafschap,De Graafschap,ws_take_ons_won,ws,120,51,42.5,unexplained_blended,"Low coverage in a domain/season-sensitive column, but this table blends all seasons together -- check season_column_coverage for this column for the real per-season breakdown before treating this as a new finding."
De Graafschap,De Graafschap,ws_dispossessed,ws,120,51,42.5,unexplained_blended,"Low coverage in a domain/season-sensitive column, but this table blends all seasons together -- check season_column_coverage for this column for the real per-season breakdown before treating this as a new finding."
De Graafschap,De Graafschap,ws_tackles,ws,120,51,42.5,unexplained_blended,"Low coverage in a domain/season-sensitive column, but this table blends all seasons together -- check season_column_coverage for this column for the real per-season breakdown before treating this as a new finding."
De Graafschap,De Graafschap,ws_tackles_won,ws,120,51,42.5,unexplained_blended,"Low coverage in a domain/season-sensitive column, but this table blends all seasons together -- check season_column_coverage for this column for the real per-season breakdown before treating this as a new finding."
De Graafschap,De Graafschap,ws_tackles_def_3rd,ws,120,51,42.5,unexplained_blended,"Low coverage in a domain/season-sensitive column, but this table blends all seasons together -- check season_column_coverage for this column for the real per-season breakdown before treating this as a new finding."
De Graafschap,De Graafschap,fbref_goals_per_shot_on_target,fbref,120,58,48.3,unexplained_blended,"Low coverage in a domain/season-sensitive column, but this table blends all seasons together -- check season_column_coverage for this column for the real per-season breakdown before treating this as a new finding."
De Graafschap,De Graafschap,fbref_unused_sub,fbref,120,64,53.3,unexplained_blended,"Low coverage in a domain/season-sensitive column, but this table blends all seasons together -- check season_column_coverage for this column for the real per-season breakdown before treating this as a new finding."
De Graafschap,De Graafschap,gk_draws,gk,12,8,66.7,,
De Graafschap,De Graafschap,gk_clean_sheets,gk,12,8,66.7,,
De Graafschap,De Graafschap,gk_clean_sheet_pct,gk,12,8,66.7,,
De Graafschap,De Graafschap,gk_goals_against_per90,gk,12,8,66.7,,
De Graafschap,De Graafschap,gk_goals_against,gk,12,8,66.7,,
De Graafschap,De Graafschap,gk_losses,gk,12,8,66.7,,
De Graafschap,De Graafschap,gk_wins,gk,12,8,66.7,,
De Graafschap,De Graafschap,fbref_shots_on_target_per90,fbref,120,81,67.5,unexplained_blended,"Low coverage in a domain/season-sensitive column, but this table blends all seasons together -- check season_column_coverage for this column for the real per-season breakdown before treating this as a new finding."
De Graafschap,De Graafschap,fbref_fouls_committed_per90,fbref,120,81,67.5,unexplained_blended,"Low coverage in a domain/season-sensitive column, but this table blends all seasons together -- check season_column_coverage for this column for the real per-season breakdown before treating this as a new finding."
De Graafschap,De Graafschap,fbref_fouls_committed,fbref,120,81,67.5,unexplained_blended,"Low coverage in a domain/season-sensitive column, but this table blends all seasons together -- check season_column_coverage for this column for the real per-season breakdown before treating this as a new finding."
De Graafschap,De Graafschap,fbref_goals_per90,fbref,120,107,89.2,,
De Graafschap,De Graafschap,fbref_assists_per90,fbref,120,107,89.2,,
De Graafschap,De Graafschap,fbref_red_cards_per90,fbref,120,107,89.2,,
De Graafschap,De Graafschap,fbref_yellow_cards_per90,fbref,120,107,89.2,,
De Graafschap,De Graafschap,fbref_goals_plus_assists_per90,fbref,120,107,89.2,,
De Graafschap,De Graafschap,fbref_non_penalty_goals_plus_assists_per90,fbref,120,107,89.2,,
De Graafschap,De Graafschap,fbref_non_penalty_goals_per90,fbref,120,107,89.2,,
De Graafschap,De Graafschap,fbref_non_penalty_goals,fbref,120,107,89.2,,
De Graafschap,De Graafschap,fbref_goals_plus_assists,fbref,120,107,89.2,,
De Graafschap,De Graafschap,fbref_assists,fbref,120,107,89.2,,
De Graafschap,De Graafschap,fbref_goals,fbref,120,107,89.2,,
De Graafschap,De Graafschap,fbref_red_cards,fbref,120,107,89.2,,
De Graafschap,De Graafschap,fbref_yellow_cards,fbref,120,107,89.2,,
De Graafschap,De Graafschap,fbref_nineties,fbref,120,107,89.2,,
De Graafschap,De Graafschap,fbref_minutes_pct,fbref,120,107,89.2,,
De Graafschap,De Graafschap,fbref_minutes_per_match,fbref,120,107,89.2,,
De Graafschap,De Graafschap,fbref_minutes,fbref,120,107,89.2,,
De Graafschap,De Graafschap,fbref_penalty_attempts,fbref,120,107,89.2,,
De Graafschap,De Graafschap,fbref_penalty_goals,fbref,120,107,89.2,,
De Graafschap,De Graafschap,fbref_complete_matches,fbref,120,111,92.5,,
De Graafschap,De Graafschap,fbref_nation,fbref,120,120,100.0,,
De Graafschap,De Graafschap,fbref_matches_played,fbref,120,120,100.0,,
De Graafschap,De Graafschap,fbref_starts,fbref,120,120,100.0,,
De Graafschap,De Graafschap,fbref_substitute_appearances,fbref,120,120,100.0,,
De Graafschap,De Graafschap,fbref_age,fbref,120,120,100.0,,
De Graafschap,De Graafschap,fbref_born,fbref,120,120,100.0,,
De Graafschap,De Graafschap,fbref_position,fbref,120,120,100.0,,
Dordrecht,Dordrecht,fbref_penalty_kicks_conceded_per90,fbref,34,0,0.0,unexplained_blended,"Low coverage in a domain/season-sensitive column, but this table blends all seasons together -- check season_column_coverage for this column for the real per-season breakdown before treating this as a new finding."
Dordrecht,Dordrecht,fbref_tackles_won_per90,fbref,34,0,0.0,unexplained_blended,"Low coverage in a domain/season-sensitive column, but this table blends all seasons together -- check season_column_coverage for this column for the real per-season breakdown before treating this as a new finding."
Dordrecht,Dordrecht,fbref_interceptions_per90,fbref,34,0,0.0,unexplained_blended,"Low coverage in a domain/season-sensitive column, but this table blends all seasons together -- check season_column_coverage for this column for the real per-season breakdown before treating this as a new finding."
Dordrecht,Dordrecht,fbref_crosses_per90,fbref,34,0,0.0,unexplained_blended,"Low coverage in a domain/season-sensitive column, but this table blends all seasons together -- check season_column_coverage for this column for the real per-season breakdown before treating this as a new finding."
Dordrecht,Dordrecht,fbref_offsides_per90,fbref,34,0,0.0,unexplained_blended,"Low coverage in a domain/season-sensitive column, but this table blends all seasons together -- check season_column_coverage for this column for the real per-season breakdown before treating this as a new finding."
Dordrecht,Dordrecht,fbref_fouls_drawn_per90,fbref,34,0,0.0,unexplained_blended,"Low coverage in a domain/season-sensitive column, but this table blends all seasons together -- check season_column_coverage for this column for the real per-season breakdown before treating this as a new finding."
Dordrecht,Dordrecht,fbref_own_goals_per90,fbref,34,0,0.0,unexplained_blended,"Low coverage in a domain/season-sensitive column, but this table blends all seasons together -- check season_column_coverage for this column for the real per-season breakdown before treating this as a new finding."
Dordrecht,Dordrecht,fbref_penalty_kicks_won_per90,fbref,34,0,0.0,unexplained_blended,"Low coverage in a domain/season-sensitive column, but this table blends all seasons together -- check season_column_coverage for this column for the real per-season breakdown before treating this as a new finding."
Dordrecht,Dordrecht,gk_penalty_kicks_faced,gk,3,0,0.0,,
Dordrecht,Dordrecht,gk_penalty_kick_save_pct,gk,3,0,0.0,,
Dordrecht,Dordrecht,gk_penalty_kicks_missed_by_opponent,gk,3,0,0.0,,
Dordrecht,Dordrecht,gk_penalty_kicks_allowed,gk,3,0,0.0,,
Dordrecht,Dordrecht,gk_penalty_kicks_saved,gk,3,0,0.0,,
Dordrecht,Dordrecht,fbref_minutes_per_start,fbref,34,0,0.0,unexplained_blended,"Low coverage in a domain/season-sensitive column, but this table blends all seasons together -- check season_column_coverage for this column for the real per-season breakdown before treating this as a new finding."
Dordrecht,Dordrecht,fbref_minutes_per_sub,fbref,34,0,0.0,unexplained_blended,"Low coverage in a domain/season-sensitive column, but this table blends all seasons together -- check season_column_coverage for this column for the real per-season breakdown before treating this as a new finding."
Dordrecht,Dordrecht,fbref_shots,fbref,34,0,0.0,unexplained_blended,"Low coverage in a domain/season-sensitive column, but this table blends all seasons together -- check season_column_coverage for this column for the real per-season breakdown before treating this as a new finding."
Dordrecht,Dordrecht,fbref_shots_on_target_pct,fbref,34,0,0.0,unexplained_blended,"Low coverage in a domain/season-sensitive column, but this table blends all seasons together -- check season_column_coverage for this column for the real per-season breakdown before treating this as a new finding."
Dordrecht,Dordrecht,fbref_shots_per90,fbref,34,0,0.0,unexplained_blended,"Low coverage in a domain/season-sensitive column, but this table blends all seasons together -- check season_column_coverage for this column for the real per-season breakdown before treating this as a new finding."
Dordrecht,Dordrecht,fbref_goals_per_shot,fbref,34,0,0.0,unexplained_blended,"Low coverage in a domain/season-sensitive column, but this table blends all seasons together -- check season_column_coverage for this column for the real per-season breakdown before treating this as a new finding."
Dordrecht,Dordrecht,fbref_second_yellow_cards,fbref,34,0,0.0,unexplained_blended,"Low coverage in a domain/season-sensitive column, but this table blends all seasons together -- check season_column_coverage for this column for the real per-season breakdown before treating this as a new finding."
Dordrecht,Dordrecht,fbref_fouls_drawn,fbref,34,0,0.0,unexplained_blended,"Low coverage in a domain/season-sensitive column, but this table blends all seasons together -- check season_column_coverage for this column for the real per-season breakdown before treating this as a new finding."
Dordrecht,Dordrecht,fbref_offsides,fbref,34,0,0.0,unexplained_blended,"Low coverage in a domain/season-sensitive column, but this table blends all seasons together -- check season_column_coverage for this column for the real per-season breakdown before treating this as a new finding."
Dordrecht,Dordrecht,fbref_crosses,fbref,34,0,0.0,unexplained_blended,"Low coverage in a domain/season-sensitive column, but this table blends all seasons together -- check season_column_coverage for this column for the real per-season breakdown before treating this as a new finding."
Dordrecht,Dordrecht,fbref_interceptions,fbref,34,0,0.0,unexplained_blended,"Low coverage in a domain/season-sensitive column, but this table blends all seasons together -- check season_column_coverage for this column for the real per-season breakdown before treating this as a new finding."
Dordrecht,Dordrecht,fbref_tackles_won,fbref,34,0,0.0,unexplained_blended,"Low coverage in a domain/season-sensitive column, but this table blends all seasons together -- check season_column_coverage for this column for the real per-season breakdown before treating this as a new finding."
Dordrecht,Dordrecht,fbref_penalty_kicks_won,fbref,34,0,0.0,unexplained_blended,"Low coverage in a domain/season-sensitive column, but this table blends all seasons together -- check season_column_coverage for this column for the real per-season breakdown before treating this as a new finding."
Dordrecht,Dordrecht,fbref_penalty_kicks_conceded,fbref,34,0,0.0,unexplained_blended,"Low coverage in a domain/season-sensitive column, but this table blends all seasons together -- check season_column_coverage for this column for the real per-season breakdown before treating this as a new finding."
Dordrecht,Dordrecht,fbref_own_goals,fbref,34,0,0.0,unexplained_blended,"Low coverage in a domain/season-sensitive column, but this table blends all seasons together -- check season_column_coverage for this column for the real per-season breakdown before treating this as a new finding."
Dordrecht,Dordrecht,fbref_second_yellow_cards_per90,fbref,34,0,0.0,unexplained_blended,"Low coverage in a domain/season-sensitive column, but this table blends all seasons together -- check season_column_coverage for this column for the real per-season breakdown before treating this as a new finding."
Dordrecht,Dordrecht,tm_foot,tm,34,15,44.1,,
Dordrecht,Dordrecht,tm_height_cm,tm,34,16,47.1,,
Dordrecht,Dordrecht,fbref_goals_per_shot_on_target,fbref,34,19,55.9,unexplained_blended,"Low coverage in a domain/season-sensitive column, but this table blends all seasons together -- check season_column_coverage for this column for the real per-season breakdown before treating this as a new finding."
Dordrecht,Dordrecht,gk_wins,gk,3,2,66.7,,
Dordrecht,Dordrecht,gk_losses,gk,3,2,66.7,,
Dordrecht,Dordrecht,gk_clean_sheets,gk,3,2,66.7,,
Dordrecht,Dordrecht,gk_saves_per90,gk,3,2,66.7,,
Dordrecht,Dordrecht,gk_clean_sheet_pct,gk,3,2,66.7,,
Dordrecht,Dordrecht,gk_goals_against,gk,3,2,66.7,,
Dordrecht,Dordrecht,gk_shots_on_target_against,gk,3,2,66.7,,
Dordrecht,Dordrecht,gk_saves,gk,3,2,66.7,,
Dordrecht,Dordrecht,gk_goals_against_per90,gk,3,2,66.7,,
Dordrecht,Dordrecht,gk_save_pct,gk,3,2,66.7,,
Dordrecht,Dordrecht,gk_draws,gk,3,2,66.7,,
Dordrecht,Dordrecht,ws_aerial_duel_win_pct,ws,34,27,79.4,unexplained_blended,"Low coverage in a domain/season-sensitive column, but this table blends all seasons together -- check season_column_coverage for this column for the real per-season breakdown before treating this as a new finding."
Dordrecht,Dordrecht,ws_take_ons_won_pct,ws,34,27,79.4,unexplained_blended,"Low coverage in a domain/season-sensitive column, but this table blends all seasons together -- check season_column_coverage for this column for the real per-season breakdown before treating this as a new finding."
Dordrecht,Dordrecht,ws_tackles_won_per90,ws,34,29,85.3,,
Dordrecht,Dordrecht,ws_tackles_per90,ws,34,29,85.3,,
Dordrecht,Dordrecht,ws_dispossessed_per90,ws,34,29,85.3,,
Dordrecht,Dordrecht,ws_take_ons_won_per90,ws,34,29,85.3,,
Dordrecht,Dordrecht,ws_take_ons_per90,ws,34,29,85.3,,
Dordrecht,Dordrecht,ws_touches_att_pen_area_per90,ws,34,29,85.3,,
Dordrecht,Dordrecht,ws_touches_def_pen_area_per90,ws,34,29,85.3,,
Dordrecht,Dordrecht,ws_touches_att_3rd_per90,ws,34,29,85.3,,
Dordrecht,Dordrecht,ws_touches_mid_3rd_per90,ws,34,29,85.3,,
Dordrecht,Dordrecht,ws_touches_def_3rd_per90,ws,34,29,85.3,,
Dordrecht,Dordrecht,ws_touches_per90,ws,34,29,85.3,,
Dordrecht,Dordrecht,ws_passes_completed_per90,ws,34,29,85.3,,
Dordrecht,Dordrecht,ws_aerials_won_per90,ws,34,29,85.3,,
Dordrecht,Dordrecht,ws_aerials_per90,ws,34,29,85.3,,
Dordrecht,Dordrecht,ws_pen_area_entries_per90,ws,34,29,85.3,,
Dordrecht,Dordrecht,ws_final_third_entries_per90,ws,34,29,85.3,,
Dordrecht,Dordrecht,ws_errors_per90,ws,34,29,85.3,,
Dordrecht,Dordrecht,ws_dribbled_past_per90,ws,34,29,85.3,,
Dordrecht,Dordrecht,ws_clearances_per90,ws,34,29,85.3,,
Dordrecht,Dordrecht,ws_interceptions_att_3rd_per90,ws,34,29,85.3,,
Dordrecht,Dordrecht,ws_passes_pct,ws,34,29,85.3,,
Dordrecht,Dordrecht,ws_passes_per90,ws,34,29,85.3,,
Dordrecht,Dordrecht,fbref_fouls_committed_per90,fbref,34,29,85.3,,
Dordrecht,Dordrecht,fbref_red_cards_per90,fbref,34,29,85.3,,
Dordrecht,Dordrecht,fbref_yellow_cards_per90,fbref,34,29,85.3,,
Dordrecht,Dordrecht,ws_ground_duel_win_pct,ws,34,29,85.3,,
Dordrecht,Dordrecht,ws_interceptions_mid_3rd_per90,ws,34,29,85.3,,
Dordrecht,Dordrecht,ws_interceptions_def_3rd_per90,ws,34,29,85.3,,
Dordrecht,Dordrecht,ws_interceptions_per90,ws,34,29,85.3,,
Dordrecht,Dordrecht,ws_tackles_mid_3rd_per90,ws,34,29,85.3,,
Dordrecht,Dordrecht,ws_tackles_att_3rd_per90,ws,34,29,85.3,,
Dordrecht,Dordrecht,ws_tackles_def_3rd_per90,ws,34,29,85.3,,
Dordrecht,Dordrecht,ws_interceptions_def_3rd,ws,34,30,88.2,,
Dordrecht,Dordrecht,ws_tackles,ws,34,30,88.2,,
Dordrecht,Dordrecht,ws_take_ons_won,ws,34,30,88.2,,
Dordrecht,Dordrecht,ws_touches_def_3rd,ws,34,30,88.2,,
Dordrecht,Dordrecht,ws_take_ons,ws,34,30,88.2,,
Dordrecht,Dordrecht,ws_touches_att_pen_area,ws,34,30,88.2,,
Dordrecht,Dordrecht,ws_whoscored_player_id,ws,34,30,88.2,,
Dordrecht,Dordrecht,ws_matches_with_data,ws,34,30,88.2,,
Dordrecht,Dordrecht,ws_passes,ws,34,30,88.2,,
Dordrecht,Dordrecht,ws_passes_completed,ws,34,30,88.2,,
Dordrecht,Dordrecht,ws_touches,ws,34,30,88.2,,
Dordrecht,Dordrecht,ws_touches_def_pen_area,ws,34,30,88.2,,
Dordrecht,Dordrecht,ws_touches_att_3rd,ws,34,30,88.2,,
Dordrecht,Dordrecht,ws_touches_mid_3rd,ws,34,30,88.2,,
Dordrecht,Dordrecht,ws_dispossessed,ws,34,30,88.2,,
Dordrecht,Dordrecht,ws_tackles_won,ws,34,30,88.2,,
Dordrecht,Dordrecht,ws_tackles_def_3rd,ws,34,30,88.2,,
Dordrecht,Dordrecht,ws_tackles_mid_3rd,ws,34,30,88.2,,
Dordrecht,Dordrecht,ws_tackles_att_3rd,ws,34,30,88.2,,
Dordrecht,Dordrecht,ws_interceptions,ws,34,30,88.2,,
Dordrecht,Dordrecht,ws_interceptions_mid_3rd,ws,34,30,88.2,,
Dordrecht,Dordrecht,ws_interceptions_att_3rd,ws,34,30,88.2,,
Dordrecht,Dordrecht,ws_clearances,ws,34,30,88.2,,
Dordrecht,Dordrecht,ws_dribbled_past,ws,34,30,88.2,,
Dordrecht,Dordrecht,ws_errors,ws,34,30,88.2,,
Dordrecht,Dordrecht,ws_final_third_entries,ws,34,30,88.2,,
Dordrecht,Dordrecht,ws_pen_area_entries,ws,34,30,88.2,,
Dordrecht,Dordrecht,ws_aerials,ws,34,30,88.2,,
Dordrecht,Dordrecht,ws_aerials_won,ws,34,30,88.2,,
Dordrecht,Dordrecht,fbref_yellow_cards,fbref,34,31,91.2,,
Dordrecht,Dordrecht,fbref_plus_minus_per90,fbref,34,31,91.2,,
Dordrecht,Dordrecht,fbref_plus_minus,fbref,34,31,91.2,,
Dordrecht,Dordrecht,fbref_team_goals_against_while_on_pitch,fbref,34,31,91.2,,
Dordrecht,Dordrecht,fbref_team_goals_while_on_pitch,fbref,34,31,91.2,,
Dordrecht,Dordrecht,fbref_points_per_match,fbref,34,31,91.2,,
Dordrecht,Dordrecht,fbref_nineties,fbref,34,31,91.2,,
Dordrecht,Dordrecht,fbref_minutes_pct,fbref,34,31,91.2,,
Dordrecht,Dordrecht,fbref_minutes_per_match,fbref,34,31,91.2,,
Dordrecht,Dordrecht,fbref_minutes,fbref,34,31,91.2,,
Dordrecht,Dordrecht,fbref_fouls_committed,fbref,34,31,91.2,,
Dordrecht,Dordrecht,fbref_red_cards,fbref,34,31,91.2,,
Dordrecht,Dordrecht,fbref_shots_on_target_per90,fbref,34,31,91.2,,
Dordrecht,Dordrecht,fbref_shots_on_target,fbref,34,31,91.2,,
Dordrecht,Dordrecht,fbref_non_penalty_goals_plus_assists_per90,fbref,34,31,91.2,,
Dordrecht,Dordrecht,fbref_non_penalty_goals_per90,fbref,34,31,91.2,,
Dordrecht,Dordrecht,fbref_goals_plus_assists_per90,fbref,34,31,91.2,,
Dordrecht,Dordrecht,fbref_assists_per90,fbref,34,31,91.2,,
Dordrecht,Dordrecht,fbref_goals_per90,fbref,34,31,91.2,,
Dordrecht,Dordrecht,fbref_penalty_attempts,fbref,34,31,91.2,,
Dordrecht,Dordrecht,fbref_penalty_goals,fbref,34,31,91.2,,
Dordrecht,Dordrecht,fbref_non_penalty_goals,fbref,34,31,91.2,,
Dordrecht,Dordrecht,fbref_goals_plus_assists,fbref,34,31,91.2,,
Dordrecht,Dordrecht,fbref_assists,fbref,34,31,91.2,,
Dordrecht,Dordrecht,fbref_goals,fbref,34,31,91.2,,
Dordrecht,Dordrecht,fbref_on_off,fbref,34,31,91.2,,
Dordrecht,Dordrecht,fbref_age,fbref,34,34,100.0,,
Dordrecht,Dordrecht,fbref_born,fbref,34,34,100.0,,
Dordrecht,Dordrecht,fbref_matches_played,fbref,34,34,100.0,,
Dordrecht,Dordrecht,fbref_starts,fbref,34,34,100.0,,
Dordrecht,Dordrecht,fbref_complete_matches,fbref,34,34,100.0,,
Dordrecht,Dordrecht,fbref_substitute_appearances,fbref,34,34,100.0,,
Dordrecht,Dordrecht,fbref_unused_sub,fbref,34,34,100.0,,
Dordrecht,Dordrecht,fbref_nation,fbref,34,34,100.0,,
Dordrecht,Dordrecht,fbref_position,fbref,34,34,100.0,,
Emmen,Emmen,fbref_penalty_kicks_conceded,fbref,145,0,0.0,unexplained_blended,"Low coverage in a domain/season-sensitive column, but this table blends all seasons together -- check season_column_coverage for this column for the real per-season breakdown before treating this as a new finding."
Emmen,Emmen,fbref_penalty_kicks_won_per90,fbref,145,0,0.0,unexplained_blended,"Low coverage in a domain/season-sensitive column, but this table blends all seasons together -- check season_column_coverage for this column for the real per-season breakdown before treating this as a new finding."
Emmen,Emmen,fbref_penalty_kicks_conceded_per90,fbref,145,0,0.0,unexplained_blended,"Low coverage in a domain/season-sensitive column, but this table blends all seasons together -- check season_column_coverage for this column for the real per-season breakdown before treating this as a new finding."
Emmen,Emmen,fbref_penalty_kicks_won,fbref,145,0,0.0,unexplained_blended,"Low coverage in a domain/season-sensitive column, but this table blends all seasons together -- check season_column_coverage for this column for the real per-season breakdown before treating this as a new finding."
Emmen,Emmen,gk_saves_per90,gk,21,6,28.6,,
Emmen,Emmen,gk_shots_on_target_against,gk,21,6,28.6,,
Emmen,Emmen,gk_saves,gk,21,6,28.6,,
Emmen,Emmen,gk_save_pct,gk,21,6,28.6,,
Emmen,Emmen,gk_penalty_kick_save_pct,gk,21,6,28.6,,
Emmen,Emmen,gk_clean_sheet_pct,gk,21,7,33.3,,
Emmen,Emmen,gk_penalty_kicks_missed_by_opponent,gk,21,8,38.1,,
Emmen,Emmen,gk_losses,gk,21,8,38.1,,
Emmen,Emmen,gk_penalty_kicks_allowed,gk,21,8,38.1,,
Emmen,Emmen,gk_wins,gk,21,8,38.1,,
Emmen,Emmen,gk_clean_sheets,gk,21,8,38.1,,
Emmen,Emmen,gk_penalty_kicks_faced,gk,21,8,38.1,,
Emmen,Emmen,gk_penalty_kicks_saved,gk,21,8,38.1,,
Emmen,Emmen,gk_goals_against,gk,21,8,38.1,,
Emmen,Emmen,gk_goals_against_per90,gk,21,8,38.1,,
Emmen,Emmen,gk_draws,gk,21,8,38.1,,
Emmen,Emmen,tm_foot,tm,145,57,39.3,,
Emmen,Emmen,fbref_goals_per_shot_on_target,fbref,145,58,40.0,unexplained_blended,"Low coverage in a domain/season-sensitive column, but this table blends all seasons together -- check season_column_coverage for this column for the real per-season breakdown before treating this as a new finding."
Emmen,Emmen,tm_height_cm,tm,145,60,41.4,,
Emmen,Emmen,fbref_shots_on_target_pct,fbref,145,72,49.7,unexplained_blended,"Low coverage in a domain/season-sensitive column, but this table blends all seasons together -- check season_column_coverage for this column for the real per-season breakdown before treating this as a new finding."
Emmen,Emmen,fbref_goals_per_shot,fbref,145,72,49.7,unexplained_blended,"Low coverage in a domain/season-sensitive column, but this table blends all seasons together -- check season_column_coverage for this column for the real per-season breakdown before treating this as a new finding."
Emmen,Emmen,fbref_tackles_won_per90,fbref,145,90,62.1,unexplained_blended,"Low coverage in a domain/season-sensitive column, but this table blends all seasons together -- check season_column_coverage for this column for the real per-season breakdown before treating this as a new finding."
Emmen,Emmen,fbref_fouls_drawn_per90,fbref,145,90,62.1,unexplained_blended,"Low coverage in a domain/season-sensitive column, but this table blends all seasons together -- check season_column_coverage for this column for the real per-season breakdown before treating this as a new finding."
Emmen,Emmen,fbref_interceptions_per90,fbref,145,90,62.1,unexplained_blended,"Low coverage in a domain/season-sensitive column, but this table blends all seasons together -- check season_column_coverage for this column for the real per-season breakdown before treating this as a new finding."
Emmen,Emmen,fbref_crosses_per90,fbref,145,90,62.1,unexplained_blended,"Low coverage in a domain/season-sensitive column, but this table blends all seasons together -- check season_column_coverage for this column for the real per-season breakdown before treating this as a new finding."
Emmen,Emmen,fbref_offsides_per90,fbref,145,90,62.1,unexplained_blended,"Low coverage in a domain/season-sensitive column, but this table blends all seasons together -- check season_column_coverage for this column for the real per-season breakdown before treating this as a new finding."
Emmen,Emmen,fbref_fouls_committed_per90,fbref,145,90,62.1,unexplained_blended,"Low coverage in a domain/season-sensitive column, but this table blends all seasons together -- check season_column_coverage for this column for the real per-season breakdown before treating this as a new finding."
Emmen,Emmen,fbref_shots_on_target_per90,fbref,145,91,62.8,unexplained_blended,"Low coverage in a domain/season-sensitive column, but this table blends all seasons together -- check season_column_coverage for this column for the real per-season breakdown before treating this as a new finding."
Emmen,Emmen,fbref_tackles_won,fbref,145,91,62.8,unexplained_blended,"Low coverage in a domain/season-sensitive column, but this table blends all seasons together -- check season_column_coverage for this column for the real per-season breakdown before treating this as a new finding."
Emmen,Emmen,fbref_interceptions,fbref,145,91,62.8,unexplained_blended,"Low coverage in a domain/season-sensitive column, but this table blends all seasons together -- check season_column_coverage for this column for the real per-season breakdown before treating this as a new finding."
Emmen,Emmen,fbref_crosses,fbref,145,91,62.8,unexplained_blended,"Low coverage in a domain/season-sensitive column, but this table blends all seasons together -- check season_column_coverage for this column for the real per-season breakdown before treating this as a new finding."
Emmen,Emmen,fbref_offsides,fbref,145,91,62.8,unexplained_blended,"Low coverage in a domain/season-sensitive column, but this table blends all seasons together -- check season_column_coverage for this column for the real per-season breakdown before treating this as a new finding."
Emmen,Emmen,fbref_fouls_drawn,fbref,145,91,62.8,unexplained_blended,"Low coverage in a domain/season-sensitive column, but this table blends all seasons together -- check season_column_coverage for this column for the real per-season breakdown before treating this as a new finding."
Emmen,Emmen,fbref_fouls_committed,fbref,145,91,62.8,unexplained_blended,"Low coverage in a domain/season-sensitive column, but this table blends all seasons together -- check season_column_coverage for this column for the real per-season breakdown before treating this as a new finding."
Emmen,Emmen,fbref_shots_per90,fbref,145,91,62.8,unexplained_blended,"Low coverage in a domain/season-sensitive column, but this table blends all seasons together -- check season_column_coverage for this column for the real per-season breakdown before treating this as a new finding."
Emmen,Emmen,fbref_shots_on_target,fbref,145,91,62.8,unexplained_blended,"Low coverage in a domain/season-sensitive column, but this table blends all seasons together -- check season_column_coverage for this column for the real per-season breakdown before treating this as a new finding."
Emmen,Emmen,fbref_shots,fbref,145,91,62.8,unexplained_blended,"Low coverage in a domain/season-sensitive column, but this table blends all seasons together -- check season_column_coverage for this column for the real per-season breakdown before treating this as a new finding."
Emmen,Emmen,fbref_minutes_per_sub,fbref,145,91,62.8,unexplained_blended,"Low coverage in a domain/season-sensitive column, but this table blends all seasons together -- check season_column_coverage for this column for the real per-season breakdown before treating this as a new finding."
Emmen,Emmen,fbref_minutes_per_start,fbref,145,95,65.5,unexplained_blended,"Low coverage in a domain/season-sensitive column, but this table blends all seasons together -- check season_column_coverage for this column for the real per-season breakdown before treating this as a new finding."
Emmen,Emmen,ws_take_ons_won_pct,ws,145,104,71.7,unexplained_blended,"Low coverage in a domain/season-sensitive column, but this table blends all seasons together -- check season_column_coverage for this column for the real per-season breakdown before treating this as a new finding."
Emmen,Emmen,ws_aerial_duel_win_pct,ws,145,110,75.9,unexplained_blended,"Low coverage in a domain/season-sensitive column, but this table blends all seasons together -- check season_column_coverage for this column for the real per-season breakdown before treating this as a new finding."
Emmen,Emmen,ws_ground_duel_win_pct,ws,145,111,76.6,unexplained_blended,"Low coverage in a domain/season-sensitive column, but this table blends all seasons together -- check season_column_coverage for this column for the real per-season breakdown before treating this as a new finding."
Emmen,Emmen,ws_aerials_per90,ws,145,117,80.7,,
Emmen,Emmen,ws_pen_area_entries_per90,ws,145,117,80.7,,
Emmen,Emmen,ws_final_third_entries_per90,ws,145,117,80.7,,
Emmen,Emmen,ws_errors_per90,ws,145,117,80.7,,
Emmen,Emmen,ws_dribbled_past_per90,ws,145,117,80.7,,
Emmen,Emmen,ws_clearances_per90,ws,145,117,80.7,,
Emmen,Emmen,ws_interceptions_att_3rd_per90,ws,145,117,80.7,,
Emmen,Emmen,ws_interceptions_mid_3rd_per90,ws,145,117,80.7,,
Emmen,Emmen,ws_interceptions_def_3rd_per90,ws,145,117,80.7,,
Emmen,Emmen,ws_interceptions_per90,ws,145,117,80.7,,
Emmen,Emmen,ws_tackles_att_3rd_per90,ws,145,117,80.7,,
Emmen,Emmen,ws_tackles_mid_3rd_per90,ws,145,117,80.7,,
Emmen,Emmen,ws_tackles_def_3rd_per90,ws,145,117,80.7,,
Emmen,Emmen,fbref_second_yellow_cards_per90,fbref,145,117,80.7,,
Emmen,Emmen,ws_tackles_per90,ws,145,117,80.7,,
Emmen,Emmen,ws_dispossessed_per90,ws,145,117,80.7,,
Emmen,Emmen,ws_take_ons_won_per90,ws,145,117,80.7,,
Emmen,Emmen,ws_take_ons_per90,ws,145,117,80.7,,
Emmen,Emmen,ws_touches_att_pen_area_per90,ws,145,117,80.7,,
Emmen,Emmen,ws_touches_def_pen_area_per90,ws,145,117,80.7,,
Emmen,Emmen,ws_touches_att_3rd_per90,ws,145,117,80.7,,
Emmen,Emmen,ws_touches_mid_3rd_per90,ws,145,117,80.7,,
Emmen,Emmen,ws_touches_def_3rd_per90,ws,145,117,80.7,,
Emmen,Emmen,ws_touches_per90,ws,145,117,80.7,,
Emmen,Emmen,ws_passes_completed_per90,ws,145,117,80.7,,
Emmen,Emmen,ws_passes_per90,ws,145,117,80.7,,
Emmen,Emmen,fbref_points_per_match,fbref,145,117,80.7,,
Emmen,Emmen,fbref_own_goals_per90,fbref,145,117,80.7,,
Emmen,Emmen,ws_tackles_won_per90,ws,145,117,80.7,,
Emmen,Emmen,fbref_red_cards_per90,fbref,145,117,80.7,,
Emmen,Emmen,fbref_yellow_cards_per90,fbref,145,117,80.7,,
Emmen,Emmen,ws_aerials_won_per90,ws,145,117,80.7,,
Emmen,Emmen,ws_passes_pct,ws,145,118,81.4,,
Emmen,Emmen,fbref_on_off,fbref,145,118,81.4,,
Emmen,Emmen,fbref_non_penalty_goals_per90,fbref,145,119,82.1,,
Emmen,Emmen,ws_aerials,ws,145,119,82.1,,
Emmen,Emmen,ws_pen_area_entries,ws,145,119,82.1,,
Emmen,Emmen,ws_final_third_entries,ws,145,119,82.1,,
Emmen,Emmen,ws_errors,ws,145,119,82.1,,
Emmen,Emmen,ws_dribbled_past,ws,145,119,82.1,,
Emmen,Emmen,ws_clearances,ws,145,119,82.1,,
Emmen,Emmen,ws_interceptions_att_3rd,ws,145,119,82.1,,
Emmen,Emmen,ws_interceptions_mid_3rd,ws,145,119,82.1,,
Emmen,Emmen,ws_interceptions_def_3rd,ws,145,119,82.1,,
Emmen,Emmen,ws_interceptions,ws,145,119,82.1,,
Emmen,Emmen,ws_tackles_att_3rd,ws,145,119,82.1,,
Emmen,Emmen,ws_tackles_mid_3rd,ws,145,119,82.1,,
Emmen,Emmen,ws_tackles_def_3rd,ws,145,119,82.1,,
Emmen,Emmen,fbref_minutes_per_match,fbref,145,119,82.1,,
Emmen,Emmen,fbref_minutes,fbref,145,119,82.1,,
Emmen,Emmen,ws_tackles_won,ws,145,119,82.1,,
Emmen,Emmen,fbref_own_goals,fbref,145,119,82.1,,
Emmen,Emmen,fbref_second_yellow_cards,fbref,145,119,82.1,,
Emmen,Emmen,fbref_red_cards,fbref,145,119,82.1,,
Emmen,Emmen,fbref_yellow_cards,fbref,145,119,82.1,,
Emmen,Emmen,fbref_non_penalty_goals_plus_assists_per90,fbref,145,119,82.1,,
Emmen,Emmen,ws_aerials_won,ws,145,119,82.1,,
Emmen,Emmen,ws_touches,ws,145,119,82.1,,
Emmen,Emmen,ws_passes_completed,ws,145,119,82.1,,
Emmen,Emmen,ws_passes,ws,145,119,82.1,,
Emmen,Emmen,ws_matches_with_data,ws,145,119,82.1,,
Emmen,Emmen,ws_whoscored_player_id,ws,145,119,82.1,,
Emmen,Emmen,ws_tackles,ws,145,119,82.1,,
Emmen,Emmen,ws_dispossessed,ws,145,119,82.1,,
Emmen,Emmen,ws_take_ons_won,ws,145,119,82.1,,
Emmen,Emmen,ws_take_ons,ws,145,119,82.1,,
Emmen,Emmen,ws_touches_att_pen_area,ws,145,119,82.1,,
Emmen,Emmen,ws_touches_def_pen_area,ws,145,119,82.1,,
Emmen,Emmen,ws_touches_att_3rd,ws,145,119,82.1,,
Emmen,Emmen,ws_touches_mid_3rd,ws,145,119,82.1,,
Emmen,Emmen,ws_touches_def_3rd,ws,145,119,82.1,,
Emmen,Emmen,fbref_goals_plus_assists_per90,fbref,145,119,82.1,,
Emmen,Emmen,fbref_assists_per90,fbref,145,119,82.1,,
Emmen,Emmen,fbref_goals_per90,fbref,145,119,82.1,,
Emmen,Emmen,fbref_penalty_attempts,fbref,145,119,82.1,,
Emmen,Emmen,fbref_penalty_goals,fbref,145,119,82.1,,
Emmen,Emmen,fbref_non_penalty_goals,fbref,145,119,82.1,,
Emmen,Emmen,fbref_goals_plus_assists,fbref,145,119,82.1,,
Emmen,Emmen,fbref_assists,fbref,145,119,82.1,,
Emmen,Emmen,fbref_goals,fbref,145,119,82.1,,
Emmen,Emmen,fbref_plus_minus_per90,fbref,145,119,82.1,,
Emmen,Emmen,fbref_plus_minus,fbref,145,119,82.1,,
Emmen,Emmen,fbref_team_goals_against_while_on_pitch,fbref,145,119,82.1,,
Emmen,Emmen,fbref_team_goals_while_on_pitch,fbref,145,119,82.1,,
Emmen,Emmen,fbref_nineties,fbref,145,119,82.1,,
Emmen,Emmen,fbref_minutes_pct,fbref,145,119,82.1,,
Emmen,Emmen,fbref_complete_matches,fbref,145,140,96.6,,
Emmen,Emmen,fbref_nation,fbref,145,144,99.3,,
Emmen,Emmen,fbref_age,fbref,145,144,99.3,,
Emmen,Emmen,fbref_born,fbref,145,144,99.3,,
Emmen,Emmen,fbref_unused_sub,fbref,145,145,100.0,,
Emmen,Emmen,fbref_position,fbref,145,145,100.0,,
Emmen,Emmen,fbref_starts,fbref,145,145,100.0,,
Emmen,Emmen,fbref_substitute_appearances,fbref,145,145,100.0,,
Emmen,Emmen,fbref_matches_played,fbref,145,145,100.0,,
Excelsior,Excelsior,fbref_penalty_kicks_won_per90,fbref,293,48,16.4,unexplained_blended,"Low coverage in a domain/season-sensitive column, but this table blends all seasons together -- check season_column_coverage for this column for the real per-season breakdown before treating this as a new finding."
Excelsior,Excelsior,fbref_penalty_kicks_conceded_per90,fbref,293,48,16.4,unexplained_blended,"Low coverage in a domain/season-sensitive column, but this table blends all seasons together -- check season_column_coverage for this column for the real per-season breakdown before treating this as a new finding."
Excelsior,Excelsior,fbref_penalty_kicks_conceded,fbref,293,49,16.7,unexplained_blended,"Low coverage in a domain/season-sensitive column, but this table blends all seasons together -- check season_column_coverage for this column for the real per-season breakdown before treating this as a new finding."
Excelsior,Excelsior,fbref_penalty_kicks_won,fbref,293,49,16.7,unexplained_blended,"Low coverage in a domain/season-sensitive column, but this table blends all seasons together -- check season_column_coverage for this column for the real per-season breakdown before treating this as a new finding."
Excelsior,Excelsior,fbref_goals_per_shot,fbref,293,73,24.9,unexplained_blended,"Low coverage in a domain/season-sensitive column, but this table blends all seasons together -- check season_column_coverage for this column for the real per-season breakdown before treating this as a new finding."
Excelsior,Excelsior,gk_penalty_kick_save_pct,gk,35,10,28.6,,
Excelsior,Excelsior,fbref_minutes_per_sub,fbref,293,90,30.7,unexplained_blended,"Low coverage in a domain/season-sensitive column, but this table blends all seasons together -- check season_column_coverage for this column for the real per-season breakdown before treating this as a new finding."
Excelsior,Excelsior,fbref_minutes_per_start,fbref,293,95,32.4,unexplained_blended,"Low coverage in a domain/season-sensitive column, but this table blends all seasons together -- check season_column_coverage for this column for the real per-season breakdown before treating this as a new finding."
Excelsior,Excelsior,gk_penalty_kicks_missed_by_opponent,gk,35,13,37.1,,
Excelsior,Excelsior,gk_penalty_kicks_allowed,gk,35,13,37.1,,
Excelsior,Excelsior,gk_penalty_kicks_saved,gk,35,13,37.1,,
Excelsior,Excelsior,gk_penalty_kicks_faced,gk,35,13,37.1,,
Excelsior,Excelsior,fbref_fouls_drawn_per90,fbref,293,133,45.4,unexplained_blended,"Low coverage in a domain/season-sensitive column, but this table blends all seasons together -- check season_column_coverage for this column for the real per-season breakdown before treating this as a new finding."
Excelsior,Excelsior,fbref_offsides_per90,fbref,293,133,45.4,unexplained_blended,"Low coverage in a domain/season-sensitive column, but this table blends all seasons together -- check season_column_coverage for this column for the real per-season breakdown before treating this as a new finding."
Excelsior,Excelsior,fbref_crosses_per90,fbref,293,133,45.4,unexplained_blended,"Low coverage in a domain/season-sensitive column, but this table blends all seasons together -- check season_column_coverage for this column for the real per-season breakdown before treating this as a new finding."
Excelsior,Excelsior,fbref_interceptions_per90,fbref,293,133,45.4,unexplained_blended,"Low coverage in a domain/season-sensitive column, but this table blends all seasons together -- check season_column_coverage for this column for the real per-season breakdown before treating this as a new finding."
Excelsior,Excelsior,fbref_tackles_won_per90,fbref,293,133,45.4,unexplained_blended,"Low coverage in a domain/season-sensitive column, but this table blends all seasons together -- check season_column_coverage for this column for the real per-season breakdown before treating this as a new finding."
Excelsior,Excelsior,fbref_offsides,fbref,293,135,46.1,unexplained_blended,"Low coverage in a domain/season-sensitive column, but this table blends all seasons together -- check season_column_coverage for this column for the real per-season breakdown before treating this as a new finding."
Excelsior,Excelsior,fbref_fouls_drawn,fbref,293,135,46.1,unexplained_blended,"Low coverage in a domain/season-sensitive column, but this table blends all seasons together -- check season_column_coverage for this column for the real per-season breakdown before treating this as a new finding."
Excelsior,Excelsior,fbref_shots_per90,fbref,293,135,46.1,unexplained_blended,"Low coverage in a domain/season-sensitive column, but this table blends all seasons together -- check season_column_coverage for this column for the real per-season breakdown before treating this as a new finding."
Excelsior,Excelsior,fbref_tackles_won,fbref,293,135,46.1,unexplained_blended,"Low coverage in a domain/season-sensitive column, but this table blends all seasons together -- check season_column_coverage for this column for the real per-season breakdown before treating this as a new finding."
Excelsior,Excelsior,fbref_interceptions,fbref,293,135,46.1,unexplained_blended,"Low coverage in a domain/season-sensitive column, but this table blends all seasons together -- check season_column_coverage for this column for the real per-season breakdown before treating this as a new finding."
Excelsior,Excelsior,fbref_crosses,fbref,293,135,46.1,unexplained_blended,"Low coverage in a domain/season-sensitive column, but this table blends all seasons together -- check season_column_coverage for this column for the real per-season breakdown before treating this as a new finding."
Excelsior,Excelsior,fbref_second_yellow_cards_per90,fbref,293,156,53.2,unexplained_blended,"Low coverage in a domain/season-sensitive column, but this table blends all seasons together -- check season_column_coverage for this column for the real per-season breakdown before treating this as a new finding."
Excelsior,Excelsior,fbref_own_goals_per90,fbref,293,156,53.2,unexplained_blended,"Low coverage in a domain/season-sensitive column, but this table blends all seasons together -- check season_column_coverage for this column for the real per-season breakdown before treating this as a new finding."
Excelsior,Excelsior,tm_foot,tm,293,156,53.2,,
Excelsior,Excelsior,tm_height_cm,tm,293,159,54.3,,
Excelsior,Excelsior,fbref_own_goals,fbref,293,159,54.3,unexplained_blended,"Low coverage in a domain/season-sensitive column, but this table blends all seasons together -- check season_column_coverage for this column for the real per-season breakdown before treating this as a new finding."
Excelsior,Excelsior,fbref_second_yellow_cards,fbref,293,159,54.3,unexplained_blended,"Low coverage in a domain/season-sensitive column, but this table blends all seasons together -- check season_column_coverage for this column for the real per-season breakdown before treating this as a new finding."
Excelsior,Excelsior,gk_clean_sheet_pct,gk,35,20,57.1,,
Excelsior,Excelsior,gk_save_pct,gk,35,20,57.1,,
Excelsior,Excelsior,gk_saves,gk,35,20,57.1,,
Excelsior,Excelsior,gk_shots_on_target_against,gk,35,20,57.1,,
Excelsior,Excelsior,gk_saves_per90,gk,35,20,57.1,,
Excelsior,Excelsior,fbref_goals_per_shot_on_target,fbref,293,171,58.4,unexplained_blended,"Low coverage in a domain/season-sensitive column, but this table blends all seasons together -- check season_column_coverage for this column for the real per-season breakdown before treating this as a new finding."
Excelsior,Excelsior,ws_take_ons_won_pct,ws,293,172,58.7,unexplained_blended,"Low coverage in a domain/season-sensitive column, but this table blends all seasons together -- check season_column_coverage for this column for the real per-season breakdown before treating this as a new finding."
Excelsior,Excelsior,fbref_shots_on_target_pct,fbref,293,172,58.7,unexplained_blended,"Low coverage in a domain/season-sensitive column, but this table blends all seasons together -- check season_column_coverage for this column for the real per-season breakdown before treating this as a new finding."
Excelsior,Excelsior,gk_losses,gk,35,22,62.9,,
Excelsior,Excelsior,gk_goals_against_per90,gk,35,22,62.9,,
Excelsior,Excelsior,gk_wins,gk,35,22,62.9,,
Excelsior,Excelsior,gk_clean_sheets,gk,35,22,62.9,,
Excelsior,Excelsior,gk_goals_against,gk,35,22,62.9,,
Excelsior,Excelsior,gk_draws,gk,35,22,62.9,,
Excelsior,Excelsior,ws_ground_duel_win_pct,ws,293,190,64.8,unexplained_blended,"Low coverage in a domain/season-sensitive column, but this table blends all seasons together -- check season_column_coverage for this column for the real per-season breakdown before treating this as a new finding."
Excelsior,Excelsior,ws_aerial_duel_win_pct,ws,293,198,67.6,unexplained_blended,"Low coverage in a domain/season-sensitive column, but this table blends all seasons together -- check season_column_coverage for this column for the real per-season breakdown before treating this as a new finding."
Excelsior,Excelsior,ws_aerials_won_per90,ws,293,204,69.6,unexplained_blended,"Low coverage in a domain/season-sensitive column, but this table blends all seasons together -- check season_column_coverage for this column for the real per-season breakdown before treating this as a new finding."
Excelsior,Excelsior,ws_passes_per90,ws,293,204,69.6,unexplained_blended,"Low coverage in a domain/season-sensitive column, but this table blends all seasons together -- check season_column_coverage for this column for the real per-season breakdown before treating this as a new finding."
Excelsior,Excelsior,ws_passes_completed_per90,ws,293,204,69.6,unexplained_blended,"Low coverage in a domain/season-sensitive column, but this table blends all seasons together -- check season_column_coverage for this column for the real per-season breakdown before treating this as a new finding."
Excelsior,Excelsior,ws_touches_per90,ws,293,204,69.6,unexplained_blended,"Low coverage in a domain/season-sensitive column, but this table blends all seasons together -- check season_column_coverage for this column for the real per-season breakdown before treating this as a new finding."
Excelsior,Excelsior,ws_touches_def_3rd_per90,ws,293,204,69.6,unexplained_blended,"Low coverage in a domain/season-sensitive column, but this table blends all seasons together -- check season_column_coverage for this column for the real per-season breakdown before treating this as a new finding."
Excelsior,Excelsior,ws_touches_mid_3rd_per90,ws,293,204,69.6,unexplained_blended,"Low coverage in a domain/season-sensitive column, but this table blends all seasons together -- check season_column_coverage for this column for the real per-season breakdown before treating this as a new finding."
Excelsior,Excelsior,ws_touches_att_3rd_per90,ws,293,204,69.6,unexplained_blended,"Low coverage in a domain/season-sensitive column, but this table blends all seasons together -- check season_column_coverage for this column for the real per-season breakdown before treating this as a new finding."
Excelsior,Excelsior,ws_touches_def_pen_area_per90,ws,293,204,69.6,unexplained_blended,"Low coverage in a domain/season-sensitive column, but this table blends all seasons together -- check season_column_coverage for this column for the real per-season breakdown before treating this as a new finding."
Excelsior,Excelsior,ws_touches_att_pen_area_per90,ws,293,204,69.6,unexplained_blended,"Low coverage in a domain/season-sensitive column, but this table blends all seasons together -- check season_column_coverage for this column for the real per-season breakdown before treating this as a new finding."
Excelsior,Excelsior,ws_take_ons_per90,ws,293,204,69.6,unexplained_blended,"Low coverage in a domain/season-sensitive column, but this table blends all seasons together -- check season_column_coverage for this column for the real per-season breakdown before treating this as a new finding."
Excelsior,Excelsior,ws_take_ons_won_per90,ws,293,204,69.6,unexplained_blended,"Low coverage in a domain/season-sensitive column, but this table blends all seasons together -- check season_column_coverage for this column for the real per-season breakdown before treating this as a new finding."
Excelsior,Excelsior,ws_dispossessed_per90,ws,293,204,69.6,unexplained_blended,"Low coverage in a domain/season-sensitive column, but this table blends all seasons together -- check season_column_coverage for this column for the real per-season breakdown before treating this as a new finding."
Excelsior,Excelsior,ws_tackles_per90,ws,293,204,69.6,unexplained_blended,"Low coverage in a domain/season-sensitive column, but this table blends all seasons together -- check season_column_coverage for this column for the real per-season breakdown before treating this as a new finding."
Excelsior,Excelsior,ws_tackles_won_per90,ws,293,204,69.6,unexplained_blended,"Low coverage in a domain/season-sensitive column, but this table blends all seasons together -- check season_column_coverage for this column for the real per-season breakdown before treating this as a new finding."
Excelsior,Excelsior,ws_tackles_def_3rd_per90,ws,293,204,69.6,unexplained_blended,"Low coverage in a domain/season-sensitive column, but this table blends all seasons together -- check season_column_coverage for this column for the real per-season breakdown before treating this as a new finding."
Excelsior,Excelsior,ws_tackles_mid_3rd_per90,ws,293,204,69.6,unexplained_blended,"Low coverage in a domain/season-sensitive column, but this table blends all seasons together -- check season_column_coverage for this column for the real per-season breakdown before treating this as a new finding."
Excelsior,Excelsior,ws_tackles_att_3rd_per90,ws,293,204,69.6,unexplained_blended,"Low coverage in a domain/season-sensitive column, but this table blends all seasons together -- check season_column_coverage for this column for the real per-season breakdown before treating this as a new finding."
Excelsior,Excelsior,ws_interceptions_per90,ws,293,204,69.6,unexplained_blended,"Low coverage in a domain/season-sensitive column, but this table blends all seasons together -- check season_column_coverage for this column for the real per-season breakdown before treating this as a new finding."
Excelsior,Excelsior,ws_interceptions_def_3rd_per90,ws,293,204,69.6,unexplained_blended,"Low coverage in a domain/season-sensitive column, but this table blends all seasons together -- check season_column_coverage for this column for the real per-season breakdown before treating this as a new finding."
Excelsior,Excelsior,ws_interceptions_mid_3rd_per90,ws,293,204,69.6,unexplained_blended,"Low coverage in a domain/season-sensitive column, but this table blends all seasons together -- check season_column_coverage for this column for the real per-season breakdown before treating this as a new finding."
Excelsior,Excelsior,ws_interceptions_att_3rd_per90,ws,293,204,69.6,unexplained_blended,"Low coverage in a domain/season-sensitive column, but this table blends all seasons together -- check season_column_coverage for this column for the real per-season breakdown before treating this as a new finding."
Excelsior,Excelsior,ws_clearances_per90,ws,293,204,69.6,unexplained_blended,"Low coverage in a domain/season-sensitive column, but this table blends all seasons together -- check season_column_coverage for this column for the real per-season breakdown before treating this as a new finding."
Excelsior,Excelsior,ws_dribbled_past_per90,ws,293,204,69.6,unexplained_blended,"Low coverage in a domain/season-sensitive column, but this table blends all seasons together -- check season_column_coverage for this column for the real per-season breakdown before treating this as a new finding."
Excelsior,Excelsior,ws_errors_per90,ws,293,204,69.6,unexplained_blended,"Low coverage in a domain/season-sensitive column, but this table blends all seasons together -- check season_column_coverage for this column for the real per-season breakdown before treating this as a new finding."
Excelsior,Excelsior,ws_final_third_entries_per90,ws,293,204,69.6,unexplained_blended,"Low coverage in a domain/season-sensitive column, but this table blends all seasons together -- check season_column_coverage for this column for the real per-season breakdown before treating this as a new finding."
Excelsior,Excelsior,ws_pen_area_entries_per90,ws,293,204,69.6,unexplained_blended,"Low coverage in a domain/season-sensitive column, but this table blends all seasons together -- check season_column_coverage for this column for the real per-season breakdown before treating this as a new finding."
Excelsior,Excelsior,ws_aerials_per90,ws,293,204,69.6,unexplained_blended,"Low coverage in a domain/season-sensitive column, but this table blends all seasons together -- check season_column_coverage for this column for the real per-season breakdown before treating this as a new finding."
Excelsior,Excelsior,ws_passes_pct,ws,293,207,70.6,unexplained_blended,"Low coverage in a domain/season-sensitive column, but this table blends all seasons together -- check season_column_coverage for this column for the real per-season breakdown before treating this as a new finding."
Excelsior,Excelsior,ws_matches_with_data,ws,293,208,71.0,unexplained_blended,"Low coverage in a domain/season-sensitive column, but this table blends all seasons together -- check season_column_coverage for this column for the real per-season breakdown before treating this as a new finding."
Excelsior,Excelsior,ws_passes,ws,293,208,71.0,unexplained_blended,"Low coverage in a domain/season-sensitive column, but this table blends all seasons together -- check season_column_coverage for this column for the real per-season breakdown before treating this as a new finding."
Excelsior,Excelsior,ws_passes_completed,ws,293,208,71.0,unexplained_blended,"Low coverage in a domain/season-sensitive column, but this table blends all seasons together -- check season_column_coverage for this column for the real per-season breakdown before treating this as a new finding."
Excelsior,Excelsior,ws_touches,ws,293,208,71.0,unexplained_blended,"Low coverage in a domain/season-sensitive column, but this table blends all seasons together -- check season_column_coverage for this column for the real per-season breakdown before treating this as a new finding."
Excelsior,Excelsior,ws_touches_def_3rd,ws,293,208,71.0,unexplained_blended,"Low coverage in a domain/season-sensitive column, but this table blends all seasons together -- check season_column_coverage for this column for the real per-season breakdown before treating this as a new finding."
Excelsior,Excelsior,ws_touches_mid_3rd,ws,293,208,71.0,unexplained_blended,"Low coverage in a domain/season-sensitive column, but this table blends all seasons together -- check season_column_coverage for this column for the real per-season breakdown before treating this as a new finding."
Excelsior,Excelsior,ws_touches_att_3rd,ws,293,208,71.0,unexplained_blended,"Low coverage in a domain/season-sensitive column, but this table blends all seasons together -- check season_column_coverage for this column for the real per-season breakdown before treating this as a new finding."
Excelsior,Excelsior,ws_touches_def_pen_area,ws,293,208,71.0,unexplained_blended,"Low coverage in a domain/season-sensitive column, but this table blends all seasons together -- check season_column_coverage for this column for the real per-season breakdown before treating this as a new finding."
Excelsior,Excelsior,ws_touches_att_pen_area,ws,293,208,71.0,unexplained_blended,"Low coverage in a domain/season-sensitive column, but this table blends all seasons together -- check season_column_coverage for this column for the real per-season breakdown before treating this as a new finding."
Excelsior,Excelsior,ws_take_ons,ws,293,208,71.0,unexplained_blended,"Low coverage in a domain/season-sensitive column, but this table blends all seasons together -- check season_column_coverage for this column for the real per-season breakdown before treating this as a new finding."
Excelsior,Excelsior,ws_take_ons_won,ws,293,208,71.0,unexplained_blended,"Low coverage in a domain/season-sensitive column, but this table blends all seasons together -- check season_column_coverage for this column for the real per-season breakdown before treating this as a new finding."
Excelsior,Excelsior,ws_tackles_won,ws,293,208,71.0,unexplained_blended,"Low coverage in a domain/season-sensitive column, but this table blends all seasons together -- check season_column_coverage for this column for the real per-season breakdown before treating this as a new finding."
Excelsior,Excelsior,ws_dispossessed,ws,293,208,71.0,unexplained_blended,"Low coverage in a domain/season-sensitive column, but this table blends all seasons together -- check season_column_coverage for this column for the real per-season breakdown before treating this as a new finding."
Excelsior,Excelsior,ws_tackles,ws,293,208,71.0,unexplained_blended,"Low coverage in a domain/season-sensitive column, but this table blends all seasons together -- check season_column_coverage for this column for the real per-season breakdown before treating this as a new finding."
Excelsior,Excelsior,ws_whoscored_player_id,ws,293,208,71.0,unexplained_blended,"Low coverage in a domain/season-sensitive column, but this table blends all seasons together -- check season_column_coverage for this column for the real per-season breakdown before treating this as a new finding."
Excelsior,Excelsior,ws_tackles_def_3rd,ws,293,208,71.0,unexplained_blended,"Low coverage in a domain/season-sensitive column, but this table blends all seasons together -- check season_column_coverage for this column for the real per-season breakdown before treating this as a new finding."
Excelsior,Excelsior,ws_tackles_mid_3rd,ws,293,208,71.0,unexplained_blended,"Low coverage in a domain/season-sensitive column, but this table blends all seasons together -- check season_column_coverage for this column for the real per-season breakdown before treating this as a new finding."
Excelsior,Excelsior,ws_tackles_att_3rd,ws,293,208,71.0,unexplained_blended,"Low coverage in a domain/season-sensitive column, but this table blends all seasons together -- check season_column_coverage for this column for the real per-season breakdown before treating this as a new finding."
Excelsior,Excelsior,ws_interceptions,ws,293,208,71.0,unexplained_blended,"Low coverage in a domain/season-sensitive column, but this table blends all seasons together -- check season_column_coverage for this column for the real per-season breakdown before treating this as a new finding."
Excelsior,Excelsior,ws_interceptions_def_3rd,ws,293,208,71.0,unexplained_blended,"Low coverage in a domain/season-sensitive column, but this table blends all seasons together -- check season_column_coverage for this column for the real per-season breakdown before treating this as a new finding."
Excelsior,Excelsior,ws_interceptions_mid_3rd,ws,293,208,71.0,unexplained_blended,"Low coverage in a domain/season-sensitive column, but this table blends all seasons together -- check season_column_coverage for this column for the real per-season breakdown before treating this as a new finding."
Excelsior,Excelsior,ws_interceptions_att_3rd,ws,293,208,71.0,unexplained_blended,"Low coverage in a domain/season-sensitive column, but this table blends all seasons together -- check season_column_coverage for this column for the real per-season breakdown before treating this as a new finding."
Excelsior,Excelsior,ws_clearances,ws,293,208,71.0,unexplained_blended,"Low coverage in a domain/season-sensitive column, but this table blends all seasons together -- check season_column_coverage for this column for the real per-season breakdown before treating this as a new finding."
Excelsior,Excelsior,ws_dribbled_past,ws,293,208,71.0,unexplained_blended,"Low coverage in a domain/season-sensitive column, but this table blends all seasons together -- check season_column_coverage for this column for the real per-season breakdown before treating this as a new finding."
Excelsior,Excelsior,ws_errors,ws,293,208,71.0,unexplained_blended,"Low coverage in a domain/season-sensitive column, but this table blends all seasons together -- check season_column_coverage for this column for the real per-season breakdown before treating this as a new finding."
Excelsior,Excelsior,ws_final_third_entries,ws,293,208,71.0,unexplained_blended,"Low coverage in a domain/season-sensitive column, but this table blends all seasons together -- check season_column_coverage for this column for the real per-season breakdown before treating this as a new finding."
Excelsior,Excelsior,ws_pen_area_entries,ws,293,208,71.0,unexplained_blended,"Low coverage in a domain/season-sensitive column, but this table blends all seasons together -- check season_column_coverage for this column for the real per-season breakdown before treating this as a new finding."
Excelsior,Excelsior,ws_aerials,ws,293,208,71.0,unexplained_blended,"Low coverage in a domain/season-sensitive column, but this table blends all seasons together -- check season_column_coverage for this column for the real per-season breakdown before treating this as a new finding."
Excelsior,Excelsior,ws_aerials_won,ws,293,208,71.0,unexplained_blended,"Low coverage in a domain/season-sensitive column, but this table blends all seasons together -- check season_column_coverage for this column for the real per-season breakdown before treating this as a new finding."
Excelsior,Excelsior,fbref_on_off,fbref,293,208,71.0,unexplained_blended,"Low coverage in a domain/season-sensitive column, but this table blends all seasons together -- check season_column_coverage for this column for the real per-season breakdown before treating this as a new finding."
Excelsior,Excelsior,fbref_shots,fbref,293,208,71.0,unexplained_blended,"Low coverage in a domain/season-sensitive column, but this table blends all seasons together -- check season_column_coverage for this column for the real per-season breakdown before treating this as a new finding."
Excelsior,Excelsior,fbref_shots_on_target,fbref,293,208,71.0,unexplained_blended,"Low coverage in a domain/season-sensitive column, but this table blends all seasons together -- check season_column_coverage for this column for the real per-season breakdown before treating this as a new finding."
Excelsior,Excelsior,fbref_team_goals_while_on_pitch,fbref,293,209,71.3,unexplained_blended,"Low coverage in a domain/season-sensitive column, but this table blends all seasons together -- check season_column_coverage for this column for the real per-season breakdown before treating this as a new finding."
Excelsior,Excelsior,fbref_team_goals_against_while_on_pitch,fbref,293,209,71.3,unexplained_blended,"Low coverage in a domain/season-sensitive column, but this table blends all seasons together -- check season_column_coverage for this column for the real per-season breakdown before treating this as a new finding."
Excelsior,Excelsior,fbref_points_per_match,fbref,293,209,71.3,unexplained_blended,"Low coverage in a domain/season-sensitive column, but this table blends all seasons together -- check season_column_coverage for this column for the real per-season breakdown before treating this as a new finding."
Excelsior,Excelsior,fbref_plus_minus_per90,fbref,293,209,71.3,unexplained_blended,"Low coverage in a domain/season-sensitive column, but this table blends all seasons together -- check season_column_coverage for this column for the real per-season breakdown before treating this as a new finding."
Excelsior,Excelsior,fbref_plus_minus,fbref,293,209,71.3,unexplained_blended,"Low coverage in a domain/season-sensitive column, but this table blends all seasons together -- check season_column_coverage for this column for the real per-season breakdown before treating this as a new finding."
Excelsior,Excelsior,fbref_unused_sub,fbref,293,237,80.9,,
Excelsior,Excelsior,fbref_fouls_committed_per90,fbref,293,238,81.2,,
Excelsior,Excelsior,fbref_fouls_committed,fbref,293,241,82.3,,
Excelsior,Excelsior,fbref_shots_on_target_per90,fbref,293,241,82.3,,
Excelsior,Excelsior,fbref_red_cards_per90,fbref,293,261,89.1,,
Excelsior,Excelsior,fbref_yellow_cards_per90,fbref,293,261,89.1,,
Excelsior,Excelsior,fbref_non_penalty_goals,fbref,293,265,90.4,,
Excelsior,Excelsior,fbref_assists_per90,fbref,293,265,90.4,,
Excelsior,Excelsior,fbref_minutes_per_match,fbref,293,265,90.4,,
Excelsior,Excelsior,fbref_minutes,fbref,293,265,90.4,,
Excelsior,Excelsior,fbref_goals,fbref,293,265,90.4,,
Excelsior,Excelsior,fbref_goals_plus_assists,fbref,293,265,90.4,,
Excelsior,Excelsior,fbref_red_cards,fbref,293,265,90.4,,
Excelsior,Excelsior,fbref_yellow_cards,fbref,293,265,90.4,,
Excelsior,Excelsior,fbref_non_penalty_goals_plus_assists_per90,fbref,293,265,90.4,,
Excelsior,Excelsior,fbref_non_penalty_goals_per90,fbref,293,265,90.4,,
Excelsior,Excelsior,fbref_goals_plus_assists_per90,fbref,293,265,90.4,,
Excelsior,Excelsior,fbref_penalty_attempts,fbref,293,265,90.4,,
Excelsior,Excelsior,fbref_penalty_goals,fbref,293,265,90.4,,
Excelsior,Excelsior,fbref_minutes_pct,fbref,293,265,90.4,,
Excelsior,Excelsior,fbref_nineties,fbref,293,265,90.4,,
Excelsior,Excelsior,fbref_assists,fbref,293,265,90.4,,
Excelsior,Excelsior,fbref_goals_per90,fbref,293,265,90.4,,
Excelsior,Excelsior,fbref_nation,fbref,293,286,97.6,,
Excelsior,Excelsior,fbref_age,fbref,293,287,98.0,,
Excelsior,Excelsior,fbref_born,fbref,293,287,98.0,,
Excelsior,Excelsior,fbref_complete_matches,fbref,293,287,98.0,,
Excelsior,Excelsior,fbref_position,fbref,293,292,99.7,,
Excelsior,Excelsior,fbref_matches_played,fbref,293,293,100.0,,
Excelsior,Excelsior,fbref_starts,fbref,293,293,100.0,,
Excelsior,Excelsior,fbref_substitute_appearances,fbref,293,293,100.0,,
Feyenoord,Feyenoord,fbref_penalty_kicks_conceded,fbref,527,51,9.7,unexplained_blended,"Low coverage in a domain/season-sensitive column, but this table blends all seasons together -- check season_column_coverage for this column for the real per-season breakdown before treating this as a new finding."
Feyenoord,Feyenoord,fbref_penalty_kicks_won_per90,fbref,527,51,9.7,unexplained_blended,"Low coverage in a domain/season-sensitive column, but this table blends all seasons together -- check season_column_coverage for this column for the real per-season breakdown before treating this as a new finding."
Feyenoord,Feyenoord,fbref_penalty_kicks_conceded_per90,fbref,527,51,9.7,unexplained_blended,"Low coverage in a domain/season-sensitive column, but this table blends all seasons together -- check season_column_coverage for this column for the real per-season breakdown before treating this as a new finding."
Feyenoord,Feyenoord,fbref_penalty_kicks_won,fbref,527,51,9.7,unexplained_blended,"Low coverage in a domain/season-sensitive column, but this table blends all seasons together -- check season_column_coverage for this column for the real per-season breakdown before treating this as a new finding."
Feyenoord,Feyenoord,gk_penalty_kick_save_pct,gk,67,15,22.4,,
Feyenoord,Feyenoord,fbref_goals_per_shot,fbref,527,181,34.3,unexplained_blended,"Low coverage in a domain/season-sensitive column, but this table blends all seasons together -- check season_column_coverage for this column for the real per-season breakdown before treating this as a new finding."
Feyenoord,Feyenoord,gk_penalty_kicks_saved,gk,67,24,35.8,,
Feyenoord,Feyenoord,gk_penalty_kicks_faced,gk,67,24,35.8,,
Feyenoord,Feyenoord,gk_penalty_kicks_allowed,gk,67,24,35.8,,
Feyenoord,Feyenoord,gk_penalty_kicks_missed_by_opponent,gk,67,24,35.8,,
Feyenoord,Feyenoord,fbref_minutes_per_sub,fbref,527,198,37.6,unexplained_blended,"Low coverage in a domain/season-sensitive column, but this table blends all seasons together -- check season_column_coverage for this column for the real per-season breakdown before treating this as a new finding."
Feyenoord,Feyenoord,fbref_minutes_per_start,fbref,527,201,38.1,unexplained_blended,"Low coverage in a domain/season-sensitive column, but this table blends all seasons together -- check season_column_coverage for this column for the real per-season breakdown before treating this as a new finding."
Feyenoord,Feyenoord,gk_save_pct,gk,67,31,46.3,,
Feyenoord,Feyenoord,gk_saves_per90,gk,67,32,47.8,,
Feyenoord,Feyenoord,gk_shots_on_target_against,gk,67,32,47.8,,
Feyenoord,Feyenoord,gk_saves,gk,67,32,47.8,,
Feyenoord,Feyenoord,gk_clean_sheet_pct,gk,67,34,50.7,,
Feyenoord,Feyenoord,fbref_interceptions_per90,fbref,527,271,51.4,unexplained_blended,"Low coverage in a domain/season-sensitive column, but this table blends all seasons together -- check season_column_coverage for this column for the real per-season breakdown before treating this as a new finding."
Feyenoord,Feyenoord,fbref_fouls_drawn_per90,fbref,527,271,51.4,unexplained_blended,"Low coverage in a domain/season-sensitive column, but this table blends all seasons together -- check season_column_coverage for this column for the real per-season breakdown before treating this as a new finding."
Feyenoord,Feyenoord,fbref_offsides_per90,fbref,527,271,51.4,unexplained_blended,"Low coverage in a domain/season-sensitive column, but this table blends all seasons together -- check season_column_coverage for this column for the real per-season breakdown before treating this as a new finding."
Feyenoord,Feyenoord,fbref_crosses_per90,fbref,527,271,51.4,unexplained_blended,"Low coverage in a domain/season-sensitive column, but this table blends all seasons together -- check season_column_coverage for this column for the real per-season breakdown before treating this as a new finding."
Feyenoord,Feyenoord,fbref_tackles_won_per90,fbref,527,271,51.4,unexplained_blended,"Low coverage in a domain/season-sensitive column, but this table blends all seasons together -- check season_column_coverage for this column for the real per-season breakdown before treating this as a new finding."
Feyenoord,Feyenoord,fbref_interceptions,fbref,527,273,51.8,unexplained_blended,"Low coverage in a domain/season-sensitive column, but this table blends all seasons together -- check season_column_coverage for this column for the real per-season breakdown before treating this as a new finding."
Feyenoord,Feyenoord,fbref_offsides,fbref,527,273,51.8,unexplained_blended,"Low coverage in a domain/season-sensitive column, but this table blends all seasons together -- check season_column_coverage for this column for the real per-season breakdown before treating this as a new finding."
Feyenoord,Feyenoord,fbref_shots_per90,fbref,527,273,51.8,unexplained_blended,"Low coverage in a domain/season-sensitive column, but this table blends all seasons together -- check season_column_coverage for this column for the real per-season breakdown before treating this as a new finding."
Feyenoord,Feyenoord,fbref_fouls_drawn,fbref,527,273,51.8,unexplained_blended,"Low coverage in a domain/season-sensitive column, but this table blends all seasons together -- check season_column_coverage for this column for the real per-season breakdown before treating this as a new finding."
Feyenoord,Feyenoord,fbref_tackles_won,fbref,527,273,51.8,unexplained_blended,"Low coverage in a domain/season-sensitive column, but this table blends all seasons together -- check season_column_coverage for this column for the real per-season breakdown before treating this as a new finding."
Feyenoord,Feyenoord,fbref_crosses,fbref,527,273,51.8,unexplained_blended,"Low coverage in a domain/season-sensitive column, but this table blends all seasons together -- check season_column_coverage for this column for the real per-season breakdown before treating this as a new finding."
Feyenoord,Feyenoord,gk_goals_against,gk,67,35,52.2,,
Feyenoord,Feyenoord,gk_goals_against_per90,gk,67,35,52.2,,
Feyenoord,Feyenoord,gk_wins,gk,67,35,52.2,,
Feyenoord,Feyenoord,gk_losses,gk,67,35,52.2,,
Feyenoord,Feyenoord,gk_clean_sheets,gk,67,35,52.2,,
Feyenoord,Feyenoord,gk_draws,gk,67,35,52.2,,
Feyenoord,Feyenoord,fbref_own_goals_per90,fbref,527,299,56.7,unexplained_blended,"Low coverage in a domain/season-sensitive column, but this table blends all seasons together -- check season_column_coverage for this column for the real per-season breakdown before treating this as a new finding."
Feyenoord,Feyenoord,fbref_second_yellow_cards_per90,fbref,527,299,56.7,unexplained_blended,"Low coverage in a domain/season-sensitive column, but this table blends all seasons together -- check season_column_coverage for this column for the real per-season breakdown before treating this as a new finding."
Feyenoord,Feyenoord,fbref_own_goals,fbref,527,301,57.1,unexplained_blended,"Low coverage in a domain/season-sensitive column, but this table blends all seasons together -- check season_column_coverage for this column for the real per-season breakdown before treating this as a new finding."
Feyenoord,Feyenoord,fbref_second_yellow_cards,fbref,527,301,57.1,unexplained_blended,"Low coverage in a domain/season-sensitive column, but this table blends all seasons together -- check season_column_coverage for this column for the real per-season breakdown before treating this as a new finding."
Feyenoord,Feyenoord,fbref_goals_per_shot_on_target,fbref,527,305,57.9,unexplained_blended,"Low coverage in a domain/season-sensitive column, but this table blends all seasons together -- check season_column_coverage for this column for the real per-season breakdown before treating this as a new finding."
Feyenoord,Feyenoord,fbref_shots_on_target_pct,fbref,527,310,58.8,unexplained_blended,"Low coverage in a domain/season-sensitive column, but this table blends all seasons together -- check season_column_coverage for this column for the real per-season breakdown before treating this as a new finding."
Feyenoord,Feyenoord,ws_take_ons_won_pct,ws,527,312,59.2,unexplained_blended,"Low coverage in a domain/season-sensitive column, but this table blends all seasons together -- check season_column_coverage for this column for the real per-season breakdown before treating this as a new finding."
Feyenoord,Feyenoord,ws_aerial_duel_win_pct,ws,527,329,62.4,unexplained_blended,"Low coverage in a domain/season-sensitive column, but this table blends all seasons together -- check season_column_coverage for this column for the real per-season breakdown before treating this as a new finding."
Feyenoord,Feyenoord,ws_ground_duel_win_pct,ws,527,345,65.5,unexplained_blended,"Low coverage in a domain/season-sensitive column, but this table blends all seasons together -- check season_column_coverage for this column for the real per-season breakdown before treating this as a new finding."
Feyenoord,Feyenoord,fbref_on_off,fbref,527,348,66.0,unexplained_blended,"Low coverage in a domain/season-sensitive column, but this table blends all seasons together -- check season_column_coverage for this column for the real per-season breakdown before treating this as a new finding."
Feyenoord,Feyenoord,fbref_plus_minus_per90,fbref,527,350,66.4,unexplained_blended,"Low coverage in a domain/season-sensitive column, but this table blends all seasons together -- check season_column_coverage for this column for the real per-season breakdown before treating this as a new finding."
Feyenoord,Feyenoord,fbref_team_goals_against_while_on_pitch,fbref,527,350,66.4,unexplained_blended,"Low coverage in a domain/season-sensitive column, but this table blends all seasons together -- check season_column_coverage for this column for the real per-season breakdown before treating this as a new finding."
Feyenoord,Feyenoord,fbref_points_per_match,fbref,527,350,66.4,unexplained_blended,"Low coverage in a domain/season-sensitive column, but this table blends all seasons together -- check season_column_coverage for this column for the real per-season breakdown before treating this as a new finding."
Feyenoord,Feyenoord,fbref_team_goals_while_on_pitch,fbref,527,350,66.4,unexplained_blended,"Low coverage in a domain/season-sensitive column, but this table blends all seasons together -- check season_column_coverage for this column for the real per-season breakdown before treating this as a new finding."
Feyenoord,Feyenoord,fbref_plus_minus,fbref,527,350,66.4,unexplained_blended,"Low coverage in a domain/season-sensitive column, but this table blends all seasons together -- check season_column_coverage for this column for the real per-season breakdown before treating this as a new finding."
Feyenoord,Feyenoord,tm_foot,tm,527,365,69.3,,
Feyenoord,Feyenoord,tm_height_cm,tm,527,365,69.3,,
Feyenoord,Feyenoord,ws_aerials_won_per90,ws,527,371,70.4,unexplained_blended,"Low coverage in a domain/season-sensitive column, but this table blends all seasons together -- check season_column_coverage for this column for the real per-season breakdown before treating this as a new finding."
Feyenoord,Feyenoord,ws_passes_per90,ws,527,371,70.4,unexplained_blended,"Low coverage in a domain/season-sensitive column, but this table blends all seasons together -- check season_column_coverage for this column for the real per-season breakdown before treating this as a new finding."
Feyenoord,Feyenoord,ws_passes_completed_per90,ws,527,371,70.4,unexplained_blended,"Low coverage in a domain/season-sensitive column, but this table blends all seasons together -- check season_column_coverage for this column for the real per-season breakdown before treating this as a new finding."
Feyenoord,Feyenoord,ws_touches_per90,ws,527,371,70.4,unexplained_blended,"Low coverage in a domain/season-sensitive column, but this table blends all seasons together -- check season_column_coverage for this column for the real per-season breakdown before treating this as a new finding."
Feyenoord,Feyenoord,ws_touches_def_3rd_per90,ws,527,371,70.4,unexplained_blended,"Low coverage in a domain/season-sensitive column, but this table blends all seasons together -- check season_column_coverage for this column for the real per-season breakdown before treating this as a new finding."
Feyenoord,Feyenoord,ws_touches_mid_3rd_per90,ws,527,371,70.4,unexplained_blended,"Low coverage in a domain/season-sensitive column, but this table blends all seasons together -- check season_column_coverage for this column for the real per-season breakdown before treating this as a new finding."
Feyenoord,Feyenoord,ws_touches_att_3rd_per90,ws,527,371,70.4,unexplained_blended,"Low coverage in a domain/season-sensitive column, but this table blends all seasons together -- check season_column_coverage for this column for the real per-season breakdown before treating this as a new finding."
Feyenoord,Feyenoord,ws_touches_def_pen_area_per90,ws,527,371,70.4,unexplained_blended,"Low coverage in a domain/season-sensitive column, but this table blends all seasons together -- check season_column_coverage for this column for the real per-season breakdown before treating this as a new finding."
Feyenoord,Feyenoord,ws_touches_att_pen_area_per90,ws,527,371,70.4,unexplained_blended,"Low coverage in a domain/season-sensitive column, but this table blends all seasons together -- check season_column_coverage for this column for the real per-season breakdown before treating this as a new finding."
Feyenoord,Feyenoord,ws_take_ons_per90,ws,527,371,70.4,unexplained_blended,"Low coverage in a domain/season-sensitive column, but this table blends all seasons together -- check season_column_coverage for this column for the real per-season breakdown before treating this as a new finding."
Feyenoord,Feyenoord,ws_take_ons_won_per90,ws,527,371,70.4,unexplained_blended,"Low coverage in a domain/season-sensitive column, but this table blends all seasons together -- check season_column_coverage for this column for the real per-season breakdown before treating this as a new finding."
Feyenoord,Feyenoord,ws_dispossessed_per90,ws,527,371,70.4,unexplained_blended,"Low coverage in a domain/season-sensitive column, but this table blends all seasons together -- check season_column_coverage for this column for the real per-season breakdown before treating this as a new finding."
Feyenoord,Feyenoord,ws_tackles_per90,ws,527,371,70.4,unexplained_blended,"Low coverage in a domain/season-sensitive column, but this table blends all seasons together -- check season_column_coverage for this column for the real per-season breakdown before treating this as a new finding."
Feyenoord,Feyenoord,ws_tackles_won_per90,ws,527,371,70.4,unexplained_blended,"Low coverage in a domain/season-sensitive column, but this table blends all seasons together -- check season_column_coverage for this column for the real per-season breakdown before treating this as a new finding."
Feyenoord,Feyenoord,ws_tackles_def_3rd_per90,ws,527,371,70.4,unexplained_blended,"Low coverage in a domain/season-sensitive column, but this table blends all seasons together -- check season_column_coverage for this column for the real per-season breakdown before treating this as a new finding."
Feyenoord,Feyenoord,ws_tackles_mid_3rd_per90,ws,527,371,70.4,unexplained_blended,"Low coverage in a domain/season-sensitive column, but this table blends all seasons together -- check season_column_coverage for this column for the real per-season breakdown before treating this as a new finding."
Feyenoord,Feyenoord,ws_tackles_att_3rd_per90,ws,527,371,70.4,unexplained_blended,"Low coverage in a domain/season-sensitive column, but this table blends all seasons together -- check season_column_coverage for this column for the real per-season breakdown before treating this as a new finding."
Feyenoord,Feyenoord,ws_interceptions_per90,ws,527,371,70.4,unexplained_blended,"Low coverage in a domain/season-sensitive column, but this table blends all seasons together -- check season_column_coverage for this column for the real per-season breakdown before treating this as a new finding."
Feyenoord,Feyenoord,ws_interceptions_def_3rd_per90,ws,527,371,70.4,unexplained_blended,"Low coverage in a domain/season-sensitive column, but this table blends all seasons together -- check season_column_coverage for this column for the real per-season breakdown before treating this as a new finding."
Feyenoord,Feyenoord,ws_interceptions_mid_3rd_per90,ws,527,371,70.4,unexplained_blended,"Low coverage in a domain/season-sensitive column, but this table blends all seasons together -- check season_column_coverage for this column for the real per-season breakdown before treating this as a new finding."
Feyenoord,Feyenoord,ws_aerials_per90,ws,527,371,70.4,unexplained_blended,"Low coverage in a domain/season-sensitive column, but this table blends all seasons together -- check season_column_coverage for this column for the real per-season breakdown before treating this as a new finding."
Feyenoord,Feyenoord,ws_interceptions_att_3rd_per90,ws,527,371,70.4,unexplained_blended,"Low coverage in a domain/season-sensitive column, but this table blends all seasons together -- check season_column_coverage for this column for the real per-season breakdown before treating this as a new finding."
Feyenoord,Feyenoord,ws_clearances_per90,ws,527,371,70.4,unexplained_blended,"Low coverage in a domain/season-sensitive column, but this table blends all seasons together -- check season_column_coverage for this column for the real per-season breakdown before treating this as a new finding."
Feyenoord,Feyenoord,ws_dribbled_past_per90,ws,527,371,70.4,unexplained_blended,"Low coverage in a domain/season-sensitive column, but this table blends all seasons together -- check season_column_coverage for this column for the real per-season breakdown before treating this as a new finding."
Feyenoord,Feyenoord,ws_errors_per90,ws,527,371,70.4,unexplained_blended,"Low coverage in a domain/season-sensitive column, but this table blends all seasons together -- check season_column_coverage for this column for the real per-season breakdown before treating this as a new finding."
Feyenoord,Feyenoord,ws_final_third_entries_per90,ws,527,371,70.4,unexplained_blended,"Low coverage in a domain/season-sensitive column, but this table blends all seasons together -- check season_column_coverage for this column for the real per-season breakdown before treating this as a new finding."
Feyenoord,Feyenoord,ws_pen_area_entries_per90,ws,527,371,70.4,unexplained_blended,"Low coverage in a domain/season-sensitive column, but this table blends all seasons together -- check season_column_coverage for this column for the real per-season breakdown before treating this as a new finding."
Feyenoord,Feyenoord,ws_dispossessed,ws,527,375,71.2,unexplained_blended,"Low coverage in a domain/season-sensitive column, but this table blends all seasons together -- check season_column_coverage for this column for the real per-season breakdown before treating this as a new finding."
Feyenoord,Feyenoord,ws_tackles_won,ws,527,375,71.2,unexplained_blended,"Low coverage in a domain/season-sensitive column, but this table blends all seasons together -- check season_column_coverage for this column for the real per-season breakdown before treating this as a new finding."
Feyenoord,Feyenoord,ws_tackles_def_3rd,ws,527,375,71.2,unexplained_blended,"Low coverage in a domain/season-sensitive column, but this table blends all seasons together -- check season_column_coverage for this column for the real per-season breakdown before treating this as a new finding."
Feyenoord,Feyenoord,ws_tackles_mid_3rd,ws,527,375,71.2,unexplained_blended,"Low coverage in a domain/season-sensitive column, but this table blends all seasons together -- check season_column_coverage for this column for the real per-season breakdown before treating this as a new finding."
Feyenoord,Feyenoord,ws_touches_def_3rd,ws,527,375,71.2,unexplained_blended,"Low coverage in a domain/season-sensitive column, but this table blends all seasons together -- check season_column_coverage for this column for the real per-season breakdown before treating this as a new finding."
Feyenoord,Feyenoord,ws_touches,ws,527,375,71.2,unexplained_blended,"Low coverage in a domain/season-sensitive column, but this table blends all seasons together -- check season_column_coverage for this column for the real per-season breakdown before treating this as a new finding."
Feyenoord,Feyenoord,ws_passes_pct,ws,527,375,71.2,unexplained_blended,"Low coverage in a domain/season-sensitive column, but this table blends all seasons together -- check season_column_coverage for this column for the real per-season breakdown before treating this as a new finding."
Feyenoord,Feyenoord,ws_passes_completed,ws,527,375,71.2,unexplained_blended,"Low coverage in a domain/season-sensitive column, but this table blends all seasons together -- check season_column_coverage for this column for the real per-season breakdown before treating this as a new finding."
Feyenoord,Feyenoord,ws_passes,ws,527,375,71.2,unexplained_blended,"Low coverage in a domain/season-sensitive column, but this table blends all seasons together -- check season_column_coverage for this column for the real per-season breakdown before treating this as a new finding."
Feyenoord,Feyenoord,ws_matches_with_data,ws,527,375,71.2,unexplained_blended,"Low coverage in a domain/season-sensitive column, but this table blends all seasons together -- check season_column_coverage for this column for the real per-season breakdown before treating this as a new finding."
Feyenoord,Feyenoord,ws_whoscored_player_id,ws,527,375,71.2,unexplained_blended,"Low coverage in a domain/season-sensitive column, but this table blends all seasons together -- check season_column_coverage for this column for the real per-season breakdown before treating this as a new finding."
Feyenoord,Feyenoord,ws_touches_mid_3rd,ws,527,375,71.2,unexplained_blended,"Low coverage in a domain/season-sensitive column, but this table blends all seasons together -- check season_column_coverage for this column for the real per-season breakdown before treating this as a new finding."
Feyenoord,Feyenoord,ws_tackles_att_3rd,ws,527,375,71.2,unexplained_blended,"Low coverage in a domain/season-sensitive column, but this table blends all seasons together -- check season_column_coverage for this column for the real per-season breakdown before treating this as a new finding."
Feyenoord,Feyenoord,ws_interceptions,ws,527,375,71.2,unexplained_blended,"Low coverage in a domain/season-sensitive column, but this table blends all seasons together -- check season_column_coverage for this column for the real per-season breakdown before treating this as a new finding."
Feyenoord,Feyenoord,ws_interceptions_def_3rd,ws,527,375,71.2,unexplained_blended,"Low coverage in a domain/season-sensitive column, but this table blends all seasons together -- check season_column_coverage for this column for the real per-season breakdown before treating this as a new finding."
Feyenoord,Feyenoord,ws_interceptions_mid_3rd,ws,527,375,71.2,unexplained_blended,"Low coverage in a domain/season-sensitive column, but this table blends all seasons together -- check season_column_coverage for this column for the real per-season breakdown before treating this as a new finding."
Feyenoord,Feyenoord,ws_interceptions_att_3rd,ws,527,375,71.2,unexplained_blended,"Low coverage in a domain/season-sensitive column, but this table blends all seasons together -- check season_column_coverage for this column for the real per-season breakdown before treating this as a new finding."
Feyenoord,Feyenoord,ws_clearances,ws,527,375,71.2,unexplained_blended,"Low coverage in a domain/season-sensitive column, but this table blends all seasons together -- check season_column_coverage for this column for the real per-season breakdown before treating this as a new finding."
Feyenoord,Feyenoord,ws_dribbled_past,ws,527,375,71.2,unexplained_blended,"Low coverage in a domain/season-sensitive column, but this table blends all seasons together -- check season_column_coverage for this column for the real per-season breakdown before treating this as a new finding."
Feyenoord,Feyenoord,ws_errors,ws,527,375,71.2,unexplained_blended,"Low coverage in a domain/season-sensitive column, but this table blends all seasons together -- check season_column_coverage for this column for the real per-season breakdown before treating this as a new finding."
Feyenoord,Feyenoord,ws_final_third_entries,ws,527,375,71.2,unexplained_blended,"Low coverage in a domain/season-sensitive column, but this table blends all seasons together -- check season_column_coverage for this column for the real per-season breakdown before treating this as a new finding."
Feyenoord,Feyenoord,ws_pen_area_entries,ws,527,375,71.2,unexplained_blended,"Low coverage in a domain/season-sensitive column, but this table blends all seasons together -- check season_column_coverage for this column for the real per-season breakdown before treating this as a new finding."
Feyenoord,Feyenoord,ws_aerials,ws,527,375,71.2,unexplained_blended,"Low coverage in a domain/season-sensitive column, but this table blends all seasons together -- check season_column_coverage for this column for the real per-season breakdown before treating this as a new finding."
Feyenoord,Feyenoord,ws_aerials_won,ws,527,375,71.2,unexplained_blended,"Low coverage in a domain/season-sensitive column, but this table blends all seasons together -- check season_column_coverage for this column for the real per-season breakdown before treating this as a new finding."
Feyenoord,Feyenoord,ws_touches_def_pen_area,ws,527,375,71.2,unexplained_blended,"Low coverage in a domain/season-sensitive column, but this table blends all seasons together -- check season_column_coverage for this column for the real per-season breakdown before treating this as a new finding."
Feyenoord,Feyenoord,ws_touches_att_pen_area,ws,527,375,71.2,unexplained_blended,"Low coverage in a domain/season-sensitive column, but this table blends all seasons together -- check season_column_coverage for this column for the real per-season breakdown before treating this as a new finding."
Feyenoord,Feyenoord,ws_take_ons,ws,527,375,71.2,unexplained_blended,"Low coverage in a domain/season-sensitive column, but this table blends all seasons together -- check season_column_coverage for this column for the real per-season breakdown before treating this as a new finding."
Feyenoord,Feyenoord,ws_take_ons_won,ws,527,375,71.2,unexplained_blended,"Low coverage in a domain/season-sensitive column, but this table blends all seasons together -- check season_column_coverage for this column for the real per-season breakdown before treating this as a new finding."
Feyenoord,Feyenoord,ws_touches_att_3rd,ws,527,375,71.2,unexplained_blended,"Low coverage in a domain/season-sensitive column, but this table blends all seasons together -- check season_column_coverage for this column for the real per-season breakdown before treating this as a new finding."
Feyenoord,Feyenoord,fbref_shots_on_target,fbref,527,375,71.2,unexplained_blended,"Low coverage in a domain/season-sensitive column, but this table blends all seasons together -- check season_column_coverage for this column for the real per-season breakdown before treating this as a new finding."
Feyenoord,Feyenoord,fbref_shots,fbref,527,375,71.2,unexplained_blended,"Low coverage in a domain/season-sensitive column, but this table blends all seasons together -- check season_column_coverage for this column for the real per-season breakdown before treating this as a new finding."
Feyenoord,Feyenoord,ws_tackles,ws,527,375,71.2,unexplained_blended,"Low coverage in a domain/season-sensitive column, but this table blends all seasons together -- check season_column_coverage for this column for the real per-season breakdown before treating this as a new finding."
Feyenoord,Feyenoord,fbref_fouls_committed_per90,fbref,527,421,79.9,unexplained_blended,"Low coverage in a domain/season-sensitive column, but this table blends all seasons together -- check season_column_coverage for this column for the real per-season breakdown before treating this as a new finding."
Feyenoord,Feyenoord,fbref_unused_sub,fbref,527,422,80.1,,
Feyenoord,Feyenoord,fbref_shots_on_target_per90,fbref,527,427,81.0,,
Feyenoord,Feyenoord,fbref_fouls_committed,fbref,527,427,81.0,,
Feyenoord,Feyenoord,fbref_yellow_cards_per90,fbref,527,449,85.2,,
Feyenoord,Feyenoord,fbref_red_cards_per90,fbref,527,449,85.2,,
Feyenoord,Feyenoord,fbref_goals_per90,fbref,527,455,86.3,,
Feyenoord,Feyenoord,fbref_assists_per90,fbref,527,455,86.3,,
Feyenoord,Feyenoord,fbref_goals_plus_assists_per90,fbref,527,455,86.3,,
Feyenoord,Feyenoord,fbref_non_penalty_goals_per90,fbref,527,455,86.3,,
Feyenoord,Feyenoord,fbref_minutes,fbref,527,455,86.3,,
Feyenoord,Feyenoord,fbref_minutes_per_match,fbref,527,455,86.3,,
Feyenoord,Feyenoord,fbref_nineties,fbref,527,455,86.3,,
Feyenoord,Feyenoord,fbref_non_penalty_goals,fbref,527,455,86.3,,
Feyenoord,Feyenoord,fbref_goals,fbref,527,455,86.3,,
Feyenoord,Feyenoord,fbref_red_cards,fbref,527,455,86.3,,
Feyenoord,Feyenoord,fbref_yellow_cards,fbref,527,455,86.3,,
Feyenoord,Feyenoord,fbref_non_penalty_goals_plus_assists_per90,fbref,527,455,86.3,,
Feyenoord,Feyenoord,fbref_goals_plus_assists,fbref,527,455,86.3,,
Feyenoord,Feyenoord,fbref_minutes_pct,fbref,527,455,86.3,,
Feyenoord,Feyenoord,fbref_assists,fbref,527,455,86.3,,
Feyenoord,Feyenoord,fbref_penalty_goals,fbref,527,455,86.3,,
Feyenoord,Feyenoord,fbref_penalty_attempts,fbref,527,455,86.3,,
Feyenoord,Feyenoord,fbref_complete_matches,fbref,527,506,96.0,,
Feyenoord,Feyenoord,fbref_position,fbref,527,526,99.8,,
Feyenoord,Feyenoord,fbref_nation,fbref,527,526,99.8,,
Feyenoord,Feyenoord,fbref_starts,fbref,527,527,100.0,,
Feyenoord,Feyenoord,fbref_matches_played,fbref,527,527,100.0,,
Feyenoord,Feyenoord,fbref_born,fbref,527,527,100.0,,
Feyenoord,Feyenoord,fbref_age,fbref,527,527,100.0,,
Feyenoord,Feyenoord,fbref_substitute_appearances,fbref,527,527,100.0,,
Fortuna Sittard,Fortuna Sittard,fbref_penalty_kicks_conceded_per90,fbref,289,0,0.0,unexplained_blended,"Low coverage in a domain/season-sensitive column, but this table blends all seasons together -- check season_column_coverage for this column for the real per-season breakdown before treating this as a new finding."
Fortuna Sittard,Fortuna Sittard,fbref_penalty_kicks_won,fbref,289,0,0.0,unexplained_blended,"Low coverage in a domain/season-sensitive column, but this table blends all seasons together -- check season_column_coverage for this column for the real per-season breakdown before treating this as a new finding."
Fortuna Sittard,Fortuna Sittard,fbref_penalty_kicks_conceded,fbref,289,0,0.0,unexplained_blended,"Low coverage in a domain/season-sensitive column, but this table blends all seasons together -- check season_column_coverage for this column for the real per-season breakdown before treating this as a new finding."
Fortuna Sittard,Fortuna Sittard,fbref_penalty_kicks_won_per90,fbref,289,0,0.0,unexplained_blended,"Low coverage in a domain/season-sensitive column, but this table blends all seasons together -- check season_column_coverage for this column for the real per-season breakdown before treating this as a new finding."
Fortuna Sittard,Fortuna Sittard,gk_penalty_kick_save_pct,gk,40,10,25.0,,
Fortuna Sittard,Fortuna Sittard,gk_saves,gk,40,16,40.0,,
Fortuna Sittard,Fortuna Sittard,gk_save_pct,gk,40,16,40.0,,
Fortuna Sittard,Fortuna Sittard,gk_saves_per90,gk,40,16,40.0,,
Fortuna Sittard,Fortuna Sittard,gk_shots_on_target_against,gk,40,16,40.0,,
Fortuna Sittard,Fortuna Sittard,gk_wins,gk,40,17,42.5,,
Fortuna Sittard,Fortuna Sittard,gk_goals_against_per90,gk,40,17,42.5,,
Fortuna Sittard,Fortuna Sittard,gk_penalty_kicks_saved,gk,40,17,42.5,,
Fortuna Sittard,Fortuna Sittard,gk_clean_sheet_pct,gk,40,17,42.5,,
Fortuna Sittard,Fortuna Sittard,gk_clean_sheets,gk,40,17,42.5,,
Fortuna Sittard,Fortuna Sittard,gk_losses,gk,40,17,42.5,,
Fortuna Sittard,Fortuna Sittard,gk_draws,gk,40,17,42.5,,
Fortuna Sittard,Fortuna Sittard,gk_goals_against,gk,40,17,42.5,,
Fortuna Sittard,Fortuna Sittard,gk_penalty_kicks_missed_by_opponent,gk,40,17,42.5,,
Fortuna Sittard,Fortuna Sittard,gk_penalty_kicks_faced,gk,40,17,42.5,,
Fortuna Sittard,Fortuna Sittard,gk_penalty_kicks_allowed,gk,40,17,42.5,,
Fortuna Sittard,Fortuna Sittard,fbref_goals_per_shot_on_target,fbref,289,139,48.1,unexplained_blended,"Low coverage in a domain/season-sensitive column, but this table blends all seasons together -- check season_column_coverage for this column for the real per-season breakdown before treating this as a new finding."
Fortuna Sittard,Fortuna Sittard,fbref_goals_per_shot,fbref,289,167,57.8,unexplained_blended,"Low coverage in a domain/season-sensitive column, but this table blends all seasons together -- check season_column_coverage for this column for the real per-season breakdown before treating this as a new finding."
Fortuna Sittard,Fortuna Sittard,tm_height_cm,tm,289,175,60.6,,
Fortuna Sittard,Fortuna Sittard,tm_foot,tm,289,176,60.9,,
Fortuna Sittard,Fortuna Sittard,fbref_minutes_per_sub,fbref,289,188,65.1,unexplained_blended,"Low coverage in a domain/season-sensitive column, but this table blends all seasons together -- check season_column_coverage for this column for the real per-season breakdown before treating this as a new finding."
Fortuna Sittard,Fortuna Sittard,fbref_shots_on_target_pct,fbref,289,190,65.7,unexplained_blended,"Low coverage in a domain/season-sensitive column, but this table blends all seasons together -- check season_column_coverage for this column for the real per-season breakdown before treating this as a new finding."
Fortuna Sittard,Fortuna Sittard,ws_take_ons_won_pct,ws,289,191,66.1,unexplained_blended,"Low coverage in a domain/season-sensitive column, but this table blends all seasons together -- check season_column_coverage for this column for the real per-season breakdown before treating this as a new finding."
Fortuna Sittard,Fortuna Sittard,fbref_minutes_per_start,fbref,289,195,67.5,unexplained_blended,"Low coverage in a domain/season-sensitive column, but this table blends all seasons together -- check season_column_coverage for this column for the real per-season breakdown before treating this as a new finding."
Fortuna Sittard,Fortuna Sittard,fbref_fouls_drawn_per90,fbref,289,202,69.9,unexplained_blended,"Low coverage in a domain/season-sensitive column, but this table blends all seasons together -- check season_column_coverage for this column for the real per-season breakdown before treating this as a new finding."
Fortuna Sittard,Fortuna Sittard,fbref_fouls_committed_per90,fbref,289,202,69.9,unexplained_blended,"Low coverage in a domain/season-sensitive column, but this table blends all seasons together -- check season_column_coverage for this column for the real per-season breakdown before treating this as a new finding."
Fortuna Sittard,Fortuna Sittard,fbref_tackles_won_per90,fbref,289,202,69.9,unexplained_blended,"Low coverage in a domain/season-sensitive column, but this table blends all seasons together -- check season_column_coverage for this column for the real per-season breakdown before treating this as a new finding."
Fortuna Sittard,Fortuna Sittard,fbref_crosses_per90,fbref,289,202,69.9,unexplained_blended,"Low coverage in a domain/season-sensitive column, but this table blends all seasons together -- check season_column_coverage for this column for the real per-season breakdown before treating this as a new finding."
Fortuna Sittard,Fortuna Sittard,fbref_interceptions_per90,fbref,289,202,69.9,unexplained_blended,"Low coverage in a domain/season-sensitive column, but this table blends all seasons together -- check season_column_coverage for this column for the real per-season breakdown before treating this as a new finding."
Fortuna Sittard,Fortuna Sittard,fbref_offsides_per90,fbref,289,202,69.9,unexplained_blended,"Low coverage in a domain/season-sensitive column, but this table blends all seasons together -- check season_column_coverage for this column for the real per-season breakdown before treating this as a new finding."
Fortuna Sittard,Fortuna Sittard,fbref_offsides,fbref,289,209,72.3,unexplained_blended,"Low coverage in a domain/season-sensitive column, but this table blends all seasons together -- check season_column_coverage for this column for the real per-season breakdown before treating this as a new finding."
Fortuna Sittard,Fortuna Sittard,fbref_shots_on_target_per90,fbref,289,209,72.3,unexplained_blended,"Low coverage in a domain/season-sensitive column, but this table blends all seasons together -- check season_column_coverage for this column for the real per-season breakdown before treating this as a new finding."
Fortuna Sittard,Fortuna Sittard,fbref_fouls_committed,fbref,289,209,72.3,unexplained_blended,"Low coverage in a domain/season-sensitive column, but this table blends all seasons together -- check season_column_coverage for this column for the real per-season breakdown before treating this as a new finding."
Fortuna Sittard,Fortuna Sittard,fbref_crosses,fbref,289,209,72.3,unexplained_blended,"Low coverage in a domain/season-sensitive column, but this table blends all seasons together -- check season_column_coverage for this column for the real per-season breakdown before treating this as a new finding."
Fortuna Sittard,Fortuna Sittard,fbref_shots_per90,fbref,289,209,72.3,unexplained_blended,"Low coverage in a domain/season-sensitive column, but this table blends all seasons together -- check season_column_coverage for this column for the real per-season breakdown before treating this as a new finding."
Fortuna Sittard,Fortuna Sittard,fbref_fouls_drawn,fbref,289,209,72.3,unexplained_blended,"Low coverage in a domain/season-sensitive column, but this table blends all seasons together -- check season_column_coverage for this column for the real per-season breakdown before treating this as a new finding."
Fortuna Sittard,Fortuna Sittard,fbref_tackles_won,fbref,289,209,72.3,unexplained_blended,"Low coverage in a domain/season-sensitive column, but this table blends all seasons together -- check season_column_coverage for this column for the real per-season breakdown before treating this as a new finding."
Fortuna Sittard,Fortuna Sittard,fbref_interceptions,fbref,289,209,72.3,unexplained_blended,"Low coverage in a domain/season-sensitive column, but this table blends all seasons together -- check season_column_coverage for this column for the real per-season breakdown before treating this as a new finding."
Fortuna Sittard,Fortuna Sittard,ws_ground_duel_win_pct,ws,289,217,75.1,unexplained_blended,"Low coverage in a domain/season-sensitive column, but this table blends all seasons together -- check season_column_coverage for this column for the real per-season breakdown before treating this as a new finding."
Fortuna Sittard,Fortuna Sittard,ws_aerial_duel_win_pct,ws,289,222,76.8,unexplained_blended,"Low coverage in a domain/season-sensitive column, but this table blends all seasons together -- check season_column_coverage for this column for the real per-season breakdown before treating this as a new finding."
Fortuna Sittard,Fortuna Sittard,ws_take_ons_won_per90,ws,289,229,79.2,unexplained_blended,"Low coverage in a domain/season-sensitive column, but this table blends all seasons together -- check season_column_coverage for this column for the real per-season breakdown before treating this as a new finding."
Fortuna Sittard,Fortuna Sittard,ws_take_ons_per90,ws,289,229,79.2,unexplained_blended,"Low coverage in a domain/season-sensitive column, but this table blends all seasons together -- check season_column_coverage for this column for the real per-season breakdown before treating this as a new finding."
Fortuna Sittard,Fortuna Sittard,ws_touches_att_pen_area_per90,ws,289,229,79.2,unexplained_blended,"Low coverage in a domain/season-sensitive column, but this table blends all seasons together -- check season_column_coverage for this column for the real per-season breakdown before treating this as a new finding."
Fortuna Sittard,Fortuna Sittard,ws_touches_def_pen_area_per90,ws,289,229,79.2,unexplained_blended,"Low coverage in a domain/season-sensitive column, but this table blends all seasons together -- check season_column_coverage for this column for the real per-season breakdown before treating this as a new finding."
Fortuna Sittard,Fortuna Sittard,ws_touches_att_3rd_per90,ws,289,229,79.2,unexplained_blended,"Low coverage in a domain/season-sensitive column, but this table blends all seasons together -- check season_column_coverage for this column for the real per-season breakdown before treating this as a new finding."
Fortuna Sittard,Fortuna Sittard,ws_touches_def_3rd_per90,ws,289,229,79.2,unexplained_blended,"Low coverage in a domain/season-sensitive column, but this table blends all seasons together -- check season_column_coverage for this column for the real per-season breakdown before treating this as a new finding."
Fortuna Sittard,Fortuna Sittard,ws_touches_per90,ws,289,229,79.2,unexplained_blended,"Low coverage in a domain/season-sensitive column, but this table blends all seasons together -- check season_column_coverage for this column for the real per-season breakdown before treating this as a new finding."
Fortuna Sittard,Fortuna Sittard,ws_passes_completed_per90,ws,289,229,79.2,unexplained_blended,"Low coverage in a domain/season-sensitive column, but this table blends all seasons together -- check season_column_coverage for this column for the real per-season breakdown before treating this as a new finding."
Fortuna Sittard,Fortuna Sittard,ws_passes_per90,ws,289,229,79.2,unexplained_blended,"Low coverage in a domain/season-sensitive column, but this table blends all seasons together -- check season_column_coverage for this column for the real per-season breakdown before treating this as a new finding."
Fortuna Sittard,Fortuna Sittard,ws_touches_mid_3rd_per90,ws,289,229,79.2,unexplained_blended,"Low coverage in a domain/season-sensitive column, but this table blends all seasons together -- check season_column_coverage for this column for the real per-season breakdown before treating this as a new finding."
Fortuna Sittard,Fortuna Sittard,ws_aerials_won_per90,ws,289,229,79.2,unexplained_blended,"Low coverage in a domain/season-sensitive column, but this table blends all seasons together -- check season_column_coverage for this column for the real per-season breakdown before treating this as a new finding."
Fortuna Sittard,Fortuna Sittard,ws_aerials_per90,ws,289,229,79.2,unexplained_blended,"Low coverage in a domain/season-sensitive column, but this table blends all seasons together -- check season_column_coverage for this column for the real per-season breakdown before treating this as a new finding."
Fortuna Sittard,Fortuna Sittard,ws_pen_area_entries_per90,ws,289,229,79.2,unexplained_blended,"Low coverage in a domain/season-sensitive column, but this table blends all seasons together -- check season_column_coverage for this column for the real per-season breakdown before treating this as a new finding."
Fortuna Sittard,Fortuna Sittard,ws_final_third_entries_per90,ws,289,229,79.2,unexplained_blended,"Low coverage in a domain/season-sensitive column, but this table blends all seasons together -- check season_column_coverage for this column for the real per-season breakdown before treating this as a new finding."
Fortuna Sittard,Fortuna Sittard,ws_errors_per90,ws,289,229,79.2,unexplained_blended,"Low coverage in a domain/season-sensitive column, but this table blends all seasons together -- check season_column_coverage for this column for the real per-season breakdown before treating this as a new finding."
Fortuna Sittard,Fortuna Sittard,ws_dribbled_past_per90,ws,289,229,79.2,unexplained_blended,"Low coverage in a domain/season-sensitive column, but this table blends all seasons together -- check season_column_coverage for this column for the real per-season breakdown before treating this as a new finding."
Fortuna Sittard,Fortuna Sittard,ws_clearances_per90,ws,289,229,79.2,unexplained_blended,"Low coverage in a domain/season-sensitive column, but this table blends all seasons together -- check season_column_coverage for this column for the real per-season breakdown before treating this as a new finding."
Fortuna Sittard,Fortuna Sittard,ws_interceptions_att_3rd_per90,ws,289,229,79.2,unexplained_blended,"Low coverage in a domain/season-sensitive column, but this table blends all seasons together -- check season_column_coverage for this column for the real per-season breakdown before treating this as a new finding."
Fortuna Sittard,Fortuna Sittard,ws_interceptions_mid_3rd_per90,ws,289,229,79.2,unexplained_blended,"Low coverage in a domain/season-sensitive column, but this table blends all seasons together -- check season_column_coverage for this column for the real per-season breakdown before treating this as a new finding."
Fortuna Sittard,Fortuna Sittard,ws_interceptions_def_3rd_per90,ws,289,229,79.2,unexplained_blended,"Low coverage in a domain/season-sensitive column, but this table blends all seasons together -- check season_column_coverage for this column for the real per-season breakdown before treating this as a new finding."
Fortuna Sittard,Fortuna Sittard,ws_interceptions_per90,ws,289,229,79.2,unexplained_blended,"Low coverage in a domain/season-sensitive column, but this table blends all seasons together -- check season_column_coverage for this column for the real per-season breakdown before treating this as a new finding."
Fortuna Sittard,Fortuna Sittard,ws_tackles_att_3rd_per90,ws,289,229,79.2,unexplained_blended,"Low coverage in a domain/season-sensitive column, but this table blends all seasons together -- check season_column_coverage for this column for the real per-season breakdown before treating this as a new finding."
Fortuna Sittard,Fortuna Sittard,ws_tackles_mid_3rd_per90,ws,289,229,79.2,unexplained_blended,"Low coverage in a domain/season-sensitive column, but this table blends all seasons together -- check season_column_coverage for this column for the real per-season breakdown before treating this as a new finding."
Fortuna Sittard,Fortuna Sittard,ws_tackles_def_3rd_per90,ws,289,229,79.2,unexplained_blended,"Low coverage in a domain/season-sensitive column, but this table blends all seasons together -- check season_column_coverage for this column for the real per-season breakdown before treating this as a new finding."
Fortuna Sittard,Fortuna Sittard,ws_tackles_won_per90,ws,289,229,79.2,unexplained_blended,"Low coverage in a domain/season-sensitive column, but this table blends all seasons together -- check season_column_coverage for this column for the real per-season breakdown before treating this as a new finding."
Fortuna Sittard,Fortuna Sittard,ws_tackles_per90,ws,289,229,79.2,unexplained_blended,"Low coverage in a domain/season-sensitive column, but this table blends all seasons together -- check season_column_coverage for this column for the real per-season breakdown before treating this as a new finding."
Fortuna Sittard,Fortuna Sittard,ws_dispossessed_per90,ws,289,229,79.2,unexplained_blended,"Low coverage in a domain/season-sensitive column, but this table blends all seasons together -- check season_column_coverage for this column for the real per-season breakdown before treating this as a new finding."
Fortuna Sittard,Fortuna Sittard,fbref_own_goals_per90,fbref,289,230,79.6,unexplained_blended,"Low coverage in a domain/season-sensitive column, but this table blends all seasons together -- check season_column_coverage for this column for the real per-season breakdown before treating this as a new finding."
Fortuna Sittard,Fortuna Sittard,fbref_yellow_cards_per90,fbref,289,230,79.6,unexplained_blended,"Low coverage in a domain/season-sensitive column, but this table blends all seasons together -- check season_column_coverage for this column for the real per-season breakdown before treating this as a new finding."
Fortuna Sittard,Fortuna Sittard,fbref_second_yellow_cards_per90,fbref,289,230,79.6,unexplained_blended,"Low coverage in a domain/season-sensitive column, but this table blends all seasons together -- check season_column_coverage for this column for the real per-season breakdown before treating this as a new finding."
Fortuna Sittard,Fortuna Sittard,fbref_red_cards_per90,fbref,289,230,79.6,unexplained_blended,"Low coverage in a domain/season-sensitive column, but this table blends all seasons together -- check season_column_coverage for this column for the real per-season breakdown before treating this as a new finding."
Fortuna Sittard,Fortuna Sittard,ws_passes_pct,ws,289,231,79.9,unexplained_blended,"Low coverage in a domain/season-sensitive column, but this table blends all seasons together -- check season_column_coverage for this column for the real per-season breakdown before treating this as a new finding."
Fortuna Sittard,Fortuna Sittard,ws_interceptions_def_3rd,ws,289,234,81.0,,
Fortuna Sittard,Fortuna Sittard,ws_touches_att_3rd,ws,289,234,81.0,,
Fortuna Sittard,Fortuna Sittard,ws_tackles,ws,289,234,81.0,,
Fortuna Sittard,Fortuna Sittard,ws_touches_def_3rd,ws,289,234,81.0,,
Fortuna Sittard,Fortuna Sittard,ws_dispossessed,ws,289,234,81.0,,
Fortuna Sittard,Fortuna Sittard,ws_take_ons_won,ws,289,234,81.0,,
Fortuna Sittard,Fortuna Sittard,ws_take_ons,ws,289,234,81.0,,
Fortuna Sittard,Fortuna Sittard,ws_whoscored_player_id,ws,289,234,81.0,,
Fortuna Sittard,Fortuna Sittard,ws_matches_with_data,ws,289,234,81.0,,
Fortuna Sittard,Fortuna Sittard,ws_passes,ws,289,234,81.0,,
Fortuna Sittard,Fortuna Sittard,ws_passes_completed,ws,289,234,81.0,,
Fortuna Sittard,Fortuna Sittard,ws_touches,ws,289,234,81.0,,
Fortuna Sittard,Fortuna Sittard,ws_touches_att_pen_area,ws,289,234,81.0,,
Fortuna Sittard,Fortuna Sittard,ws_touches_mid_3rd,ws,289,234,81.0,,
Fortuna Sittard,Fortuna Sittard,ws_touches_def_pen_area,ws,289,234,81.0,,
Fortuna Sittard,Fortuna Sittard,ws_tackles_won,ws,289,234,81.0,,
Fortuna Sittard,Fortuna Sittard,ws_tackles_def_3rd,ws,289,234,81.0,,
Fortuna Sittard,Fortuna Sittard,ws_tackles_mid_3rd,ws,289,234,81.0,,
Fortuna Sittard,Fortuna Sittard,ws_tackles_att_3rd,ws,289,234,81.0,,
Fortuna Sittard,Fortuna Sittard,ws_interceptions,ws,289,234,81.0,,
Fortuna Sittard,Fortuna Sittard,ws_interceptions_mid_3rd,ws,289,234,81.0,,
Fortuna Sittard,Fortuna Sittard,ws_interceptions_att_3rd,ws,289,234,81.0,,
Fortuna Sittard,Fortuna Sittard,ws_clearances,ws,289,234,81.0,,
Fortuna Sittard,Fortuna Sittard,ws_dribbled_past,ws,289,234,81.0,,
Fortuna Sittard,Fortuna Sittard,ws_errors,ws,289,234,81.0,,
Fortuna Sittard,Fortuna Sittard,ws_final_third_entries,ws,289,234,81.0,,
Fortuna Sittard,Fortuna Sittard,ws_pen_area_entries,ws,289,234,81.0,,
Fortuna Sittard,Fortuna Sittard,ws_aerials,ws,289,234,81.0,,
Fortuna Sittard,Fortuna Sittard,ws_aerials_won,ws,289,234,81.0,,
Fortuna Sittard,Fortuna Sittard,fbref_on_off,fbref,289,235,81.3,,
Fortuna Sittard,Fortuna Sittard,fbref_goals_per90,fbref,289,237,82.0,,
Fortuna Sittard,Fortuna Sittard,fbref_plus_minus,fbref,289,237,82.0,,
Fortuna Sittard,Fortuna Sittard,fbref_team_goals_against_while_on_pitch,fbref,289,237,82.0,,
Fortuna Sittard,Fortuna Sittard,fbref_team_goals_while_on_pitch,fbref,289,237,82.0,,
Fortuna Sittard,Fortuna Sittard,fbref_points_per_match,fbref,289,237,82.0,,
Fortuna Sittard,Fortuna Sittard,fbref_nineties,fbref,289,237,82.0,,
Fortuna Sittard,Fortuna Sittard,fbref_minutes_pct,fbref,289,237,82.0,,
Fortuna Sittard,Fortuna Sittard,fbref_minutes_per_match,fbref,289,237,82.0,,
Fortuna Sittard,Fortuna Sittard,fbref_minutes,fbref,289,237,82.0,,
Fortuna Sittard,Fortuna Sittard,fbref_yellow_cards,fbref,289,237,82.0,,
Fortuna Sittard,Fortuna Sittard,fbref_own_goals,fbref,289,237,82.0,,
Fortuna Sittard,Fortuna Sittard,fbref_second_yellow_cards,fbref,289,237,82.0,,
Fortuna Sittard,Fortuna Sittard,fbref_red_cards,fbref,289,237,82.0,,
Fortuna Sittard,Fortuna Sittard,fbref_shots_on_target,fbref,289,237,82.0,,
Fortuna Sittard,Fortuna Sittard,fbref_shots,fbref,289,237,82.0,,
Fortuna Sittard,Fortuna Sittard,fbref_non_penalty_goals_plus_assists_per90,fbref,289,237,82.0,,
Fortuna Sittard,Fortuna Sittard,fbref_non_penalty_goals_per90,fbref,289,237,82.0,,
Fortuna Sittard,Fortuna Sittard,fbref_goals_plus_assists_per90,fbref,289,237,82.0,,
Fortuna Sittard,Fortuna Sittard,fbref_assists_per90,fbref,289,237,82.0,,
Fortuna Sittard,Fortuna Sittard,fbref_penalty_attempts,fbref,289,237,82.0,,
Fortuna Sittard,Fortuna Sittard,fbref_penalty_goals,fbref,289,237,82.0,,
Fortuna Sittard,Fortuna Sittard,fbref_non_penalty_goals,fbref,289,237,82.0,,
Fortuna Sittard,Fortuna Sittard,fbref_goals_plus_assists,fbref,289,237,82.0,,
Fortuna Sittard,Fortuna Sittard,fbref_assists,fbref,289,237,82.0,,
Fortuna Sittard,Fortuna Sittard,fbref_goals,fbref,289,237,82.0,,
Fortuna Sittard,Fortuna Sittard,fbref_plus_minus_per90,fbref,289,237,82.0,,
Fortuna Sittard,Fortuna Sittard,fbref_nation,fbref,289,280,96.9,,
Fortuna Sittard,Fortuna Sittard,fbref_born,fbref,289,281,97.2,,
Fortuna Sittard,Fortuna Sittard,fbref_age,fbref,289,281,97.2,,
Fortuna Sittard,Fortuna Sittard,fbref_complete_matches,fbref,289,283,97.9,,
Fortuna Sittard,Fortuna Sittard,fbref_position,fbref,289,287,99.3,,
Fortuna Sittard,Fortuna Sittard,fbref_unused_sub,fbref,289,289,100.0,,
Fortuna Sittard,Fortuna Sittard,fbref_matches_played,fbref,289,289,100.0,,
Fortuna Sittard,Fortuna Sittard,fbref_substitute_appearances,fbref,289,289,100.0,,
Fortuna Sittard,Fortuna Sittard,fbref_starts,fbref,289,289,100.0,,
Go Ahead Eagles,Go Ahead Eagles,fbref_penalty_kicks_conceded_per90,fbref,248,31,12.5,unexplained_blended,"Low coverage in a domain/season-sensitive column, but this table blends all seasons together -- check season_column_coverage for this column for the real per-season breakdown before treating this as a new finding."
Go Ahead Eagles,Go Ahead Eagles,fbref_penalty_kicks_won_per90,fbref,248,31,12.5,unexplained_blended,"Low coverage in a domain/season-sensitive column, but this table blends all seasons together -- check season_column_coverage for this column for the real per-season breakdown before treating this as a new finding."
Go Ahead Eagles,Go Ahead Eagles,fbref_penalty_kicks_conceded,fbref,248,31,12.5,unexplained_blended,"Low coverage in a domain/season-sensitive column, but this table blends all seasons together -- check season_column_coverage for this column for the real per-season breakdown before treating this as a new finding."
Go Ahead Eagles,Go Ahead Eagles,fbref_penalty_kicks_won,fbref,248,31,12.5,unexplained_blended,"Low coverage in a domain/season-sensitive column, but this table blends all seasons together -- check season_column_coverage for this column for the real per-season breakdown before treating this as a new finding."
Go Ahead Eagles,Go Ahead Eagles,gk_penalty_kick_save_pct,gk,28,7,25.0,,
Go Ahead Eagles,Go Ahead Eagles,gk_penalty_kicks_faced,gk,28,8,28.6,,
Go Ahead Eagles,Go Ahead Eagles,gk_penalty_kicks_saved,gk,28,8,28.6,,
Go Ahead Eagles,Go Ahead Eagles,gk_penalty_kicks_missed_by_opponent,gk,28,8,28.6,,
Go Ahead Eagles,Go Ahead Eagles,gk_penalty_kicks_allowed,gk,28,8,28.6,,
Go Ahead Eagles,Go Ahead Eagles,fbref_minutes_per_sub,fbref,248,107,43.1,unexplained_blended,"Low coverage in a domain/season-sensitive column, but this table blends all seasons together -- check season_column_coverage for this column for the real per-season breakdown before treating this as a new finding."
Go Ahead Eagles,Go Ahead Eagles,fbref_minutes_per_start,fbref,248,111,44.8,unexplained_blended,"Low coverage in a domain/season-sensitive column, but this table blends all seasons together -- check season_column_coverage for this column for the real per-season breakdown before treating this as a new finding."
Go Ahead Eagles,Go Ahead Eagles,gk_draws,gk,28,13,46.4,,
Go Ahead Eagles,Go Ahead Eagles,gk_saves_per90,gk,28,13,46.4,,
Go Ahead Eagles,Go Ahead Eagles,fbref_goals_per_shot,fbref,248,115,46.4,unexplained_blended,"Low coverage in a domain/season-sensitive column, but this table blends all seasons together -- check season_column_coverage for this column for the real per-season breakdown before treating this as a new finding."
Go Ahead Eagles,Go Ahead Eagles,gk_goals_against_per90,gk,28,13,46.4,,
Go Ahead Eagles,Go Ahead Eagles,gk_goals_against,gk,28,13,46.4,,
Go Ahead Eagles,Go Ahead Eagles,gk_clean_sheets,gk,28,13,46.4,,
Go Ahead Eagles,Go Ahead Eagles,gk_clean_sheet_pct,gk,28,13,46.4,,
Go Ahead Eagles,Go Ahead Eagles,gk_shots_on_target_against,gk,28,13,46.4,,
Go Ahead Eagles,Go Ahead Eagles,gk_saves,gk,28,13,46.4,,
Go Ahead Eagles,Go Ahead Eagles,gk_wins,gk,28,13,46.4,,
Go Ahead Eagles,Go Ahead Eagles,gk_save_pct,gk,28,13,46.4,,
Go Ahead Eagles,Go Ahead Eagles,gk_losses,gk,28,13,46.4,,
Go Ahead Eagles,Go Ahead Eagles,tm_foot,tm,248,153,61.7,,
Go Ahead Eagles,Go Ahead Eagles,fbref_goals_per_shot_on_target,fbref,248,157,63.3,unexplained_blended,"Low coverage in a domain/season-sensitive column, but this table blends all seasons together -- check season_column_coverage for this column for the real per-season breakdown before treating this as a new finding."
Go Ahead Eagles,Go Ahead Eagles,tm_height_cm,tm,248,158,63.7,,
Go Ahead Eagles,Go Ahead Eagles,fbref_tackles_won_per90,fbref,248,162,65.3,unexplained_blended,"Low coverage in a domain/season-sensitive column, but this table blends all seasons together -- check season_column_coverage for this column for the real per-season breakdown before treating this as a new finding."
Go Ahead Eagles,Go Ahead Eagles,fbref_interceptions_per90,fbref,248,162,65.3,unexplained_blended,"Low coverage in a domain/season-sensitive column, but this table blends all seasons together -- check season_column_coverage for this column for the real per-season breakdown before treating this as a new finding."
Go Ahead Eagles,Go Ahead Eagles,fbref_crosses_per90,fbref,248,162,65.3,unexplained_blended,"Low coverage in a domain/season-sensitive column, but this table blends all seasons together -- check season_column_coverage for this column for the real per-season breakdown before treating this as a new finding."
Go Ahead Eagles,Go Ahead Eagles,fbref_own_goals_per90,fbref,248,162,65.3,unexplained_blended,"Low coverage in a domain/season-sensitive column, but this table blends all seasons together -- check season_column_coverage for this column for the real per-season breakdown before treating this as a new finding."
Go Ahead Eagles,Go Ahead Eagles,fbref_fouls_drawn_per90,fbref,248,162,65.3,unexplained_blended,"Low coverage in a domain/season-sensitive column, but this table blends all seasons together -- check season_column_coverage for this column for the real per-season breakdown before treating this as a new finding."
Go Ahead Eagles,Go Ahead Eagles,fbref_second_yellow_cards_per90,fbref,248,162,65.3,unexplained_blended,"Low coverage in a domain/season-sensitive column, but this table blends all seasons together -- check season_column_coverage for this column for the real per-season breakdown before treating this as a new finding."
Go Ahead Eagles,Go Ahead Eagles,fbref_offsides_per90,fbref,248,162,65.3,unexplained_blended,"Low coverage in a domain/season-sensitive column, but this table blends all seasons together -- check season_column_coverage for this column for the real per-season breakdown before treating this as a new finding."
Go Ahead Eagles,Go Ahead Eagles,fbref_crosses,fbref,248,164,66.1,unexplained_blended,"Low coverage in a domain/season-sensitive column, but this table blends all seasons together -- check season_column_coverage for this column for the real per-season breakdown before treating this as a new finding."
Go Ahead Eagles,Go Ahead Eagles,fbref_shots_per90,fbref,248,164,66.1,unexplained_blended,"Low coverage in a domain/season-sensitive column, but this table blends all seasons together -- check season_column_coverage for this column for the real per-season breakdown before treating this as a new finding."
Go Ahead Eagles,Go Ahead Eagles,fbref_second_yellow_cards,fbref,248,164,66.1,unexplained_blended,"Low coverage in a domain/season-sensitive column, but this table blends all seasons together -- check season_column_coverage for this column for the real per-season breakdown before treating this as a new finding."
Go Ahead Eagles,Go Ahead Eagles,fbref_fouls_drawn,fbref,248,164,66.1,unexplained_blended,"Low coverage in a domain/season-sensitive column, but this table blends all seasons together -- check season_column_coverage for this column for the real per-season breakdown before treating this as a new finding."
Go Ahead Eagles,Go Ahead Eagles,fbref_offsides,fbref,248,164,66.1,unexplained_blended,"Low coverage in a domain/season-sensitive column, but this table blends all seasons together -- check season_column_coverage for this column for the real per-season breakdown before treating this as a new finding."
Go Ahead Eagles,Go Ahead Eagles,fbref_interceptions,fbref,248,164,66.1,unexplained_blended,"Low coverage in a domain/season-sensitive column, but this table blends all seasons together -- check season_column_coverage for this column for the real per-season breakdown before treating this as a new finding."
Go Ahead Eagles,Go Ahead Eagles,fbref_tackles_won,fbref,248,164,66.1,unexplained_blended,"Low coverage in a domain/season-sensitive column, but this table blends all seasons together -- check season_column_coverage for this column for the real per-season breakdown before treating this as a new finding."
Go Ahead Eagles,Go Ahead Eagles,fbref_own_goals,fbref,248,164,66.1,unexplained_blended,"Low coverage in a domain/season-sensitive column, but this table blends all seasons together -- check season_column_coverage for this column for the real per-season breakdown before treating this as a new finding."
Go Ahead Eagles,Go Ahead Eagles,fbref_shots_on_target_pct,fbref,248,179,72.2,unexplained_blended,"Low coverage in a domain/season-sensitive column, but this table blends all seasons together -- check season_column_coverage for this column for the real per-season breakdown before treating this as a new finding."
Go Ahead Eagles,Go Ahead Eagles,ws_take_ons_won_pct,ws,248,182,73.4,unexplained_blended,"Low coverage in a domain/season-sensitive column, but this table blends all seasons together -- check season_column_coverage for this column for the real per-season breakdown before treating this as a new finding."
Go Ahead Eagles,Go Ahead Eagles,fbref_on_off,fbref,248,182,73.4,unexplained_blended,"Low coverage in a domain/season-sensitive column, but this table blends all seasons together -- check season_column_coverage for this column for the real per-season breakdown before treating this as a new finding."
Go Ahead Eagles,Go Ahead Eagles,fbref_team_goals_against_while_on_pitch,fbref,248,187,75.4,unexplained_blended,"Low coverage in a domain/season-sensitive column, but this table blends all seasons together -- check season_column_coverage for this column for the real per-season breakdown before treating this as a new finding."
Go Ahead Eagles,Go Ahead Eagles,fbref_team_goals_while_on_pitch,fbref,248,187,75.4,unexplained_blended,"Low coverage in a domain/season-sensitive column, but this table blends all seasons together -- check season_column_coverage for this column for the real per-season breakdown before treating this as a new finding."
Go Ahead Eagles,Go Ahead Eagles,fbref_points_per_match,fbref,248,187,75.4,unexplained_blended,"Low coverage in a domain/season-sensitive column, but this table blends all seasons together -- check season_column_coverage for this column for the real per-season breakdown before treating this as a new finding."
Go Ahead Eagles,Go Ahead Eagles,fbref_plus_minus_per90,fbref,248,187,75.4,unexplained_blended,"Low coverage in a domain/season-sensitive column, but this table blends all seasons together -- check season_column_coverage for this column for the real per-season breakdown before treating this as a new finding."
Go Ahead Eagles,Go Ahead Eagles,fbref_plus_minus,fbref,248,187,75.4,unexplained_blended,"Low coverage in a domain/season-sensitive column, but this table blends all seasons together -- check season_column_coverage for this column for the real per-season breakdown before treating this as a new finding."
Go Ahead Eagles,Go Ahead Eagles,ws_aerial_duel_win_pct,ws,248,196,79.0,unexplained_blended,"Low coverage in a domain/season-sensitive column, but this table blends all seasons together -- check season_column_coverage for this column for the real per-season breakdown before treating this as a new finding."
Go Ahead Eagles,Go Ahead Eagles,ws_ground_duel_win_pct,ws,248,197,79.4,unexplained_blended,"Low coverage in a domain/season-sensitive column, but this table blends all seasons together -- check season_column_coverage for this column for the real per-season breakdown before treating this as a new finding."
Go Ahead Eagles,Go Ahead Eagles,ws_clearances_per90,ws,248,207,83.5,,
Go Ahead Eagles,Go Ahead Eagles,ws_interceptions_att_3rd_per90,ws,248,207,83.5,,
Go Ahead Eagles,Go Ahead Eagles,ws_interceptions_mid_3rd_per90,ws,248,207,83.5,,
Go Ahead Eagles,Go Ahead Eagles,ws_interceptions_def_3rd_per90,ws,248,207,83.5,,
Go Ahead Eagles,Go Ahead Eagles,ws_interceptions_per90,ws,248,207,83.5,,
Go Ahead Eagles,Go Ahead Eagles,ws_tackles_att_3rd_per90,ws,248,207,83.5,,
Go Ahead Eagles,Go Ahead Eagles,ws_tackles_mid_3rd_per90,ws,248,207,83.5,,
Go Ahead Eagles,Go Ahead Eagles,ws_tackles_def_3rd_per90,ws,248,207,83.5,,
Go Ahead Eagles,Go Ahead Eagles,ws_tackles_won_per90,ws,248,207,83.5,,
Go Ahead Eagles,Go Ahead Eagles,ws_tackles_per90,ws,248,207,83.5,,
Go Ahead Eagles,Go Ahead Eagles,ws_dispossessed_per90,ws,248,207,83.5,,
Go Ahead Eagles,Go Ahead Eagles,ws_take_ons_won_per90,ws,248,207,83.5,,
Go Ahead Eagles,Go Ahead Eagles,ws_take_ons_per90,ws,248,207,83.5,,
Go Ahead Eagles,Go Ahead Eagles,ws_touches_att_pen_area_per90,ws,248,207,83.5,,
Go Ahead Eagles,Go Ahead Eagles,ws_touches_def_pen_area_per90,ws,248,207,83.5,,
Go Ahead Eagles,Go Ahead Eagles,ws_touches_att_3rd_per90,ws,248,207,83.5,,
Go Ahead Eagles,Go Ahead Eagles,ws_touches_mid_3rd_per90,ws,248,207,83.5,,
Go Ahead Eagles,Go Ahead Eagles,fbref_red_cards_per90,fbref,248,207,83.5,,
Go Ahead Eagles,Go Ahead Eagles,fbref_fouls_committed_per90,fbref,248,207,83.5,,
Go Ahead Eagles,Go Ahead Eagles,ws_touches_per90,ws,248,207,83.5,,
Go Ahead Eagles,Go Ahead Eagles,ws_passes_per90,ws,248,207,83.5,,
Go Ahead Eagles,Go Ahead Eagles,ws_aerials_won_per90,ws,248,207,83.5,,
Go Ahead Eagles,Go Ahead Eagles,ws_aerials_per90,ws,248,207,83.5,,
Go Ahead Eagles,Go Ahead Eagles,ws_pen_area_entries_per90,ws,248,207,83.5,,
Go Ahead Eagles,Go Ahead Eagles,ws_final_third_entries_per90,ws,248,207,83.5,,
Go Ahead Eagles,Go Ahead Eagles,ws_errors_per90,ws,248,207,83.5,,
Go Ahead Eagles,Go Ahead Eagles,ws_dribbled_past_per90,ws,248,207,83.5,,
Go Ahead Eagles,Go Ahead Eagles,ws_passes_completed_per90,ws,248,207,83.5,,
Go Ahead Eagles,Go Ahead Eagles,ws_touches_def_3rd_per90,ws,248,207,83.5,,
Go Ahead Eagles,Go Ahead Eagles,fbref_yellow_cards_per90,fbref,248,207,83.5,,
Go Ahead Eagles,Go Ahead Eagles,ws_passes_pct,ws,248,208,83.9,,
Go Ahead Eagles,Go Ahead Eagles,ws_errors,ws,248,209,84.3,,
Go Ahead Eagles,Go Ahead Eagles,fbref_shots,fbref,248,209,84.3,,
Go Ahead Eagles,Go Ahead Eagles,fbref_shots_on_target,fbref,248,209,84.3,,
Go Ahead Eagles,Go Ahead Eagles,fbref_shots_on_target_per90,fbref,248,209,84.3,,
Go Ahead Eagles,Go Ahead Eagles,fbref_yellow_cards,fbref,248,209,84.3,,
Go Ahead Eagles,Go Ahead Eagles,fbref_red_cards,fbref,248,209,84.3,,
Go Ahead Eagles,Go Ahead Eagles,fbref_fouls_committed,fbref,248,209,84.3,,
Go Ahead Eagles,Go Ahead Eagles,ws_interceptions,ws,248,209,84.3,,
Go Ahead Eagles,Go Ahead Eagles,fbref_minutes,fbref,248,209,84.3,,
Go Ahead Eagles,Go Ahead Eagles,fbref_minutes_per_match,fbref,248,209,84.3,,
Go Ahead Eagles,Go Ahead Eagles,fbref_minutes_pct,fbref,248,209,84.3,,
Go Ahead Eagles,Go Ahead Eagles,fbref_nineties,fbref,248,209,84.3,,
Go Ahead Eagles,Go Ahead Eagles,fbref_goals,fbref,248,209,84.3,,
Go Ahead Eagles,Go Ahead Eagles,fbref_assists,fbref,248,209,84.3,,
Go Ahead Eagles,Go Ahead Eagles,fbref_goals_plus_assists,fbref,248,209,84.3,,
Go Ahead Eagles,Go Ahead Eagles,fbref_non_penalty_goals,fbref,248,209,84.3,,
Go Ahead Eagles,Go Ahead Eagles,fbref_penalty_goals,fbref,248,209,84.3,,
Go Ahead Eagles,Go Ahead Eagles,fbref_penalty_attempts,fbref,248,209,84.3,,
Go Ahead Eagles,Go Ahead Eagles,fbref_goals_per90,fbref,248,209,84.3,,
Go Ahead Eagles,Go Ahead Eagles,fbref_assists_per90,fbref,248,209,84.3,,
Go Ahead Eagles,Go Ahead Eagles,fbref_goals_plus_assists_per90,fbref,248,209,84.3,,
Go Ahead Eagles,Go Ahead Eagles,fbref_non_penalty_goals_per90,fbref,248,209,84.3,,
Go Ahead Eagles,Go Ahead Eagles,fbref_non_penalty_goals_plus_assists_per90,fbref,248,209,84.3,,
Go Ahead Eagles,Go Ahead Eagles,ws_touches_att_pen_area,ws,248,209,84.3,,
Go Ahead Eagles,Go Ahead Eagles,ws_take_ons,ws,248,209,84.3,,
Go Ahead Eagles,Go Ahead Eagles,ws_take_ons_won,ws,248,209,84.3,,
Go Ahead Eagles,Go Ahead Eagles,ws_dispossessed,ws,248,209,84.3,,
Go Ahead Eagles,Go Ahead Eagles,ws_tackles,ws,248,209,84.3,,
Go Ahead Eagles,Go Ahead Eagles,ws_tackles_won,ws,248,209,84.3,,
Go Ahead Eagles,Go Ahead Eagles,ws_tackles_def_3rd,ws,248,209,84.3,,
Go Ahead Eagles,Go Ahead Eagles,ws_tackles_mid_3rd,ws,248,209,84.3,,
Go Ahead Eagles,Go Ahead Eagles,ws_tackles_att_3rd,ws,248,209,84.3,,
Go Ahead Eagles,Go Ahead Eagles,ws_whoscored_player_id,ws,248,209,84.3,,
Go Ahead Eagles,Go Ahead Eagles,ws_matches_with_data,ws,248,209,84.3,,
Go Ahead Eagles,Go Ahead Eagles,ws_passes,ws,248,209,84.3,,
Go Ahead Eagles,Go Ahead Eagles,ws_passes_completed,ws,248,209,84.3,,
Go Ahead Eagles,Go Ahead Eagles,ws_touches,ws,248,209,84.3,,
Go Ahead Eagles,Go Ahead Eagles,ws_touches_def_3rd,ws,248,209,84.3,,
Go Ahead Eagles,Go Ahead Eagles,ws_touches_mid_3rd,ws,248,209,84.3,,
Go Ahead Eagles,Go Ahead Eagles,ws_touches_att_3rd,ws,248,209,84.3,,
Go Ahead Eagles,Go Ahead Eagles,ws_touches_def_pen_area,ws,248,209,84.3,,
Go Ahead Eagles,Go Ahead Eagles,ws_interceptions_def_3rd,ws,248,209,84.3,,
Go Ahead Eagles,Go Ahead Eagles,ws_interceptions_mid_3rd,ws,248,209,84.3,,
Go Ahead Eagles,Go Ahead Eagles,ws_interceptions_att_3rd,ws,248,209,84.3,,
Go Ahead Eagles,Go Ahead Eagles,ws_clearances,ws,248,209,84.3,,
Go Ahead Eagles,Go Ahead Eagles,ws_dribbled_past,ws,248,209,84.3,,
Go Ahead Eagles,Go Ahead Eagles,ws_final_third_entries,ws,248,209,84.3,,
Go Ahead Eagles,Go Ahead Eagles,ws_pen_area_entries,ws,248,209,84.3,,
Go Ahead Eagles,Go Ahead Eagles,ws_aerials,ws,248,209,84.3,,
Go Ahead Eagles,Go Ahead Eagles,ws_aerials_won,ws,248,209,84.3,,
Go Ahead Eagles,Go Ahead Eagles,fbref_unused_sub,fbref,248,226,91.1,,
Go Ahead Eagles,Go Ahead Eagles,fbref_age,fbref,248,243,98.0,,
Go Ahead Eagles,Go Ahead Eagles,fbref_nation,fbref,248,243,98.0,,
Go Ahead Eagles,Go Ahead Eagles,fbref_born,fbref,248,243,98.0,,
Go Ahead Eagles,Go Ahead Eagles,fbref_complete_matches,fbref,248,245,98.8,,
Go Ahead Eagles,Go Ahead Eagles,fbref_starts,fbref,248,248,100.0,,
Go Ahead Eagles,Go Ahead Eagles,fbref_matches_played,fbref,248,248,100.0,,
Go Ahead Eagles,Go Ahead Eagles,fbref_position,fbref,248,248,100.0,,
Go Ahead Eagles,Go Ahead Eagles,fbref_substitute_appearances,fbref,248,248,100.0,,
Groningen,Groningen,fbref_penalty_kicks_conceded,fbref,480,48,10.0,unexplained_blended,"Low coverage in a domain/season-sensitive column, but this table blends all seasons together -- check season_column_coverage for this column for the real per-season breakdown before treating this as a new finding."
Groningen,Groningen,fbref_penalty_kicks_won_per90,fbref,480,48,10.0,unexplained_blended,"Low coverage in a domain/season-sensitive column, but this table blends all seasons together -- check season_column_coverage for this column for the real per-season breakdown before treating this as a new finding."
Groningen,Groningen,fbref_penalty_kicks_conceded_per90,fbref,480,48,10.0,unexplained_blended,"Low coverage in a domain/season-sensitive column, but this table blends all seasons together -- check season_column_coverage for this column for the real per-season breakdown before treating this as a new finding."
Groningen,Groningen,fbref_penalty_kicks_won,fbref,480,48,10.0,unexplained_blended,"Low coverage in a domain/season-sensitive column, but this table blends all seasons together -- check season_column_coverage for this column for the real per-season breakdown before treating this as a new finding."
Groningen,Groningen,gk_penalty_kick_save_pct,gk,53,12,22.6,,
Groningen,Groningen,gk_penalty_kicks_saved,gk,53,13,24.5,,
Groningen,Groningen,gk_penalty_kicks_missed_by_opponent,gk,53,13,24.5,,
Groningen,Groningen,gk_penalty_kicks_faced,gk,53,13,24.5,,
Groningen,Groningen,gk_penalty_kicks_allowed,gk,53,13,24.5,,
Groningen,Groningen,fbref_goals_per_shot,fbref,480,147,30.6,unexplained_blended,"Low coverage in a domain/season-sensitive column, but this table blends all seasons together -- check season_column_coverage for this column for the real per-season breakdown before treating this as a new finding."
Groningen,Groningen,fbref_minutes_per_sub,fbref,480,161,33.5,unexplained_blended,"Low coverage in a domain/season-sensitive column, but this table blends all seasons together -- check season_column_coverage for this column for the real per-season breakdown before treating this as a new finding."
Groningen,Groningen,fbref_minutes_per_start,fbref,480,168,35.0,unexplained_blended,"Low coverage in a domain/season-sensitive column, but this table blends all seasons together -- check season_column_coverage for this column for the real per-season breakdown before treating this as a new finding."
Groningen,Groningen,gk_saves_per90,gk,53,22,41.5,,
Groningen,Groningen,gk_saves,gk,53,22,41.5,,
Groningen,Groningen,gk_save_pct,gk,53,22,41.5,,
Groningen,Groningen,gk_shots_on_target_against,gk,53,22,41.5,,
Groningen,Groningen,gk_draws,gk,53,23,43.4,,
Groningen,Groningen,gk_wins,gk,53,23,43.4,,
Groningen,Groningen,gk_goals_against_per90,gk,53,23,43.4,,
Groningen,Groningen,gk_clean_sheets,gk,53,23,43.4,,
Groningen,Groningen,gk_clean_sheet_pct,gk,53,23,43.4,,
Groningen,Groningen,gk_goals_against,gk,53,23,43.4,,
Groningen,Groningen,gk_losses,gk,53,23,43.4,,
Groningen,Groningen,fbref_interceptions_per90,fbref,480,216,45.0,unexplained_blended,"Low coverage in a domain/season-sensitive column, but this table blends all seasons together -- check season_column_coverage for this column for the real per-season breakdown before treating this as a new finding."
Groningen,Groningen,fbref_fouls_drawn_per90,fbref,480,216,45.0,unexplained_blended,"Low coverage in a domain/season-sensitive column, but this table blends all seasons together -- check season_column_coverage for this column for the real per-season breakdown before treating this as a new finding."
Groningen,Groningen,fbref_offsides_per90,fbref,480,216,45.0,unexplained_blended,"Low coverage in a domain/season-sensitive column, but this table blends all seasons together -- check season_column_coverage for this column for the real per-season breakdown before treating this as a new finding."
Groningen,Groningen,fbref_crosses_per90,fbref,480,216,45.0,unexplained_blended,"Low coverage in a domain/season-sensitive column, but this table blends all seasons together -- check season_column_coverage for this column for the real per-season breakdown before treating this as a new finding."
Groningen,Groningen,fbref_tackles_won_per90,fbref,480,216,45.0,unexplained_blended,"Low coverage in a domain/season-sensitive column, but this table blends all seasons together -- check season_column_coverage for this column for the real per-season breakdown before treating this as a new finding."
Groningen,Groningen,fbref_interceptions,fbref,480,220,45.8,unexplained_blended,"Low coverage in a domain/season-sensitive column, but this table blends all seasons together -- check season_column_coverage for this column for the real per-season breakdown before treating this as a new finding."
Groningen,Groningen,fbref_shots_per90,fbref,480,220,45.8,unexplained_blended,"Low coverage in a domain/season-sensitive column, but this table blends all seasons together -- check season_column_coverage for this column for the real per-season breakdown before treating this as a new finding."
Groningen,Groningen,fbref_fouls_drawn,fbref,480,220,45.8,unexplained_blended,"Low coverage in a domain/season-sensitive column, but this table blends all seasons together -- check season_column_coverage for this column for the real per-season breakdown before treating this as a new finding."
Groningen,Groningen,fbref_offsides,fbref,480,220,45.8,unexplained_blended,"Low coverage in a domain/season-sensitive column, but this table blends all seasons together -- check season_column_coverage for this column for the real per-season breakdown before treating this as a new finding."
Groningen,Groningen,fbref_tackles_won,fbref,480,220,45.8,unexplained_blended,"Low coverage in a domain/season-sensitive column, but this table blends all seasons together -- check season_column_coverage for this column for the real per-season breakdown before treating this as a new finding."
Groningen,Groningen,fbref_crosses,fbref,480,220,45.8,unexplained_blended,"Low coverage in a domain/season-sensitive column, but this table blends all seasons together -- check season_column_coverage for this column for the real per-season breakdown before treating this as a new finding."
Groningen,Groningen,fbref_own_goals_per90,fbref,480,243,50.6,unexplained_blended,"Low coverage in a domain/season-sensitive column, but this table blends all seasons together -- check season_column_coverage for this column for the real per-season breakdown before treating this as a new finding."
Groningen,Groningen,fbref_second_yellow_cards_per90,fbref,480,243,50.6,unexplained_blended,"Low coverage in a domain/season-sensitive column, but this table blends all seasons together -- check season_column_coverage for this column for the real per-season breakdown before treating this as a new finding."
Groningen,Groningen,fbref_own_goals,fbref,480,247,51.5,unexplained_blended,"Low coverage in a domain/season-sensitive column, but this table blends all seasons together -- check season_column_coverage for this column for the real per-season breakdown before treating this as a new finding."
Groningen,Groningen,fbref_second_yellow_cards,fbref,480,247,51.5,unexplained_blended,"Low coverage in a domain/season-sensitive column, but this table blends all seasons together -- check season_column_coverage for this column for the real per-season breakdown before treating this as a new finding."
Groningen,Groningen,fbref_goals_per_shot_on_target,fbref,480,260,54.2,unexplained_blended,"Low coverage in a domain/season-sensitive column, but this table blends all seasons together -- check season_column_coverage for this column for the real per-season breakdown before treating this as a new finding."
Groningen,Groningen,fbref_shots_on_target_pct,fbref,480,277,57.7,unexplained_blended,"Low coverage in a domain/season-sensitive column, but this table blends all seasons together -- check season_column_coverage for this column for the real per-season breakdown before treating this as a new finding."
Groningen,Groningen,tm_foot,tm,480,278,57.9,,
Groningen,Groningen,tm_height_cm,tm,480,283,59.0,,
Groningen,Groningen,ws_take_ons_won_pct,ws,480,287,59.8,unexplained_blended,"Low coverage in a domain/season-sensitive column, but this table blends all seasons together -- check season_column_coverage for this column for the real per-season breakdown before treating this as a new finding."
Groningen,Groningen,fbref_on_off,fbref,480,289,60.2,unexplained_blended,"Low coverage in a domain/season-sensitive column, but this table blends all seasons together -- check season_column_coverage for this column for the real per-season breakdown before treating this as a new finding."
Groningen,Groningen,fbref_points_per_match,fbref,480,295,61.5,unexplained_blended,"Low coverage in a domain/season-sensitive column, but this table blends all seasons together -- check season_column_coverage for this column for the real per-season breakdown before treating this as a new finding."
Groningen,Groningen,fbref_plus_minus_per90,fbref,480,298,62.1,unexplained_blended,"Low coverage in a domain/season-sensitive column, but this table blends all seasons together -- check season_column_coverage for this column for the real per-season breakdown before treating this as a new finding."
Groningen,Groningen,fbref_team_goals_against_while_on_pitch,fbref,480,298,62.1,unexplained_blended,"Low coverage in a domain/season-sensitive column, but this table blends all seasons together -- check season_column_coverage for this column for the real per-season breakdown before treating this as a new finding."
Groningen,Groningen,fbref_plus_minus,fbref,480,298,62.1,unexplained_blended,"Low coverage in a domain/season-sensitive column, but this table blends all seasons together -- check season_column_coverage for this column for the real per-season breakdown before treating this as a new finding."
Groningen,Groningen,fbref_team_goals_while_on_pitch,fbref,480,298,62.1,unexplained_blended,"Low coverage in a domain/season-sensitive column, but this table blends all seasons together -- check season_column_coverage for this column for the real per-season breakdown before treating this as a new finding."
Groningen,Groningen,ws_ground_duel_win_pct,ws,480,302,62.9,unexplained_blended,"Low coverage in a domain/season-sensitive column, but this table blends all seasons together -- check season_column_coverage for this column for the real per-season breakdown before treating this as a new finding."
Groningen,Groningen,ws_aerial_duel_win_pct,ws,480,308,64.2,unexplained_blended,"Low coverage in a domain/season-sensitive column, but this table blends all seasons together -- check season_column_coverage for this column for the real per-season breakdown before treating this as a new finding."
Groningen,Groningen,ws_aerials_won_per90,ws,480,316,65.8,unexplained_blended,"Low coverage in a domain/season-sensitive column, but this table blends all seasons together -- check season_column_coverage for this column for the real per-season breakdown before treating this as a new finding."
Groningen,Groningen,ws_passes_per90,ws,480,316,65.8,unexplained_blended,"Low coverage in a domain/season-sensitive column, but this table blends all seasons together -- check season_column_coverage for this column for the real per-season breakdown before treating this as a new finding."
Groningen,Groningen,ws_passes_completed_per90,ws,480,316,65.8,unexplained_blended,"Low coverage in a domain/season-sensitive column, but this table blends all seasons together -- check season_column_coverage for this column for the real per-season breakdown before treating this as a new finding."
Groningen,Groningen,ws_touches_per90,ws,480,316,65.8,unexplained_blended,"Low coverage in a domain/season-sensitive column, but this table blends all seasons together -- check season_column_coverage for this column for the real per-season breakdown before treating this as a new finding."
Groningen,Groningen,ws_touches_def_3rd_per90,ws,480,316,65.8,unexplained_blended,"Low coverage in a domain/season-sensitive column, but this table blends all seasons together -- check season_column_coverage for this column for the real per-season breakdown before treating this as a new finding."
Groningen,Groningen,ws_touches_mid_3rd_per90,ws,480,316,65.8,unexplained_blended,"Low coverage in a domain/season-sensitive column, but this table blends all seasons together -- check season_column_coverage for this column for the real per-season breakdown before treating this as a new finding."
Groningen,Groningen,ws_touches_att_3rd_per90,ws,480,316,65.8,unexplained_blended,"Low coverage in a domain/season-sensitive column, but this table blends all seasons together -- check season_column_coverage for this column for the real per-season breakdown before treating this as a new finding."
Groningen,Groningen,ws_touches_def_pen_area_per90,ws,480,316,65.8,unexplained_blended,"Low coverage in a domain/season-sensitive column, but this table blends all seasons together -- check season_column_coverage for this column for the real per-season breakdown before treating this as a new finding."
Groningen,Groningen,ws_touches_att_pen_area_per90,ws,480,316,65.8,unexplained_blended,"Low coverage in a domain/season-sensitive column, but this table blends all seasons together -- check season_column_coverage for this column for the real per-season breakdown before treating this as a new finding."
Groningen,Groningen,ws_take_ons_per90,ws,480,316,65.8,unexplained_blended,"Low coverage in a domain/season-sensitive column, but this table blends all seasons together -- check season_column_coverage for this column for the real per-season breakdown before treating this as a new finding."
Groningen,Groningen,ws_take_ons_won_per90,ws,480,316,65.8,unexplained_blended,"Low coverage in a domain/season-sensitive column, but this table blends all seasons together -- check season_column_coverage for this column for the real per-season breakdown before treating this as a new finding."
Groningen,Groningen,ws_dispossessed_per90,ws,480,316,65.8,unexplained_blended,"Low coverage in a domain/season-sensitive column, but this table blends all seasons together -- check season_column_coverage for this column for the real per-season breakdown before treating this as a new finding."
Groningen,Groningen,ws_tackles_per90,ws,480,316,65.8,unexplained_blended,"Low coverage in a domain/season-sensitive column, but this table blends all seasons together -- check season_column_coverage for this column for the real per-season breakdown before treating this as a new finding."
Groningen,Groningen,ws_tackles_won_per90,ws,480,316,65.8,unexplained_blended,"Low coverage in a domain/season-sensitive column, but this table blends all seasons together -- check season_column_coverage for this column for the real per-season breakdown before treating this as a new finding."
Groningen,Groningen,ws_tackles_def_3rd_per90,ws,480,316,65.8,unexplained_blended,"Low coverage in a domain/season-sensitive column, but this table blends all seasons together -- check season_column_coverage for this column for the real per-season breakdown before treating this as a new finding."
Groningen,Groningen,ws_tackles_mid_3rd_per90,ws,480,316,65.8,unexplained_blended,"Low coverage in a domain/season-sensitive column, but this table blends all seasons together -- check season_column_coverage for this column for the real per-season breakdown before treating this as a new finding."
Groningen,Groningen,ws_tackles_att_3rd_per90,ws,480,316,65.8,unexplained_blended,"Low coverage in a domain/season-sensitive column, but this table blends all seasons together -- check season_column_coverage for this column for the real per-season breakdown before treating this as a new finding."
Groningen,Groningen,ws_interceptions_per90,ws,480,316,65.8,unexplained_blended,"Low coverage in a domain/season-sensitive column, but this table blends all seasons together -- check season_column_coverage for this column for the real per-season breakdown before treating this as a new finding."
Groningen,Groningen,ws_interceptions_def_3rd_per90,ws,480,316,65.8,unexplained_blended,"Low coverage in a domain/season-sensitive column, but this table blends all seasons together -- check season_column_coverage for this column for the real per-season breakdown before treating this as a new finding."
Groningen,Groningen,ws_interceptions_mid_3rd_per90,ws,480,316,65.8,unexplained_blended,"Low coverage in a domain/season-sensitive column, but this table blends all seasons together -- check season_column_coverage for this column for the real per-season breakdown before treating this as a new finding."
Groningen,Groningen,ws_interceptions_att_3rd_per90,ws,480,316,65.8,unexplained_blended,"Low coverage in a domain/season-sensitive column, but this table blends all seasons together -- check season_column_coverage for this column for the real per-season breakdown before treating this as a new finding."
Groningen,Groningen,ws_clearances_per90,ws,480,316,65.8,unexplained_blended,"Low coverage in a domain/season-sensitive column, but this table blends all seasons together -- check season_column_coverage for this column for the real per-season breakdown before treating this as a new finding."
Groningen,Groningen,ws_dribbled_past_per90,ws,480,316,65.8,unexplained_blended,"Low coverage in a domain/season-sensitive column, but this table blends all seasons together -- check season_column_coverage for this column for the real per-season breakdown before treating this as a new finding."
Groningen,Groningen,ws_errors_per90,ws,480,316,65.8,unexplained_blended,"Low coverage in a domain/season-sensitive column, but this table blends all seasons together -- check season_column_coverage for this column for the real per-season breakdown before treating this as a new finding."
Groningen,Groningen,ws_final_third_entries_per90,ws,480,316,65.8,unexplained_blended,"Low coverage in a domain/season-sensitive column, but this table blends all seasons together -- check season_column_coverage for this column for the real per-season breakdown before treating this as a new finding."
Groningen,Groningen,ws_pen_area_entries_per90,ws,480,316,65.8,unexplained_blended,"Low coverage in a domain/season-sensitive column, but this table blends all seasons together -- check season_column_coverage for this column for the real per-season breakdown before treating this as a new finding."
Groningen,Groningen,ws_aerials_per90,ws,480,316,65.8,unexplained_blended,"Low coverage in a domain/season-sensitive column, but this table blends all seasons together -- check season_column_coverage for this column for the real per-season breakdown before treating this as a new finding."
Groningen,Groningen,ws_passes_pct,ws,480,320,66.7,unexplained_blended,"Low coverage in a domain/season-sensitive column, but this table blends all seasons together -- check season_column_coverage for this column for the real per-season breakdown before treating this as a new finding."
Groningen,Groningen,ws_tackles_won,ws,480,321,66.9,unexplained_blended,"Low coverage in a domain/season-sensitive column, but this table blends all seasons together -- check season_column_coverage for this column for the real per-season breakdown before treating this as a new finding."
Groningen,Groningen,ws_tackles_def_3rd,ws,480,321,66.9,unexplained_blended,"Low coverage in a domain/season-sensitive column, but this table blends all seasons together -- check season_column_coverage for this column for the real per-season breakdown before treating this as a new finding."
Groningen,Groningen,ws_tackles_mid_3rd,ws,480,321,66.9,unexplained_blended,"Low coverage in a domain/season-sensitive column, but this table blends all seasons together -- check season_column_coverage for this column for the real per-season breakdown before treating this as a new finding."
Groningen,Groningen,ws_touches_def_3rd,ws,480,321,66.9,unexplained_blended,"Low coverage in a domain/season-sensitive column, but this table blends all seasons together -- check season_column_coverage for this column for the real per-season breakdown before treating this as a new finding."
Groningen,Groningen,ws_touches,ws,480,321,66.9,unexplained_blended,"Low coverage in a domain/season-sensitive column, but this table blends all seasons together -- check season_column_coverage for this column for the real per-season breakdown before treating this as a new finding."
Groningen,Groningen,ws_passes_completed,ws,480,321,66.9,unexplained_blended,"Low coverage in a domain/season-sensitive column, but this table blends all seasons together -- check season_column_coverage for this column for the real per-season breakdown before treating this as a new finding."
Groningen,Groningen,ws_passes,ws,480,321,66.9,unexplained_blended,"Low coverage in a domain/season-sensitive column, but this table blends all seasons together -- check season_column_coverage for this column for the real per-season breakdown before treating this as a new finding."
Groningen,Groningen,ws_matches_with_data,ws,480,321,66.9,unexplained_blended,"Low coverage in a domain/season-sensitive column, but this table blends all seasons together -- check season_column_coverage for this column for the real per-season breakdown before treating this as a new finding."
Groningen,Groningen,ws_whoscored_player_id,ws,480,321,66.9,unexplained_blended,"Low coverage in a domain/season-sensitive column, but this table blends all seasons together -- check season_column_coverage for this column for the real per-season breakdown before treating this as a new finding."
Groningen,Groningen,ws_touches_mid_3rd,ws,480,321,66.9,unexplained_blended,"Low coverage in a domain/season-sensitive column, but this table blends all seasons together -- check season_column_coverage for this column for the real per-season breakdown before treating this as a new finding."
Groningen,Groningen,ws_tackles_att_3rd,ws,480,321,66.9,unexplained_blended,"Low coverage in a domain/season-sensitive column, but this table blends all seasons together -- check season_column_coverage for this column for the real per-season breakdown before treating this as a new finding."
Groningen,Groningen,ws_interceptions,ws,480,321,66.9,unexplained_blended,"Low coverage in a domain/season-sensitive column, but this table blends all seasons together -- check season_column_coverage for this column for the real per-season breakdown before treating this as a new finding."
Groningen,Groningen,ws_interceptions_def_3rd,ws,480,321,66.9,unexplained_blended,"Low coverage in a domain/season-sensitive column, but this table blends all seasons together -- check season_column_coverage for this column for the real per-season breakdown before treating this as a new finding."
Groningen,Groningen,ws_interceptions_mid_3rd,ws,480,321,66.9,unexplained_blended,"Low coverage in a domain/season-sensitive column, but this table blends all seasons together -- check season_column_coverage for this column for the real per-season breakdown before treating this as a new finding."
Groningen,Groningen,ws_interceptions_att_3rd,ws,480,321,66.9,unexplained_blended,"Low coverage in a domain/season-sensitive column, but this table blends all seasons together -- check season_column_coverage for this column for the real per-season breakdown before treating this as a new finding."
Groningen,Groningen,ws_clearances,ws,480,321,66.9,unexplained_blended,"Low coverage in a domain/season-sensitive column, but this table blends all seasons together -- check season_column_coverage for this column for the real per-season breakdown before treating this as a new finding."
Groningen,Groningen,ws_dribbled_past,ws,480,321,66.9,unexplained_blended,"Low coverage in a domain/season-sensitive column, but this table blends all seasons together -- check season_column_coverage for this column for the real per-season breakdown before treating this as a new finding."
Groningen,Groningen,ws_errors,ws,480,321,66.9,unexplained_blended,"Low coverage in a domain/season-sensitive column, but this table blends all seasons together -- check season_column_coverage for this column for the real per-season breakdown before treating this as a new finding."
Groningen,Groningen,ws_final_third_entries,ws,480,321,66.9,unexplained_blended,"Low coverage in a domain/season-sensitive column, but this table blends all seasons together -- check season_column_coverage for this column for the real per-season breakdown before treating this as a new finding."
Groningen,Groningen,ws_pen_area_entries,ws,480,321,66.9,unexplained_blended,"Low coverage in a domain/season-sensitive column, but this table blends all seasons together -- check season_column_coverage for this column for the real per-season breakdown before treating this as a new finding."
Groningen,Groningen,ws_aerials,ws,480,321,66.9,unexplained_blended,"Low coverage in a domain/season-sensitive column, but this table blends all seasons together -- check season_column_coverage for this column for the real per-season breakdown before treating this as a new finding."
Groningen,Groningen,ws_aerials_won,ws,480,321,66.9,unexplained_blended,"Low coverage in a domain/season-sensitive column, but this table blends all seasons together -- check season_column_coverage for this column for the real per-season breakdown before treating this as a new finding."
Groningen,Groningen,ws_touches_def_pen_area,ws,480,321,66.9,unexplained_blended,"Low coverage in a domain/season-sensitive column, but this table blends all seasons together -- check season_column_coverage for this column for the real per-season breakdown before treating this as a new finding."
Groningen,Groningen,ws_touches_att_pen_area,ws,480,321,66.9,unexplained_blended,"Low coverage in a domain/season-sensitive column, but this table blends all seasons together -- check season_column_coverage for this column for the real per-season breakdown before treating this as a new finding."
Groningen,Groningen,ws_take_ons,ws,480,321,66.9,unexplained_blended,"Low coverage in a domain/season-sensitive column, but this table blends all seasons together -- check season_column_coverage for this column for the real per-season breakdown before treating this as a new finding."
Groningen,Groningen,ws_dispossessed,ws,480,321,66.9,unexplained_blended,"Low coverage in a domain/season-sensitive column, but this table blends all seasons together -- check season_column_coverage for this column for the real per-season breakdown before treating this as a new finding."
Groningen,Groningen,ws_take_ons_won,ws,480,321,66.9,unexplained_blended,"Low coverage in a domain/season-sensitive column, but this table blends all seasons together -- check season_column_coverage for this column for the real per-season breakdown before treating this as a new finding."
Groningen,Groningen,ws_touches_att_3rd,ws,480,321,66.9,unexplained_blended,"Low coverage in a domain/season-sensitive column, but this table blends all seasons together -- check season_column_coverage for this column for the real per-season breakdown before treating this as a new finding."
Groningen,Groningen,ws_tackles,ws,480,321,66.9,unexplained_blended,"Low coverage in a domain/season-sensitive column, but this table blends all seasons together -- check season_column_coverage for this column for the real per-season breakdown before treating this as a new finding."
Groningen,Groningen,fbref_shots_on_target,fbref,480,324,67.5,unexplained_blended,"Low coverage in a domain/season-sensitive column, but this table blends all seasons together -- check season_column_coverage for this column for the real per-season breakdown before treating this as a new finding."
Groningen,Groningen,fbref_shots,fbref,480,324,67.5,unexplained_blended,"Low coverage in a domain/season-sensitive column, but this table blends all seasons together -- check season_column_coverage for this column for the real per-season breakdown before treating this as a new finding."
Groningen,Groningen,fbref_fouls_committed_per90,fbref,480,368,76.7,unexplained_blended,"Low coverage in a domain/season-sensitive column, but this table blends all seasons together -- check season_column_coverage for this column for the real per-season breakdown before treating this as a new finding."
Groningen,Groningen,fbref_shots_on_target_per90,fbref,480,375,78.1,unexplained_blended,"Low coverage in a domain/season-sensitive column, but this table blends all seasons together -- check season_column_coverage for this column for the real per-season breakdown before treating this as a new finding."
Groningen,Groningen,fbref_fouls_committed,fbref,480,375,78.1,unexplained_blended,"Low coverage in a domain/season-sensitive column, but this table blends all seasons together -- check season_column_coverage for this column for the real per-season breakdown before treating this as a new finding."
Groningen,Groningen,fbref_unused_sub,fbref,480,376,78.3,unexplained_blended,"Low coverage in a domain/season-sensitive column, but this table blends all seasons together -- check season_column_coverage for this column for the real per-season breakdown before treating this as a new finding."
Groningen,Groningen,fbref_yellow_cards_per90,fbref,480,395,82.3,,
Groningen,Groningen,fbref_red_cards_per90,fbref,480,395,82.3,,
Groningen,Groningen,fbref_assists_per90,fbref,480,402,83.8,,
Groningen,Groningen,fbref_goals_plus_assists_per90,fbref,480,402,83.8,,
Groningen,Groningen,fbref_non_penalty_goals_per90,fbref,480,402,83.8,,
Groningen,Groningen,fbref_non_penalty_goals_plus_assists_per90,fbref,480,402,83.8,,
Groningen,Groningen,fbref_yellow_cards,fbref,480,402,83.8,,
Groningen,Groningen,fbref_red_cards,fbref,480,402,83.8,,
Groningen,Groningen,fbref_nineties,fbref,480,402,83.8,,
Groningen,Groningen,fbref_assists,fbref,480,402,83.8,,
Groningen,Groningen,fbref_goals,fbref,480,402,83.8,,
Groningen,Groningen,fbref_minutes_pct,fbref,480,402,83.8,,
Groningen,Groningen,fbref_minutes_per_match,fbref,480,402,83.8,,
Groningen,Groningen,fbref_minutes,fbref,480,402,83.8,,
Groningen,Groningen,fbref_goals_plus_assists,fbref,480,402,83.8,,
Groningen,Groningen,fbref_non_penalty_goals,fbref,480,402,83.8,,
Groningen,Groningen,fbref_penalty_goals,fbref,480,402,83.8,,
Groningen,Groningen,fbref_penalty_attempts,fbref,480,402,83.8,,
Groningen,Groningen,fbref_goals_per90,fbref,480,402,83.8,,
Groningen,Groningen,fbref_complete_matches,fbref,480,457,95.2,,
Groningen,Groningen,fbref_born,fbref,480,478,99.6,,
Groningen,Groningen,fbref_age,fbref,480,478,99.6,,
Groningen,Groningen,fbref_matches_played,fbref,480,480,100.0,,
Groningen,Groningen,fbref_position,fbref,480,480,100.0,,
Groningen,Groningen,fbref_nation,fbref,480,480,100.0,,
Groningen,Groningen,fbref_substitute_appearances,fbref,480,480,100.0,,
Groningen,Groningen,fbref_starts,fbref,480,480,100.0,,
Heerenveen,Heerenveen,fbref_penalty_kicks_conceded_per90,fbref,490,44,9.0,unexplained_blended,"Low coverage in a domain/season-sensitive column, but this table blends all seasons together -- check season_column_coverage for this column for the real per-season breakdown before treating this as a new finding."
Heerenveen,Heerenveen,fbref_penalty_kicks_won_per90,fbref,490,44,9.0,unexplained_blended,"Low coverage in a domain/season-sensitive column, but this table blends all seasons together -- check season_column_coverage for this column for the real per-season breakdown before treating this as a new finding."
Heerenveen,Heerenveen,fbref_penalty_kicks_conceded,fbref,490,45,9.2,unexplained_blended,"Low coverage in a domain/season-sensitive column, but this table blends all seasons together -- check season_column_coverage for this column for the real per-season breakdown before treating this as a new finding."
Heerenveen,Heerenveen,fbref_penalty_kicks_won,fbref,490,45,9.2,unexplained_blended,"Low coverage in a domain/season-sensitive column, but this table blends all seasons together -- check season_column_coverage for this column for the real per-season breakdown before treating this as a new finding."
Heerenveen,Heerenveen,gk_penalty_kick_save_pct,gk,60,16,26.7,,
Heerenveen,Heerenveen,fbref_goals_per_shot,fbref,490,154,31.4,unexplained_blended,"Low coverage in a domain/season-sensitive column, but this table blends all seasons together -- check season_column_coverage for this column for the real per-season breakdown before treating this as a new finding."
Heerenveen,Heerenveen,gk_penalty_kicks_saved,gk,60,20,33.3,,
Heerenveen,Heerenveen,gk_penalty_kicks_faced,gk,60,20,33.3,,
Heerenveen,Heerenveen,gk_penalty_kicks_missed_by_opponent,gk,60,20,33.3,,
Heerenveen,Heerenveen,gk_penalty_kicks_allowed,gk,60,20,33.3,,
Heerenveen,Heerenveen,fbref_minutes_per_sub,fbref,490,170,34.7,unexplained_blended,"Low coverage in a domain/season-sensitive column, but this table blends all seasons together -- check season_column_coverage for this column for the real per-season breakdown before treating this as a new finding."
Heerenveen,Heerenveen,fbref_minutes_per_start,fbref,490,180,36.7,unexplained_blended,"Low coverage in a domain/season-sensitive column, but this table blends all seasons together -- check season_column_coverage for this column for the real per-season breakdown before treating this as a new finding."
Heerenveen,Heerenveen,fbref_interceptions_per90,fbref,490,228,46.5,unexplained_blended,"Low coverage in a domain/season-sensitive column, but this table blends all seasons together -- check season_column_coverage for this column for the real per-season breakdown before treating this as a new finding."
Heerenveen,Heerenveen,fbref_fouls_drawn_per90,fbref,490,228,46.5,unexplained_blended,"Low coverage in a domain/season-sensitive column, but this table blends all seasons together -- check season_column_coverage for this column for the real per-season breakdown before treating this as a new finding."
Heerenveen,Heerenveen,fbref_offsides_per90,fbref,490,228,46.5,unexplained_blended,"Low coverage in a domain/season-sensitive column, but this table blends all seasons together -- check season_column_coverage for this column for the real per-season breakdown before treating this as a new finding."
Heerenveen,Heerenveen,fbref_crosses_per90,fbref,490,228,46.5,unexplained_blended,"Low coverage in a domain/season-sensitive column, but this table blends all seasons together -- check season_column_coverage for this column for the real per-season breakdown before treating this as a new finding."
Heerenveen,Heerenveen,fbref_tackles_won_per90,fbref,490,228,46.5,unexplained_blended,"Low coverage in a domain/season-sensitive column, but this table blends all seasons together -- check season_column_coverage for this column for the real per-season breakdown before treating this as a new finding."
Heerenveen,Heerenveen,fbref_crosses,fbref,490,235,48.0,unexplained_blended,"Low coverage in a domain/season-sensitive column, but this table blends all seasons together -- check season_column_coverage for this column for the real per-season breakdown before treating this as a new finding."
Heerenveen,Heerenveen,fbref_offsides,fbref,490,235,48.0,unexplained_blended,"Low coverage in a domain/season-sensitive column, but this table blends all seasons together -- check season_column_coverage for this column for the real per-season breakdown before treating this as a new finding."
Heerenveen,Heerenveen,fbref_fouls_drawn,fbref,490,235,48.0,unexplained_blended,"Low coverage in a domain/season-sensitive column, but this table blends all seasons together -- check season_column_coverage for this column for the real per-season breakdown before treating this as a new finding."
Heerenveen,Heerenveen,fbref_shots_per90,fbref,490,235,48.0,unexplained_blended,"Low coverage in a domain/season-sensitive column, but this table blends all seasons together -- check season_column_coverage for this column for the real per-season breakdown before treating this as a new finding."
Heerenveen,Heerenveen,fbref_tackles_won,fbref,490,235,48.0,unexplained_blended,"Low coverage in a domain/season-sensitive column, but this table blends all seasons together -- check season_column_coverage for this column for the real per-season breakdown before treating this as a new finding."
Heerenveen,Heerenveen,fbref_interceptions,fbref,490,235,48.0,unexplained_blended,"Low coverage in a domain/season-sensitive column, but this table blends all seasons together -- check season_column_coverage for this column for the real per-season breakdown before treating this as a new finding."
Heerenveen,Heerenveen,gk_save_pct,gk,60,30,50.0,,
Heerenveen,Heerenveen,gk_saves_per90,gk,60,30,50.0,,
Heerenveen,Heerenveen,fbref_own_goals_per90,fbref,490,252,51.4,unexplained_blended,"Low coverage in a domain/season-sensitive column, but this table blends all seasons together -- check season_column_coverage for this column for the real per-season breakdown before treating this as a new finding."
Heerenveen,Heerenveen,fbref_second_yellow_cards_per90,fbref,490,252,51.4,unexplained_blended,"Low coverage in a domain/season-sensitive column, but this table blends all seasons together -- check season_column_coverage for this column for the real per-season breakdown before treating this as a new finding."
Heerenveen,Heerenveen,gk_saves,gk,60,31,51.7,,
Heerenveen,Heerenveen,gk_clean_sheet_pct,gk,60,31,51.7,,
Heerenveen,Heerenveen,gk_shots_on_target_against,gk,60,31,51.7,,
Heerenveen,Heerenveen,fbref_second_yellow_cards,fbref,490,259,52.9,unexplained_blended,"Low coverage in a domain/season-sensitive column, but this table blends all seasons together -- check season_column_coverage for this column for the real per-season breakdown before treating this as a new finding."
Heerenveen,Heerenveen,fbref_own_goals,fbref,490,259,52.9,unexplained_blended,"Low coverage in a domain/season-sensitive column, but this table blends all seasons together -- check season_column_coverage for this column for the real per-season breakdown before treating this as a new finding."
Heerenveen,Heerenveen,gk_clean_sheets,gk,60,32,53.3,,
Heerenveen,Heerenveen,gk_draws,gk,60,32,53.3,,
Heerenveen,Heerenveen,gk_goals_against_per90,gk,60,32,53.3,,
Heerenveen,Heerenveen,gk_goals_against,gk,60,32,53.3,,
Heerenveen,Heerenveen,gk_wins,gk,60,32,53.3,,
Heerenveen,Heerenveen,gk_losses,gk,60,32,53.3,,
Heerenveen,Heerenveen,fbref_goals_per_shot_on_target,fbref,490,265,54.1,unexplained_blended,"Low coverage in a domain/season-sensitive column, but this table blends all seasons together -- check season_column_coverage for this column for the real per-season breakdown before treating this as a new finding."
Heerenveen,Heerenveen,fbref_shots_on_target_pct,fbref,490,280,57.1,unexplained_blended,"Low coverage in a domain/season-sensitive column, but this table blends all seasons together -- check season_column_coverage for this column for the real per-season breakdown before treating this as a new finding."
Heerenveen,Heerenveen,ws_take_ons_won_pct,ws,490,281,57.3,unexplained_blended,"Low coverage in a domain/season-sensitive column, but this table blends all seasons together -- check season_column_coverage for this column for the real per-season breakdown before treating this as a new finding."
Heerenveen,Heerenveen,tm_foot,tm,490,293,59.8,,
Heerenveen,Heerenveen,tm_height_cm,tm,490,295,60.2,,
Heerenveen,Heerenveen,fbref_on_off,fbref,490,298,60.8,unexplained_blended,"Low coverage in a domain/season-sensitive column, but this table blends all seasons together -- check season_column_coverage for this column for the real per-season breakdown before treating this as a new finding."
Heerenveen,Heerenveen,fbref_team_goals_against_while_on_pitch,fbref,490,307,62.7,unexplained_blended,"Low coverage in a domain/season-sensitive column, but this table blends all seasons together -- check season_column_coverage for this column for the real per-season breakdown before treating this as a new finding."
Heerenveen,Heerenveen,fbref_plus_minus,fbref,490,307,62.7,unexplained_blended,"Low coverage in a domain/season-sensitive column, but this table blends all seasons together -- check season_column_coverage for this column for the real per-season breakdown before treating this as a new finding."
Heerenveen,Heerenveen,fbref_plus_minus_per90,fbref,490,307,62.7,unexplained_blended,"Low coverage in a domain/season-sensitive column, but this table blends all seasons together -- check season_column_coverage for this column for the real per-season breakdown before treating this as a new finding."
Heerenveen,Heerenveen,fbref_team_goals_while_on_pitch,fbref,490,307,62.7,unexplained_blended,"Low coverage in a domain/season-sensitive column, but this table blends all seasons together -- check season_column_coverage for this column for the real per-season breakdown before treating this as a new finding."
Heerenveen,Heerenveen,fbref_points_per_match,fbref,490,309,63.1,unexplained_blended,"Low coverage in a domain/season-sensitive column, but this table blends all seasons together -- check season_column_coverage for this column for the real per-season breakdown before treating this as a new finding."
Heerenveen,Heerenveen,ws_ground_duel_win_pct,ws,490,312,63.7,unexplained_blended,"Low coverage in a domain/season-sensitive column, but this table blends all seasons together -- check season_column_coverage for this column for the real per-season breakdown before treating this as a new finding."
Heerenveen,Heerenveen,ws_aerial_duel_win_pct,ws,490,319,65.1,unexplained_blended,"Low coverage in a domain/season-sensitive column, but this table blends all seasons together -- check season_column_coverage for this column for the real per-season breakdown before treating this as a new finding."
Heerenveen,Heerenveen,ws_aerials_won_per90,ws,490,328,66.9,unexplained_blended,"Low coverage in a domain/season-sensitive column, but this table blends all seasons together -- check season_column_coverage for this column for the real per-season breakdown before treating this as a new finding."
Heerenveen,Heerenveen,ws_passes_per90,ws,490,328,66.9,unexplained_blended,"Low coverage in a domain/season-sensitive column, but this table blends all seasons together -- check season_column_coverage for this column for the real per-season breakdown before treating this as a new finding."
Heerenveen,Heerenveen,ws_passes_completed_per90,ws,490,328,66.9,unexplained_blended,"Low coverage in a domain/season-sensitive column, but this table blends all seasons together -- check season_column_coverage for this column for the real per-season breakdown before treating this as a new finding."
Heerenveen,Heerenveen,ws_touches_per90,ws,490,328,66.9,unexplained_blended,"Low coverage in a domain/season-sensitive column, but this table blends all seasons together -- check season_column_coverage for this column for the real per-season breakdown before treating this as a new finding."
Heerenveen,Heerenveen,ws_touches_def_3rd_per90,ws,490,328,66.9,unexplained_blended,"Low coverage in a domain/season-sensitive column, but this table blends all seasons together -- check season_column_coverage for this column for the real per-season breakdown before treating this as a new finding."
Heerenveen,Heerenveen,ws_touches_mid_3rd_per90,ws,490,328,66.9,unexplained_blended,"Low coverage in a domain/season-sensitive column, but this table blends all seasons together -- check season_column_coverage for this column for the real per-season breakdown before treating this as a new finding."
Heerenveen,Heerenveen,ws_touches_att_3rd_per90,ws,490,328,66.9,unexplained_blended,"Low coverage in a domain/season-sensitive column, but this table blends all seasons together -- check season_column_coverage for this column for the real per-season breakdown before treating this as a new finding."
Heerenveen,Heerenveen,ws_touches_def_pen_area_per90,ws,490,328,66.9,unexplained_blended,"Low coverage in a domain/season-sensitive column, but this table blends all seasons together -- check season_column_coverage for this column for the real per-season breakdown before treating this as a new finding."
Heerenveen,Heerenveen,ws_touches_att_pen_area_per90,ws,490,328,66.9,unexplained_blended,"Low coverage in a domain/season-sensitive column, but this table blends all seasons together -- check season_column_coverage for this column for the real per-season breakdown before treating this as a new finding."
Heerenveen,Heerenveen,ws_take_ons_per90,ws,490,328,66.9,unexplained_blended,"Low coverage in a domain/season-sensitive column, but this table blends all seasons together -- check season_column_coverage for this column for the real per-season breakdown before treating this as a new finding."
Heerenveen,Heerenveen,ws_take_ons_won_per90,ws,490,328,66.9,unexplained_blended,"Low coverage in a domain/season-sensitive column, but this table blends all seasons together -- check season_column_coverage for this column for the real per-season breakdown before treating this as a new finding."
Heerenveen,Heerenveen,ws_dispossessed_per90,ws,490,328,66.9,unexplained_blended,"Low coverage in a domain/season-sensitive column, but this table blends all seasons together -- check season_column_coverage for this column for the real per-season breakdown before treating this as a new finding."
Heerenveen,Heerenveen,ws_tackles_per90,ws,490,328,66.9,unexplained_blended,"Low coverage in a domain/season-sensitive column, but this table blends all seasons together -- check season_column_coverage for this column for the real per-season breakdown before treating this as a new finding."
Heerenveen,Heerenveen,ws_tackles_won_per90,ws,490,328,66.9,unexplained_blended,"Low coverage in a domain/season-sensitive column, but this table blends all seasons together -- check season_column_coverage for this column for the real per-season breakdown before treating this as a new finding."
Heerenveen,Heerenveen,ws_tackles_def_3rd_per90,ws,490,328,66.9,unexplained_blended,"Low coverage in a domain/season-sensitive column, but this table blends all seasons together -- check season_column_coverage for this column for the real per-season breakdown before treating this as a new finding."
Heerenveen,Heerenveen,ws_tackles_mid_3rd_per90,ws,490,328,66.9,unexplained_blended,"Low coverage in a domain/season-sensitive column, but this table blends all seasons together -- check season_column_coverage for this column for the real per-season breakdown before treating this as a new finding."
Heerenveen,Heerenveen,ws_tackles_att_3rd_per90,ws,490,328,66.9,unexplained_blended,"Low coverage in a domain/season-sensitive column, but this table blends all seasons together -- check season_column_coverage for this column for the real per-season breakdown before treating this as a new finding."
Heerenveen,Heerenveen,ws_interceptions_per90,ws,490,328,66.9,unexplained_blended,"Low coverage in a domain/season-sensitive column, but this table blends all seasons together -- check season_column_coverage for this column for the real per-season breakdown before treating this as a new finding."
Heerenveen,Heerenveen,ws_interceptions_def_3rd_per90,ws,490,328,66.9,unexplained_blended,"Low coverage in a domain/season-sensitive column, but this table blends all seasons together -- check season_column_coverage for this column for the real per-season breakdown before treating this as a new finding."
Heerenveen,Heerenveen,ws_interceptions_mid_3rd_per90,ws,490,328,66.9,unexplained_blended,"Low coverage in a domain/season-sensitive column, but this table blends all seasons together -- check season_column_coverage for this column for the real per-season breakdown before treating this as a new finding."
Heerenveen,Heerenveen,ws_interceptions_att_3rd_per90,ws,490,328,66.9,unexplained_blended,"Low coverage in a domain/season-sensitive column, but this table blends all seasons together -- check season_column_coverage for this column for the real per-season breakdown before treating this as a new finding."
Heerenveen,Heerenveen,ws_clearances_per90,ws,490,328,66.9,unexplained_blended,"Low coverage in a domain/season-sensitive column, but this table blends all seasons together -- check season_column_coverage for this column for the real per-season breakdown before treating this as a new finding."
Heerenveen,Heerenveen,ws_dribbled_past_per90,ws,490,328,66.9,unexplained_blended,"Low coverage in a domain/season-sensitive column, but this table blends all seasons together -- check season_column_coverage for this column for the real per-season breakdown before treating this as a new finding."
Heerenveen,Heerenveen,ws_errors_per90,ws,490,328,66.9,unexplained_blended,"Low coverage in a domain/season-sensitive column, but this table blends all seasons together -- check season_column_coverage for this column for the real per-season breakdown before treating this as a new finding."
Heerenveen,Heerenveen,ws_final_third_entries_per90,ws,490,328,66.9,unexplained_blended,"Low coverage in a domain/season-sensitive column, but this table blends all seasons together -- check season_column_coverage for this column for the real per-season breakdown before treating this as a new finding."
Heerenveen,Heerenveen,ws_pen_area_entries_per90,ws,490,328,66.9,unexplained_blended,"Low coverage in a domain/season-sensitive column, but this table blends all seasons together -- check season_column_coverage for this column for the real per-season breakdown before treating this as a new finding."
Heerenveen,Heerenveen,ws_aerials_per90,ws,490,328,66.9,unexplained_blended,"Low coverage in a domain/season-sensitive column, but this table blends all seasons together -- check season_column_coverage for this column for the real per-season breakdown before treating this as a new finding."
Heerenveen,Heerenveen,ws_dispossessed,ws,490,336,68.6,unexplained_blended,"Low coverage in a domain/season-sensitive column, but this table blends all seasons together -- check season_column_coverage for this column for the real per-season breakdown before treating this as a new finding."
Heerenveen,Heerenveen,ws_tackles_won,ws,490,336,68.6,unexplained_blended,"Low coverage in a domain/season-sensitive column, but this table blends all seasons together -- check season_column_coverage for this column for the real per-season breakdown before treating this as a new finding."
Heerenveen,Heerenveen,ws_tackles_def_3rd,ws,490,336,68.6,unexplained_blended,"Low coverage in a domain/season-sensitive column, but this table blends all seasons together -- check season_column_coverage for this column for the real per-season breakdown before treating this as a new finding."
Heerenveen,Heerenveen,ws_tackles_mid_3rd,ws,490,336,68.6,unexplained_blended,"Low coverage in a domain/season-sensitive column, but this table blends all seasons together -- check season_column_coverage for this column for the real per-season breakdown before treating this as a new finding."
Heerenveen,Heerenveen,ws_touches_def_3rd,ws,490,336,68.6,unexplained_blended,"Low coverage in a domain/season-sensitive column, but this table blends all seasons together -- check season_column_coverage for this column for the real per-season breakdown before treating this as a new finding."
Heerenveen,Heerenveen,ws_touches,ws,490,336,68.6,unexplained_blended,"Low coverage in a domain/season-sensitive column, but this table blends all seasons together -- check season_column_coverage for this column for the real per-season breakdown before treating this as a new finding."
Heerenveen,Heerenveen,ws_passes_pct,ws,490,336,68.6,unexplained_blended,"Low coverage in a domain/season-sensitive column, but this table blends all seasons together -- check season_column_coverage for this column for the real per-season breakdown before treating this as a new finding."
Heerenveen,Heerenveen,ws_passes_completed,ws,490,336,68.6,unexplained_blended,"Low coverage in a domain/season-sensitive column, but this table blends all seasons together -- check season_column_coverage for this column for the real per-season breakdown before treating this as a new finding."
Heerenveen,Heerenveen,ws_passes,ws,490,336,68.6,unexplained_blended,"Low coverage in a domain/season-sensitive column, but this table blends all seasons together -- check season_column_coverage for this column for the real per-season breakdown before treating this as a new finding."
Heerenveen,Heerenveen,ws_matches_with_data,ws,490,336,68.6,unexplained_blended,"Low coverage in a domain/season-sensitive column, but this table blends all seasons together -- check season_column_coverage for this column for the real per-season breakdown before treating this as a new finding."
Heerenveen,Heerenveen,ws_whoscored_player_id,ws,490,336,68.6,unexplained_blended,"Low coverage in a domain/season-sensitive column, but this table blends all seasons together -- check season_column_coverage for this column for the real per-season breakdown before treating this as a new finding."
Heerenveen,Heerenveen,ws_touches_mid_3rd,ws,490,336,68.6,unexplained_blended,"Low coverage in a domain/season-sensitive column, but this table blends all seasons together -- check season_column_coverage for this column for the real per-season breakdown before treating this as a new finding."
Heerenveen,Heerenveen,ws_tackles_att_3rd,ws,490,336,68.6,unexplained_blended,"Low coverage in a domain/season-sensitive column, but this table blends all seasons together -- check season_column_coverage for this column for the real per-season breakdown before treating this as a new finding."
Heerenveen,Heerenveen,ws_interceptions,ws,490,336,68.6,unexplained_blended,"Low coverage in a domain/season-sensitive column, but this table blends all seasons together -- check season_column_coverage for this column for the real per-season breakdown before treating this as a new finding."
Heerenveen,Heerenveen,ws_interceptions_def_3rd,ws,490,336,68.6,unexplained_blended,"Low coverage in a domain/season-sensitive column, but this table blends all seasons together -- check season_column_coverage for this column for the real per-season breakdown before treating this as a new finding."
Heerenveen,Heerenveen,ws_interceptions_mid_3rd,ws,490,336,68.6,unexplained_blended,"Low coverage in a domain/season-sensitive column, but this table blends all seasons together -- check season_column_coverage for this column for the real per-season breakdown before treating this as a new finding."
Heerenveen,Heerenveen,ws_interceptions_att_3rd,ws,490,336,68.6,unexplained_blended,"Low coverage in a domain/season-sensitive column, but this table blends all seasons together -- check season_column_coverage for this column for the real per-season breakdown before treating this as a new finding."
Heerenveen,Heerenveen,ws_clearances,ws,490,336,68.6,unexplained_blended,"Low coverage in a domain/season-sensitive column, but this table blends all seasons together -- check season_column_coverage for this column for the real per-season breakdown before treating this as a new finding."
Heerenveen,Heerenveen,ws_dribbled_past,ws,490,336,68.6,unexplained_blended,"Low coverage in a domain/season-sensitive column, but this table blends all seasons together -- check season_column_coverage for this column for the real per-season breakdown before treating this as a new finding."
Heerenveen,Heerenveen,ws_errors,ws,490,336,68.6,unexplained_blended,"Low coverage in a domain/season-sensitive column, but this table blends all seasons together -- check season_column_coverage for this column for the real per-season breakdown before treating this as a new finding."
Heerenveen,Heerenveen,ws_final_third_entries,ws,490,336,68.6,unexplained_blended,"Low coverage in a domain/season-sensitive column, but this table blends all seasons together -- check season_column_coverage for this column for the real per-season breakdown before treating this as a new finding."
Heerenveen,Heerenveen,ws_pen_area_entries,ws,490,336,68.6,unexplained_blended,"Low coverage in a domain/season-sensitive column, but this table blends all seasons together -- check season_column_coverage for this column for the real per-season breakdown before treating this as a new finding."
Heerenveen,Heerenveen,ws_aerials,ws,490,336,68.6,unexplained_blended,"Low coverage in a domain/season-sensitive column, but this table blends all seasons together -- check season_column_coverage for this column for the real per-season breakdown before treating this as a new finding."
Heerenveen,Heerenveen,ws_aerials_won,ws,490,336,68.6,unexplained_blended,"Low coverage in a domain/season-sensitive column, but this table blends all seasons together -- check season_column_coverage for this column for the real per-season breakdown before treating this as a new finding."
Heerenveen,Heerenveen,ws_touches_def_pen_area,ws,490,336,68.6,unexplained_blended,"Low coverage in a domain/season-sensitive column, but this table blends all seasons together -- check season_column_coverage for this column for the real per-season breakdown before treating this as a new finding."
Heerenveen,Heerenveen,ws_touches_att_pen_area,ws,490,336,68.6,unexplained_blended,"Low coverage in a domain/season-sensitive column, but this table blends all seasons together -- check season_column_coverage for this column for the real per-season breakdown before treating this as a new finding."
Heerenveen,Heerenveen,ws_take_ons,ws,490,336,68.6,unexplained_blended,"Low coverage in a domain/season-sensitive column, but this table blends all seasons together -- check season_column_coverage for this column for the real per-season breakdown before treating this as a new finding."
Heerenveen,Heerenveen,ws_take_ons_won,ws,490,336,68.6,unexplained_blended,"Low coverage in a domain/season-sensitive column, but this table blends all seasons together -- check season_column_coverage for this column for the real per-season breakdown before treating this as a new finding."
Heerenveen,Heerenveen,ws_touches_att_3rd,ws,490,336,68.6,unexplained_blended,"Low coverage in a domain/season-sensitive column, but this table blends all seasons together -- check season_column_coverage for this column for the real per-season breakdown before treating this as a new finding."
Heerenveen,Heerenveen,ws_tackles,ws,490,336,68.6,unexplained_blended,"Low coverage in a domain/season-sensitive column, but this table blends all seasons together -- check season_column_coverage for this column for the real per-season breakdown before treating this as a new finding."
Heerenveen,Heerenveen,fbref_shots,fbref,490,337,68.8,unexplained_blended,"Low coverage in a domain/season-sensitive column, but this table blends all seasons together -- check season_column_coverage for this column for the real per-season breakdown before treating this as a new finding."
Heerenveen,Heerenveen,fbref_shots_on_target,fbref,490,337,68.8,unexplained_blended,"Low coverage in a domain/season-sensitive column, but this table blends all seasons together -- check season_column_coverage for this column for the real per-season breakdown before treating this as a new finding."
Heerenveen,Heerenveen,fbref_unused_sub,fbref,490,383,78.2,unexplained_blended,"Low coverage in a domain/season-sensitive column, but this table blends all seasons together -- check season_column_coverage for this column for the real per-season breakdown before treating this as a new finding."
Heerenveen,Heerenveen,fbref_fouls_committed_per90,fbref,490,384,78.4,unexplained_blended,"Low coverage in a domain/season-sensitive column, but this table blends all seasons together -- check season_column_coverage for this column for the real per-season breakdown before treating this as a new finding."
Heerenveen,Heerenveen,fbref_shots_on_target_per90,fbref,490,392,80.0,,
Heerenveen,Heerenveen,fbref_fouls_committed,fbref,490,392,80.0,,
Heerenveen,Heerenveen,fbref_red_cards_per90,fbref,490,408,83.3,,
Heerenveen,Heerenveen,fbref_yellow_cards_per90,fbref,490,408,83.3,,
Heerenveen,Heerenveen,fbref_yellow_cards,fbref,490,416,84.9,,
Heerenveen,Heerenveen,fbref_non_penalty_goals_per90,fbref,490,416,84.9,,
Heerenveen,Heerenveen,fbref_goals_plus_assists_per90,fbref,490,416,84.9,,
Heerenveen,Heerenveen,fbref_assists_per90,fbref,490,416,84.9,,
Heerenveen,Heerenveen,fbref_goals_per90,fbref,490,416,84.9,,
Heerenveen,Heerenveen,fbref_minutes,fbref,490,416,84.9,,
Heerenveen,Heerenveen,fbref_red_cards,fbref,490,416,84.9,,
Heerenveen,Heerenveen,fbref_non_penalty_goals_plus_assists_per90,fbref,490,416,84.9,,
Heerenveen,Heerenveen,fbref_non_penalty_goals,fbref,490,416,84.9,,
Heerenveen,Heerenveen,fbref_penalty_goals,fbref,490,416,84.9,,
Heerenveen,Heerenveen,fbref_penalty_attempts,fbref,490,416,84.9,,
Heerenveen,Heerenveen,fbref_nineties,fbref,490,416,84.9,,
Heerenveen,Heerenveen,fbref_goals_plus_assists,fbref,490,416,84.9,,
Heerenveen,Heerenveen,fbref_assists,fbref,490,416,84.9,,
Heerenveen,Heerenveen,fbref_goals,fbref,490,416,84.9,,
Heerenveen,Heerenveen,fbref_minutes_per_match,fbref,490,416,84.9,,
Heerenveen,Heerenveen,fbref_minutes_pct,fbref,490,416,84.9,,
Heerenveen,Heerenveen,fbref_complete_matches,fbref,490,466,95.1,,
Heerenveen,Heerenveen,fbref_nation,fbref,490,490,100.0,,
Heerenveen,Heerenveen,fbref_born,fbref,490,490,100.0,,
Heerenveen,Heerenveen,fbref_age,fbref,490,490,100.0,,
Heerenveen,Heerenveen,fbref_matches_played,fbref,490,490,100.0,,
Heerenveen,Heerenveen,fbref_starts,fbref,490,490,100.0,,
Heerenveen,Heerenveen,fbref_substitute_appearances,fbref,490,490,100.0,,
Heerenveen,Heerenveen,fbref_position,fbref,490,490,100.0,,
Heracles Almelo,Heracles Almelo,fbref_penalty_kicks_won_per90,fbref,451,48,10.6,unexplained_blended,"Low coverage in a domain/season-sensitive column, but this table blends all seasons together -- check season_column_coverage for this column for the real per-season breakdown before treating this as a new finding."
Heracles Almelo,Heracles Almelo,fbref_penalty_kicks_conceded_per90,fbref,451,48,10.6,unexplained_blended,"Low coverage in a domain/season-sensitive column, but this table blends all seasons together -- check season_column_coverage for this column for the real per-season breakdown before treating this as a new finding."
Heracles Almelo,Heracles Almelo,fbref_penalty_kicks_conceded,fbref,451,50,11.1,unexplained_blended,"Low coverage in a domain/season-sensitive column, but this table blends all seasons together -- check season_column_coverage for this column for the real per-season breakdown before treating this as a new finding."
Heracles Almelo,Heracles Almelo,fbref_penalty_kicks_won,fbref,451,50,11.1,unexplained_blended,"Low coverage in a domain/season-sensitive column, but this table blends all seasons together -- check season_column_coverage for this column for the real per-season breakdown before treating this as a new finding."
Heracles Almelo,Heracles Almelo,gk_penalty_kick_save_pct,gk,48,14,29.2,,
Heracles Almelo,Heracles Almelo,fbref_goals_per_shot,fbref,451,138,30.6,unexplained_blended,"Low coverage in a domain/season-sensitive column, but this table blends all seasons together -- check season_column_coverage for this column for the real per-season breakdown before treating this as a new finding."
Heracles Almelo,Heracles Almelo,gk_penalty_kicks_allowed,gk,48,16,33.3,,
Heracles Almelo,Heracles Almelo,gk_penalty_kicks_saved,gk,48,16,33.3,,
Heracles Almelo,Heracles Almelo,gk_penalty_kicks_missed_by_opponent,gk,48,16,33.3,,
Heracles Almelo,Heracles Almelo,gk_penalty_kicks_faced,gk,48,16,33.3,,
Heracles Almelo,Heracles Almelo,fbref_minutes_per_sub,fbref,451,151,33.5,unexplained_blended,"Low coverage in a domain/season-sensitive column, but this table blends all seasons together -- check season_column_coverage for this column for the real per-season breakdown before treating this as a new finding."
Heracles Almelo,Heracles Almelo,fbref_minutes_per_start,fbref,451,168,37.3,unexplained_blended,"Low coverage in a domain/season-sensitive column, but this table blends all seasons together -- check season_column_coverage for this column for the real per-season breakdown before treating this as a new finding."
Heracles Almelo,Heracles Almelo,fbref_fouls_drawn_per90,fbref,451,213,47.2,unexplained_blended,"Low coverage in a domain/season-sensitive column, but this table blends all seasons together -- check season_column_coverage for this column for the real per-season breakdown before treating this as a new finding."
Heracles Almelo,Heracles Almelo,fbref_offsides_per90,fbref,451,213,47.2,unexplained_blended,"Low coverage in a domain/season-sensitive column, but this table blends all seasons together -- check season_column_coverage for this column for the real per-season breakdown before treating this as a new finding."
Heracles Almelo,Heracles Almelo,fbref_crosses_per90,fbref,451,213,47.2,unexplained_blended,"Low coverage in a domain/season-sensitive column, but this table blends all seasons together -- check season_column_coverage for this column for the real per-season breakdown before treating this as a new finding."
Heracles Almelo,Heracles Almelo,fbref_interceptions_per90,fbref,451,213,47.2,unexplained_blended,"Low coverage in a domain/season-sensitive column, but this table blends all seasons together -- check season_column_coverage for this column for the real per-season breakdown before treating this as a new finding."
Heracles Almelo,Heracles Almelo,fbref_tackles_won_per90,fbref,451,213,47.2,unexplained_blended,"Low coverage in a domain/season-sensitive column, but this table blends all seasons together -- check season_column_coverage for this column for the real per-season breakdown before treating this as a new finding."
Heracles Almelo,Heracles Almelo,fbref_offsides,fbref,451,215,47.7,unexplained_blended,"Low coverage in a domain/season-sensitive column, but this table blends all seasons together -- check season_column_coverage for this column for the real per-season breakdown before treating this as a new finding."
Heracles Almelo,Heracles Almelo,fbref_fouls_drawn,fbref,451,215,47.7,unexplained_blended,"Low coverage in a domain/season-sensitive column, but this table blends all seasons together -- check season_column_coverage for this column for the real per-season breakdown before treating this as a new finding."
Heracles Almelo,Heracles Almelo,fbref_shots_per90,fbref,451,215,47.7,unexplained_blended,"Low coverage in a domain/season-sensitive column, but this table blends all seasons together -- check season_column_coverage for this column for the real per-season breakdown before treating this as a new finding."
Heracles Almelo,Heracles Almelo,fbref_tackles_won,fbref,451,215,47.7,unexplained_blended,"Low coverage in a domain/season-sensitive column, but this table blends all seasons together -- check season_column_coverage for this column for the real per-season breakdown before treating this as a new finding."
Heracles Almelo,Heracles Almelo,fbref_interceptions,fbref,451,215,47.7,unexplained_blended,"Low coverage in a domain/season-sensitive column, but this table blends all seasons together -- check season_column_coverage for this column for the real per-season breakdown before treating this as a new finding."
Heracles Almelo,Heracles Almelo,fbref_crosses,fbref,451,215,47.7,unexplained_blended,"Low coverage in a domain/season-sensitive column, but this table blends all seasons together -- check season_column_coverage for this column for the real per-season breakdown before treating this as a new finding."
Heracles Almelo,Heracles Almelo,gk_save_pct,gk,48,24,50.0,,
Heracles Almelo,Heracles Almelo,gk_saves,gk,48,24,50.0,,
Heracles Almelo,Heracles Almelo,gk_saves_per90,gk,48,24,50.0,,
Heracles Almelo,Heracles Almelo,gk_shots_on_target_against,gk,48,24,50.0,,
Heracles Almelo,Heracles Almelo,gk_clean_sheet_pct,gk,48,24,50.0,,
Heracles Almelo,Heracles Almelo,fbref_own_goals_per90,fbref,451,237,52.5,unexplained_blended,"Low coverage in a domain/season-sensitive column, but this table blends all seasons together -- check season_column_coverage for this column for the real per-season breakdown before treating this as a new finding."
Heracles Almelo,Heracles Almelo,fbref_second_yellow_cards_per90,fbref,451,237,52.5,unexplained_blended,"Low coverage in a domain/season-sensitive column, but this table blends all seasons together -- check season_column_coverage for this column for the real per-season breakdown before treating this as a new finding."
Heracles Almelo,Heracles Almelo,fbref_own_goals,fbref,451,240,53.2,unexplained_blended,"Low coverage in a domain/season-sensitive column, but this table blends all seasons together -- check season_column_coverage for this column for the real per-season breakdown before treating this as a new finding."
Heracles Almelo,Heracles Almelo,fbref_second_yellow_cards,fbref,451,240,53.2,unexplained_blended,"Low coverage in a domain/season-sensitive column, but this table blends all seasons together -- check season_column_coverage for this column for the real per-season breakdown before treating this as a new finding."
Heracles Almelo,Heracles Almelo,gk_draws,gk,48,26,54.2,,
Heracles Almelo,Heracles Almelo,gk_wins,gk,48,26,54.2,,
Heracles Almelo,Heracles Almelo,gk_clean_sheets,gk,48,26,54.2,,
Heracles Almelo,Heracles Almelo,gk_losses,gk,48,26,54.2,,
Heracles Almelo,Heracles Almelo,gk_goals_against_per90,gk,48,26,54.2,,
Heracles Almelo,Heracles Almelo,gk_goals_against,gk,48,26,54.2,,
Heracles Almelo,Heracles Almelo,fbref_goals_per_shot_on_target,fbref,451,246,54.5,unexplained_blended,"Low coverage in a domain/season-sensitive column, but this table blends all seasons together -- check season_column_coverage for this column for the real per-season breakdown before treating this as a new finding."
Heracles Almelo,Heracles Almelo,fbref_shots_on_target_pct,fbref,451,260,57.6,unexplained_blended,"Low coverage in a domain/season-sensitive column, but this table blends all seasons together -- check season_column_coverage for this column for the real per-season breakdown before treating this as a new finding."
Heracles Almelo,Heracles Almelo,tm_foot,tm,451,265,58.8,,
Heracles Almelo,Heracles Almelo,tm_height_cm,tm,451,268,59.4,,
Heracles Almelo,Heracles Almelo,ws_take_ons_won_pct,ws,451,268,59.4,unexplained_blended,"Low coverage in a domain/season-sensitive column, but this table blends all seasons together -- check season_column_coverage for this column for the real per-season breakdown before treating this as a new finding."
Heracles Almelo,Heracles Almelo,fbref_on_off,fbref,451,284,63.0,unexplained_blended,"Low coverage in a domain/season-sensitive column, but this table blends all seasons together -- check season_column_coverage for this column for the real per-season breakdown before treating this as a new finding."
Heracles Almelo,Heracles Almelo,fbref_points_per_match,fbref,451,289,64.1,unexplained_blended,"Low coverage in a domain/season-sensitive column, but this table blends all seasons together -- check season_column_coverage for this column for the real per-season breakdown before treating this as a new finding."
Heracles Almelo,Heracles Almelo,fbref_team_goals_against_while_on_pitch,fbref,451,290,64.3,unexplained_blended,"Low coverage in a domain/season-sensitive column, but this table blends all seasons together -- check season_column_coverage for this column for the real per-season breakdown before treating this as a new finding."
Heracles Almelo,Heracles Almelo,fbref_plus_minus,fbref,451,290,64.3,unexplained_blended,"Low coverage in a domain/season-sensitive column, but this table blends all seasons together -- check season_column_coverage for this column for the real per-season breakdown before treating this as a new finding."
Heracles Almelo,Heracles Almelo,fbref_plus_minus_per90,fbref,451,290,64.3,unexplained_blended,"Low coverage in a domain/season-sensitive column, but this table blends all seasons together -- check season_column_coverage for this column for the real per-season breakdown before treating this as a new finding."
Heracles Almelo,Heracles Almelo,fbref_team_goals_while_on_pitch,fbref,451,290,64.3,unexplained_blended,"Low coverage in a domain/season-sensitive column, but this table blends all seasons together -- check season_column_coverage for this column for the real per-season breakdown before treating this as a new finding."
Heracles Almelo,Heracles Almelo,ws_aerial_duel_win_pct,ws,451,293,65.0,unexplained_blended,"Low coverage in a domain/season-sensitive column, but this table blends all seasons together -- check season_column_coverage for this column for the real per-season breakdown before treating this as a new finding."
Heracles Almelo,Heracles Almelo,ws_ground_duel_win_pct,ws,451,298,66.1,unexplained_blended,"Low coverage in a domain/season-sensitive column, but this table blends all seasons together -- check season_column_coverage for this column for the real per-season breakdown before treating this as a new finding."
Heracles Almelo,Heracles Almelo,ws_aerials_won_per90,ws,451,314,69.6,unexplained_blended,"Low coverage in a domain/season-sensitive column, but this table blends all seasons together -- check season_column_coverage for this column for the real per-season breakdown before treating this as a new finding."
Heracles Almelo,Heracles Almelo,ws_passes_per90,ws,451,314,69.6,unexplained_blended,"Low coverage in a domain/season-sensitive column, but this table blends all seasons together -- check season_column_coverage for this column for the real per-season breakdown before treating this as a new finding."
Heracles Almelo,Heracles Almelo,ws_passes_completed_per90,ws,451,314,69.6,unexplained_blended,"Low coverage in a domain/season-sensitive column, but this table blends all seasons together -- check season_column_coverage for this column for the real per-season breakdown before treating this as a new finding."
Heracles Almelo,Heracles Almelo,ws_touches_per90,ws,451,314,69.6,unexplained_blended,"Low coverage in a domain/season-sensitive column, but this table blends all seasons together -- check season_column_coverage for this column for the real per-season breakdown before treating this as a new finding."
Heracles Almelo,Heracles Almelo,ws_touches_def_3rd_per90,ws,451,314,69.6,unexplained_blended,"Low coverage in a domain/season-sensitive column, but this table blends all seasons together -- check season_column_coverage for this column for the real per-season breakdown before treating this as a new finding."
Heracles Almelo,Heracles Almelo,ws_touches_mid_3rd_per90,ws,451,314,69.6,unexplained_blended,"Low coverage in a domain/season-sensitive column, but this table blends all seasons together -- check season_column_coverage for this column for the real per-season breakdown before treating this as a new finding."
Heracles Almelo,Heracles Almelo,ws_touches_att_3rd_per90,ws,451,314,69.6,unexplained_blended,"Low coverage in a domain/season-sensitive column, but this table blends all seasons together -- check season_column_coverage for this column for the real per-season breakdown before treating this as a new finding."
Heracles Almelo,Heracles Almelo,ws_touches_def_pen_area_per90,ws,451,314,69.6,unexplained_blended,"Low coverage in a domain/season-sensitive column, but this table blends all seasons together -- check season_column_coverage for this column for the real per-season breakdown before treating this as a new finding."
Heracles Almelo,Heracles Almelo,ws_touches_att_pen_area_per90,ws,451,314,69.6,unexplained_blended,"Low coverage in a domain/season-sensitive column, but this table blends all seasons together -- check season_column_coverage for this column for the real per-season breakdown before treating this as a new finding."
Heracles Almelo,Heracles Almelo,ws_take_ons_per90,ws,451,314,69.6,unexplained_blended,"Low coverage in a domain/season-sensitive column, but this table blends all seasons together -- check season_column_coverage for this column for the real per-season breakdown before treating this as a new finding."
Heracles Almelo,Heracles Almelo,ws_take_ons_won_per90,ws,451,314,69.6,unexplained_blended,"Low coverage in a domain/season-sensitive column, but this table blends all seasons together -- check season_column_coverage for this column for the real per-season breakdown before treating this as a new finding."
Heracles Almelo,Heracles Almelo,ws_dispossessed_per90,ws,451,314,69.6,unexplained_blended,"Low coverage in a domain/season-sensitive column, but this table blends all seasons together -- check season_column_coverage for this column for the real per-season breakdown before treating this as a new finding."
Heracles Almelo,Heracles Almelo,ws_tackles_per90,ws,451,314,69.6,unexplained_blended,"Low coverage in a domain/season-sensitive column, but this table blends all seasons together -- check season_column_coverage for this column for the real per-season breakdown before treating this as a new finding."
Heracles Almelo,Heracles Almelo,ws_tackles_won_per90,ws,451,314,69.6,unexplained_blended,"Low coverage in a domain/season-sensitive column, but this table blends all seasons together -- check season_column_coverage for this column for the real per-season breakdown before treating this as a new finding."
Heracles Almelo,Heracles Almelo,ws_tackles_def_3rd_per90,ws,451,314,69.6,unexplained_blended,"Low coverage in a domain/season-sensitive column, but this table blends all seasons together -- check season_column_coverage for this column for the real per-season breakdown before treating this as a new finding."
Heracles Almelo,Heracles Almelo,ws_tackles_mid_3rd_per90,ws,451,314,69.6,unexplained_blended,"Low coverage in a domain/season-sensitive column, but this table blends all seasons together -- check season_column_coverage for this column for the real per-season breakdown before treating this as a new finding."
Heracles Almelo,Heracles Almelo,ws_tackles_att_3rd_per90,ws,451,314,69.6,unexplained_blended,"Low coverage in a domain/season-sensitive column, but this table blends all seasons together -- check season_column_coverage for this column for the real per-season breakdown before treating this as a new finding."
Heracles Almelo,Heracles Almelo,ws_interceptions_per90,ws,451,314,69.6,unexplained_blended,"Low coverage in a domain/season-sensitive column, but this table blends all seasons together -- check season_column_coverage for this column for the real per-season breakdown before treating this as a new finding."
Heracles Almelo,Heracles Almelo,ws_interceptions_def_3rd_per90,ws,451,314,69.6,unexplained_blended,"Low coverage in a domain/season-sensitive column, but this table blends all seasons together -- check season_column_coverage for this column for the real per-season breakdown before treating this as a new finding."
Heracles Almelo,Heracles Almelo,ws_interceptions_mid_3rd_per90,ws,451,314,69.6,unexplained_blended,"Low coverage in a domain/season-sensitive column, but this table blends all seasons together -- check season_column_coverage for this column for the real per-season breakdown before treating this as a new finding."
Heracles Almelo,Heracles Almelo,ws_interceptions_att_3rd_per90,ws,451,314,69.6,unexplained_blended,"Low coverage in a domain/season-sensitive column, but this table blends all seasons together -- check season_column_coverage for this column for the real per-season breakdown before treating this as a new finding."
Heracles Almelo,Heracles Almelo,ws_clearances_per90,ws,451,314,69.6,unexplained_blended,"Low coverage in a domain/season-sensitive column, but this table blends all seasons together -- check season_column_coverage for this column for the real per-season breakdown before treating this as a new finding."
Heracles Almelo,Heracles Almelo,ws_dribbled_past_per90,ws,451,314,69.6,unexplained_blended,"Low coverage in a domain/season-sensitive column, but this table blends all seasons together -- check season_column_coverage for this column for the real per-season breakdown before treating this as a new finding."
Heracles Almelo,Heracles Almelo,ws_errors_per90,ws,451,314,69.6,unexplained_blended,"Low coverage in a domain/season-sensitive column, but this table blends all seasons together -- check season_column_coverage for this column for the real per-season breakdown before treating this as a new finding."
Heracles Almelo,Heracles Almelo,ws_final_third_entries_per90,ws,451,314,69.6,unexplained_blended,"Low coverage in a domain/season-sensitive column, but this table blends all seasons together -- check season_column_coverage for this column for the real per-season breakdown before treating this as a new finding."
Heracles Almelo,Heracles Almelo,ws_pen_area_entries_per90,ws,451,314,69.6,unexplained_blended,"Low coverage in a domain/season-sensitive column, but this table blends all seasons together -- check season_column_coverage for this column for the real per-season breakdown before treating this as a new finding."
Heracles Almelo,Heracles Almelo,ws_aerials_per90,ws,451,314,69.6,unexplained_blended,"Low coverage in a domain/season-sensitive column, but this table blends all seasons together -- check season_column_coverage for this column for the real per-season breakdown before treating this as a new finding."
Heracles Almelo,Heracles Almelo,ws_passes_pct,ws,451,317,70.3,unexplained_blended,"Low coverage in a domain/season-sensitive column, but this table blends all seasons together -- check season_column_coverage for this column for the real per-season breakdown before treating this as a new finding."
Heracles Almelo,Heracles Almelo,fbref_shots,fbref,451,318,70.5,unexplained_blended,"Low coverage in a domain/season-sensitive column, but this table blends all seasons together -- check season_column_coverage for this column for the real per-season breakdown before treating this as a new finding."
Heracles Almelo,Heracles Almelo,ws_touches_att_3rd,ws,451,318,70.5,unexplained_blended,"Low coverage in a domain/season-sensitive column, but this table blends all seasons together -- check season_column_coverage for this column for the real per-season breakdown before treating this as a new finding."
Heracles Almelo,Heracles Almelo,ws_touches_def_pen_area,ws,451,318,70.5,unexplained_blended,"Low coverage in a domain/season-sensitive column, but this table blends all seasons together -- check season_column_coverage for this column for the real per-season breakdown before treating this as a new finding."
Heracles Almelo,Heracles Almelo,ws_touches_att_pen_area,ws,451,318,70.5,unexplained_blended,"Low coverage in a domain/season-sensitive column, but this table blends all seasons together -- check season_column_coverage for this column for the real per-season breakdown before treating this as a new finding."
Heracles Almelo,Heracles Almelo,ws_take_ons,ws,451,318,70.5,unexplained_blended,"Low coverage in a domain/season-sensitive column, but this table blends all seasons together -- check season_column_coverage for this column for the real per-season breakdown before treating this as a new finding."
Heracles Almelo,Heracles Almelo,ws_take_ons_won,ws,451,318,70.5,unexplained_blended,"Low coverage in a domain/season-sensitive column, but this table blends all seasons together -- check season_column_coverage for this column for the real per-season breakdown before treating this as a new finding."
Heracles Almelo,Heracles Almelo,ws_touches,ws,451,318,70.5,unexplained_blended,"Low coverage in a domain/season-sensitive column, but this table blends all seasons together -- check season_column_coverage for this column for the real per-season breakdown before treating this as a new finding."
Heracles Almelo,Heracles Almelo,ws_dispossessed,ws,451,318,70.5,unexplained_blended,"Low coverage in a domain/season-sensitive column, but this table blends all seasons together -- check season_column_coverage for this column for the real per-season breakdown before treating this as a new finding."
Heracles Almelo,Heracles Almelo,ws_tackles,ws,451,318,70.5,unexplained_blended,"Low coverage in a domain/season-sensitive column, but this table blends all seasons together -- check season_column_coverage for this column for the real per-season breakdown before treating this as a new finding."
Heracles Almelo,Heracles Almelo,ws_tackles_won,ws,451,318,70.5,unexplained_blended,"Low coverage in a domain/season-sensitive column, but this table blends all seasons together -- check season_column_coverage for this column for the real per-season breakdown before treating this as a new finding."
Heracles Almelo,Heracles Almelo,ws_tackles_def_3rd,ws,451,318,70.5,unexplained_blended,"Low coverage in a domain/season-sensitive column, but this table blends all seasons together -- check season_column_coverage for this column for the real per-season breakdown before treating this as a new finding."
Heracles Almelo,Heracles Almelo,ws_tackles_mid_3rd,ws,451,318,70.5,unexplained_blended,"Low coverage in a domain/season-sensitive column, but this table blends all seasons together -- check season_column_coverage for this column for the real per-season breakdown before treating this as a new finding."
Heracles Almelo,Heracles Almelo,ws_tackles_att_3rd,ws,451,318,70.5,unexplained_blended,"Low coverage in a domain/season-sensitive column, but this table blends all seasons together -- check season_column_coverage for this column for the real per-season breakdown before treating this as a new finding."
Heracles Almelo,Heracles Almelo,ws_interceptions,ws,451,318,70.5,unexplained_blended,"Low coverage in a domain/season-sensitive column, but this table blends all seasons together -- check season_column_coverage for this column for the real per-season breakdown before treating this as a new finding."
Heracles Almelo,Heracles Almelo,ws_interceptions_def_3rd,ws,451,318,70.5,unexplained_blended,"Low coverage in a domain/season-sensitive column, but this table blends all seasons together -- check season_column_coverage for this column for the real per-season breakdown before treating this as a new finding."
Heracles Almelo,Heracles Almelo,ws_interceptions_mid_3rd,ws,451,318,70.5,unexplained_blended,"Low coverage in a domain/season-sensitive column, but this table blends all seasons together -- check season_column_coverage for this column for the real per-season breakdown before treating this as a new finding."
Heracles Almelo,Heracles Almelo,ws_interceptions_att_3rd,ws,451,318,70.5,unexplained_blended,"Low coverage in a domain/season-sensitive column, but this table blends all seasons together -- check season_column_coverage for this column for the real per-season breakdown before treating this as a new finding."
Heracles Almelo,Heracles Almelo,ws_clearances,ws,451,318,70.5,unexplained_blended,"Low coverage in a domain/season-sensitive column, but this table blends all seasons together -- check season_column_coverage for this column for the real per-season breakdown before treating this as a new finding."
Heracles Almelo,Heracles Almelo,ws_dribbled_past,ws,451,318,70.5,unexplained_blended,"Low coverage in a domain/season-sensitive column, but this table blends all seasons together -- check season_column_coverage for this column for the real per-season breakdown before treating this as a new finding."
Heracles Almelo,Heracles Almelo,ws_errors,ws,451,318,70.5,unexplained_blended,"Low coverage in a domain/season-sensitive column, but this table blends all seasons together -- check season_column_coverage for this column for the real per-season breakdown before treating this as a new finding."
Heracles Almelo,Heracles Almelo,ws_final_third_entries,ws,451,318,70.5,unexplained_blended,"Low coverage in a domain/season-sensitive column, but this table blends all seasons together -- check season_column_coverage for this column for the real per-season breakdown before treating this as a new finding."
Heracles Almelo,Heracles Almelo,ws_pen_area_entries,ws,451,318,70.5,unexplained_blended,"Low coverage in a domain/season-sensitive column, but this table blends all seasons together -- check season_column_coverage for this column for the real per-season breakdown before treating this as a new finding."
Heracles Almelo,Heracles Almelo,ws_aerials,ws,451,318,70.5,unexplained_blended,"Low coverage in a domain/season-sensitive column, but this table blends all seasons together -- check season_column_coverage for this column for the real per-season breakdown before treating this as a new finding."
Heracles Almelo,Heracles Almelo,ws_aerials_won,ws,451,318,70.5,unexplained_blended,"Low coverage in a domain/season-sensitive column, but this table blends all seasons together -- check season_column_coverage for this column for the real per-season breakdown before treating this as a new finding."
Heracles Almelo,Heracles Almelo,ws_passes_completed,ws,451,318,70.5,unexplained_blended,"Low coverage in a domain/season-sensitive column, but this table blends all seasons together -- check season_column_coverage for this column for the real per-season breakdown before treating this as a new finding."
Heracles Almelo,Heracles Almelo,ws_passes,ws,451,318,70.5,unexplained_blended,"Low coverage in a domain/season-sensitive column, but this table blends all seasons together -- check season_column_coverage for this column for the real per-season breakdown before treating this as a new finding."
Heracles Almelo,Heracles Almelo,ws_matches_with_data,ws,451,318,70.5,unexplained_blended,"Low coverage in a domain/season-sensitive column, but this table blends all seasons together -- check season_column_coverage for this column for the real per-season breakdown before treating this as a new finding."
Heracles Almelo,Heracles Almelo,ws_whoscored_player_id,ws,451,318,70.5,unexplained_blended,"Low coverage in a domain/season-sensitive column, but this table blends all seasons together -- check season_column_coverage for this column for the real per-season breakdown before treating this as a new finding."
Heracles Almelo,Heracles Almelo,fbref_shots_on_target,fbref,451,318,70.5,unexplained_blended,"Low coverage in a domain/season-sensitive column, but this table blends all seasons together -- check season_column_coverage for this column for the real per-season breakdown before treating this as a new finding."
Heracles Almelo,Heracles Almelo,ws_touches_mid_3rd,ws,451,318,70.5,unexplained_blended,"Low coverage in a domain/season-sensitive column, but this table blends all seasons together -- check season_column_coverage for this column for the real per-season breakdown before treating this as a new finding."
Heracles Almelo,Heracles Almelo,ws_touches_def_3rd,ws,451,318,70.5,unexplained_blended,"Low coverage in a domain/season-sensitive column, but this table blends all seasons together -- check season_column_coverage for this column for the real per-season breakdown before treating this as a new finding."
Heracles Almelo,Heracles Almelo,fbref_unused_sub,fbref,451,348,77.2,unexplained_blended,"Low coverage in a domain/season-sensitive column, but this table blends all seasons together -- check season_column_coverage for this column for the real per-season breakdown before treating this as a new finding."
Heracles Almelo,Heracles Almelo,fbref_fouls_committed_per90,fbref,451,364,80.7,,
Heracles Almelo,Heracles Almelo,fbref_fouls_committed,fbref,451,368,81.6,,
Heracles Almelo,Heracles Almelo,fbref_shots_on_target_per90,fbref,451,368,81.6,,
Heracles Almelo,Heracles Almelo,fbref_yellow_cards_per90,fbref,451,388,86.0,,
Heracles Almelo,Heracles Almelo,fbref_red_cards_per90,fbref,451,388,86.0,,
Heracles Almelo,Heracles Almelo,fbref_goals_per90,fbref,451,393,87.1,,
Heracles Almelo,Heracles Almelo,fbref_assists_per90,fbref,451,393,87.1,,
Heracles Almelo,Heracles Almelo,fbref_goals_plus_assists_per90,fbref,451,393,87.1,,
Heracles Almelo,Heracles Almelo,fbref_non_penalty_goals_per90,fbref,451,393,87.1,,
Heracles Almelo,Heracles Almelo,fbref_non_penalty_goals,fbref,451,393,87.1,,
Heracles Almelo,Heracles Almelo,fbref_penalty_attempts,fbref,451,393,87.1,,
Heracles Almelo,Heracles Almelo,fbref_nineties,fbref,451,393,87.1,,
Heracles Almelo,Heracles Almelo,fbref_goals,fbref,451,393,87.1,,
Heracles Almelo,Heracles Almelo,fbref_assists,fbref,451,393,87.1,,
Heracles Almelo,Heracles Almelo,fbref_goals_plus_assists,fbref,451,393,87.1,,
Heracles Almelo,Heracles Almelo,fbref_minutes_per_match,fbref,451,393,87.1,,
Heracles Almelo,Heracles Almelo,fbref_yellow_cards,fbref,451,393,87.1,,
Heracles Almelo,Heracles Almelo,fbref_red_cards,fbref,451,393,87.1,,
Heracles Almelo,Heracles Almelo,fbref_penalty_goals,fbref,451,393,87.1,,
Heracles Almelo,Heracles Almelo,fbref_minutes,fbref,451,393,87.1,,
Heracles Almelo,Heracles Almelo,fbref_non_penalty_goals_plus_assists_per90,fbref,451,393,87.1,,
Heracles Almelo,Heracles Almelo,fbref_minutes_pct,fbref,451,393,87.1,,
Heracles Almelo,Heracles Almelo,fbref_complete_matches,fbref,451,431,95.6,,
Heracles Almelo,Heracles Almelo,fbref_starts,fbref,451,451,100.0,,
Heracles Almelo,Heracles Almelo,fbref_substitute_appearances,fbref,451,451,100.0,,
Heracles Almelo,Heracles Almelo,fbref_position,fbref,451,451,100.0,,
Heracles Almelo,Heracles Almelo,fbref_nation,fbref,451,451,100.0,,
Heracles Almelo,Heracles Almelo,fbref_age,fbref,451,451,100.0,,
Heracles Almelo,Heracles Almelo,fbref_matches_played,fbref,451,451,100.0,,
Heracles Almelo,Heracles Almelo,fbref_born,fbref,451,451,100.0,,
NAC Breda,NAC Breda,fbref_penalty_kicks_won,fbref,265,26,9.8,unexplained_blended,"Low coverage in a domain/season-sensitive column, but this table blends all seasons together -- check season_column_coverage for this column for the real per-season breakdown before treating this as a new finding."
NAC Breda,NAC Breda,fbref_penalty_kicks_conceded,fbref,265,26,9.8,unexplained_blended,"Low coverage in a domain/season-sensitive column, but this table blends all seasons together -- check season_column_coverage for this column for the real per-season breakdown before treating this as a new finding."
NAC Breda,NAC Breda,fbref_penalty_kicks_won_per90,fbref,265,26,9.8,unexplained_blended,"Low coverage in a domain/season-sensitive column, but this table blends all seasons together -- check season_column_coverage for this column for the real per-season breakdown before treating this as a new finding."
NAC Breda,NAC Breda,fbref_penalty_kicks_conceded_per90,fbref,265,26,9.8,unexplained_blended,"Low coverage in a domain/season-sensitive column, but this table blends all seasons together -- check season_column_coverage for this column for the real per-season breakdown before treating this as a new finding."
NAC Breda,NAC Breda,fbref_goals_per_shot,fbref,265,52,19.6,unexplained_blended,"Low coverage in a domain/season-sensitive column, but this table blends all seasons together -- check season_column_coverage for this column for the real per-season breakdown before treating this as a new finding."
NAC Breda,NAC Breda,gk_penalty_kick_save_pct,gk,25,6,24.0,,
NAC Breda,NAC Breda,fbref_minutes_per_sub,fbref,265,69,26.0,unexplained_blended,"Low coverage in a domain/season-sensitive column, but this table blends all seasons together -- check season_column_coverage for this column for the real per-season breakdown before treating this as a new finding."
NAC Breda,NAC Breda,fbref_crosses,fbref,265,85,32.1,unexplained_blended,"Low coverage in a domain/season-sensitive column, but this table blends all seasons together -- check season_column_coverage for this column for the real per-season breakdown before treating this as a new finding."
NAC Breda,NAC Breda,fbref_minutes_per_start,fbref,265,85,32.1,unexplained_blended,"Low coverage in a domain/season-sensitive column, but this table blends all seasons together -- check season_column_coverage for this column for the real per-season breakdown before treating this as a new finding."
NAC Breda,NAC Breda,fbref_fouls_drawn,fbref,265,85,32.1,unexplained_blended,"Low coverage in a domain/season-sensitive column, but this table blends all seasons together -- check season_column_coverage for this column for the real per-season breakdown before treating this as a new finding."
NAC Breda,NAC Breda,fbref_shots_per90,fbref,265,85,32.1,unexplained_blended,"Low coverage in a domain/season-sensitive column, but this table blends all seasons together -- check season_column_coverage for this column for the real per-season breakdown before treating this as a new finding."
NAC Breda,NAC Breda,fbref_offsides,fbref,265,85,32.1,unexplained_blended,"Low coverage in a domain/season-sensitive column, but this table blends all seasons together -- check season_column_coverage for this column for the real per-season breakdown before treating this as a new finding."
NAC Breda,NAC Breda,fbref_tackles_won_per90,fbref,265,85,32.1,unexplained_blended,"Low coverage in a domain/season-sensitive column, but this table blends all seasons together -- check season_column_coverage for this column for the real per-season breakdown before treating this as a new finding."
NAC Breda,NAC Breda,fbref_interceptions_per90,fbref,265,85,32.1,unexplained_blended,"Low coverage in a domain/season-sensitive column, but this table blends all seasons together -- check season_column_coverage for this column for the real per-season breakdown before treating this as a new finding."
NAC Breda,NAC Breda,fbref_crosses_per90,fbref,265,85,32.1,unexplained_blended,"Low coverage in a domain/season-sensitive column, but this table blends all seasons together -- check season_column_coverage for this column for the real per-season breakdown before treating this as a new finding."
NAC Breda,NAC Breda,fbref_offsides_per90,fbref,265,85,32.1,unexplained_blended,"Low coverage in a domain/season-sensitive column, but this table blends all seasons together -- check season_column_coverage for this column for the real per-season breakdown before treating this as a new finding."
NAC Breda,NAC Breda,fbref_fouls_drawn_per90,fbref,265,85,32.1,unexplained_blended,"Low coverage in a domain/season-sensitive column, but this table blends all seasons together -- check season_column_coverage for this column for the real per-season breakdown before treating this as a new finding."
NAC Breda,NAC Breda,fbref_tackles_won,fbref,265,85,32.1,unexplained_blended,"Low coverage in a domain/season-sensitive column, but this table blends all seasons together -- check season_column_coverage for this column for the real per-season breakdown before treating this as a new finding."
NAC Breda,NAC Breda,fbref_interceptions,fbref,265,85,32.1,unexplained_blended,"Low coverage in a domain/season-sensitive column, but this table blends all seasons together -- check season_column_coverage for this column for the real per-season breakdown before treating this as a new finding."
NAC Breda,NAC Breda,fbref_own_goals_per90,fbref,265,119,44.9,unexplained_blended,"Low coverage in a domain/season-sensitive column, but this table blends all seasons together -- check season_column_coverage for this column for the real per-season breakdown before treating this as a new finding."
NAC Breda,NAC Breda,fbref_second_yellow_cards,fbref,265,119,44.9,unexplained_blended,"Low coverage in a domain/season-sensitive column, but this table blends all seasons together -- check season_column_coverage for this column for the real per-season breakdown before treating this as a new finding."
NAC Breda,NAC Breda,fbref_own_goals,fbref,265,119,44.9,unexplained_blended,"Low coverage in a domain/season-sensitive column, but this table blends all seasons together -- check season_column_coverage for this column for the real per-season breakdown before treating this as a new finding."
NAC Breda,NAC Breda,fbref_second_yellow_cards_per90,fbref,265,119,44.9,unexplained_blended,"Low coverage in a domain/season-sensitive column, but this table blends all seasons together -- check season_column_coverage for this column for the real per-season breakdown before treating this as a new finding."
NAC Breda,NAC Breda,gk_penalty_kicks_saved,gk,25,12,48.0,,
NAC Breda,NAC Breda,gk_penalty_kicks_faced,gk,25,12,48.0,,
NAC Breda,NAC Breda,gk_penalty_kicks_allowed,gk,25,12,48.0,,
NAC Breda,NAC Breda,gk_penalty_kicks_missed_by_opponent,gk,25,12,48.0,,
NAC Breda,NAC Breda,tm_foot,tm,265,137,51.7,,
NAC Breda,NAC Breda,gk_saves,gk,25,13,52.0,,
NAC Breda,NAC Breda,gk_saves_per90,gk,25,13,52.0,,
NAC Breda,NAC Breda,gk_save_pct,gk,25,13,52.0,,
NAC Breda,NAC Breda,gk_shots_on_target_against,gk,25,13,52.0,,
NAC Breda,NAC Breda,tm_height_cm,tm,265,138,52.1,,
NAC Breda,NAC Breda,ws_take_ons_won_pct,ws,265,146,55.1,unexplained_blended,"Low coverage in a domain/season-sensitive column, but this table blends all seasons together -- check season_column_coverage for this column for the real per-season breakdown before treating this as a new finding."
NAC Breda,NAC Breda,fbref_on_off,fbref,265,147,55.5,unexplained_blended,"Low coverage in a domain/season-sensitive column, but this table blends all seasons together -- check season_column_coverage for this column for the real per-season breakdown before treating this as a new finding."
NAC Breda,NAC Breda,fbref_shots_on_target_pct,fbref,265,148,55.8,unexplained_blended,"Low coverage in a domain/season-sensitive column, but this table blends all seasons together -- check season_column_coverage for this column for the real per-season breakdown before treating this as a new finding."
NAC Breda,NAC Breda,fbref_plus_minus,fbref,265,149,56.2,unexplained_blended,"Low coverage in a domain/season-sensitive column, but this table blends all seasons together -- check season_column_coverage for this column for the real per-season breakdown before treating this as a new finding."
NAC Breda,NAC Breda,fbref_points_per_match,fbref,265,149,56.2,unexplained_blended,"Low coverage in a domain/season-sensitive column, but this table blends all seasons together -- check season_column_coverage for this column for the real per-season breakdown before treating this as a new finding."
NAC Breda,NAC Breda,fbref_team_goals_against_while_on_pitch,fbref,265,149,56.2,unexplained_blended,"Low coverage in a domain/season-sensitive column, but this table blends all seasons together -- check season_column_coverage for this column for the real per-season breakdown before treating this as a new finding."
NAC Breda,NAC Breda,fbref_plus_minus_per90,fbref,265,149,56.2,unexplained_blended,"Low coverage in a domain/season-sensitive column, but this table blends all seasons together -- check season_column_coverage for this column for the real per-season breakdown before treating this as a new finding."
NAC Breda,NAC Breda,fbref_team_goals_while_on_pitch,fbref,265,149,56.2,unexplained_blended,"Low coverage in a domain/season-sensitive column, but this table blends all seasons together -- check season_column_coverage for this column for the real per-season breakdown before treating this as a new finding."
NAC Breda,NAC Breda,fbref_goals_per_shot_on_target,fbref,265,158,59.6,unexplained_blended,"Low coverage in a domain/season-sensitive column, but this table blends all seasons together -- check season_column_coverage for this column for the real per-season breakdown before treating this as a new finding."
NAC Breda,NAC Breda,ws_ground_duel_win_pct,ws,265,161,60.8,unexplained_blended,"Low coverage in a domain/season-sensitive column, but this table blends all seasons together -- check season_column_coverage for this column for the real per-season breakdown before treating this as a new finding."
NAC Breda,NAC Breda,ws_aerial_duel_win_pct,ws,265,163,61.5,unexplained_blended,"Low coverage in a domain/season-sensitive column, but this table blends all seasons together -- check season_column_coverage for this column for the real per-season breakdown before treating this as a new finding."
NAC Breda,NAC Breda,ws_aerials_won_per90,ws,265,171,64.5,unexplained_blended,"Low coverage in a domain/season-sensitive column, but this table blends all seasons together -- check season_column_coverage for this column for the real per-season breakdown before treating this as a new finding."
NAC Breda,NAC Breda,ws_passes_per90,ws,265,171,64.5,unexplained_blended,"Low coverage in a domain/season-sensitive column, but this table blends all seasons together -- check season_column_coverage for this column for the real per-season breakdown before treating this as a new finding."
NAC Breda,NAC Breda,ws_passes_completed_per90,ws,265,171,64.5,unexplained_blended,"Low coverage in a domain/season-sensitive column, but this table blends all seasons together -- check season_column_coverage for this column for the real per-season breakdown before treating this as a new finding."
NAC Breda,NAC Breda,ws_touches_per90,ws,265,171,64.5,unexplained_blended,"Low coverage in a domain/season-sensitive column, but this table blends all seasons together -- check season_column_coverage for this column for the real per-season breakdown before treating this as a new finding."
NAC Breda,NAC Breda,ws_touches_def_3rd_per90,ws,265,171,64.5,unexplained_blended,"Low coverage in a domain/season-sensitive column, but this table blends all seasons together -- check season_column_coverage for this column for the real per-season breakdown before treating this as a new finding."
NAC Breda,NAC Breda,ws_touches_mid_3rd_per90,ws,265,171,64.5,unexplained_blended,"Low coverage in a domain/season-sensitive column, but this table blends all seasons together -- check season_column_coverage for this column for the real per-season breakdown before treating this as a new finding."
NAC Breda,NAC Breda,ws_touches_att_3rd_per90,ws,265,171,64.5,unexplained_blended,"Low coverage in a domain/season-sensitive column, but this table blends all seasons together -- check season_column_coverage for this column for the real per-season breakdown before treating this as a new finding."
NAC Breda,NAC Breda,ws_touches_def_pen_area_per90,ws,265,171,64.5,unexplained_blended,"Low coverage in a domain/season-sensitive column, but this table blends all seasons together -- check season_column_coverage for this column for the real per-season breakdown before treating this as a new finding."
NAC Breda,NAC Breda,ws_touches_att_pen_area_per90,ws,265,171,64.5,unexplained_blended,"Low coverage in a domain/season-sensitive column, but this table blends all seasons together -- check season_column_coverage for this column for the real per-season breakdown before treating this as a new finding."
NAC Breda,NAC Breda,ws_take_ons_per90,ws,265,171,64.5,unexplained_blended,"Low coverage in a domain/season-sensitive column, but this table blends all seasons together -- check season_column_coverage for this column for the real per-season breakdown before treating this as a new finding."
NAC Breda,NAC Breda,ws_take_ons_won_per90,ws,265,171,64.5,unexplained_blended,"Low coverage in a domain/season-sensitive column, but this table blends all seasons together -- check season_column_coverage for this column for the real per-season breakdown before treating this as a new finding."
NAC Breda,NAC Breda,ws_dispossessed_per90,ws,265,171,64.5,unexplained_blended,"Low coverage in a domain/season-sensitive column, but this table blends all seasons together -- check season_column_coverage for this column for the real per-season breakdown before treating this as a new finding."
NAC Breda,NAC Breda,ws_tackles_per90,ws,265,171,64.5,unexplained_blended,"Low coverage in a domain/season-sensitive column, but this table blends all seasons together -- check season_column_coverage for this column for the real per-season breakdown before treating this as a new finding."
NAC Breda,NAC Breda,ws_tackles_won_per90,ws,265,171,64.5,unexplained_blended,"Low coverage in a domain/season-sensitive column, but this table blends all seasons together -- check season_column_coverage for this column for the real per-season breakdown before treating this as a new finding."
NAC Breda,NAC Breda,ws_tackles_def_3rd_per90,ws,265,171,64.5,unexplained_blended,"Low coverage in a domain/season-sensitive column, but this table blends all seasons together -- check season_column_coverage for this column for the real per-season breakdown before treating this as a new finding."
NAC Breda,NAC Breda,ws_tackles_mid_3rd_per90,ws,265,171,64.5,unexplained_blended,"Low coverage in a domain/season-sensitive column, but this table blends all seasons together -- check season_column_coverage for this column for the real per-season breakdown before treating this as a new finding."
NAC Breda,NAC Breda,ws_tackles_att_3rd_per90,ws,265,171,64.5,unexplained_blended,"Low coverage in a domain/season-sensitive column, but this table blends all seasons together -- check season_column_coverage for this column for the real per-season breakdown before treating this as a new finding."
NAC Breda,NAC Breda,ws_interceptions_per90,ws,265,171,64.5,unexplained_blended,"Low coverage in a domain/season-sensitive column, but this table blends all seasons together -- check season_column_coverage for this column for the real per-season breakdown before treating this as a new finding."
NAC Breda,NAC Breda,ws_interceptions_def_3rd_per90,ws,265,171,64.5,unexplained_blended,"Low coverage in a domain/season-sensitive column, but this table blends all seasons together -- check season_column_coverage for this column for the real per-season breakdown before treating this as a new finding."
NAC Breda,NAC Breda,ws_interceptions_mid_3rd_per90,ws,265,171,64.5,unexplained_blended,"Low coverage in a domain/season-sensitive column, but this table blends all seasons together -- check season_column_coverage for this column for the real per-season breakdown before treating this as a new finding."
NAC Breda,NAC Breda,ws_interceptions_att_3rd_per90,ws,265,171,64.5,unexplained_blended,"Low coverage in a domain/season-sensitive column, but this table blends all seasons together -- check season_column_coverage for this column for the real per-season breakdown before treating this as a new finding."
NAC Breda,NAC Breda,ws_clearances_per90,ws,265,171,64.5,unexplained_blended,"Low coverage in a domain/season-sensitive column, but this table blends all seasons together -- check season_column_coverage for this column for the real per-season breakdown before treating this as a new finding."
NAC Breda,NAC Breda,ws_dribbled_past_per90,ws,265,171,64.5,unexplained_blended,"Low coverage in a domain/season-sensitive column, but this table blends all seasons together -- check season_column_coverage for this column for the real per-season breakdown before treating this as a new finding."
NAC Breda,NAC Breda,ws_errors_per90,ws,265,171,64.5,unexplained_blended,"Low coverage in a domain/season-sensitive column, but this table blends all seasons together -- check season_column_coverage for this column for the real per-season breakdown before treating this as a new finding."
NAC Breda,NAC Breda,ws_final_third_entries_per90,ws,265,171,64.5,unexplained_blended,"Low coverage in a domain/season-sensitive column, but this table blends all seasons together -- check season_column_coverage for this column for the real per-season breakdown before treating this as a new finding."
NAC Breda,NAC Breda,ws_pen_area_entries_per90,ws,265,171,64.5,unexplained_blended,"Low coverage in a domain/season-sensitive column, but this table blends all seasons together -- check season_column_coverage for this column for the real per-season breakdown before treating this as a new finding."
NAC Breda,NAC Breda,ws_aerials_per90,ws,265,171,64.5,unexplained_blended,"Low coverage in a domain/season-sensitive column, but this table blends all seasons together -- check season_column_coverage for this column for the real per-season breakdown before treating this as a new finding."
NAC Breda,NAC Breda,ws_tackles_won,ws,265,172,64.9,unexplained_blended,"Low coverage in a domain/season-sensitive column, but this table blends all seasons together -- check season_column_coverage for this column for the real per-season breakdown before treating this as a new finding."
NAC Breda,NAC Breda,ws_matches_with_data,ws,265,172,64.9,unexplained_blended,"Low coverage in a domain/season-sensitive column, but this table blends all seasons together -- check season_column_coverage for this column for the real per-season breakdown before treating this as a new finding."
NAC Breda,NAC Breda,ws_passes,ws,265,172,64.9,unexplained_blended,"Low coverage in a domain/season-sensitive column, but this table blends all seasons together -- check season_column_coverage for this column for the real per-season breakdown before treating this as a new finding."
NAC Breda,NAC Breda,ws_passes_completed,ws,265,172,64.9,unexplained_blended,"Low coverage in a domain/season-sensitive column, but this table blends all seasons together -- check season_column_coverage for this column for the real per-season breakdown before treating this as a new finding."
NAC Breda,NAC Breda,ws_passes_pct,ws,265,172,64.9,unexplained_blended,"Low coverage in a domain/season-sensitive column, but this table blends all seasons together -- check season_column_coverage for this column for the real per-season breakdown before treating this as a new finding."
NAC Breda,NAC Breda,ws_touches,ws,265,172,64.9,unexplained_blended,"Low coverage in a domain/season-sensitive column, but this table blends all seasons together -- check season_column_coverage for this column for the real per-season breakdown before treating this as a new finding."
NAC Breda,NAC Breda,ws_touches_def_3rd,ws,265,172,64.9,unexplained_blended,"Low coverage in a domain/season-sensitive column, but this table blends all seasons together -- check season_column_coverage for this column for the real per-season breakdown before treating this as a new finding."
NAC Breda,NAC Breda,ws_touches_mid_3rd,ws,265,172,64.9,unexplained_blended,"Low coverage in a domain/season-sensitive column, but this table blends all seasons together -- check season_column_coverage for this column for the real per-season breakdown before treating this as a new finding."
NAC Breda,NAC Breda,ws_touches_att_3rd,ws,265,172,64.9,unexplained_blended,"Low coverage in a domain/season-sensitive column, but this table blends all seasons together -- check season_column_coverage for this column for the real per-season breakdown before treating this as a new finding."
NAC Breda,NAC Breda,ws_touches_def_pen_area,ws,265,172,64.9,unexplained_blended,"Low coverage in a domain/season-sensitive column, but this table blends all seasons together -- check season_column_coverage for this column for the real per-season breakdown before treating this as a new finding."
NAC Breda,NAC Breda,ws_touches_att_pen_area,ws,265,172,64.9,unexplained_blended,"Low coverage in a domain/season-sensitive column, but this table blends all seasons together -- check season_column_coverage for this column for the real per-season breakdown before treating this as a new finding."
NAC Breda,NAC Breda,ws_take_ons,ws,265,172,64.9,unexplained_blended,"Low coverage in a domain/season-sensitive column, but this table blends all seasons together -- check season_column_coverage for this column for the real per-season breakdown before treating this as a new finding."
NAC Breda,NAC Breda,ws_take_ons_won,ws,265,172,64.9,unexplained_blended,"Low coverage in a domain/season-sensitive column, but this table blends all seasons together -- check season_column_coverage for this column for the real per-season breakdown before treating this as a new finding."
NAC Breda,NAC Breda,ws_dispossessed,ws,265,172,64.9,unexplained_blended,"Low coverage in a domain/season-sensitive column, but this table blends all seasons together -- check season_column_coverage for this column for the real per-season breakdown before treating this as a new finding."
NAC Breda,NAC Breda,ws_tackles,ws,265,172,64.9,unexplained_blended,"Low coverage in a domain/season-sensitive column, but this table blends all seasons together -- check season_column_coverage for this column for the real per-season breakdown before treating this as a new finding."
NAC Breda,NAC Breda,ws_whoscored_player_id,ws,265,172,64.9,unexplained_blended,"Low coverage in a domain/season-sensitive column, but this table blends all seasons together -- check season_column_coverage for this column for the real per-season breakdown before treating this as a new finding."
NAC Breda,NAC Breda,ws_tackles_def_3rd,ws,265,172,64.9,unexplained_blended,"Low coverage in a domain/season-sensitive column, but this table blends all seasons together -- check season_column_coverage for this column for the real per-season breakdown before treating this as a new finding."
NAC Breda,NAC Breda,ws_tackles_mid_3rd,ws,265,172,64.9,unexplained_blended,"Low coverage in a domain/season-sensitive column, but this table blends all seasons together -- check season_column_coverage for this column for the real per-season breakdown before treating this as a new finding."
NAC Breda,NAC Breda,ws_tackles_att_3rd,ws,265,172,64.9,unexplained_blended,"Low coverage in a domain/season-sensitive column, but this table blends all seasons together -- check season_column_coverage for this column for the real per-season breakdown before treating this as a new finding."
NAC Breda,NAC Breda,ws_interceptions,ws,265,172,64.9,unexplained_blended,"Low coverage in a domain/season-sensitive column, but this table blends all seasons together -- check season_column_coverage for this column for the real per-season breakdown before treating this as a new finding."
NAC Breda,NAC Breda,ws_interceptions_def_3rd,ws,265,172,64.9,unexplained_blended,"Low coverage in a domain/season-sensitive column, but this table blends all seasons together -- check season_column_coverage for this column for the real per-season breakdown before treating this as a new finding."
NAC Breda,NAC Breda,ws_interceptions_mid_3rd,ws,265,172,64.9,unexplained_blended,"Low coverage in a domain/season-sensitive column, but this table blends all seasons together -- check season_column_coverage for this column for the real per-season breakdown before treating this as a new finding."
NAC Breda,NAC Breda,ws_interceptions_att_3rd,ws,265,172,64.9,unexplained_blended,"Low coverage in a domain/season-sensitive column, but this table blends all seasons together -- check season_column_coverage for this column for the real per-season breakdown before treating this as a new finding."
NAC Breda,NAC Breda,ws_clearances,ws,265,172,64.9,unexplained_blended,"Low coverage in a domain/season-sensitive column, but this table blends all seasons together -- check season_column_coverage for this column for the real per-season breakdown before treating this as a new finding."
NAC Breda,NAC Breda,ws_dribbled_past,ws,265,172,64.9,unexplained_blended,"Low coverage in a domain/season-sensitive column, but this table blends all seasons together -- check season_column_coverage for this column for the real per-season breakdown before treating this as a new finding."
NAC Breda,NAC Breda,ws_errors,ws,265,172,64.9,unexplained_blended,"Low coverage in a domain/season-sensitive column, but this table blends all seasons together -- check season_column_coverage for this column for the real per-season breakdown before treating this as a new finding."
NAC Breda,NAC Breda,ws_final_third_entries,ws,265,172,64.9,unexplained_blended,"Low coverage in a domain/season-sensitive column, but this table blends all seasons together -- check season_column_coverage for this column for the real per-season breakdown before treating this as a new finding."
NAC Breda,NAC Breda,ws_pen_area_entries,ws,265,172,64.9,unexplained_blended,"Low coverage in a domain/season-sensitive column, but this table blends all seasons together -- check season_column_coverage for this column for the real per-season breakdown before treating this as a new finding."
NAC Breda,NAC Breda,ws_aerials,ws,265,172,64.9,unexplained_blended,"Low coverage in a domain/season-sensitive column, but this table blends all seasons together -- check season_column_coverage for this column for the real per-season breakdown before treating this as a new finding."
NAC Breda,NAC Breda,ws_aerials_won,ws,265,172,64.9,unexplained_blended,"Low coverage in a domain/season-sensitive column, but this table blends all seasons together -- check season_column_coverage for this column for the real per-season breakdown before treating this as a new finding."
NAC Breda,NAC Breda,fbref_shots_on_target,fbref,265,172,64.9,unexplained_blended,"Low coverage in a domain/season-sensitive column, but this table blends all seasons together -- check season_column_coverage for this column for the real per-season breakdown before treating this as a new finding."
NAC Breda,NAC Breda,fbref_shots,fbref,265,172,64.9,unexplained_blended,"Low coverage in a domain/season-sensitive column, but this table blends all seasons together -- check season_column_coverage for this column for the real per-season breakdown before treating this as a new finding."
NAC Breda,NAC Breda,fbref_unused_sub,fbref,265,172,64.9,unexplained_blended,"Low coverage in a domain/season-sensitive column, but this table blends all seasons together -- check season_column_coverage for this column for the real per-season breakdown before treating this as a new finding."
NAC Breda,NAC Breda,gk_losses,gk,25,17,68.0,,
NAC Breda,NAC Breda,gk_clean_sheet_pct,gk,25,17,68.0,,
NAC Breda,NAC Breda,gk_clean_sheets,gk,25,17,68.0,,
NAC Breda,NAC Breda,gk_draws,gk,25,17,68.0,,
NAC Breda,NAC Breda,gk_wins,gk,25,17,68.0,,
NAC Breda,NAC Breda,gk_goals_against_per90,gk,25,17,68.0,,
NAC Breda,NAC Breda,gk_goals_against,gk,25,17,68.0,,
NAC Breda,NAC Breda,fbref_fouls_committed_per90,fbref,265,207,78.1,unexplained_blended,"Low coverage in a domain/season-sensitive column, but this table blends all seasons together -- check season_column_coverage for this column for the real per-season breakdown before treating this as a new finding."
NAC Breda,NAC Breda,fbref_shots_on_target_per90,fbref,265,208,78.5,unexplained_blended,"Low coverage in a domain/season-sensitive column, but this table blends all seasons together -- check season_column_coverage for this column for the real per-season breakdown before treating this as a new finding."
NAC Breda,NAC Breda,fbref_fouls_committed,fbref,265,208,78.5,unexplained_blended,"Low coverage in a domain/season-sensitive column, but this table blends all seasons together -- check season_column_coverage for this column for the real per-season breakdown before treating this as a new finding."
NAC Breda,NAC Breda,fbref_yellow_cards_per90,fbref,265,241,90.9,,
NAC Breda,NAC Breda,fbref_red_cards_per90,fbref,265,241,90.9,,
NAC Breda,NAC Breda,fbref_non_penalty_goals,fbref,265,242,91.3,,
NAC Breda,NAC Breda,fbref_goals_plus_assists,fbref,265,242,91.3,,
NAC Breda,NAC Breda,fbref_assists,fbref,265,242,91.3,,
NAC Breda,NAC Breda,fbref_goals,fbref,265,242,91.3,,
NAC Breda,NAC Breda,fbref_minutes,fbref,265,242,91.3,,
NAC Breda,NAC Breda,fbref_nineties,fbref,265,242,91.3,,
NAC Breda,NAC Breda,fbref_minutes_pct,fbref,265,242,91.3,,
NAC Breda,NAC Breda,fbref_minutes_per_match,fbref,265,242,91.3,,
NAC Breda,NAC Breda,fbref_red_cards,fbref,265,242,91.3,,
NAC Breda,NAC Breda,fbref_yellow_cards,fbref,265,242,91.3,,
NAC Breda,NAC Breda,fbref_non_penalty_goals_plus_assists_per90,fbref,265,242,91.3,,
NAC Breda,NAC Breda,fbref_non_penalty_goals_per90,fbref,265,242,91.3,,
NAC Breda,NAC Breda,fbref_penalty_goals,fbref,265,242,91.3,,
NAC Breda,NAC Breda,fbref_penalty_attempts,fbref,265,242,91.3,,
NAC Breda,NAC Breda,fbref_goals_per90,fbref,265,242,91.3,,
NAC Breda,NAC Breda,fbref_assists_per90,fbref,265,242,91.3,,
NAC Breda,NAC Breda,fbref_goals_plus_assists_per90,fbref,265,242,91.3,,
NAC Breda,NAC Breda,fbref_complete_matches,fbref,265,255,96.2,,
NAC Breda,NAC Breda,fbref_nation,fbref,265,262,98.9,,
NAC Breda,NAC Breda,fbref_age,fbref,265,262,98.9,,
NAC Breda,NAC Breda,fbref_born,fbref,265,262,98.9,,
NAC Breda,NAC Breda,fbref_position,fbref,265,263,99.2,,
NAC Breda,NAC Breda,fbref_matches_played,fbref,265,265,100.0,,
NAC Breda,NAC Breda,fbref_starts,fbref,265,265,100.0,,
NAC Breda,NAC Breda,fbref_substitute_appearances,fbref,265,265,100.0,,
NEC Nijmegen,NEC Nijmegen,fbref_penalty_kicks_won_per90,fbref,326,25,7.7,unexplained_blended,"Low coverage in a domain/season-sensitive column, but this table blends all seasons together -- check season_column_coverage for this column for the real per-season breakdown before treating this as a new finding."
NEC Nijmegen,NEC Nijmegen,fbref_penalty_kicks_conceded_per90,fbref,326,25,7.7,unexplained_blended,"Low coverage in a domain/season-sensitive column, but this table blends all seasons together -- check season_column_coverage for this column for the real per-season breakdown before treating this as a new finding."
NEC Nijmegen,NEC Nijmegen,fbref_penalty_kicks_won,fbref,326,27,8.3,unexplained_blended,"Low coverage in a domain/season-sensitive column, but this table blends all seasons together -- check season_column_coverage for this column for the real per-season breakdown before treating this as a new finding."
NEC Nijmegen,NEC Nijmegen,fbref_penalty_kicks_conceded,fbref,326,27,8.3,unexplained_blended,"Low coverage in a domain/season-sensitive column, but this table blends all seasons together -- check season_column_coverage for this column for the real per-season breakdown before treating this as a new finding."
NEC Nijmegen,NEC Nijmegen,gk_penalty_kick_save_pct,gk,37,8,21.6,,
NEC Nijmegen,NEC Nijmegen,gk_penalty_kicks_saved,gk,37,11,29.7,,
NEC Nijmegen,NEC Nijmegen,gk_penalty_kicks_faced,gk,37,11,29.7,,
NEC Nijmegen,NEC Nijmegen,gk_penalty_kicks_allowed,gk,37,11,29.7,,
NEC Nijmegen,NEC Nijmegen,gk_penalty_kicks_missed_by_opponent,gk,37,11,29.7,,
NEC Nijmegen,NEC Nijmegen,fbref_minutes_per_sub,fbref,326,105,32.2,unexplained_blended,"Low coverage in a domain/season-sensitive column, but this table blends all seasons together -- check season_column_coverage for this column for the real per-season breakdown before treating this as a new finding."
NEC Nijmegen,NEC Nijmegen,fbref_goals_per_shot,fbref,326,110,33.7,unexplained_blended,"Low coverage in a domain/season-sensitive column, but this table blends all seasons together -- check season_column_coverage for this column for the real per-season breakdown before treating this as a new finding."
NEC Nijmegen,NEC Nijmegen,fbref_minutes_per_start,fbref,326,113,34.7,unexplained_blended,"Low coverage in a domain/season-sensitive column, but this table blends all seasons together -- check season_column_coverage for this column for the real per-season breakdown before treating this as a new finding."
NEC Nijmegen,NEC Nijmegen,fbref_second_yellow_cards_per90,fbref,326,157,48.2,unexplained_blended,"Low coverage in a domain/season-sensitive column, but this table blends all seasons together -- check season_column_coverage for this column for the real per-season breakdown before treating this as a new finding."
NEC Nijmegen,NEC Nijmegen,fbref_fouls_drawn_per90,fbref,326,157,48.2,unexplained_blended,"Low coverage in a domain/season-sensitive column, but this table blends all seasons together -- check season_column_coverage for this column for the real per-season breakdown before treating this as a new finding."
NEC Nijmegen,NEC Nijmegen,fbref_offsides_per90,fbref,326,157,48.2,unexplained_blended,"Low coverage in a domain/season-sensitive column, but this table blends all seasons together -- check season_column_coverage for this column for the real per-season breakdown before treating this as a new finding."
NEC Nijmegen,NEC Nijmegen,fbref_crosses_per90,fbref,326,157,48.2,unexplained_blended,"Low coverage in a domain/season-sensitive column, but this table blends all seasons together -- check season_column_coverage for this column for the real per-season breakdown before treating this as a new finding."
NEC Nijmegen,NEC Nijmegen,fbref_interceptions_per90,fbref,326,157,48.2,unexplained_blended,"Low coverage in a domain/season-sensitive column, but this table blends all seasons together -- check season_column_coverage for this column for the real per-season breakdown before treating this as a new finding."
NEC Nijmegen,NEC Nijmegen,fbref_tackles_won_per90,fbref,326,157,48.2,unexplained_blended,"Low coverage in a domain/season-sensitive column, but this table blends all seasons together -- check season_column_coverage for this column for the real per-season breakdown before treating this as a new finding."
NEC Nijmegen,NEC Nijmegen,fbref_own_goals_per90,fbref,326,157,48.2,unexplained_blended,"Low coverage in a domain/season-sensitive column, but this table blends all seasons together -- check season_column_coverage for this column for the real per-season breakdown before treating this as a new finding."
NEC Nijmegen,NEC Nijmegen,fbref_offsides,fbref,326,159,48.8,unexplained_blended,"Low coverage in a domain/season-sensitive column, but this table blends all seasons together -- check season_column_coverage for this column for the real per-season breakdown before treating this as a new finding."
NEC Nijmegen,NEC Nijmegen,fbref_fouls_drawn,fbref,326,159,48.8,unexplained_blended,"Low coverage in a domain/season-sensitive column, but this table blends all seasons together -- check season_column_coverage for this column for the real per-season breakdown before treating this as a new finding."
NEC Nijmegen,NEC Nijmegen,fbref_second_yellow_cards,fbref,326,159,48.8,unexplained_blended,"Low coverage in a domain/season-sensitive column, but this table blends all seasons together -- check season_column_coverage for this column for the real per-season breakdown before treating this as a new finding."
NEC Nijmegen,NEC Nijmegen,fbref_shots_per90,fbref,326,159,48.8,unexplained_blended,"Low coverage in a domain/season-sensitive column, but this table blends all seasons together -- check season_column_coverage for this column for the real per-season breakdown before treating this as a new finding."
NEC Nijmegen,NEC Nijmegen,fbref_own_goals,fbref,326,159,48.8,unexplained_blended,"Low coverage in a domain/season-sensitive column, but this table blends all seasons together -- check season_column_coverage for this column for the real per-season breakdown before treating this as a new finding."
NEC Nijmegen,NEC Nijmegen,fbref_tackles_won,fbref,326,159,48.8,unexplained_blended,"Low coverage in a domain/season-sensitive column, but this table blends all seasons together -- check season_column_coverage for this column for the real per-season breakdown before treating this as a new finding."
NEC Nijmegen,NEC Nijmegen,fbref_interceptions,fbref,326,159,48.8,unexplained_blended,"Low coverage in a domain/season-sensitive column, but this table blends all seasons together -- check season_column_coverage for this column for the real per-season breakdown before treating this as a new finding."
NEC Nijmegen,NEC Nijmegen,fbref_crosses,fbref,326,159,48.8,unexplained_blended,"Low coverage in a domain/season-sensitive column, but this table blends all seasons together -- check season_column_coverage for this column for the real per-season breakdown before treating this as a new finding."
NEC Nijmegen,NEC Nijmegen,ws_take_ons_won_pct,ws,326,173,53.1,unexplained_blended,"Low coverage in a domain/season-sensitive column, but this table blends all seasons together -- check season_column_coverage for this column for the real per-season breakdown before treating this as a new finding."
NEC Nijmegen,NEC Nijmegen,fbref_shots_on_target_pct,fbref,326,175,53.7,unexplained_blended,"Low coverage in a domain/season-sensitive column, but this table blends all seasons together -- check season_column_coverage for this column for the real per-season breakdown before treating this as a new finding."
NEC Nijmegen,NEC Nijmegen,fbref_on_off,fbref,326,182,55.8,unexplained_blended,"Low coverage in a domain/season-sensitive column, but this table blends all seasons together -- check season_column_coverage for this column for the real per-season breakdown before treating this as a new finding."
NEC Nijmegen,NEC Nijmegen,fbref_plus_minus,fbref,326,186,57.1,unexplained_blended,"Low coverage in a domain/season-sensitive column, but this table blends all seasons together -- check season_column_coverage for this column for the real per-season breakdown before treating this as a new finding."
NEC Nijmegen,NEC Nijmegen,fbref_team_goals_against_while_on_pitch,fbref,326,186,57.1,unexplained_blended,"Low coverage in a domain/season-sensitive column, but this table blends all seasons together -- check season_column_coverage for this column for the real per-season breakdown before treating this as a new finding."
NEC Nijmegen,NEC Nijmegen,fbref_points_per_match,fbref,326,186,57.1,unexplained_blended,"Low coverage in a domain/season-sensitive column, but this table blends all seasons together -- check season_column_coverage for this column for the real per-season breakdown before treating this as a new finding."
NEC Nijmegen,NEC Nijmegen,fbref_team_goals_while_on_pitch,fbref,326,186,57.1,unexplained_blended,"Low coverage in a domain/season-sensitive column, but this table blends all seasons together -- check season_column_coverage for this column for the real per-season breakdown before treating this as a new finding."
NEC Nijmegen,NEC Nijmegen,fbref_plus_minus_per90,fbref,326,186,57.1,unexplained_blended,"Low coverage in a domain/season-sensitive column, but this table blends all seasons together -- check season_column_coverage for this column for the real per-season breakdown before treating this as a new finding."
NEC Nijmegen,NEC Nijmegen,gk_clean_sheet_pct,gk,37,22,59.5,,
NEC Nijmegen,NEC Nijmegen,ws_ground_duel_win_pct,ws,326,194,59.5,unexplained_blended,"Low coverage in a domain/season-sensitive column, but this table blends all seasons together -- check season_column_coverage for this column for the real per-season breakdown before treating this as a new finding."
NEC Nijmegen,NEC Nijmegen,ws_aerial_duel_win_pct,ws,326,201,61.7,unexplained_blended,"Low coverage in a domain/season-sensitive column, but this table blends all seasons together -- check season_column_coverage for this column for the real per-season breakdown before treating this as a new finding."
NEC Nijmegen,NEC Nijmegen,fbref_goals_per_shot_on_target,fbref,326,205,62.9,unexplained_blended,"Low coverage in a domain/season-sensitive column, but this table blends all seasons together -- check season_column_coverage for this column for the real per-season breakdown before treating this as a new finding."
NEC Nijmegen,NEC Nijmegen,tm_foot,tm,326,209,64.1,,
NEC Nijmegen,NEC Nijmegen,gk_save_pct,gk,37,24,64.9,,
NEC Nijmegen,NEC Nijmegen,gk_losses,gk,37,24,64.9,,
NEC Nijmegen,NEC Nijmegen,gk_clean_sheets,gk,37,24,64.9,,
NEC Nijmegen,NEC Nijmegen,gk_saves_per90,gk,37,24,64.9,,
NEC Nijmegen,NEC Nijmegen,gk_goals_against,gk,37,24,64.9,,
NEC Nijmegen,NEC Nijmegen,gk_wins,gk,37,24,64.9,,
NEC Nijmegen,NEC Nijmegen,gk_draws,gk,37,24,64.9,,
NEC Nijmegen,NEC Nijmegen,gk_goals_against_per90,gk,37,24,64.9,,
NEC Nijmegen,NEC Nijmegen,gk_shots_on_target_against,gk,37,24,64.9,,
NEC Nijmegen,NEC Nijmegen,gk_saves,gk,37,24,64.9,,
NEC Nijmegen,NEC Nijmegen,tm_height_cm,tm,326,212,65.0,,
NEC Nijmegen,NEC Nijmegen,ws_aerials_won_per90,ws,326,213,65.3,unexplained_blended,"Low coverage in a domain/season-sensitive column, but this table blends all seasons together -- check season_column_coverage for this column for the real per-season breakdown before treating this as a new finding."
NEC Nijmegen,NEC Nijmegen,ws_passes_per90,ws,326,213,65.3,unexplained_blended,"Low coverage in a domain/season-sensitive column, but this table blends all seasons together -- check season_column_coverage for this column for the real per-season breakdown before treating this as a new finding."
NEC Nijmegen,NEC Nijmegen,ws_passes_completed_per90,ws,326,213,65.3,unexplained_blended,"Low coverage in a domain/season-sensitive column, but this table blends all seasons together -- check season_column_coverage for this column for the real per-season breakdown before treating this as a new finding."
NEC Nijmegen,NEC Nijmegen,ws_touches_per90,ws,326,213,65.3,unexplained_blended,"Low coverage in a domain/season-sensitive column, but this table blends all seasons together -- check season_column_coverage for this column for the real per-season breakdown before treating this as a new finding."
NEC Nijmegen,NEC Nijmegen,ws_touches_def_3rd_per90,ws,326,213,65.3,unexplained_blended,"Low coverage in a domain/season-sensitive column, but this table blends all seasons together -- check season_column_coverage for this column for the real per-season breakdown before treating this as a new finding."
NEC Nijmegen,NEC Nijmegen,ws_touches_mid_3rd_per90,ws,326,213,65.3,unexplained_blended,"Low coverage in a domain/season-sensitive column, but this table blends all seasons together -- check season_column_coverage for this column for the real per-season breakdown before treating this as a new finding."
NEC Nijmegen,NEC Nijmegen,ws_touches_att_3rd_per90,ws,326,213,65.3,unexplained_blended,"Low coverage in a domain/season-sensitive column, but this table blends all seasons together -- check season_column_coverage for this column for the real per-season breakdown before treating this as a new finding."
NEC Nijmegen,NEC Nijmegen,ws_touches_def_pen_area_per90,ws,326,213,65.3,unexplained_blended,"Low coverage in a domain/season-sensitive column, but this table blends all seasons together -- check season_column_coverage for this column for the real per-season breakdown before treating this as a new finding."
NEC Nijmegen,NEC Nijmegen,ws_touches_att_pen_area_per90,ws,326,213,65.3,unexplained_blended,"Low coverage in a domain/season-sensitive column, but this table blends all seasons together -- check season_column_coverage for this column for the real per-season breakdown before treating this as a new finding."
NEC Nijmegen,NEC Nijmegen,ws_take_ons_per90,ws,326,213,65.3,unexplained_blended,"Low coverage in a domain/season-sensitive column, but this table blends all seasons together -- check season_column_coverage for this column for the real per-season breakdown before treating this as a new finding."
NEC Nijmegen,NEC Nijmegen,ws_take_ons_won_per90,ws,326,213,65.3,unexplained_blended,"Low coverage in a domain/season-sensitive column, but this table blends all seasons together -- check season_column_coverage for this column for the real per-season breakdown before treating this as a new finding."
NEC Nijmegen,NEC Nijmegen,ws_dispossessed_per90,ws,326,213,65.3,unexplained_blended,"Low coverage in a domain/season-sensitive column, but this table blends all seasons together -- check season_column_coverage for this column for the real per-season breakdown before treating this as a new finding."
NEC Nijmegen,NEC Nijmegen,ws_tackles_per90,ws,326,213,65.3,unexplained_blended,"Low coverage in a domain/season-sensitive column, but this table blends all seasons together -- check season_column_coverage for this column for the real per-season breakdown before treating this as a new finding."
NEC Nijmegen,NEC Nijmegen,ws_tackles_won_per90,ws,326,213,65.3,unexplained_blended,"Low coverage in a domain/season-sensitive column, but this table blends all seasons together -- check season_column_coverage for this column for the real per-season breakdown before treating this as a new finding."
NEC Nijmegen,NEC Nijmegen,ws_tackles_def_3rd_per90,ws,326,213,65.3,unexplained_blended,"Low coverage in a domain/season-sensitive column, but this table blends all seasons together -- check season_column_coverage for this column for the real per-season breakdown before treating this as a new finding."
NEC Nijmegen,NEC Nijmegen,ws_tackles_mid_3rd_per90,ws,326,213,65.3,unexplained_blended,"Low coverage in a domain/season-sensitive column, but this table blends all seasons together -- check season_column_coverage for this column for the real per-season breakdown before treating this as a new finding."
NEC Nijmegen,NEC Nijmegen,ws_tackles_att_3rd_per90,ws,326,213,65.3,unexplained_blended,"Low coverage in a domain/season-sensitive column, but this table blends all seasons together -- check season_column_coverage for this column for the real per-season breakdown before treating this as a new finding."
NEC Nijmegen,NEC Nijmegen,ws_interceptions_per90,ws,326,213,65.3,unexplained_blended,"Low coverage in a domain/season-sensitive column, but this table blends all seasons together -- check season_column_coverage for this column for the real per-season breakdown before treating this as a new finding."
NEC Nijmegen,NEC Nijmegen,ws_interceptions_def_3rd_per90,ws,326,213,65.3,unexplained_blended,"Low coverage in a domain/season-sensitive column, but this table blends all seasons together -- check season_column_coverage for this column for the real per-season breakdown before treating this as a new finding."
NEC Nijmegen,NEC Nijmegen,ws_interceptions_mid_3rd_per90,ws,326,213,65.3,unexplained_blended,"Low coverage in a domain/season-sensitive column, but this table blends all seasons together -- check season_column_coverage for this column for the real per-season breakdown before treating this as a new finding."
NEC Nijmegen,NEC Nijmegen,ws_interceptions_att_3rd_per90,ws,326,213,65.3,unexplained_blended,"Low coverage in a domain/season-sensitive column, but this table blends all seasons together -- check season_column_coverage for this column for the real per-season breakdown before treating this as a new finding."
NEC Nijmegen,NEC Nijmegen,ws_clearances_per90,ws,326,213,65.3,unexplained_blended,"Low coverage in a domain/season-sensitive column, but this table blends all seasons together -- check season_column_coverage for this column for the real per-season breakdown before treating this as a new finding."
NEC Nijmegen,NEC Nijmegen,ws_dribbled_past_per90,ws,326,213,65.3,unexplained_blended,"Low coverage in a domain/season-sensitive column, but this table blends all seasons together -- check season_column_coverage for this column for the real per-season breakdown before treating this as a new finding."
NEC Nijmegen,NEC Nijmegen,ws_errors_per90,ws,326,213,65.3,unexplained_blended,"Low coverage in a domain/season-sensitive column, but this table blends all seasons together -- check season_column_coverage for this column for the real per-season breakdown before treating this as a new finding."
NEC Nijmegen,NEC Nijmegen,ws_final_third_entries_per90,ws,326,213,65.3,unexplained_blended,"Low coverage in a domain/season-sensitive column, but this table blends all seasons together -- check season_column_coverage for this column for the real per-season breakdown before treating this as a new finding."
NEC Nijmegen,NEC Nijmegen,ws_pen_area_entries_per90,ws,326,213,65.3,unexplained_blended,"Low coverage in a domain/season-sensitive column, but this table blends all seasons together -- check season_column_coverage for this column for the real per-season breakdown before treating this as a new finding."
NEC Nijmegen,NEC Nijmegen,ws_aerials_per90,ws,326,213,65.3,unexplained_blended,"Low coverage in a domain/season-sensitive column, but this table blends all seasons together -- check season_column_coverage for this column for the real per-season breakdown before treating this as a new finding."
NEC Nijmegen,NEC Nijmegen,ws_touches_mid_3rd,ws,326,215,66.0,unexplained_blended,"Low coverage in a domain/season-sensitive column, but this table blends all seasons together -- check season_column_coverage for this column for the real per-season breakdown before treating this as a new finding."
NEC Nijmegen,NEC Nijmegen,ws_touches_att_3rd,ws,326,215,66.0,unexplained_blended,"Low coverage in a domain/season-sensitive column, but this table blends all seasons together -- check season_column_coverage for this column for the real per-season breakdown before treating this as a new finding."
NEC Nijmegen,NEC Nijmegen,fbref_shots,fbref,326,215,66.0,unexplained_blended,"Low coverage in a domain/season-sensitive column, but this table blends all seasons together -- check season_column_coverage for this column for the real per-season breakdown before treating this as a new finding."
NEC Nijmegen,NEC Nijmegen,ws_touches_def_pen_area,ws,326,215,66.0,unexplained_blended,"Low coverage in a domain/season-sensitive column, but this table blends all seasons together -- check season_column_coverage for this column for the real per-season breakdown before treating this as a new finding."
NEC Nijmegen,NEC Nijmegen,ws_touches_att_pen_area,ws,326,215,66.0,unexplained_blended,"Low coverage in a domain/season-sensitive column, but this table blends all seasons together -- check season_column_coverage for this column for the real per-season breakdown before treating this as a new finding."
NEC Nijmegen,NEC Nijmegen,ws_take_ons,ws,326,215,66.0,unexplained_blended,"Low coverage in a domain/season-sensitive column, but this table blends all seasons together -- check season_column_coverage for this column for the real per-season breakdown before treating this as a new finding."
NEC Nijmegen,NEC Nijmegen,ws_take_ons_won,ws,326,215,66.0,unexplained_blended,"Low coverage in a domain/season-sensitive column, but this table blends all seasons together -- check season_column_coverage for this column for the real per-season breakdown before treating this as a new finding."
NEC Nijmegen,NEC Nijmegen,ws_touches,ws,326,215,66.0,unexplained_blended,"Low coverage in a domain/season-sensitive column, but this table blends all seasons together -- check season_column_coverage for this column for the real per-season breakdown before treating this as a new finding."
NEC Nijmegen,NEC Nijmegen,ws_dispossessed,ws,326,215,66.0,unexplained_blended,"Low coverage in a domain/season-sensitive column, but this table blends all seasons together -- check season_column_coverage for this column for the real per-season breakdown before treating this as a new finding."
NEC Nijmegen,NEC Nijmegen,ws_tackles,ws,326,215,66.0,unexplained_blended,"Low coverage in a domain/season-sensitive column, but this table blends all seasons together -- check season_column_coverage for this column for the real per-season breakdown before treating this as a new finding."
NEC Nijmegen,NEC Nijmegen,ws_tackles_won,ws,326,215,66.0,unexplained_blended,"Low coverage in a domain/season-sensitive column, but this table blends all seasons together -- check season_column_coverage for this column for the real per-season breakdown before treating this as a new finding."
NEC Nijmegen,NEC Nijmegen,ws_tackles_def_3rd,ws,326,215,66.0,unexplained_blended,"Low coverage in a domain/season-sensitive column, but this table blends all seasons together -- check season_column_coverage for this column for the real per-season breakdown before treating this as a new finding."
NEC Nijmegen,NEC Nijmegen,ws_tackles_mid_3rd,ws,326,215,66.0,unexplained_blended,"Low coverage in a domain/season-sensitive column, but this table blends all seasons together -- check season_column_coverage for this column for the real per-season breakdown before treating this as a new finding."
NEC Nijmegen,NEC Nijmegen,ws_tackles_att_3rd,ws,326,215,66.0,unexplained_blended,"Low coverage in a domain/season-sensitive column, but this table blends all seasons together -- check season_column_coverage for this column for the real per-season breakdown before treating this as a new finding."
NEC Nijmegen,NEC Nijmegen,ws_interceptions,ws,326,215,66.0,unexplained_blended,"Low coverage in a domain/season-sensitive column, but this table blends all seasons together -- check season_column_coverage for this column for the real per-season breakdown before treating this as a new finding."
NEC Nijmegen,NEC Nijmegen,ws_interceptions_def_3rd,ws,326,215,66.0,unexplained_blended,"Low coverage in a domain/season-sensitive column, but this table blends all seasons together -- check season_column_coverage for this column for the real per-season breakdown before treating this as a new finding."
NEC Nijmegen,NEC Nijmegen,ws_interceptions_mid_3rd,ws,326,215,66.0,unexplained_blended,"Low coverage in a domain/season-sensitive column, but this table blends all seasons together -- check season_column_coverage for this column for the real per-season breakdown before treating this as a new finding."
NEC Nijmegen,NEC Nijmegen,ws_interceptions_att_3rd,ws,326,215,66.0,unexplained_blended,"Low coverage in a domain/season-sensitive column, but this table blends all seasons together -- check season_column_coverage for this column for the real per-season breakdown before treating this as a new finding."
NEC Nijmegen,NEC Nijmegen,ws_clearances,ws,326,215,66.0,unexplained_blended,"Low coverage in a domain/season-sensitive column, but this table blends all seasons together -- check season_column_coverage for this column for the real per-season breakdown before treating this as a new finding."
NEC Nijmegen,NEC Nijmegen,ws_dribbled_past,ws,326,215,66.0,unexplained_blended,"Low coverage in a domain/season-sensitive column, but this table blends all seasons together -- check season_column_coverage for this column for the real per-season breakdown before treating this as a new finding."
NEC Nijmegen,NEC Nijmegen,ws_errors,ws,326,215,66.0,unexplained_blended,"Low coverage in a domain/season-sensitive column, but this table blends all seasons together -- check season_column_coverage for this column for the real per-season breakdown before treating this as a new finding."
NEC Nijmegen,NEC Nijmegen,ws_final_third_entries,ws,326,215,66.0,unexplained_blended,"Low coverage in a domain/season-sensitive column, but this table blends all seasons together -- check season_column_coverage for this column for the real per-season breakdown before treating this as a new finding."
NEC Nijmegen,NEC Nijmegen,ws_pen_area_entries,ws,326,215,66.0,unexplained_blended,"Low coverage in a domain/season-sensitive column, but this table blends all seasons together -- check season_column_coverage for this column for the real per-season breakdown before treating this as a new finding."
NEC Nijmegen,NEC Nijmegen,ws_aerials,ws,326,215,66.0,unexplained_blended,"Low coverage in a domain/season-sensitive column, but this table blends all seasons together -- check season_column_coverage for this column for the real per-season breakdown before treating this as a new finding."
NEC Nijmegen,NEC Nijmegen,ws_aerials_won,ws,326,215,66.0,unexplained_blended,"Low coverage in a domain/season-sensitive column, but this table blends all seasons together -- check season_column_coverage for this column for the real per-season breakdown before treating this as a new finding."
NEC Nijmegen,NEC Nijmegen,ws_passes_pct,ws,326,215,66.0,unexplained_blended,"Low coverage in a domain/season-sensitive column, but this table blends all seasons together -- check season_column_coverage for this column for the real per-season breakdown before treating this as a new finding."
NEC Nijmegen,NEC Nijmegen,ws_passes_completed,ws,326,215,66.0,unexplained_blended,"Low coverage in a domain/season-sensitive column, but this table blends all seasons together -- check season_column_coverage for this column for the real per-season breakdown before treating this as a new finding."
NEC Nijmegen,NEC Nijmegen,ws_passes,ws,326,215,66.0,unexplained_blended,"Low coverage in a domain/season-sensitive column, but this table blends all seasons together -- check season_column_coverage for this column for the real per-season breakdown before treating this as a new finding."
NEC Nijmegen,NEC Nijmegen,ws_matches_with_data,ws,326,215,66.0,unexplained_blended,"Low coverage in a domain/season-sensitive column, but this table blends all seasons together -- check season_column_coverage for this column for the real per-season breakdown before treating this as a new finding."
NEC Nijmegen,NEC Nijmegen,ws_whoscored_player_id,ws,326,215,66.0,unexplained_blended,"Low coverage in a domain/season-sensitive column, but this table blends all seasons together -- check season_column_coverage for this column for the real per-season breakdown before treating this as a new finding."
NEC Nijmegen,NEC Nijmegen,fbref_shots_on_target,fbref,326,215,66.0,unexplained_blended,"Low coverage in a domain/season-sensitive column, but this table blends all seasons together -- check season_column_coverage for this column for the real per-season breakdown before treating this as a new finding."
NEC Nijmegen,NEC Nijmegen,ws_touches_def_3rd,ws,326,215,66.0,unexplained_blended,"Low coverage in a domain/season-sensitive column, but this table blends all seasons together -- check season_column_coverage for this column for the real per-season breakdown before treating this as a new finding."
NEC Nijmegen,NEC Nijmegen,fbref_unused_sub,fbref,326,224,68.7,unexplained_blended,"Low coverage in a domain/season-sensitive column, but this table blends all seasons together -- check season_column_coverage for this column for the real per-season breakdown before treating this as a new finding."
NEC Nijmegen,NEC Nijmegen,fbref_red_cards_per90,fbref,326,286,87.7,,
NEC Nijmegen,NEC Nijmegen,fbref_yellow_cards_per90,fbref,326,286,87.7,,
NEC Nijmegen,NEC Nijmegen,fbref_fouls_committed_per90,fbref,326,286,87.7,,
NEC Nijmegen,NEC Nijmegen,fbref_non_penalty_goals,fbref,326,288,88.3,,
NEC Nijmegen,NEC Nijmegen,fbref_minutes_pct,fbref,326,288,88.3,,
NEC Nijmegen,NEC Nijmegen,fbref_minutes,fbref,326,288,88.3,,
NEC Nijmegen,NEC Nijmegen,fbref_goals_plus_assists,fbref,326,288,88.3,,
NEC Nijmegen,NEC Nijmegen,fbref_assists,fbref,326,288,88.3,,
NEC Nijmegen,NEC Nijmegen,fbref_goals,fbref,326,288,88.3,,
NEC Nijmegen,NEC Nijmegen,fbref_nineties,fbref,326,288,88.3,,
NEC Nijmegen,NEC Nijmegen,fbref_penalty_goals,fbref,326,288,88.3,,
NEC Nijmegen,NEC Nijmegen,fbref_minutes_per_match,fbref,326,288,88.3,,
NEC Nijmegen,NEC Nijmegen,fbref_non_penalty_goals_per90,fbref,326,288,88.3,,
NEC Nijmegen,NEC Nijmegen,fbref_goals_plus_assists_per90,fbref,326,288,88.3,,
NEC Nijmegen,NEC Nijmegen,fbref_assists_per90,fbref,326,288,88.3,,
NEC Nijmegen,NEC Nijmegen,fbref_goals_per90,fbref,326,288,88.3,,
NEC Nijmegen,NEC Nijmegen,fbref_penalty_attempts,fbref,326,288,88.3,,
NEC Nijmegen,NEC Nijmegen,fbref_fouls_committed,fbref,326,288,88.3,,
NEC Nijmegen,NEC Nijmegen,fbref_red_cards,fbref,326,288,88.3,,
NEC Nijmegen,NEC Nijmegen,fbref_yellow_cards,fbref,326,288,88.3,,
NEC Nijmegen,NEC Nijmegen,fbref_shots_on_target_per90,fbref,326,288,88.3,,
NEC Nijmegen,NEC Nijmegen,fbref_non_penalty_goals_plus_assists_per90,fbref,326,288,88.3,,
NEC Nijmegen,NEC Nijmegen,fbref_complete_matches,fbref,326,317,97.2,,
NEC Nijmegen,NEC Nijmegen,fbref_position,fbref,326,326,100.0,,
NEC Nijmegen,NEC Nijmegen,fbref_starts,fbref,326,326,100.0,,
NEC Nijmegen,NEC Nijmegen,fbref_nation,fbref,326,326,100.0,,
NEC Nijmegen,NEC Nijmegen,fbref_age,fbref,326,326,100.0,,
NEC Nijmegen,NEC Nijmegen,fbref_matches_played,fbref,326,326,100.0,,
NEC Nijmegen,NEC Nijmegen,fbref_substitute_appearances,fbref,326,326,100.0,,
NEC Nijmegen,NEC Nijmegen,fbref_born,fbref,326,326,100.0,,
PSV,PSV,fbref_penalty_kicks_won_per90,fbref,516,47,9.1,unexplained_blended,"Low coverage in a domain/season-sensitive column, but this table blends all seasons together -- check season_column_coverage for this column for the real per-season breakdown before treating this as a new finding."
PSV,PSV,fbref_penalty_kicks_conceded_per90,fbref,516,47,9.1,unexplained_blended,"Low coverage in a domain/season-sensitive column, but this table blends all seasons together -- check season_column_coverage for this column for the real per-season breakdown before treating this as a new finding."
PSV,PSV,fbref_penalty_kicks_won,fbref,516,49,9.5,unexplained_blended,"Low coverage in a domain/season-sensitive column, but this table blends all seasons together -- check season_column_coverage for this column for the real per-season breakdown before treating this as a new finding."
PSV,PSV,fbref_penalty_kicks_conceded,fbref,516,49,9.5,unexplained_blended,"Low coverage in a domain/season-sensitive column, but this table blends all seasons together -- check season_column_coverage for this column for the real per-season breakdown before treating this as a new finding."
PSV,PSV,gk_penalty_kick_save_pct,gk,61,11,18.0,,
PSV,PSV,fbref_goals_per_shot,fbref,516,179,34.7,unexplained_blended,"Low coverage in a domain/season-sensitive column, but this table blends all seasons together -- check season_column_coverage for this column for the real per-season breakdown before treating this as a new finding."
PSV,PSV,gk_penalty_kicks_saved,gk,61,22,36.1,,
PSV,PSV,gk_penalty_kicks_faced,gk,61,22,36.1,,
PSV,PSV,gk_penalty_kicks_missed_by_opponent,gk,61,22,36.1,,
PSV,PSV,gk_penalty_kicks_allowed,gk,61,22,36.1,,
PSV,PSV,fbref_minutes_per_start,fbref,516,199,38.6,unexplained_blended,"Low coverage in a domain/season-sensitive column, but this table blends all seasons together -- check season_column_coverage for this column for the real per-season breakdown before treating this as a new finding."
PSV,PSV,fbref_minutes_per_sub,fbref,516,201,39.0,unexplained_blended,"Low coverage in a domain/season-sensitive column, but this table blends all seasons together -- check season_column_coverage for this column for the real per-season breakdown before treating this as a new finding."
PSV,PSV,gk_clean_sheet_pct,gk,61,30,49.2,,
PSV,PSV,fbref_tackles_won_per90,fbref,516,255,49.4,unexplained_blended,"Low coverage in a domain/season-sensitive column, but this table blends all seasons together -- check season_column_coverage for this column for the real per-season breakdown before treating this as a new finding."
PSV,PSV,fbref_interceptions_per90,fbref,516,255,49.4,unexplained_blended,"Low coverage in a domain/season-sensitive column, but this table blends all seasons together -- check season_column_coverage for this column for the real per-season breakdown before treating this as a new finding."
PSV,PSV,fbref_fouls_drawn_per90,fbref,516,255,49.4,unexplained_blended,"Low coverage in a domain/season-sensitive column, but this table blends all seasons together -- check season_column_coverage for this column for the real per-season breakdown before treating this as a new finding."
PSV,PSV,fbref_offsides_per90,fbref,516,255,49.4,unexplained_blended,"Low coverage in a domain/season-sensitive column, but this table blends all seasons together -- check season_column_coverage for this column for the real per-season breakdown before treating this as a new finding."
PSV,PSV,fbref_crosses_per90,fbref,516,255,49.4,unexplained_blended,"Low coverage in a domain/season-sensitive column, but this table blends all seasons together -- check season_column_coverage for this column for the real per-season breakdown before treating this as a new finding."
PSV,PSV,gk_save_pct,gk,61,31,50.8,,
PSV,PSV,fbref_fouls_drawn,fbref,516,267,51.7,unexplained_blended,"Low coverage in a domain/season-sensitive column, but this table blends all seasons together -- check season_column_coverage for this column for the real per-season breakdown before treating this as a new finding."
PSV,PSV,fbref_offsides,fbref,516,267,51.7,unexplained_blended,"Low coverage in a domain/season-sensitive column, but this table blends all seasons together -- check season_column_coverage for this column for the real per-season breakdown before treating this as a new finding."
PSV,PSV,fbref_shots_per90,fbref,516,267,51.7,unexplained_blended,"Low coverage in a domain/season-sensitive column, but this table blends all seasons together -- check season_column_coverage for this column for the real per-season breakdown before treating this as a new finding."
PSV,PSV,fbref_crosses,fbref,516,267,51.7,unexplained_blended,"Low coverage in a domain/season-sensitive column, but this table blends all seasons together -- check season_column_coverage for this column for the real per-season breakdown before treating this as a new finding."
PSV,PSV,fbref_tackles_won,fbref,516,267,51.7,unexplained_blended,"Low coverage in a domain/season-sensitive column, but this table blends all seasons together -- check season_column_coverage for this column for the real per-season breakdown before treating this as a new finding."
PSV,PSV,fbref_interceptions,fbref,516,267,51.7,unexplained_blended,"Low coverage in a domain/season-sensitive column, but this table blends all seasons together -- check season_column_coverage for this column for the real per-season breakdown before treating this as a new finding."
PSV,PSV,gk_saves_per90,gk,61,33,54.1,,
PSV,PSV,gk_saves,gk,61,33,54.1,,
PSV,PSV,gk_shots_on_target_against,gk,61,33,54.1,,
PSV,PSV,fbref_second_yellow_cards_per90,fbref,516,280,54.3,unexplained_blended,"Low coverage in a domain/season-sensitive column, but this table blends all seasons together -- check season_column_coverage for this column for the real per-season breakdown before treating this as a new finding."
PSV,PSV,fbref_own_goals_per90,fbref,516,280,54.3,unexplained_blended,"Low coverage in a domain/season-sensitive column, but this table blends all seasons together -- check season_column_coverage for this column for the real per-season breakdown before treating this as a new finding."
PSV,PSV,gk_goals_against_per90,gk,61,34,55.7,,
PSV,PSV,gk_draws,gk,61,34,55.7,,
PSV,PSV,gk_wins,gk,61,34,55.7,,
PSV,PSV,gk_goals_against,gk,61,34,55.7,,
PSV,PSV,gk_clean_sheets,gk,61,34,55.7,,
PSV,PSV,gk_losses,gk,61,34,55.7,,
PSV,PSV,fbref_own_goals,fbref,516,293,56.8,unexplained_blended,"Low coverage in a domain/season-sensitive column, but this table blends all seasons together -- check season_column_coverage for this column for the real per-season breakdown before treating this as a new finding."
PSV,PSV,fbref_second_yellow_cards,fbref,516,293,56.8,unexplained_blended,"Low coverage in a domain/season-sensitive column, but this table blends all seasons together -- check season_column_coverage for this column for the real per-season breakdown before treating this as a new finding."
PSV,PSV,fbref_shots_on_target_pct,fbref,516,297,57.6,unexplained_blended,"Low coverage in a domain/season-sensitive column, but this table blends all seasons together -- check season_column_coverage for this column for the real per-season breakdown before treating this as a new finding."
PSV,PSV,fbref_goals_per_shot_on_target,fbref,516,299,57.9,unexplained_blended,"Low coverage in a domain/season-sensitive column, but this table blends all seasons together -- check season_column_coverage for this column for the real per-season breakdown before treating this as a new finding."
PSV,PSV,ws_take_ons_won_pct,ws,516,301,58.3,unexplained_blended,"Low coverage in a domain/season-sensitive column, but this table blends all seasons together -- check season_column_coverage for this column for the real per-season breakdown before treating this as a new finding."
PSV,PSV,ws_aerial_duel_win_pct,ws,516,321,62.2,unexplained_blended,"Low coverage in a domain/season-sensitive column, but this table blends all seasons together -- check season_column_coverage for this column for the real per-season breakdown before treating this as a new finding."
PSV,PSV,ws_ground_duel_win_pct,ws,516,327,63.4,unexplained_blended,"Low coverage in a domain/season-sensitive column, but this table blends all seasons together -- check season_column_coverage for this column for the real per-season breakdown before treating this as a new finding."
PSV,PSV,fbref_on_off,fbref,516,338,65.5,unexplained_blended,"Low coverage in a domain/season-sensitive column, but this table blends all seasons together -- check season_column_coverage for this column for the real per-season breakdown before treating this as a new finding."
PSV,PSV,tm_height_cm,tm,516,340,65.9,,
PSV,PSV,tm_foot,tm,516,340,65.9,,
PSV,PSV,fbref_team_goals_while_on_pitch,fbref,516,341,66.1,unexplained_blended,"Low coverage in a domain/season-sensitive column, but this table blends all seasons together -- check season_column_coverage for this column for the real per-season breakdown before treating this as a new finding."
PSV,PSV,fbref_points_per_match,fbref,516,341,66.1,unexplained_blended,"Low coverage in a domain/season-sensitive column, but this table blends all seasons together -- check season_column_coverage for this column for the real per-season breakdown before treating this as a new finding."
PSV,PSV,fbref_team_goals_against_while_on_pitch,fbref,516,341,66.1,unexplained_blended,"Low coverage in a domain/season-sensitive column, but this table blends all seasons together -- check season_column_coverage for this column for the real per-season breakdown before treating this as a new finding."
PSV,PSV,fbref_plus_minus,fbref,516,341,66.1,unexplained_blended,"Low coverage in a domain/season-sensitive column, but this table blends all seasons together -- check season_column_coverage for this column for the real per-season breakdown before treating this as a new finding."
PSV,PSV,fbref_plus_minus_per90,fbref,516,341,66.1,unexplained_blended,"Low coverage in a domain/season-sensitive column, but this table blends all seasons together -- check season_column_coverage for this column for the real per-season breakdown before treating this as a new finding."
PSV,PSV,ws_aerials_won_per90,ws,516,347,67.2,unexplained_blended,"Low coverage in a domain/season-sensitive column, but this table blends all seasons together -- check season_column_coverage for this column for the real per-season breakdown before treating this as a new finding."
PSV,PSV,ws_passes_per90,ws,516,347,67.2,unexplained_blended,"Low coverage in a domain/season-sensitive column, but this table blends all seasons together -- check season_column_coverage for this column for the real per-season breakdown before treating this as a new finding."
PSV,PSV,ws_passes_completed_per90,ws,516,347,67.2,unexplained_blended,"Low coverage in a domain/season-sensitive column, but this table blends all seasons together -- check season_column_coverage for this column for the real per-season breakdown before treating this as a new finding."
PSV,PSV,ws_touches_per90,ws,516,347,67.2,unexplained_blended,"Low coverage in a domain/season-sensitive column, but this table blends all seasons together -- check season_column_coverage for this column for the real per-season breakdown before treating this as a new finding."
PSV,PSV,ws_touches_def_3rd_per90,ws,516,347,67.2,unexplained_blended,"Low coverage in a domain/season-sensitive column, but this table blends all seasons together -- check season_column_coverage for this column for the real per-season breakdown before treating this as a new finding."
PSV,PSV,ws_touches_mid_3rd_per90,ws,516,347,67.2,unexplained_blended,"Low coverage in a domain/season-sensitive column, but this table blends all seasons together -- check season_column_coverage for this column for the real per-season breakdown before treating this as a new finding."
PSV,PSV,ws_touches_att_3rd_per90,ws,516,347,67.2,unexplained_blended,"Low coverage in a domain/season-sensitive column, but this table blends all seasons together -- check season_column_coverage for this column for the real per-season breakdown before treating this as a new finding."
PSV,PSV,ws_touches_def_pen_area_per90,ws,516,347,67.2,unexplained_blended,"Low coverage in a domain/season-sensitive column, but this table blends all seasons together -- check season_column_coverage for this column for the real per-season breakdown before treating this as a new finding."
PSV,PSV,ws_touches_att_pen_area_per90,ws,516,347,67.2,unexplained_blended,"Low coverage in a domain/season-sensitive column, but this table blends all seasons together -- check season_column_coverage for this column for the real per-season breakdown before treating this as a new finding."
PSV,PSV,ws_take_ons_per90,ws,516,347,67.2,unexplained_blended,"Low coverage in a domain/season-sensitive column, but this table blends all seasons together -- check season_column_coverage for this column for the real per-season breakdown before treating this as a new finding."
PSV,PSV,ws_take_ons_won_per90,ws,516,347,67.2,unexplained_blended,"Low coverage in a domain/season-sensitive column, but this table blends all seasons together -- check season_column_coverage for this column for the real per-season breakdown before treating this as a new finding."
PSV,PSV,ws_dispossessed_per90,ws,516,347,67.2,unexplained_blended,"Low coverage in a domain/season-sensitive column, but this table blends all seasons together -- check season_column_coverage for this column for the real per-season breakdown before treating this as a new finding."
PSV,PSV,ws_tackles_per90,ws,516,347,67.2,unexplained_blended,"Low coverage in a domain/season-sensitive column, but this table blends all seasons together -- check season_column_coverage for this column for the real per-season breakdown before treating this as a new finding."
PSV,PSV,ws_tackles_won_per90,ws,516,347,67.2,unexplained_blended,"Low coverage in a domain/season-sensitive column, but this table blends all seasons together -- check season_column_coverage for this column for the real per-season breakdown before treating this as a new finding."
PSV,PSV,ws_tackles_def_3rd_per90,ws,516,347,67.2,unexplained_blended,"Low coverage in a domain/season-sensitive column, but this table blends all seasons together -- check season_column_coverage for this column for the real per-season breakdown before treating this as a new finding."
PSV,PSV,ws_tackles_mid_3rd_per90,ws,516,347,67.2,unexplained_blended,"Low coverage in a domain/season-sensitive column, but this table blends all seasons together -- check season_column_coverage for this column for the real per-season breakdown before treating this as a new finding."
PSV,PSV,ws_tackles_att_3rd_per90,ws,516,347,67.2,unexplained_blended,"Low coverage in a domain/season-sensitive column, but this table blends all seasons together -- check season_column_coverage for this column for the real per-season breakdown before treating this as a new finding."
PSV,PSV,ws_interceptions_per90,ws,516,347,67.2,unexplained_blended,"Low coverage in a domain/season-sensitive column, but this table blends all seasons together -- check season_column_coverage for this column for the real per-season breakdown before treating this as a new finding."
PSV,PSV,ws_interceptions_def_3rd_per90,ws,516,347,67.2,unexplained_blended,"Low coverage in a domain/season-sensitive column, but this table blends all seasons together -- check season_column_coverage for this column for the real per-season breakdown before treating this as a new finding."
PSV,PSV,ws_interceptions_mid_3rd_per90,ws,516,347,67.2,unexplained_blended,"Low coverage in a domain/season-sensitive column, but this table blends all seasons together -- check season_column_coverage for this column for the real per-season breakdown before treating this as a new finding."
PSV,PSV,ws_interceptions_att_3rd_per90,ws,516,347,67.2,unexplained_blended,"Low coverage in a domain/season-sensitive column, but this table blends all seasons together -- check season_column_coverage for this column for the real per-season breakdown before treating this as a new finding."
PSV,PSV,ws_clearances_per90,ws,516,347,67.2,unexplained_blended,"Low coverage in a domain/season-sensitive column, but this table blends all seasons together -- check season_column_coverage for this column for the real per-season breakdown before treating this as a new finding."
PSV,PSV,ws_dribbled_past_per90,ws,516,347,67.2,unexplained_blended,"Low coverage in a domain/season-sensitive column, but this table blends all seasons together -- check season_column_coverage for this column for the real per-season breakdown before treating this as a new finding."
PSV,PSV,ws_errors_per90,ws,516,347,67.2,unexplained_blended,"Low coverage in a domain/season-sensitive column, but this table blends all seasons together -- check season_column_coverage for this column for the real per-season breakdown before treating this as a new finding."
PSV,PSV,ws_final_third_entries_per90,ws,516,347,67.2,unexplained_blended,"Low coverage in a domain/season-sensitive column, but this table blends all seasons together -- check season_column_coverage for this column for the real per-season breakdown before treating this as a new finding."
PSV,PSV,ws_pen_area_entries_per90,ws,516,347,67.2,unexplained_blended,"Low coverage in a domain/season-sensitive column, but this table blends all seasons together -- check season_column_coverage for this column for the real per-season breakdown before treating this as a new finding."
PSV,PSV,ws_aerials_per90,ws,516,347,67.2,unexplained_blended,"Low coverage in a domain/season-sensitive column, but this table blends all seasons together -- check season_column_coverage for this column for the real per-season breakdown before treating this as a new finding."
PSV,PSV,ws_passes_pct,ws,516,359,69.6,unexplained_blended,"Low coverage in a domain/season-sensitive column, but this table blends all seasons together -- check season_column_coverage for this column for the real per-season breakdown before treating this as a new finding."
PSV,PSV,ws_tackles_won,ws,516,362,70.2,unexplained_blended,"Low coverage in a domain/season-sensitive column, but this table blends all seasons together -- check season_column_coverage for this column for the real per-season breakdown before treating this as a new finding."
PSV,PSV,ws_tackles_def_3rd,ws,516,362,70.2,unexplained_blended,"Low coverage in a domain/season-sensitive column, but this table blends all seasons together -- check season_column_coverage for this column for the real per-season breakdown before treating this as a new finding."
PSV,PSV,ws_tackles_mid_3rd,ws,516,362,70.2,unexplained_blended,"Low coverage in a domain/season-sensitive column, but this table blends all seasons together -- check season_column_coverage for this column for the real per-season breakdown before treating this as a new finding."
PSV,PSV,ws_touches_def_3rd,ws,516,362,70.2,unexplained_blended,"Low coverage in a domain/season-sensitive column, but this table blends all seasons together -- check season_column_coverage for this column for the real per-season breakdown before treating this as a new finding."
PSV,PSV,ws_touches,ws,516,362,70.2,unexplained_blended,"Low coverage in a domain/season-sensitive column, but this table blends all seasons together -- check season_column_coverage for this column for the real per-season breakdown before treating this as a new finding."
PSV,PSV,ws_passes_completed,ws,516,362,70.2,unexplained_blended,"Low coverage in a domain/season-sensitive column, but this table blends all seasons together -- check season_column_coverage for this column for the real per-season breakdown before treating this as a new finding."
PSV,PSV,ws_passes,ws,516,362,70.2,unexplained_blended,"Low coverage in a domain/season-sensitive column, but this table blends all seasons together -- check season_column_coverage for this column for the real per-season breakdown before treating this as a new finding."
PSV,PSV,ws_matches_with_data,ws,516,362,70.2,unexplained_blended,"Low coverage in a domain/season-sensitive column, but this table blends all seasons together -- check season_column_coverage for this column for the real per-season breakdown before treating this as a new finding."
PSV,PSV,ws_whoscored_player_id,ws,516,362,70.2,unexplained_blended,"Low coverage in a domain/season-sensitive column, but this table blends all seasons together -- check season_column_coverage for this column for the real per-season breakdown before treating this as a new finding."
PSV,PSV,ws_touches_mid_3rd,ws,516,362,70.2,unexplained_blended,"Low coverage in a domain/season-sensitive column, but this table blends all seasons together -- check season_column_coverage for this column for the real per-season breakdown before treating this as a new finding."
PSV,PSV,ws_tackles_att_3rd,ws,516,362,70.2,unexplained_blended,"Low coverage in a domain/season-sensitive column, but this table blends all seasons together -- check season_column_coverage for this column for the real per-season breakdown before treating this as a new finding."
PSV,PSV,ws_interceptions,ws,516,362,70.2,unexplained_blended,"Low coverage in a domain/season-sensitive column, but this table blends all seasons together -- check season_column_coverage for this column for the real per-season breakdown before treating this as a new finding."
PSV,PSV,ws_interceptions_def_3rd,ws,516,362,70.2,unexplained_blended,"Low coverage in a domain/season-sensitive column, but this table blends all seasons together -- check season_column_coverage for this column for the real per-season breakdown before treating this as a new finding."
PSV,PSV,ws_interceptions_mid_3rd,ws,516,362,70.2,unexplained_blended,"Low coverage in a domain/season-sensitive column, but this table blends all seasons together -- check season_column_coverage for this column for the real per-season breakdown before treating this as a new finding."
PSV,PSV,ws_interceptions_att_3rd,ws,516,362,70.2,unexplained_blended,"Low coverage in a domain/season-sensitive column, but this table blends all seasons together -- check season_column_coverage for this column for the real per-season breakdown before treating this as a new finding."
PSV,PSV,ws_clearances,ws,516,362,70.2,unexplained_blended,"Low coverage in a domain/season-sensitive column, but this table blends all seasons together -- check season_column_coverage for this column for the real per-season breakdown before treating this as a new finding."
PSV,PSV,ws_dribbled_past,ws,516,362,70.2,unexplained_blended,"Low coverage in a domain/season-sensitive column, but this table blends all seasons together -- check season_column_coverage for this column for the real per-season breakdown before treating this as a new finding."
PSV,PSV,ws_errors,ws,516,362,70.2,unexplained_blended,"Low coverage in a domain/season-sensitive column, but this table blends all seasons together -- check season_column_coverage for this column for the real per-season breakdown before treating this as a new finding."
PSV,PSV,ws_final_third_entries,ws,516,362,70.2,unexplained_blended,"Low coverage in a domain/season-sensitive column, but this table blends all seasons together -- check season_column_coverage for this column for the real per-season breakdown before treating this as a new finding."
PSV,PSV,ws_pen_area_entries,ws,516,362,70.2,unexplained_blended,"Low coverage in a domain/season-sensitive column, but this table blends all seasons together -- check season_column_coverage for this column for the real per-season breakdown before treating this as a new finding."
PSV,PSV,ws_aerials,ws,516,362,70.2,unexplained_blended,"Low coverage in a domain/season-sensitive column, but this table blends all seasons together -- check season_column_coverage for this column for the real per-season breakdown before treating this as a new finding."
PSV,PSV,ws_aerials_won,ws,516,362,70.2,unexplained_blended,"Low coverage in a domain/season-sensitive column, but this table blends all seasons together -- check season_column_coverage for this column for the real per-season breakdown before treating this as a new finding."
PSV,PSV,ws_touches_def_pen_area,ws,516,362,70.2,unexplained_blended,"Low coverage in a domain/season-sensitive column, but this table blends all seasons together -- check season_column_coverage for this column for the real per-season breakdown before treating this as a new finding."
PSV,PSV,ws_touches_att_pen_area,ws,516,362,70.2,unexplained_blended,"Low coverage in a domain/season-sensitive column, but this table blends all seasons together -- check season_column_coverage for this column for the real per-season breakdown before treating this as a new finding."
PSV,PSV,ws_take_ons,ws,516,362,70.2,unexplained_blended,"Low coverage in a domain/season-sensitive column, but this table blends all seasons together -- check season_column_coverage for this column for the real per-season breakdown before treating this as a new finding."
PSV,PSV,ws_dispossessed,ws,516,362,70.2,unexplained_blended,"Low coverage in a domain/season-sensitive column, but this table blends all seasons together -- check season_column_coverage for this column for the real per-season breakdown before treating this as a new finding."
PSV,PSV,ws_take_ons_won,ws,516,362,70.2,unexplained_blended,"Low coverage in a domain/season-sensitive column, but this table blends all seasons together -- check season_column_coverage for this column for the real per-season breakdown before treating this as a new finding."
PSV,PSV,ws_touches_att_3rd,ws,516,362,70.2,unexplained_blended,"Low coverage in a domain/season-sensitive column, but this table blends all seasons together -- check season_column_coverage for this column for the real per-season breakdown before treating this as a new finding."
PSV,PSV,ws_tackles,ws,516,362,70.2,unexplained_blended,"Low coverage in a domain/season-sensitive column, but this table blends all seasons together -- check season_column_coverage for this column for the real per-season breakdown before treating this as a new finding."
PSV,PSV,fbref_shots,fbref,516,364,70.5,unexplained_blended,"Low coverage in a domain/season-sensitive column, but this table blends all seasons together -- check season_column_coverage for this column for the real per-season breakdown before treating this as a new finding."
PSV,PSV,fbref_shots_on_target,fbref,516,366,70.9,unexplained_blended,"Low coverage in a domain/season-sensitive column, but this table blends all seasons together -- check season_column_coverage for this column for the real per-season breakdown before treating this as a new finding."
PSV,PSV,fbref_fouls_committed_per90,fbref,516,398,77.1,unexplained_blended,"Low coverage in a domain/season-sensitive column, but this table blends all seasons together -- check season_column_coverage for this column for the real per-season breakdown before treating this as a new finding."
PSV,PSV,fbref_shots_on_target_per90,fbref,516,414,80.2,,
PSV,PSV,fbref_fouls_committed,fbref,516,414,80.2,,
PSV,PSV,fbref_unused_sub,fbref,516,418,81.0,,
PSV,PSV,fbref_red_cards_per90,fbref,516,423,82.0,,
PSV,PSV,fbref_yellow_cards_per90,fbref,516,423,82.0,,
PSV,PSV,fbref_goals_per90,fbref,516,440,85.3,,
PSV,PSV,fbref_assists_per90,fbref,516,440,85.3,,
PSV,PSV,fbref_minutes_per_match,fbref,516,440,85.3,,
PSV,PSV,fbref_minutes_pct,fbref,516,440,85.3,,
PSV,PSV,fbref_red_cards,fbref,516,440,85.3,,
PSV,PSV,fbref_nineties,fbref,516,440,85.3,,
PSV,PSV,fbref_minutes,fbref,516,440,85.3,,
PSV,PSV,fbref_goals,fbref,516,440,85.3,,
PSV,PSV,fbref_yellow_cards,fbref,516,440,85.3,,
PSV,PSV,fbref_non_penalty_goals_plus_assists_per90,fbref,516,440,85.3,,
PSV,PSV,fbref_non_penalty_goals_per90,fbref,516,440,85.3,,
PSV,PSV,fbref_goals_plus_assists_per90,fbref,516,440,85.3,,
PSV,PSV,fbref_assists,fbref,516,440,85.3,,
PSV,PSV,fbref_goals_plus_assists,fbref,516,440,85.3,,
PSV,PSV,fbref_non_penalty_goals,fbref,516,440,85.3,,
PSV,PSV,fbref_penalty_goals,fbref,516,440,85.3,,
PSV,PSV,fbref_penalty_attempts,fbref,516,440,85.3,,
PSV,PSV,fbref_complete_matches,fbref,516,500,96.9,,
PSV,PSV,fbref_starts,fbref,516,516,100.0,,
PSV,PSV,fbref_nation,fbref,516,516,100.0,,
PSV,PSV,fbref_substitute_appearances,fbref,516,516,100.0,,
PSV,PSV,fbref_position,fbref,516,516,100.0,,
PSV,PSV,fbref_born,fbref,516,516,100.0,,
PSV,PSV,fbref_matches_played,fbref,516,516,100.0,,
PSV,PSV,fbref_age,fbref,516,516,100.0,,
RKC Waalwijk,RKC Waalwijk,fbref_penalty_kicks_conceded_per90,fbref,254,0,0.0,unexplained_blended,"Low coverage in a domain/season-sensitive column, but this table blends all seasons together -- check season_column_coverage for this column for the real per-season breakdown before treating this as a new finding."
RKC Waalwijk,RKC Waalwijk,fbref_penalty_kicks_won_per90,fbref,254,0,0.0,unexplained_blended,"Low coverage in a domain/season-sensitive column, but this table blends all seasons together -- check season_column_coverage for this column for the real per-season breakdown before treating this as a new finding."
RKC Waalwijk,RKC Waalwijk,fbref_penalty_kicks_won,fbref,254,0,0.0,unexplained_blended,"Low coverage in a domain/season-sensitive column, but this table blends all seasons together -- check season_column_coverage for this column for the real per-season breakdown before treating this as a new finding."
RKC Waalwijk,RKC Waalwijk,fbref_penalty_kicks_conceded,fbref,254,0,0.0,unexplained_blended,"Low coverage in a domain/season-sensitive column, but this table blends all seasons together -- check season_column_coverage for this column for the real per-season breakdown before treating this as a new finding."
RKC Waalwijk,RKC Waalwijk,gk_penalty_kick_save_pct,gk,31,14,45.2,,
RKC Waalwijk,RKC Waalwijk,gk_penalty_kicks_allowed,gk,31,15,48.4,,
RKC Waalwijk,RKC Waalwijk,gk_penalty_kicks_saved,gk,31,15,48.4,,
RKC Waalwijk,RKC Waalwijk,gk_penalty_kicks_missed_by_opponent,gk,31,15,48.4,,
RKC Waalwijk,RKC Waalwijk,gk_penalty_kicks_faced,gk,31,15,48.4,,
RKC Waalwijk,RKC Waalwijk,fbref_minutes_per_sub,fbref,254,128,50.4,unexplained_blended,"Low coverage in a domain/season-sensitive column, but this table blends all seasons together -- check season_column_coverage for this column for the real per-season breakdown before treating this as a new finding."
RKC Waalwijk,RKC Waalwijk,fbref_goals_per_shot,fbref,254,134,52.8,unexplained_blended,"Low coverage in a domain/season-sensitive column, but this table blends all seasons together -- check season_column_coverage for this column for the real per-season breakdown before treating this as a new finding."
RKC Waalwijk,RKC Waalwijk,fbref_minutes_per_start,fbref,254,147,57.9,unexplained_blended,"Low coverage in a domain/season-sensitive column, but this table blends all seasons together -- check season_column_coverage for this column for the real per-season breakdown before treating this as a new finding."
RKC Waalwijk,RKC Waalwijk,fbref_shots_on_target_pct,fbref,254,156,61.4,unexplained_blended,"Low coverage in a domain/season-sensitive column, but this table blends all seasons together -- check season_column_coverage for this column for the real per-season breakdown before treating this as a new finding."
RKC Waalwijk,RKC Waalwijk,ws_take_ons_won_pct,ws,254,161,63.4,unexplained_blended,"Low coverage in a domain/season-sensitive column, but this table blends all seasons together -- check season_column_coverage for this column for the real per-season breakdown before treating this as a new finding."
RKC Waalwijk,RKC Waalwijk,fbref_on_off,fbref,254,162,63.8,unexplained_blended,"Low coverage in a domain/season-sensitive column, but this table blends all seasons together -- check season_column_coverage for this column for the real per-season breakdown before treating this as a new finding."
RKC Waalwijk,RKC Waalwijk,fbref_second_yellow_cards,fbref,254,163,64.2,unexplained_blended,"Low coverage in a domain/season-sensitive column, but this table blends all seasons together -- check season_column_coverage for this column for the real per-season breakdown before treating this as a new finding."
RKC Waalwijk,RKC Waalwijk,fbref_crosses,fbref,254,163,64.2,unexplained_blended,"Low coverage in a domain/season-sensitive column, but this table blends all seasons together -- check season_column_coverage for this column for the real per-season breakdown before treating this as a new finding."
RKC Waalwijk,RKC Waalwijk,fbref_offsides,fbref,254,163,64.2,unexplained_blended,"Low coverage in a domain/season-sensitive column, but this table blends all seasons together -- check season_column_coverage for this column for the real per-season breakdown before treating this as a new finding."
RKC Waalwijk,RKC Waalwijk,fbref_points_per_match,fbref,254,163,64.2,unexplained_blended,"Low coverage in a domain/season-sensitive column, but this table blends all seasons together -- check season_column_coverage for this column for the real per-season breakdown before treating this as a new finding."
RKC Waalwijk,RKC Waalwijk,fbref_fouls_drawn,fbref,254,163,64.2,unexplained_blended,"Low coverage in a domain/season-sensitive column, but this table blends all seasons together -- check season_column_coverage for this column for the real per-season breakdown before treating this as a new finding."
RKC Waalwijk,RKC Waalwijk,fbref_interceptions,fbref,254,163,64.2,unexplained_blended,"Low coverage in a domain/season-sensitive column, but this table blends all seasons together -- check season_column_coverage for this column for the real per-season breakdown before treating this as a new finding."
RKC Waalwijk,RKC Waalwijk,fbref_shots_per90,fbref,254,163,64.2,unexplained_blended,"Low coverage in a domain/season-sensitive column, but this table blends all seasons together -- check season_column_coverage for this column for the real per-season breakdown before treating this as a new finding."
RKC Waalwijk,RKC Waalwijk,fbref_plus_minus_per90,fbref,254,163,64.2,unexplained_blended,"Low coverage in a domain/season-sensitive column, but this table blends all seasons together -- check season_column_coverage for this column for the real per-season breakdown before treating this as a new finding."
RKC Waalwijk,RKC Waalwijk,fbref_plus_minus,fbref,254,163,64.2,unexplained_blended,"Low coverage in a domain/season-sensitive column, but this table blends all seasons together -- check season_column_coverage for this column for the real per-season breakdown before treating this as a new finding."
RKC Waalwijk,RKC Waalwijk,fbref_team_goals_against_while_on_pitch,fbref,254,163,64.2,unexplained_blended,"Low coverage in a domain/season-sensitive column, but this table blends all seasons together -- check season_column_coverage for this column for the real per-season breakdown before treating this as a new finding."
RKC Waalwijk,RKC Waalwijk,fbref_team_goals_while_on_pitch,fbref,254,163,64.2,unexplained_blended,"Low coverage in a domain/season-sensitive column, but this table blends all seasons together -- check season_column_coverage for this column for the real per-season breakdown before treating this as a new finding."
RKC Waalwijk,RKC Waalwijk,fbref_own_goals_per90,fbref,254,163,64.2,unexplained_blended,"Low coverage in a domain/season-sensitive column, but this table blends all seasons together -- check season_column_coverage for this column for the real per-season breakdown before treating this as a new finding."
RKC Waalwijk,RKC Waalwijk,fbref_tackles_won_per90,fbref,254,163,64.2,unexplained_blended,"Low coverage in a domain/season-sensitive column, but this table blends all seasons together -- check season_column_coverage for this column for the real per-season breakdown before treating this as a new finding."
RKC Waalwijk,RKC Waalwijk,fbref_interceptions_per90,fbref,254,163,64.2,unexplained_blended,"Low coverage in a domain/season-sensitive column, but this table blends all seasons together -- check season_column_coverage for this column for the real per-season breakdown before treating this as a new finding."
RKC Waalwijk,RKC Waalwijk,fbref_crosses_per90,fbref,254,163,64.2,unexplained_blended,"Low coverage in a domain/season-sensitive column, but this table blends all seasons together -- check season_column_coverage for this column for the real per-season breakdown before treating this as a new finding."
RKC Waalwijk,RKC Waalwijk,fbref_offsides_per90,fbref,254,163,64.2,unexplained_blended,"Low coverage in a domain/season-sensitive column, but this table blends all seasons together -- check season_column_coverage for this column for the real per-season breakdown before treating this as a new finding."
RKC Waalwijk,RKC Waalwijk,fbref_fouls_drawn_per90,fbref,254,163,64.2,unexplained_blended,"Low coverage in a domain/season-sensitive column, but this table blends all seasons together -- check season_column_coverage for this column for the real per-season breakdown before treating this as a new finding."
RKC Waalwijk,RKC Waalwijk,fbref_second_yellow_cards_per90,fbref,254,163,64.2,unexplained_blended,"Low coverage in a domain/season-sensitive column, but this table blends all seasons together -- check season_column_coverage for this column for the real per-season breakdown before treating this as a new finding."
RKC Waalwijk,RKC Waalwijk,fbref_own_goals,fbref,254,163,64.2,unexplained_blended,"Low coverage in a domain/season-sensitive column, but this table blends all seasons together -- check season_column_coverage for this column for the real per-season breakdown before treating this as a new finding."
RKC Waalwijk,RKC Waalwijk,fbref_tackles_won,fbref,254,163,64.2,unexplained_blended,"Low coverage in a domain/season-sensitive column, but this table blends all seasons together -- check season_column_coverage for this column for the real per-season breakdown before treating this as a new finding."
RKC Waalwijk,RKC Waalwijk,gk_draws,gk,31,20,64.5,,
RKC Waalwijk,RKC Waalwijk,gk_wins,gk,31,20,64.5,,
RKC Waalwijk,RKC Waalwijk,gk_saves,gk,31,20,64.5,,
RKC Waalwijk,RKC Waalwijk,gk_shots_on_target_against,gk,31,20,64.5,,
RKC Waalwijk,RKC Waalwijk,gk_goals_against,gk,31,20,64.5,,
RKC Waalwijk,RKC Waalwijk,gk_goals_against_per90,gk,31,20,64.5,,
RKC Waalwijk,RKC Waalwijk,gk_clean_sheets,gk,31,20,64.5,,
RKC Waalwijk,RKC Waalwijk,gk_clean_sheet_pct,gk,31,20,64.5,,
RKC Waalwijk,RKC Waalwijk,gk_saves_per90,gk,31,20,64.5,,
RKC Waalwijk,RKC Waalwijk,gk_losses,gk,31,20,64.5,,
RKC Waalwijk,RKC Waalwijk,gk_save_pct,gk,31,20,64.5,,
RKC Waalwijk,RKC Waalwijk,fbref_goals_per_shot_on_target,fbref,254,167,65.7,unexplained_blended,"Low coverage in a domain/season-sensitive column, but this table blends all seasons together -- check season_column_coverage for this column for the real per-season breakdown before treating this as a new finding."
RKC Waalwijk,RKC Waalwijk,ws_ground_duel_win_pct,ws,254,174,68.5,unexplained_blended,"Low coverage in a domain/season-sensitive column, but this table blends all seasons together -- check season_column_coverage for this column for the real per-season breakdown before treating this as a new finding."
RKC Waalwijk,RKC Waalwijk,tm_foot,tm,254,176,69.3,,
RKC Waalwijk,RKC Waalwijk,ws_aerial_duel_win_pct,ws,254,179,70.5,unexplained_blended,"Low coverage in a domain/season-sensitive column, but this table blends all seasons together -- check season_column_coverage for this column for the real per-season breakdown before treating this as a new finding."
RKC Waalwijk,RKC Waalwijk,tm_height_cm,tm,254,180,70.9,,
RKC Waalwijk,RKC Waalwijk,fbref_unused_sub,fbref,254,184,72.4,unexplained_blended,"Low coverage in a domain/season-sensitive column, but this table blends all seasons together -- check season_column_coverage for this column for the real per-season breakdown before treating this as a new finding."
RKC Waalwijk,RKC Waalwijk,ws_aerials_won_per90,ws,254,188,74.0,unexplained_blended,"Low coverage in a domain/season-sensitive column, but this table blends all seasons together -- check season_column_coverage for this column for the real per-season breakdown before treating this as a new finding."
RKC Waalwijk,RKC Waalwijk,fbref_shots_on_target,fbref,254,188,74.0,unexplained_blended,"Low coverage in a domain/season-sensitive column, but this table blends all seasons together -- check season_column_coverage for this column for the real per-season breakdown before treating this as a new finding."
RKC Waalwijk,RKC Waalwijk,fbref_shots,fbref,254,188,74.0,unexplained_blended,"Low coverage in a domain/season-sensitive column, but this table blends all seasons together -- check season_column_coverage for this column for the real per-season breakdown before treating this as a new finding."
RKC Waalwijk,RKC Waalwijk,ws_final_third_entries,ws,254,188,74.0,unexplained_blended,"Low coverage in a domain/season-sensitive column, but this table blends all seasons together -- check season_column_coverage for this column for the real per-season breakdown before treating this as a new finding."
RKC Waalwijk,RKC Waalwijk,ws_pen_area_entries,ws,254,188,74.0,unexplained_blended,"Low coverage in a domain/season-sensitive column, but this table blends all seasons together -- check season_column_coverage for this column for the real per-season breakdown before treating this as a new finding."
RKC Waalwijk,RKC Waalwijk,ws_aerials,ws,254,188,74.0,unexplained_blended,"Low coverage in a domain/season-sensitive column, but this table blends all seasons together -- check season_column_coverage for this column for the real per-season breakdown before treating this as a new finding."
RKC Waalwijk,RKC Waalwijk,ws_aerials_won,ws,254,188,74.0,unexplained_blended,"Low coverage in a domain/season-sensitive column, but this table blends all seasons together -- check season_column_coverage for this column for the real per-season breakdown before treating this as a new finding."
RKC Waalwijk,RKC Waalwijk,ws_passes_per90,ws,254,188,74.0,unexplained_blended,"Low coverage in a domain/season-sensitive column, but this table blends all seasons together -- check season_column_coverage for this column for the real per-season breakdown before treating this as a new finding."
RKC Waalwijk,RKC Waalwijk,ws_passes_completed_per90,ws,254,188,74.0,unexplained_blended,"Low coverage in a domain/season-sensitive column, but this table blends all seasons together -- check season_column_coverage for this column for the real per-season breakdown before treating this as a new finding."
RKC Waalwijk,RKC Waalwijk,ws_touches_per90,ws,254,188,74.0,unexplained_blended,"Low coverage in a domain/season-sensitive column, but this table blends all seasons together -- check season_column_coverage for this column for the real per-season breakdown before treating this as a new finding."
RKC Waalwijk,RKC Waalwijk,ws_touches_def_3rd_per90,ws,254,188,74.0,unexplained_blended,"Low coverage in a domain/season-sensitive column, but this table blends all seasons together -- check season_column_coverage for this column for the real per-season breakdown before treating this as a new finding."
RKC Waalwijk,RKC Waalwijk,ws_touches_mid_3rd_per90,ws,254,188,74.0,unexplained_blended,"Low coverage in a domain/season-sensitive column, but this table blends all seasons together -- check season_column_coverage for this column for the real per-season breakdown before treating this as a new finding."
RKC Waalwijk,RKC Waalwijk,ws_touches_att_3rd_per90,ws,254,188,74.0,unexplained_blended,"Low coverage in a domain/season-sensitive column, but this table blends all seasons together -- check season_column_coverage for this column for the real per-season breakdown before treating this as a new finding."
RKC Waalwijk,RKC Waalwijk,ws_touches_def_pen_area_per90,ws,254,188,74.0,unexplained_blended,"Low coverage in a domain/season-sensitive column, but this table blends all seasons together -- check season_column_coverage for this column for the real per-season breakdown before treating this as a new finding."
RKC Waalwijk,RKC Waalwijk,ws_touches_att_pen_area_per90,ws,254,188,74.0,unexplained_blended,"Low coverage in a domain/season-sensitive column, but this table blends all seasons together -- check season_column_coverage for this column for the real per-season breakdown before treating this as a new finding."
RKC Waalwijk,RKC Waalwijk,ws_take_ons_per90,ws,254,188,74.0,unexplained_blended,"Low coverage in a domain/season-sensitive column, but this table blends all seasons together -- check season_column_coverage for this column for the real per-season breakdown before treating this as a new finding."
RKC Waalwijk,RKC Waalwijk,ws_take_ons_won_per90,ws,254,188,74.0,unexplained_blended,"Low coverage in a domain/season-sensitive column, but this table blends all seasons together -- check season_column_coverage for this column for the real per-season breakdown before treating this as a new finding."
RKC Waalwijk,RKC Waalwijk,ws_dispossessed_per90,ws,254,188,74.0,unexplained_blended,"Low coverage in a domain/season-sensitive column, but this table blends all seasons together -- check season_column_coverage for this column for the real per-season breakdown before treating this as a new finding."
RKC Waalwijk,RKC Waalwijk,ws_tackles_per90,ws,254,188,74.0,unexplained_blended,"Low coverage in a domain/season-sensitive column, but this table blends all seasons together -- check season_column_coverage for this column for the real per-season breakdown before treating this as a new finding."
RKC Waalwijk,RKC Waalwijk,ws_tackles_won_per90,ws,254,188,74.0,unexplained_blended,"Low coverage in a domain/season-sensitive column, but this table blends all seasons together -- check season_column_coverage for this column for the real per-season breakdown before treating this as a new finding."
RKC Waalwijk,RKC Waalwijk,ws_tackles_def_3rd_per90,ws,254,188,74.0,unexplained_blended,"Low coverage in a domain/season-sensitive column, but this table blends all seasons together -- check season_column_coverage for this column for the real per-season breakdown before treating this as a new finding."
RKC Waalwijk,RKC Waalwijk,ws_tackles_mid_3rd_per90,ws,254,188,74.0,unexplained_blended,"Low coverage in a domain/season-sensitive column, but this table blends all seasons together -- check season_column_coverage for this column for the real per-season breakdown before treating this as a new finding."
RKC Waalwijk,RKC Waalwijk,ws_tackles_att_3rd_per90,ws,254,188,74.0,unexplained_blended,"Low coverage in a domain/season-sensitive column, but this table blends all seasons together -- check season_column_coverage for this column for the real per-season breakdown before treating this as a new finding."
RKC Waalwijk,RKC Waalwijk,ws_interceptions_per90,ws,254,188,74.0,unexplained_blended,"Low coverage in a domain/season-sensitive column, but this table blends all seasons together -- check season_column_coverage for this column for the real per-season breakdown before treating this as a new finding."
RKC Waalwijk,RKC Waalwijk,ws_interceptions_def_3rd_per90,ws,254,188,74.0,unexplained_blended,"Low coverage in a domain/season-sensitive column, but this table blends all seasons together -- check season_column_coverage for this column for the real per-season breakdown before treating this as a new finding."
RKC Waalwijk,RKC Waalwijk,ws_interceptions_mid_3rd_per90,ws,254,188,74.0,unexplained_blended,"Low coverage in a domain/season-sensitive column, but this table blends all seasons together -- check season_column_coverage for this column for the real per-season breakdown before treating this as a new finding."
RKC Waalwijk,RKC Waalwijk,ws_interceptions_att_3rd_per90,ws,254,188,74.0,unexplained_blended,"Low coverage in a domain/season-sensitive column, but this table blends all seasons together -- check season_column_coverage for this column for the real per-season breakdown before treating this as a new finding."
RKC Waalwijk,RKC Waalwijk,ws_clearances_per90,ws,254,188,74.0,unexplained_blended,"Low coverage in a domain/season-sensitive column, but this table blends all seasons together -- check season_column_coverage for this column for the real per-season breakdown before treating this as a new finding."
RKC Waalwijk,RKC Waalwijk,ws_dribbled_past_per90,ws,254,188,74.0,unexplained_blended,"Low coverage in a domain/season-sensitive column, but this table blends all seasons together -- check season_column_coverage for this column for the real per-season breakdown before treating this as a new finding."
RKC Waalwijk,RKC Waalwijk,ws_errors_per90,ws,254,188,74.0,unexplained_blended,"Low coverage in a domain/season-sensitive column, but this table blends all seasons together -- check season_column_coverage for this column for the real per-season breakdown before treating this as a new finding."
RKC Waalwijk,RKC Waalwijk,ws_final_third_entries_per90,ws,254,188,74.0,unexplained_blended,"Low coverage in a domain/season-sensitive column, but this table blends all seasons together -- check season_column_coverage for this column for the real per-season breakdown before treating this as a new finding."
RKC Waalwijk,RKC Waalwijk,ws_pen_area_entries_per90,ws,254,188,74.0,unexplained_blended,"Low coverage in a domain/season-sensitive column, but this table blends all seasons together -- check season_column_coverage for this column for the real per-season breakdown before treating this as a new finding."
RKC Waalwijk,RKC Waalwijk,ws_aerials_per90,ws,254,188,74.0,unexplained_blended,"Low coverage in a domain/season-sensitive column, but this table blends all seasons together -- check season_column_coverage for this column for the real per-season breakdown before treating this as a new finding."
RKC Waalwijk,RKC Waalwijk,ws_whoscored_player_id,ws,254,188,74.0,unexplained_blended,"Low coverage in a domain/season-sensitive column, but this table blends all seasons together -- check season_column_coverage for this column for the real per-season breakdown before treating this as a new finding."
RKC Waalwijk,RKC Waalwijk,ws_matches_with_data,ws,254,188,74.0,unexplained_blended,"Low coverage in a domain/season-sensitive column, but this table blends all seasons together -- check season_column_coverage for this column for the real per-season breakdown before treating this as a new finding."
RKC Waalwijk,RKC Waalwijk,ws_passes,ws,254,188,74.0,unexplained_blended,"Low coverage in a domain/season-sensitive column, but this table blends all seasons together -- check season_column_coverage for this column for the real per-season breakdown before treating this as a new finding."
RKC Waalwijk,RKC Waalwijk,ws_passes_completed,ws,254,188,74.0,unexplained_blended,"Low coverage in a domain/season-sensitive column, but this table blends all seasons together -- check season_column_coverage for this column for the real per-season breakdown before treating this as a new finding."
RKC Waalwijk,RKC Waalwijk,ws_passes_pct,ws,254,188,74.0,unexplained_blended,"Low coverage in a domain/season-sensitive column, but this table blends all seasons together -- check season_column_coverage for this column for the real per-season breakdown before treating this as a new finding."
RKC Waalwijk,RKC Waalwijk,ws_touches,ws,254,188,74.0,unexplained_blended,"Low coverage in a domain/season-sensitive column, but this table blends all seasons together -- check season_column_coverage for this column for the real per-season breakdown before treating this as a new finding."
RKC Waalwijk,RKC Waalwijk,ws_touches_def_3rd,ws,254,188,74.0,unexplained_blended,"Low coverage in a domain/season-sensitive column, but this table blends all seasons together -- check season_column_coverage for this column for the real per-season breakdown before treating this as a new finding."
RKC Waalwijk,RKC Waalwijk,ws_touches_mid_3rd,ws,254,188,74.0,unexplained_blended,"Low coverage in a domain/season-sensitive column, but this table blends all seasons together -- check season_column_coverage for this column for the real per-season breakdown before treating this as a new finding."
RKC Waalwijk,RKC Waalwijk,ws_touches_att_3rd,ws,254,188,74.0,unexplained_blended,"Low coverage in a domain/season-sensitive column, but this table blends all seasons together -- check season_column_coverage for this column for the real per-season breakdown before treating this as a new finding."
RKC Waalwijk,RKC Waalwijk,ws_touches_def_pen_area,ws,254,188,74.0,unexplained_blended,"Low coverage in a domain/season-sensitive column, but this table blends all seasons together -- check season_column_coverage for this column for the real per-season breakdown before treating this as a new finding."
RKC Waalwijk,RKC Waalwijk,ws_touches_att_pen_area,ws,254,188,74.0,unexplained_blended,"Low coverage in a domain/season-sensitive column, but this table blends all seasons together -- check season_column_coverage for this column for the real per-season breakdown before treating this as a new finding."
RKC Waalwijk,RKC Waalwijk,ws_take_ons,ws,254,188,74.0,unexplained_blended,"Low coverage in a domain/season-sensitive column, but this table blends all seasons together -- check season_column_coverage for this column for the real per-season breakdown before treating this as a new finding."
RKC Waalwijk,RKC Waalwijk,ws_take_ons_won,ws,254,188,74.0,unexplained_blended,"Low coverage in a domain/season-sensitive column, but this table blends all seasons together -- check season_column_coverage for this column for the real per-season breakdown before treating this as a new finding."
RKC Waalwijk,RKC Waalwijk,ws_dispossessed,ws,254,188,74.0,unexplained_blended,"Low coverage in a domain/season-sensitive column, but this table blends all seasons together -- check season_column_coverage for this column for the real per-season breakdown before treating this as a new finding."
RKC Waalwijk,RKC Waalwijk,ws_tackles,ws,254,188,74.0,unexplained_blended,"Low coverage in a domain/season-sensitive column, but this table blends all seasons together -- check season_column_coverage for this column for the real per-season breakdown before treating this as a new finding."
RKC Waalwijk,RKC Waalwijk,ws_tackles_won,ws,254,188,74.0,unexplained_blended,"Low coverage in a domain/season-sensitive column, but this table blends all seasons together -- check season_column_coverage for this column for the real per-season breakdown before treating this as a new finding."
RKC Waalwijk,RKC Waalwijk,ws_tackles_def_3rd,ws,254,188,74.0,unexplained_blended,"Low coverage in a domain/season-sensitive column, but this table blends all seasons together -- check season_column_coverage for this column for the real per-season breakdown before treating this as a new finding."
RKC Waalwijk,RKC Waalwijk,ws_tackles_mid_3rd,ws,254,188,74.0,unexplained_blended,"Low coverage in a domain/season-sensitive column, but this table blends all seasons together -- check season_column_coverage for this column for the real per-season breakdown before treating this as a new finding."
RKC Waalwijk,RKC Waalwijk,ws_tackles_att_3rd,ws,254,188,74.0,unexplained_blended,"Low coverage in a domain/season-sensitive column, but this table blends all seasons together -- check season_column_coverage for this column for the real per-season breakdown before treating this as a new finding."
RKC Waalwijk,RKC Waalwijk,ws_interceptions,ws,254,188,74.0,unexplained_blended,"Low coverage in a domain/season-sensitive column, but this table blends all seasons together -- check season_column_coverage for this column for the real per-season breakdown before treating this as a new finding."
RKC Waalwijk,RKC Waalwijk,ws_interceptions_def_3rd,ws,254,188,74.0,unexplained_blended,"Low coverage in a domain/season-sensitive column, but this table blends all seasons together -- check season_column_coverage for this column for the real per-season breakdown before treating this as a new finding."
RKC Waalwijk,RKC Waalwijk,ws_interceptions_mid_3rd,ws,254,188,74.0,unexplained_blended,"Low coverage in a domain/season-sensitive column, but this table blends all seasons together -- check season_column_coverage for this column for the real per-season breakdown before treating this as a new finding."
RKC Waalwijk,RKC Waalwijk,ws_interceptions_att_3rd,ws,254,188,74.0,unexplained_blended,"Low coverage in a domain/season-sensitive column, but this table blends all seasons together -- check season_column_coverage for this column for the real per-season breakdown before treating this as a new finding."
RKC Waalwijk,RKC Waalwijk,ws_clearances,ws,254,188,74.0,unexplained_blended,"Low coverage in a domain/season-sensitive column, but this table blends all seasons together -- check season_column_coverage for this column for the real per-season breakdown before treating this as a new finding."
RKC Waalwijk,RKC Waalwijk,ws_dribbled_past,ws,254,188,74.0,unexplained_blended,"Low coverage in a domain/season-sensitive column, but this table blends all seasons together -- check season_column_coverage for this column for the real per-season breakdown before treating this as a new finding."
RKC Waalwijk,RKC Waalwijk,ws_errors,ws,254,188,74.0,unexplained_blended,"Low coverage in a domain/season-sensitive column, but this table blends all seasons together -- check season_column_coverage for this column for the real per-season breakdown before treating this as a new finding."
RKC Waalwijk,RKC Waalwijk,fbref_penalty_goals,fbref,254,233,91.7,,
RKC Waalwijk,RKC Waalwijk,fbref_assists_per90,fbref,254,233,91.7,,
RKC Waalwijk,RKC Waalwijk,fbref_goals_plus_assists,fbref,254,233,91.7,,
RKC Waalwijk,RKC Waalwijk,fbref_yellow_cards,fbref,254,233,91.7,,
RKC Waalwijk,RKC Waalwijk,fbref_shots_on_target_per90,fbref,254,233,91.7,,
RKC Waalwijk,RKC Waalwijk,fbref_non_penalty_goals_plus_assists_per90,fbref,254,233,91.7,,
RKC Waalwijk,RKC Waalwijk,fbref_non_penalty_goals_per90,fbref,254,233,91.7,,
RKC Waalwijk,RKC Waalwijk,fbref_goals_plus_assists_per90,fbref,254,233,91.7,,
RKC Waalwijk,RKC Waalwijk,fbref_non_penalty_goals,fbref,254,233,91.7,,
RKC Waalwijk,RKC Waalwijk,fbref_nineties,fbref,254,233,91.7,,
RKC Waalwijk,RKC Waalwijk,fbref_goals,fbref,254,233,91.7,,
RKC Waalwijk,RKC Waalwijk,fbref_assists,fbref,254,233,91.7,,
RKC Waalwijk,RKC Waalwijk,fbref_fouls_committed_per90,fbref,254,233,91.7,,
RKC Waalwijk,RKC Waalwijk,fbref_red_cards_per90,fbref,254,233,91.7,,
RKC Waalwijk,RKC Waalwijk,fbref_yellow_cards_per90,fbref,254,233,91.7,,
RKC Waalwijk,RKC Waalwijk,fbref_minutes_pct,fbref,254,233,91.7,,
RKC Waalwijk,RKC Waalwijk,fbref_fouls_committed,fbref,254,233,91.7,,
RKC Waalwijk,RKC Waalwijk,fbref_red_cards,fbref,254,233,91.7,,
RKC Waalwijk,RKC Waalwijk,fbref_penalty_attempts,fbref,254,233,91.7,,
RKC Waalwijk,RKC Waalwijk,fbref_goals_per90,fbref,254,233,91.7,,
RKC Waalwijk,RKC Waalwijk,fbref_minutes,fbref,254,233,91.7,,
RKC Waalwijk,RKC Waalwijk,fbref_minutes_per_match,fbref,254,233,91.7,,
RKC Waalwijk,RKC Waalwijk,fbref_complete_matches,fbref,254,242,95.3,,
RKC Waalwijk,RKC Waalwijk,fbref_born,fbref,254,253,99.6,,
RKC Waalwijk,RKC Waalwijk,fbref_nation,fbref,254,253,99.6,,
RKC Waalwijk,RKC Waalwijk,fbref_age,fbref,254,253,99.6,,
RKC Waalwijk,RKC Waalwijk,fbref_matches_played,fbref,254,254,100.0,,
RKC Waalwijk,RKC Waalwijk,fbref_position,fbref,254,254,100.0,,
RKC Waalwijk,RKC Waalwijk,fbref_starts,fbref,254,254,100.0,,
RKC Waalwijk,RKC Waalwijk,fbref_substitute_appearances,fbref,254,254,100.0,,
Roda JC,Roda JC,fbref_minutes_per_sub,fbref,204,0,0.0,unexplained_blended,"Low coverage in a domain/season-sensitive column, but this table blends all seasons together -- check season_column_coverage for this column for the real per-season breakdown before treating this as a new finding."
Roda JC,Roda JC,fbref_goals_per_shot,fbref,204,0,0.0,unexplained_blended,"Low coverage in a domain/season-sensitive column, but this table blends all seasons together -- check season_column_coverage for this column for the real per-season breakdown before treating this as a new finding."
Roda JC,Roda JC,fbref_minutes_per_start,fbref,204,0,0.0,unexplained_blended,"Low coverage in a domain/season-sensitive column, but this table blends all seasons together -- check season_column_coverage for this column for the real per-season breakdown before treating this as a new finding."
Roda JC,Roda JC,gk_penalty_kick_save_pct,gk,24,2,8.3,,
Roda JC,Roda JC,gk_penalty_kicks_missed_by_opponent,gk,24,2,8.3,,
Roda JC,Roda JC,gk_penalty_kicks_saved,gk,24,2,8.3,,
Roda JC,Roda JC,gk_penalty_kicks_faced,gk,24,2,8.3,,
Roda JC,Roda JC,gk_penalty_kicks_allowed,gk,24,2,8.3,,
Roda JC,Roda JC,fbref_penalty_kicks_won_per90,fbref,204,52,25.5,unexplained_blended,"Low coverage in a domain/season-sensitive column, but this table blends all seasons together -- check season_column_coverage for this column for the real per-season breakdown before treating this as a new finding."
Roda JC,Roda JC,fbref_tackles_won_per90,fbref,204,52,25.5,unexplained_blended,"Low coverage in a domain/season-sensitive column, but this table blends all seasons together -- check season_column_coverage for this column for the real per-season breakdown before treating this as a new finding."
Roda JC,Roda JC,fbref_penalty_kicks_conceded_per90,fbref,204,52,25.5,unexplained_blended,"Low coverage in a domain/season-sensitive column, but this table blends all seasons together -- check season_column_coverage for this column for the real per-season breakdown before treating this as a new finding."
Roda JC,Roda JC,fbref_own_goals_per90,fbref,204,52,25.5,unexplained_blended,"Low coverage in a domain/season-sensitive column, but this table blends all seasons together -- check season_column_coverage for this column for the real per-season breakdown before treating this as a new finding."
Roda JC,Roda JC,fbref_second_yellow_cards_per90,fbref,204,52,25.5,unexplained_blended,"Low coverage in a domain/season-sensitive column, but this table blends all seasons together -- check season_column_coverage for this column for the real per-season breakdown before treating this as a new finding."
Roda JC,Roda JC,fbref_fouls_drawn_per90,fbref,204,52,25.5,unexplained_blended,"Low coverage in a domain/season-sensitive column, but this table blends all seasons together -- check season_column_coverage for this column for the real per-season breakdown before treating this as a new finding."
Roda JC,Roda JC,fbref_offsides_per90,fbref,204,52,25.5,unexplained_blended,"Low coverage in a domain/season-sensitive column, but this table blends all seasons together -- check season_column_coverage for this column for the real per-season breakdown before treating this as a new finding."
Roda JC,Roda JC,fbref_crosses_per90,fbref,204,52,25.5,unexplained_blended,"Low coverage in a domain/season-sensitive column, but this table blends all seasons together -- check season_column_coverage for this column for the real per-season breakdown before treating this as a new finding."
Roda JC,Roda JC,fbref_interceptions_per90,fbref,204,52,25.5,unexplained_blended,"Low coverage in a domain/season-sensitive column, but this table blends all seasons together -- check season_column_coverage for this column for the real per-season breakdown before treating this as a new finding."
Roda JC,Roda JC,fbref_offsides,fbref,204,54,26.5,unexplained_blended,"Low coverage in a domain/season-sensitive column, but this table blends all seasons together -- check season_column_coverage for this column for the real per-season breakdown before treating this as a new finding."
Roda JC,Roda JC,fbref_second_yellow_cards,fbref,204,54,26.5,unexplained_blended,"Low coverage in a domain/season-sensitive column, but this table blends all seasons together -- check season_column_coverage for this column for the real per-season breakdown before treating this as a new finding."
Roda JC,Roda JC,fbref_fouls_drawn,fbref,204,54,26.5,unexplained_blended,"Low coverage in a domain/season-sensitive column, but this table blends all seasons together -- check season_column_coverage for this column for the real per-season breakdown before treating this as a new finding."
Roda JC,Roda JC,fbref_shots_per90,fbref,204,54,26.5,unexplained_blended,"Low coverage in a domain/season-sensitive column, but this table blends all seasons together -- check season_column_coverage for this column for the real per-season breakdown before treating this as a new finding."
Roda JC,Roda JC,fbref_own_goals,fbref,204,54,26.5,unexplained_blended,"Low coverage in a domain/season-sensitive column, but this table blends all seasons together -- check season_column_coverage for this column for the real per-season breakdown before treating this as a new finding."
Roda JC,Roda JC,fbref_penalty_kicks_conceded,fbref,204,54,26.5,unexplained_blended,"Low coverage in a domain/season-sensitive column, but this table blends all seasons together -- check season_column_coverage for this column for the real per-season breakdown before treating this as a new finding."
Roda JC,Roda JC,fbref_penalty_kicks_won,fbref,204,54,26.5,unexplained_blended,"Low coverage in a domain/season-sensitive column, but this table blends all seasons together -- check season_column_coverage for this column for the real per-season breakdown before treating this as a new finding."
Roda JC,Roda JC,fbref_tackles_won,fbref,204,54,26.5,unexplained_blended,"Low coverage in a domain/season-sensitive column, but this table blends all seasons together -- check season_column_coverage for this column for the real per-season breakdown before treating this as a new finding."
Roda JC,Roda JC,fbref_interceptions,fbref,204,54,26.5,unexplained_blended,"Low coverage in a domain/season-sensitive column, but this table blends all seasons together -- check season_column_coverage for this column for the real per-season breakdown before treating this as a new finding."
Roda JC,Roda JC,fbref_crosses,fbref,204,54,26.5,unexplained_blended,"Low coverage in a domain/season-sensitive column, but this table blends all seasons together -- check season_column_coverage for this column for the real per-season breakdown before treating this as a new finding."
Roda JC,Roda JC,fbref_on_off,fbref,204,85,41.7,unexplained_blended,"Low coverage in a domain/season-sensitive column, but this table blends all seasons together -- check season_column_coverage for this column for the real per-season breakdown before treating this as a new finding."
Roda JC,Roda JC,fbref_team_goals_against_while_on_pitch,fbref,204,88,43.1,unexplained_blended,"Low coverage in a domain/season-sensitive column, but this table blends all seasons together -- check season_column_coverage for this column for the real per-season breakdown before treating this as a new finding."
Roda JC,Roda JC,fbref_plus_minus,fbref,204,88,43.1,unexplained_blended,"Low coverage in a domain/season-sensitive column, but this table blends all seasons together -- check season_column_coverage for this column for the real per-season breakdown before treating this as a new finding."
Roda JC,Roda JC,fbref_team_goals_while_on_pitch,fbref,204,88,43.1,unexplained_blended,"Low coverage in a domain/season-sensitive column, but this table blends all seasons together -- check season_column_coverage for this column for the real per-season breakdown before treating this as a new finding."
Roda JC,Roda JC,fbref_plus_minus_per90,fbref,204,88,43.1,unexplained_blended,"Low coverage in a domain/season-sensitive column, but this table blends all seasons together -- check season_column_coverage for this column for the real per-season breakdown before treating this as a new finding."
Roda JC,Roda JC,fbref_points_per_match,fbref,204,88,43.1,unexplained_blended,"Low coverage in a domain/season-sensitive column, but this table blends all seasons together -- check season_column_coverage for this column for the real per-season breakdown before treating this as a new finding."
Roda JC,Roda JC,tm_height_cm,tm,204,95,46.6,,
Roda JC,Roda JC,tm_foot,tm,204,95,46.6,,
Roda JC,Roda JC,fbref_shots_on_target_pct,fbref,204,96,47.1,unexplained_blended,"Low coverage in a domain/season-sensitive column, but this table blends all seasons together -- check season_column_coverage for this column for the real per-season breakdown before treating this as a new finding."
Roda JC,Roda JC,ws_take_ons_won_pct,ws,204,99,48.5,unexplained_blended,"Low coverage in a domain/season-sensitive column, but this table blends all seasons together -- check season_column_coverage for this column for the real per-season breakdown before treating this as a new finding."
Roda JC,Roda JC,gk_draws,gk,24,12,50.0,,
Roda JC,Roda JC,gk_clean_sheets,gk,24,12,50.0,,
Roda JC,Roda JC,gk_clean_sheet_pct,gk,24,12,50.0,,
Roda JC,Roda JC,gk_saves_per90,gk,24,12,50.0,,
Roda JC,Roda JC,gk_wins,gk,24,12,50.0,,
Roda JC,Roda JC,gk_saves,gk,24,12,50.0,,
Roda JC,Roda JC,gk_save_pct,gk,24,12,50.0,,
Roda JC,Roda JC,gk_losses,gk,24,12,50.0,,
Roda JC,Roda JC,gk_goals_against,gk,24,12,50.0,,
Roda JC,Roda JC,gk_goals_against_per90,gk,24,12,50.0,,
Roda JC,Roda JC,gk_shots_on_target_against,gk,24,12,50.0,,
Roda JC,Roda JC,ws_aerial_duel_win_pct,ws,204,103,50.5,unexplained_blended,"Low coverage in a domain/season-sensitive column, but this table blends all seasons together -- check season_column_coverage for this column for the real per-season breakdown before treating this as a new finding."
Roda JC,Roda JC,ws_ground_duel_win_pct,ws,204,108,52.9,unexplained_blended,"Low coverage in a domain/season-sensitive column, but this table blends all seasons together -- check season_column_coverage for this column for the real per-season breakdown before treating this as a new finding."
Roda JC,Roda JC,ws_passes_pct,ws,204,108,52.9,unexplained_blended,"Low coverage in a domain/season-sensitive column, but this table blends all seasons together -- check season_column_coverage for this column for the real per-season breakdown before treating this as a new finding."
Roda JC,Roda JC,ws_aerials_won_per90,ws,204,109,53.4,unexplained_blended,"Low coverage in a domain/season-sensitive column, but this table blends all seasons together -- check season_column_coverage for this column for the real per-season breakdown before treating this as a new finding."
Roda JC,Roda JC,ws_passes_per90,ws,204,109,53.4,unexplained_blended,"Low coverage in a domain/season-sensitive column, but this table blends all seasons together -- check season_column_coverage for this column for the real per-season breakdown before treating this as a new finding."
Roda JC,Roda JC,ws_passes_completed_per90,ws,204,109,53.4,unexplained_blended,"Low coverage in a domain/season-sensitive column, but this table blends all seasons together -- check season_column_coverage for this column for the real per-season breakdown before treating this as a new finding."
Roda JC,Roda JC,ws_touches_per90,ws,204,109,53.4,unexplained_blended,"Low coverage in a domain/season-sensitive column, but this table blends all seasons together -- check season_column_coverage for this column for the real per-season breakdown before treating this as a new finding."
Roda JC,Roda JC,ws_touches_def_3rd_per90,ws,204,109,53.4,unexplained_blended,"Low coverage in a domain/season-sensitive column, but this table blends all seasons together -- check season_column_coverage for this column for the real per-season breakdown before treating this as a new finding."
Roda JC,Roda JC,ws_touches_mid_3rd_per90,ws,204,109,53.4,unexplained_blended,"Low coverage in a domain/season-sensitive column, but this table blends all seasons together -- check season_column_coverage for this column for the real per-season breakdown before treating this as a new finding."
Roda JC,Roda JC,ws_touches_att_3rd_per90,ws,204,109,53.4,unexplained_blended,"Low coverage in a domain/season-sensitive column, but this table blends all seasons together -- check season_column_coverage for this column for the real per-season breakdown before treating this as a new finding."
Roda JC,Roda JC,ws_touches_def_pen_area_per90,ws,204,109,53.4,unexplained_blended,"Low coverage in a domain/season-sensitive column, but this table blends all seasons together -- check season_column_coverage for this column for the real per-season breakdown before treating this as a new finding."
Roda JC,Roda JC,ws_touches_att_pen_area_per90,ws,204,109,53.4,unexplained_blended,"Low coverage in a domain/season-sensitive column, but this table blends all seasons together -- check season_column_coverage for this column for the real per-season breakdown before treating this as a new finding."
Roda JC,Roda JC,ws_take_ons_per90,ws,204,109,53.4,unexplained_blended,"Low coverage in a domain/season-sensitive column, but this table blends all seasons together -- check season_column_coverage for this column for the real per-season breakdown before treating this as a new finding."
Roda JC,Roda JC,ws_take_ons_won_per90,ws,204,109,53.4,unexplained_blended,"Low coverage in a domain/season-sensitive column, but this table blends all seasons together -- check season_column_coverage for this column for the real per-season breakdown before treating this as a new finding."
Roda JC,Roda JC,ws_dispossessed_per90,ws,204,109,53.4,unexplained_blended,"Low coverage in a domain/season-sensitive column, but this table blends all seasons together -- check season_column_coverage for this column for the real per-season breakdown before treating this as a new finding."
Roda JC,Roda JC,ws_tackles_per90,ws,204,109,53.4,unexplained_blended,"Low coverage in a domain/season-sensitive column, but this table blends all seasons together -- check season_column_coverage for this column for the real per-season breakdown before treating this as a new finding."
Roda JC,Roda JC,ws_tackles_won_per90,ws,204,109,53.4,unexplained_blended,"Low coverage in a domain/season-sensitive column, but this table blends all seasons together -- check season_column_coverage for this column for the real per-season breakdown before treating this as a new finding."
Roda JC,Roda JC,ws_tackles_def_3rd_per90,ws,204,109,53.4,unexplained_blended,"Low coverage in a domain/season-sensitive column, but this table blends all seasons together -- check season_column_coverage for this column for the real per-season breakdown before treating this as a new finding."
Roda JC,Roda JC,ws_tackles_mid_3rd_per90,ws,204,109,53.4,unexplained_blended,"Low coverage in a domain/season-sensitive column, but this table blends all seasons together -- check season_column_coverage for this column for the real per-season breakdown before treating this as a new finding."
Roda JC,Roda JC,ws_tackles_att_3rd_per90,ws,204,109,53.4,unexplained_blended,"Low coverage in a domain/season-sensitive column, but this table blends all seasons together -- check season_column_coverage for this column for the real per-season breakdown before treating this as a new finding."
Roda JC,Roda JC,ws_interceptions_per90,ws,204,109,53.4,unexplained_blended,"Low coverage in a domain/season-sensitive column, but this table blends all seasons together -- check season_column_coverage for this column for the real per-season breakdown before treating this as a new finding."
Roda JC,Roda JC,ws_interceptions_def_3rd_per90,ws,204,109,53.4,unexplained_blended,"Low coverage in a domain/season-sensitive column, but this table blends all seasons together -- check season_column_coverage for this column for the real per-season breakdown before treating this as a new finding."
Roda JC,Roda JC,ws_interceptions_mid_3rd_per90,ws,204,109,53.4,unexplained_blended,"Low coverage in a domain/season-sensitive column, but this table blends all seasons together -- check season_column_coverage for this column for the real per-season breakdown before treating this as a new finding."
Roda JC,Roda JC,ws_interceptions_att_3rd_per90,ws,204,109,53.4,unexplained_blended,"Low coverage in a domain/season-sensitive column, but this table blends all seasons together -- check season_column_coverage for this column for the real per-season breakdown before treating this as a new finding."
Roda JC,Roda JC,ws_clearances_per90,ws,204,109,53.4,unexplained_blended,"Low coverage in a domain/season-sensitive column, but this table blends all seasons together -- check season_column_coverage for this column for the real per-season breakdown before treating this as a new finding."
Roda JC,Roda JC,ws_dribbled_past_per90,ws,204,109,53.4,unexplained_blended,"Low coverage in a domain/season-sensitive column, but this table blends all seasons together -- check season_column_coverage for this column for the real per-season breakdown before treating this as a new finding."
Roda JC,Roda JC,ws_errors_per90,ws,204,109,53.4,unexplained_blended,"Low coverage in a domain/season-sensitive column, but this table blends all seasons together -- check season_column_coverage for this column for the real per-season breakdown before treating this as a new finding."
Roda JC,Roda JC,ws_final_third_entries_per90,ws,204,109,53.4,unexplained_blended,"Low coverage in a domain/season-sensitive column, but this table blends all seasons together -- check season_column_coverage for this column for the real per-season breakdown before treating this as a new finding."
Roda JC,Roda JC,ws_pen_area_entries_per90,ws,204,109,53.4,unexplained_blended,"Low coverage in a domain/season-sensitive column, but this table blends all seasons together -- check season_column_coverage for this column for the real per-season breakdown before treating this as a new finding."
Roda JC,Roda JC,ws_aerials_per90,ws,204,109,53.4,unexplained_blended,"Low coverage in a domain/season-sensitive column, but this table blends all seasons together -- check season_column_coverage for this column for the real per-season breakdown before treating this as a new finding."
Roda JC,Roda JC,ws_touches_att_3rd,ws,204,111,54.4,unexplained_blended,"Low coverage in a domain/season-sensitive column, but this table blends all seasons together -- check season_column_coverage for this column for the real per-season breakdown before treating this as a new finding."
Roda JC,Roda JC,fbref_shots,fbref,204,111,54.4,unexplained_blended,"Low coverage in a domain/season-sensitive column, but this table blends all seasons together -- check season_column_coverage for this column for the real per-season breakdown before treating this as a new finding."
Roda JC,Roda JC,fbref_unused_sub,fbref,204,111,54.4,unexplained_blended,"Low coverage in a domain/season-sensitive column, but this table blends all seasons together -- check season_column_coverage for this column for the real per-season breakdown before treating this as a new finding."
Roda JC,Roda JC,ws_touches_def_pen_area,ws,204,111,54.4,unexplained_blended,"Low coverage in a domain/season-sensitive column, but this table blends all seasons together -- check season_column_coverage for this column for the real per-season breakdown before treating this as a new finding."
Roda JC,Roda JC,ws_touches_att_pen_area,ws,204,111,54.4,unexplained_blended,"Low coverage in a domain/season-sensitive column, but this table blends all seasons together -- check season_column_coverage for this column for the real per-season breakdown before treating this as a new finding."
Roda JC,Roda JC,ws_take_ons,ws,204,111,54.4,unexplained_blended,"Low coverage in a domain/season-sensitive column, but this table blends all seasons together -- check season_column_coverage for this column for the real per-season breakdown before treating this as a new finding."
Roda JC,Roda JC,ws_take_ons_won,ws,204,111,54.4,unexplained_blended,"Low coverage in a domain/season-sensitive column, but this table blends all seasons together -- check season_column_coverage for this column for the real per-season breakdown before treating this as a new finding."
Roda JC,Roda JC,ws_touches,ws,204,111,54.4,unexplained_blended,"Low coverage in a domain/season-sensitive column, but this table blends all seasons together -- check season_column_coverage for this column for the real per-season breakdown before treating this as a new finding."
Roda JC,Roda JC,ws_dispossessed,ws,204,111,54.4,unexplained_blended,"Low coverage in a domain/season-sensitive column, but this table blends all seasons together -- check season_column_coverage for this column for the real per-season breakdown before treating this as a new finding."
Roda JC,Roda JC,ws_tackles,ws,204,111,54.4,unexplained_blended,"Low coverage in a domain/season-sensitive column, but this table blends all seasons together -- check season_column_coverage for this column for the real per-season breakdown before treating this as a new finding."
Roda JC,Roda JC,ws_tackles_won,ws,204,111,54.4,unexplained_blended,"Low coverage in a domain/season-sensitive column, but this table blends all seasons together -- check season_column_coverage for this column for the real per-season breakdown before treating this as a new finding."
Roda JC,Roda JC,ws_tackles_def_3rd,ws,204,111,54.4,unexplained_blended,"Low coverage in a domain/season-sensitive column, but this table blends all seasons together -- check season_column_coverage for this column for the real per-season breakdown before treating this as a new finding."
Roda JC,Roda JC,ws_tackles_mid_3rd,ws,204,111,54.4,unexplained_blended,"Low coverage in a domain/season-sensitive column, but this table blends all seasons together -- check season_column_coverage for this column for the real per-season breakdown before treating this as a new finding."
Roda JC,Roda JC,ws_tackles_att_3rd,ws,204,111,54.4,unexplained_blended,"Low coverage in a domain/season-sensitive column, but this table blends all seasons together -- check season_column_coverage for this column for the real per-season breakdown before treating this as a new finding."
Roda JC,Roda JC,ws_interceptions,ws,204,111,54.4,unexplained_blended,"Low coverage in a domain/season-sensitive column, but this table blends all seasons together -- check season_column_coverage for this column for the real per-season breakdown before treating this as a new finding."
Roda JC,Roda JC,ws_interceptions_def_3rd,ws,204,111,54.4,unexplained_blended,"Low coverage in a domain/season-sensitive column, but this table blends all seasons together -- check season_column_coverage for this column for the real per-season breakdown before treating this as a new finding."
Roda JC,Roda JC,ws_interceptions_mid_3rd,ws,204,111,54.4,unexplained_blended,"Low coverage in a domain/season-sensitive column, but this table blends all seasons together -- check season_column_coverage for this column for the real per-season breakdown before treating this as a new finding."
Roda JC,Roda JC,ws_interceptions_att_3rd,ws,204,111,54.4,unexplained_blended,"Low coverage in a domain/season-sensitive column, but this table blends all seasons together -- check season_column_coverage for this column for the real per-season breakdown before treating this as a new finding."
Roda JC,Roda JC,ws_clearances,ws,204,111,54.4,unexplained_blended,"Low coverage in a domain/season-sensitive column, but this table blends all seasons together -- check season_column_coverage for this column for the real per-season breakdown before treating this as a new finding."
Roda JC,Roda JC,ws_dribbled_past,ws,204,111,54.4,unexplained_blended,"Low coverage in a domain/season-sensitive column, but this table blends all seasons together -- check season_column_coverage for this column for the real per-season breakdown before treating this as a new finding."
Roda JC,Roda JC,ws_errors,ws,204,111,54.4,unexplained_blended,"Low coverage in a domain/season-sensitive column, but this table blends all seasons together -- check season_column_coverage for this column for the real per-season breakdown before treating this as a new finding."
Roda JC,Roda JC,ws_final_third_entries,ws,204,111,54.4,unexplained_blended,"Low coverage in a domain/season-sensitive column, but this table blends all seasons together -- check season_column_coverage for this column for the real per-season breakdown before treating this as a new finding."
Roda JC,Roda JC,ws_pen_area_entries,ws,204,111,54.4,unexplained_blended,"Low coverage in a domain/season-sensitive column, but this table blends all seasons together -- check season_column_coverage for this column for the real per-season breakdown before treating this as a new finding."
Roda JC,Roda JC,ws_aerials,ws,204,111,54.4,unexplained_blended,"Low coverage in a domain/season-sensitive column, but this table blends all seasons together -- check season_column_coverage for this column for the real per-season breakdown before treating this as a new finding."
Roda JC,Roda JC,ws_aerials_won,ws,204,111,54.4,unexplained_blended,"Low coverage in a domain/season-sensitive column, but this table blends all seasons together -- check season_column_coverage for this column for the real per-season breakdown before treating this as a new finding."
Roda JC,Roda JC,ws_passes_completed,ws,204,111,54.4,unexplained_blended,"Low coverage in a domain/season-sensitive column, but this table blends all seasons together -- check season_column_coverage for this column for the real per-season breakdown before treating this as a new finding."
Roda JC,Roda JC,ws_passes,ws,204,111,54.4,unexplained_blended,"Low coverage in a domain/season-sensitive column, but this table blends all seasons together -- check season_column_coverage for this column for the real per-season breakdown before treating this as a new finding."
Roda JC,Roda JC,ws_matches_with_data,ws,204,111,54.4,unexplained_blended,"Low coverage in a domain/season-sensitive column, but this table blends all seasons together -- check season_column_coverage for this column for the real per-season breakdown before treating this as a new finding."
Roda JC,Roda JC,ws_whoscored_player_id,ws,204,111,54.4,unexplained_blended,"Low coverage in a domain/season-sensitive column, but this table blends all seasons together -- check season_column_coverage for this column for the real per-season breakdown before treating this as a new finding."
Roda JC,Roda JC,fbref_shots_on_target,fbref,204,111,54.4,unexplained_blended,"Low coverage in a domain/season-sensitive column, but this table blends all seasons together -- check season_column_coverage for this column for the real per-season breakdown before treating this as a new finding."
Roda JC,Roda JC,ws_touches_mid_3rd,ws,204,111,54.4,unexplained_blended,"Low coverage in a domain/season-sensitive column, but this table blends all seasons together -- check season_column_coverage for this column for the real per-season breakdown before treating this as a new finding."
Roda JC,Roda JC,ws_touches_def_3rd,ws,204,111,54.4,unexplained_blended,"Low coverage in a domain/season-sensitive column, but this table blends all seasons together -- check season_column_coverage for this column for the real per-season breakdown before treating this as a new finding."
Roda JC,Roda JC,fbref_goals_per_shot_on_target,fbref,204,129,63.2,unexplained_blended,"Low coverage in a domain/season-sensitive column, but this table blends all seasons together -- check season_column_coverage for this column for the real per-season breakdown before treating this as a new finding."
Roda JC,Roda JC,fbref_red_cards_per90,fbref,204,177,86.8,,
Roda JC,Roda JC,fbref_fouls_committed_per90,fbref,204,177,86.8,,
Roda JC,Roda JC,fbref_yellow_cards_per90,fbref,204,177,86.8,,
Roda JC,Roda JC,fbref_goals_plus_assists,fbref,204,181,88.7,,
Roda JC,Roda JC,fbref_minutes_pct,fbref,204,181,88.7,,
Roda JC,Roda JC,fbref_minutes_per_match,fbref,204,181,88.7,,
Roda JC,Roda JC,fbref_minutes,fbref,204,181,88.7,,
Roda JC,Roda JC,fbref_goals,fbref,204,181,88.7,,
Roda JC,Roda JC,fbref_nineties,fbref,204,181,88.7,,
Roda JC,Roda JC,fbref_non_penalty_goals_per90,fbref,204,181,88.7,,
Roda JC,Roda JC,fbref_non_penalty_goals,fbref,204,181,88.7,,
Roda JC,Roda JC,fbref_assists,fbref,204,181,88.7,,
Roda JC,Roda JC,fbref_goals_plus_assists_per90,fbref,204,181,88.7,,
Roda JC,Roda JC,fbref_assists_per90,fbref,204,181,88.7,,
Roda JC,Roda JC,fbref_goals_per90,fbref,204,181,88.7,,
Roda JC,Roda JC,fbref_penalty_goals,fbref,204,181,88.7,,
Roda JC,Roda JC,fbref_penalty_attempts,fbref,204,181,88.7,,
Roda JC,Roda JC,fbref_fouls_committed,fbref,204,181,88.7,,
Roda JC,Roda JC,fbref_red_cards,fbref,204,181,88.7,,
Roda JC,Roda JC,fbref_yellow_cards,fbref,204,181,88.7,,
Roda JC,Roda JC,fbref_shots_on_target_per90,fbref,204,181,88.7,,
Roda JC,Roda JC,fbref_non_penalty_goals_plus_assists_per90,fbref,204,181,88.7,,
Roda JC,Roda JC,fbref_complete_matches,fbref,204,195,95.6,,
Roda JC,Roda JC,fbref_position,fbref,204,204,100.0,,
Roda JC,Roda JC,fbref_nation,fbref,204,204,100.0,,
Roda JC,Roda JC,fbref_matches_played,fbref,204,204,100.0,,
Roda JC,Roda JC,fbref_born,fbref,204,204,100.0,,
Roda JC,Roda JC,fbref_substitute_appearances,fbref,204,204,100.0,,
Roda JC,Roda JC,fbref_age,fbref,204,204,100.0,,
Roda JC,Roda JC,fbref_starts,fbref,204,204,100.0,,
Sparta R.,Sparta,fbref_penalty_kicks_won,fbref,313,59,18.8,unexplained_blended,"Low coverage in a domain/season-sensitive column, but this table blends all seasons together -- check season_column_coverage for this column for the real per-season breakdown before treating this as a new finding."
Sparta R.,Sparta,fbref_penalty_kicks_conceded_per90,fbref,313,59,18.8,unexplained_blended,"Low coverage in a domain/season-sensitive column, but this table blends all seasons together -- check season_column_coverage for this column for the real per-season breakdown before treating this as a new finding."
Sparta R.,Sparta,fbref_penalty_kicks_won_per90,fbref,313,59,18.8,unexplained_blended,"Low coverage in a domain/season-sensitive column, but this table blends all seasons together -- check season_column_coverage for this column for the real per-season breakdown before treating this as a new finding."
Sparta R.,Sparta,fbref_penalty_kicks_conceded,fbref,313,59,18.8,unexplained_blended,"Low coverage in a domain/season-sensitive column, but this table blends all seasons together -- check season_column_coverage for this column for the real per-season breakdown before treating this as a new finding."
Sparta R.,Sparta,gk_penalty_kick_save_pct,gk,42,13,31.0,,
Sparta R.,Sparta,gk_penalty_kicks_saved,gk,42,17,40.5,,
Sparta R.,Sparta,gk_penalty_kicks_missed_by_opponent,gk,42,17,40.5,,
Sparta R.,Sparta,gk_saves_per90,gk,42,17,40.5,,
Sparta R.,Sparta,gk_draws,gk,42,17,40.5,,
Sparta R.,Sparta,gk_penalty_kicks_allowed,gk,42,17,40.5,,
Sparta R.,Sparta,gk_penalty_kicks_faced,gk,42,17,40.5,,
Sparta R.,Sparta,gk_clean_sheet_pct,gk,42,17,40.5,,
Sparta R.,Sparta,gk_clean_sheets,gk,42,17,40.5,,
Sparta R.,Sparta,gk_losses,gk,42,17,40.5,,
Sparta R.,Sparta,gk_wins,gk,42,17,40.5,,
Sparta R.,Sparta,gk_goals_against,gk,42,17,40.5,,
Sparta R.,Sparta,gk_saves,gk,42,17,40.5,,
Sparta R.,Sparta,gk_save_pct,gk,42,17,40.5,,
Sparta R.,Sparta,gk_goals_against_per90,gk,42,17,40.5,,
Sparta R.,Sparta,gk_shots_on_target_against,gk,42,17,40.5,,
Sparta R.,Sparta,fbref_minutes_per_sub,fbref,313,155,49.5,unexplained_blended,"Low coverage in a domain/season-sensitive column, but this table blends all seasons together -- check season_column_coverage for this column for the real per-season breakdown before treating this as a new finding."
Sparta R.,Sparta,fbref_goals_per_shot,fbref,313,158,50.5,unexplained_blended,"Low coverage in a domain/season-sensitive column, but this table blends all seasons together -- check season_column_coverage for this column for the real per-season breakdown before treating this as a new finding."
Sparta R.,Sparta,fbref_minutes_per_start,fbref,313,158,50.5,unexplained_blended,"Low coverage in a domain/season-sensitive column, but this table blends all seasons together -- check season_column_coverage for this column for the real per-season breakdown before treating this as a new finding."
Sparta R.,Sparta,fbref_goals_per_shot_on_target,fbref,313,178,56.9,unexplained_blended,"Low coverage in a domain/season-sensitive column, but this table blends all seasons together -- check season_column_coverage for this column for the real per-season breakdown before treating this as a new finding."
Sparta R.,Sparta,tm_height_cm,tm,313,189,60.4,,
Sparta R.,Sparta,tm_foot,tm,313,189,60.4,,
Sparta R.,Sparta,fbref_shots_on_target_pct,fbref,313,208,66.5,unexplained_blended,"Low coverage in a domain/season-sensitive column, but this table blends all seasons together -- check season_column_coverage for this column for the real per-season breakdown before treating this as a new finding."
Sparta R.,Sparta,ws_take_ons_won_pct,ws,313,210,67.1,unexplained_blended,"Low coverage in a domain/season-sensitive column, but this table blends all seasons together -- check season_column_coverage for this column for the real per-season breakdown before treating this as a new finding."
Sparta R.,Sparta,ws_ground_duel_win_pct,ws,313,230,73.5,unexplained_blended,"Low coverage in a domain/season-sensitive column, but this table blends all seasons together -- check season_column_coverage for this column for the real per-season breakdown before treating this as a new finding."
Sparta R.,Sparta,ws_aerial_duel_win_pct,ws,313,234,74.8,unexplained_blended,"Low coverage in a domain/season-sensitive column, but this table blends all seasons together -- check season_column_coverage for this column for the real per-season breakdown before treating this as a new finding."
Sparta R.,Sparta,ws_aerials_won_per90,ws,313,244,78.0,unexplained_blended,"Low coverage in a domain/season-sensitive column, but this table blends all seasons together -- check season_column_coverage for this column for the real per-season breakdown before treating this as a new finding."
Sparta R.,Sparta,ws_passes_per90,ws,313,244,78.0,unexplained_blended,"Low coverage in a domain/season-sensitive column, but this table blends all seasons together -- check season_column_coverage for this column for the real per-season breakdown before treating this as a new finding."
Sparta R.,Sparta,ws_passes_completed_per90,ws,313,244,78.0,unexplained_blended,"Low coverage in a domain/season-sensitive column, but this table blends all seasons together -- check season_column_coverage for this column for the real per-season breakdown before treating this as a new finding."
Sparta R.,Sparta,ws_touches_per90,ws,313,244,78.0,unexplained_blended,"Low coverage in a domain/season-sensitive column, but this table blends all seasons together -- check season_column_coverage for this column for the real per-season breakdown before treating this as a new finding."
Sparta R.,Sparta,ws_touches_def_3rd_per90,ws,313,244,78.0,unexplained_blended,"Low coverage in a domain/season-sensitive column, but this table blends all seasons together -- check season_column_coverage for this column for the real per-season breakdown before treating this as a new finding."
Sparta R.,Sparta,ws_touches_mid_3rd_per90,ws,313,244,78.0,unexplained_blended,"Low coverage in a domain/season-sensitive column, but this table blends all seasons together -- check season_column_coverage for this column for the real per-season breakdown before treating this as a new finding."
Sparta R.,Sparta,ws_touches_att_3rd_per90,ws,313,244,78.0,unexplained_blended,"Low coverage in a domain/season-sensitive column, but this table blends all seasons together -- check season_column_coverage for this column for the real per-season breakdown before treating this as a new finding."
Sparta R.,Sparta,ws_touches_def_pen_area_per90,ws,313,244,78.0,unexplained_blended,"Low coverage in a domain/season-sensitive column, but this table blends all seasons together -- check season_column_coverage for this column for the real per-season breakdown before treating this as a new finding."
Sparta R.,Sparta,ws_touches_att_pen_area_per90,ws,313,244,78.0,unexplained_blended,"Low coverage in a domain/season-sensitive column, but this table blends all seasons together -- check season_column_coverage for this column for the real per-season breakdown before treating this as a new finding."
Sparta R.,Sparta,ws_take_ons_per90,ws,313,244,78.0,unexplained_blended,"Low coverage in a domain/season-sensitive column, but this table blends all seasons together -- check season_column_coverage for this column for the real per-season breakdown before treating this as a new finding."
Sparta R.,Sparta,ws_take_ons_won_per90,ws,313,244,78.0,unexplained_blended,"Low coverage in a domain/season-sensitive column, but this table blends all seasons together -- check season_column_coverage for this column for the real per-season breakdown before treating this as a new finding."
Sparta R.,Sparta,ws_dispossessed_per90,ws,313,244,78.0,unexplained_blended,"Low coverage in a domain/season-sensitive column, but this table blends all seasons together -- check season_column_coverage for this column for the real per-season breakdown before treating this as a new finding."
Sparta R.,Sparta,ws_tackles_per90,ws,313,244,78.0,unexplained_blended,"Low coverage in a domain/season-sensitive column, but this table blends all seasons together -- check season_column_coverage for this column for the real per-season breakdown before treating this as a new finding."
Sparta R.,Sparta,ws_tackles_won_per90,ws,313,244,78.0,unexplained_blended,"Low coverage in a domain/season-sensitive column, but this table blends all seasons together -- check season_column_coverage for this column for the real per-season breakdown before treating this as a new finding."
Sparta R.,Sparta,ws_tackles_def_3rd_per90,ws,313,244,78.0,unexplained_blended,"Low coverage in a domain/season-sensitive column, but this table blends all seasons together -- check season_column_coverage for this column for the real per-season breakdown before treating this as a new finding."
Sparta R.,Sparta,ws_tackles_mid_3rd_per90,ws,313,244,78.0,unexplained_blended,"Low coverage in a domain/season-sensitive column, but this table blends all seasons together -- check season_column_coverage for this column for the real per-season breakdown before treating this as a new finding."
Sparta R.,Sparta,ws_tackles_att_3rd_per90,ws,313,244,78.0,unexplained_blended,"Low coverage in a domain/season-sensitive column, but this table blends all seasons together -- check season_column_coverage for this column for the real per-season breakdown before treating this as a new finding."
Sparta R.,Sparta,ws_interceptions_per90,ws,313,244,78.0,unexplained_blended,"Low coverage in a domain/season-sensitive column, but this table blends all seasons together -- check season_column_coverage for this column for the real per-season breakdown before treating this as a new finding."
Sparta R.,Sparta,ws_interceptions_def_3rd_per90,ws,313,244,78.0,unexplained_blended,"Low coverage in a domain/season-sensitive column, but this table blends all seasons together -- check season_column_coverage for this column for the real per-season breakdown before treating this as a new finding."
Sparta R.,Sparta,ws_interceptions_mid_3rd_per90,ws,313,244,78.0,unexplained_blended,"Low coverage in a domain/season-sensitive column, but this table blends all seasons together -- check season_column_coverage for this column for the real per-season breakdown before treating this as a new finding."
Sparta R.,Sparta,ws_interceptions_att_3rd_per90,ws,313,244,78.0,unexplained_blended,"Low coverage in a domain/season-sensitive column, but this table blends all seasons together -- check season_column_coverage for this column for the real per-season breakdown before treating this as a new finding."
Sparta R.,Sparta,ws_clearances_per90,ws,313,244,78.0,unexplained_blended,"Low coverage in a domain/season-sensitive column, but this table blends all seasons together -- check season_column_coverage for this column for the real per-season breakdown before treating this as a new finding."
Sparta R.,Sparta,ws_dribbled_past_per90,ws,313,244,78.0,unexplained_blended,"Low coverage in a domain/season-sensitive column, but this table blends all seasons together -- check season_column_coverage for this column for the real per-season breakdown before treating this as a new finding."
Sparta R.,Sparta,ws_errors_per90,ws,313,244,78.0,unexplained_blended,"Low coverage in a domain/season-sensitive column, but this table blends all seasons together -- check season_column_coverage for this column for the real per-season breakdown before treating this as a new finding."
Sparta R.,Sparta,ws_final_third_entries_per90,ws,313,244,78.0,unexplained_blended,"Low coverage in a domain/season-sensitive column, but this table blends all seasons together -- check season_column_coverage for this column for the real per-season breakdown before treating this as a new finding."
Sparta R.,Sparta,ws_pen_area_entries_per90,ws,313,244,78.0,unexplained_blended,"Low coverage in a domain/season-sensitive column, but this table blends all seasons together -- check season_column_coverage for this column for the real per-season breakdown before treating this as a new finding."
Sparta R.,Sparta,ws_aerials_per90,ws,313,244,78.0,unexplained_blended,"Low coverage in a domain/season-sensitive column, but this table blends all seasons together -- check season_column_coverage for this column for the real per-season breakdown before treating this as a new finding."
Sparta R.,Sparta,fbref_second_yellow_cards_per90,fbref,313,245,78.3,unexplained_blended,"Low coverage in a domain/season-sensitive column, but this table blends all seasons together -- check season_column_coverage for this column for the real per-season breakdown before treating this as a new finding."
Sparta R.,Sparta,fbref_interceptions_per90,fbref,313,245,78.3,unexplained_blended,"Low coverage in a domain/season-sensitive column, but this table blends all seasons together -- check season_column_coverage for this column for the real per-season breakdown before treating this as a new finding."
Sparta R.,Sparta,fbref_crosses_per90,fbref,313,245,78.3,unexplained_blended,"Low coverage in a domain/season-sensitive column, but this table blends all seasons together -- check season_column_coverage for this column for the real per-season breakdown before treating this as a new finding."
Sparta R.,Sparta,fbref_offsides_per90,fbref,313,245,78.3,unexplained_blended,"Low coverage in a domain/season-sensitive column, but this table blends all seasons together -- check season_column_coverage for this column for the real per-season breakdown before treating this as a new finding."
Sparta R.,Sparta,fbref_fouls_drawn_per90,fbref,313,245,78.3,unexplained_blended,"Low coverage in a domain/season-sensitive column, but this table blends all seasons together -- check season_column_coverage for this column for the real per-season breakdown before treating this as a new finding."
Sparta R.,Sparta,fbref_own_goals_per90,fbref,313,245,78.3,unexplained_blended,"Low coverage in a domain/season-sensitive column, but this table blends all seasons together -- check season_column_coverage for this column for the real per-season breakdown before treating this as a new finding."
Sparta R.,Sparta,fbref_tackles_won_per90,fbref,313,245,78.3,unexplained_blended,"Low coverage in a domain/season-sensitive column, but this table blends all seasons together -- check season_column_coverage for this column for the real per-season breakdown before treating this as a new finding."
Sparta R.,Sparta,ws_passes_pct,ws,313,246,78.6,unexplained_blended,"Low coverage in a domain/season-sensitive column, but this table blends all seasons together -- check season_column_coverage for this column for the real per-season breakdown before treating this as a new finding."
Sparta R.,Sparta,fbref_fouls_committed_per90,fbref,313,247,78.9,unexplained_blended,"Low coverage in a domain/season-sensitive column, but this table blends all seasons together -- check season_column_coverage for this column for the real per-season breakdown before treating this as a new finding."
Sparta R.,Sparta,fbref_red_cards_per90,fbref,313,247,78.9,unexplained_blended,"Low coverage in a domain/season-sensitive column, but this table blends all seasons together -- check season_column_coverage for this column for the real per-season breakdown before treating this as a new finding."
Sparta R.,Sparta,fbref_yellow_cards_per90,fbref,313,247,78.9,unexplained_blended,"Low coverage in a domain/season-sensitive column, but this table blends all seasons together -- check season_column_coverage for this column for the real per-season breakdown before treating this as a new finding."
Sparta R.,Sparta,ws_touches_att_pen_area,ws,313,249,79.6,unexplained_blended,"Low coverage in a domain/season-sensitive column, but this table blends all seasons together -- check season_column_coverage for this column for the real per-season breakdown before treating this as a new finding."
Sparta R.,Sparta,ws_take_ons,ws,313,249,79.6,unexplained_blended,"Low coverage in a domain/season-sensitive column, but this table blends all seasons together -- check season_column_coverage for this column for the real per-season breakdown before treating this as a new finding."
Sparta R.,Sparta,ws_take_ons_won,ws,313,249,79.6,unexplained_blended,"Low coverage in a domain/season-sensitive column, but this table blends all seasons together -- check season_column_coverage for this column for the real per-season breakdown before treating this as a new finding."
Sparta R.,Sparta,ws_pen_area_entries,ws,313,249,79.6,unexplained_blended,"Low coverage in a domain/season-sensitive column, but this table blends all seasons together -- check season_column_coverage for this column for the real per-season breakdown before treating this as a new finding."
Sparta R.,Sparta,ws_aerials_won,ws,313,249,79.6,unexplained_blended,"Low coverage in a domain/season-sensitive column, but this table blends all seasons together -- check season_column_coverage for this column for the real per-season breakdown before treating this as a new finding."
Sparta R.,Sparta,ws_whoscored_player_id,ws,313,249,79.6,unexplained_blended,"Low coverage in a domain/season-sensitive column, but this table blends all seasons together -- check season_column_coverage for this column for the real per-season breakdown before treating this as a new finding."
Sparta R.,Sparta,ws_matches_with_data,ws,313,249,79.6,unexplained_blended,"Low coverage in a domain/season-sensitive column, but this table blends all seasons together -- check season_column_coverage for this column for the real per-season breakdown before treating this as a new finding."
Sparta R.,Sparta,ws_passes,ws,313,249,79.6,unexplained_blended,"Low coverage in a domain/season-sensitive column, but this table blends all seasons together -- check season_column_coverage for this column for the real per-season breakdown before treating this as a new finding."
Sparta R.,Sparta,ws_passes_completed,ws,313,249,79.6,unexplained_blended,"Low coverage in a domain/season-sensitive column, but this table blends all seasons together -- check season_column_coverage for this column for the real per-season breakdown before treating this as a new finding."
Sparta R.,Sparta,ws_touches,ws,313,249,79.6,unexplained_blended,"Low coverage in a domain/season-sensitive column, but this table blends all seasons together -- check season_column_coverage for this column for the real per-season breakdown before treating this as a new finding."
Sparta R.,Sparta,ws_touches_def_3rd,ws,313,249,79.6,unexplained_blended,"Low coverage in a domain/season-sensitive column, but this table blends all seasons together -- check season_column_coverage for this column for the real per-season breakdown before treating this as a new finding."
Sparta R.,Sparta,ws_touches_mid_3rd,ws,313,249,79.6,unexplained_blended,"Low coverage in a domain/season-sensitive column, but this table blends all seasons together -- check season_column_coverage for this column for the real per-season breakdown before treating this as a new finding."
Sparta R.,Sparta,ws_touches_att_3rd,ws,313,249,79.6,unexplained_blended,"Low coverage in a domain/season-sensitive column, but this table blends all seasons together -- check season_column_coverage for this column for the real per-season breakdown before treating this as a new finding."
Sparta R.,Sparta,ws_touches_def_pen_area,ws,313,249,79.6,unexplained_blended,"Low coverage in a domain/season-sensitive column, but this table blends all seasons together -- check season_column_coverage for this column for the real per-season breakdown before treating this as a new finding."
Sparta R.,Sparta,ws_aerials,ws,313,249,79.6,unexplained_blended,"Low coverage in a domain/season-sensitive column, but this table blends all seasons together -- check season_column_coverage for this column for the real per-season breakdown before treating this as a new finding."
Sparta R.,Sparta,ws_dispossessed,ws,313,249,79.6,unexplained_blended,"Low coverage in a domain/season-sensitive column, but this table blends all seasons together -- check season_column_coverage for this column for the real per-season breakdown before treating this as a new finding."
Sparta R.,Sparta,ws_tackles,ws,313,249,79.6,unexplained_blended,"Low coverage in a domain/season-sensitive column, but this table blends all seasons together -- check season_column_coverage for this column for the real per-season breakdown before treating this as a new finding."
Sparta R.,Sparta,ws_tackles_won,ws,313,249,79.6,unexplained_blended,"Low coverage in a domain/season-sensitive column, but this table blends all seasons together -- check season_column_coverage for this column for the real per-season breakdown before treating this as a new finding."
Sparta R.,Sparta,ws_tackles_def_3rd,ws,313,249,79.6,unexplained_blended,"Low coverage in a domain/season-sensitive column, but this table blends all seasons together -- check season_column_coverage for this column for the real per-season breakdown before treating this as a new finding."
Sparta R.,Sparta,ws_tackles_mid_3rd,ws,313,249,79.6,unexplained_blended,"Low coverage in a domain/season-sensitive column, but this table blends all seasons together -- check season_column_coverage for this column for the real per-season breakdown before treating this as a new finding."
Sparta R.,Sparta,ws_tackles_att_3rd,ws,313,249,79.6,unexplained_blended,"Low coverage in a domain/season-sensitive column, but this table blends all seasons together -- check season_column_coverage for this column for the real per-season breakdown before treating this as a new finding."
Sparta R.,Sparta,ws_interceptions,ws,313,249,79.6,unexplained_blended,"Low coverage in a domain/season-sensitive column, but this table blends all seasons together -- check season_column_coverage for this column for the real per-season breakdown before treating this as a new finding."
Sparta R.,Sparta,ws_interceptions_def_3rd,ws,313,249,79.6,unexplained_blended,"Low coverage in a domain/season-sensitive column, but this table blends all seasons together -- check season_column_coverage for this column for the real per-season breakdown before treating this as a new finding."
Sparta R.,Sparta,ws_interceptions_mid_3rd,ws,313,249,79.6,unexplained_blended,"Low coverage in a domain/season-sensitive column, but this table blends all seasons together -- check season_column_coverage for this column for the real per-season breakdown before treating this as a new finding."
Sparta R.,Sparta,ws_interceptions_att_3rd,ws,313,249,79.6,unexplained_blended,"Low coverage in a domain/season-sensitive column, but this table blends all seasons together -- check season_column_coverage for this column for the real per-season breakdown before treating this as a new finding."
Sparta R.,Sparta,ws_clearances,ws,313,249,79.6,unexplained_blended,"Low coverage in a domain/season-sensitive column, but this table blends all seasons together -- check season_column_coverage for this column for the real per-season breakdown before treating this as a new finding."
Sparta R.,Sparta,ws_dribbled_past,ws,313,249,79.6,unexplained_blended,"Low coverage in a domain/season-sensitive column, but this table blends all seasons together -- check season_column_coverage for this column for the real per-season breakdown before treating this as a new finding."
Sparta R.,Sparta,ws_errors,ws,313,249,79.6,unexplained_blended,"Low coverage in a domain/season-sensitive column, but this table blends all seasons together -- check season_column_coverage for this column for the real per-season breakdown before treating this as a new finding."
Sparta R.,Sparta,ws_final_third_entries,ws,313,249,79.6,unexplained_blended,"Low coverage in a domain/season-sensitive column, but this table blends all seasons together -- check season_column_coverage for this column for the real per-season breakdown before treating this as a new finding."
Sparta R.,Sparta,fbref_on_off,fbref,313,251,80.2,,
Sparta R.,Sparta,fbref_fouls_drawn,fbref,313,252,80.5,,
Sparta R.,Sparta,fbref_tackles_won,fbref,313,252,80.5,,
Sparta R.,Sparta,fbref_shots_per90,fbref,313,252,80.5,,
Sparta R.,Sparta,fbref_second_yellow_cards,fbref,313,252,80.5,,
Sparta R.,Sparta,fbref_own_goals,fbref,313,252,80.5,,
Sparta R.,Sparta,fbref_offsides,fbref,313,252,80.5,,
Sparta R.,Sparta,fbref_crosses,fbref,313,252,80.5,,
Sparta R.,Sparta,fbref_interceptions,fbref,313,252,80.5,,
Sparta R.,Sparta,fbref_shots_on_target,fbref,313,254,81.2,,
Sparta R.,Sparta,fbref_goals_per90,fbref,313,254,81.2,,
Sparta R.,Sparta,fbref_assists_per90,fbref,313,254,81.2,,
Sparta R.,Sparta,fbref_goals_plus_assists_per90,fbref,313,254,81.2,,
Sparta R.,Sparta,fbref_non_penalty_goals_per90,fbref,313,254,81.2,,
Sparta R.,Sparta,fbref_non_penalty_goals_plus_assists_per90,fbref,313,254,81.2,,
Sparta R.,Sparta,fbref_shots,fbref,313,254,81.2,,
Sparta R.,Sparta,fbref_shots_on_target_per90,fbref,313,254,81.2,,
Sparta R.,Sparta,fbref_yellow_cards,fbref,313,254,81.2,,
Sparta R.,Sparta,fbref_red_cards,fbref,313,254,81.2,,
Sparta R.,Sparta,fbref_fouls_committed,fbref,313,254,81.2,,
Sparta R.,Sparta,fbref_minutes,fbref,313,254,81.2,,
Sparta R.,Sparta,fbref_minutes_per_match,fbref,313,254,81.2,,
Sparta R.,Sparta,fbref_minutes_pct,fbref,313,254,81.2,,
Sparta R.,Sparta,fbref_nineties,fbref,313,254,81.2,,
Sparta R.,Sparta,fbref_points_per_match,fbref,313,254,81.2,,
Sparta R.,Sparta,fbref_team_goals_while_on_pitch,fbref,313,254,81.2,,
Sparta R.,Sparta,fbref_team_goals_against_while_on_pitch,fbref,313,254,81.2,,
Sparta R.,Sparta,fbref_plus_minus,fbref,313,254,81.2,,
Sparta R.,Sparta,fbref_plus_minus_per90,fbref,313,254,81.2,,
Sparta R.,Sparta,fbref_goals,fbref,313,254,81.2,,
Sparta R.,Sparta,fbref_assists,fbref,313,254,81.2,,
Sparta R.,Sparta,fbref_goals_plus_assists,fbref,313,254,81.2,,
Sparta R.,Sparta,fbref_non_penalty_goals,fbref,313,254,81.2,,
Sparta R.,Sparta,fbref_penalty_goals,fbref,313,254,81.2,,
Sparta R.,Sparta,fbref_penalty_attempts,fbref,313,254,81.2,,
Sparta R.,Sparta,fbref_complete_matches,fbref,313,306,97.8,,
Sparta R.,Sparta,fbref_nation,fbref,313,310,99.0,,
Sparta R.,Sparta,fbref_age,fbref,313,311,99.4,,
Sparta R.,Sparta,fbref_born,fbref,313,311,99.4,,
Sparta R.,Sparta,fbref_substitute_appearances,fbref,313,313,100.0,,
Sparta R.,Sparta,fbref_position,fbref,313,313,100.0,,
Sparta R.,Sparta,fbref_unused_sub,fbref,313,313,100.0,,
Sparta R.,Sparta,fbref_starts,fbref,313,313,100.0,,
Sparta R.,Sparta,fbref_matches_played,fbref,313,313,100.0,,
Telstar,Telstar,fbref_penalty_kicks_conceded_per90,fbref,35,0,0.0,unexplained_blended,"Low coverage in a domain/season-sensitive column, but this table blends all seasons together -- check season_column_coverage for this column for the real per-season breakdown before treating this as a new finding."
Telstar,Telstar,fbref_penalty_kicks_won,fbref,35,0,0.0,unexplained_blended,"Low coverage in a domain/season-sensitive column, but this table blends all seasons together -- check season_column_coverage for this column for the real per-season breakdown before treating this as a new finding."
Telstar,Telstar,fbref_penalty_kicks_conceded,fbref,35,0,0.0,unexplained_blended,"Low coverage in a domain/season-sensitive column, but this table blends all seasons together -- check season_column_coverage for this column for the real per-season breakdown before treating this as a new finding."
Telstar,Telstar,fbref_penalty_kicks_won_per90,fbref,35,0,0.0,unexplained_blended,"Low coverage in a domain/season-sensitive column, but this table blends all seasons together -- check season_column_coverage for this column for the real per-season breakdown before treating this as a new finding."
Telstar,Telstar,gk_penalty_kick_save_pct,gk,4,1,25.0,,
Telstar,Telstar,tm_foot,tm,35,15,42.9,,
Telstar,Telstar,tm_height_cm,tm,35,16,45.7,,
Telstar,Telstar,gk_clean_sheets,gk,4,2,50.0,,
Telstar,Telstar,gk_shots_on_target_against,gk,4,2,50.0,,
Telstar,Telstar,gk_saves,gk,4,2,50.0,,
Telstar,Telstar,gk_save_pct,gk,4,2,50.0,,
Telstar,Telstar,gk_wins,gk,4,2,50.0,,
Telstar,Telstar,gk_draws,gk,4,2,50.0,,
Telstar,Telstar,gk_saves_per90,gk,4,2,50.0,,
Telstar,Telstar,gk_penalty_kicks_faced,gk,4,2,50.0,,
Telstar,Telstar,gk_losses,gk,4,2,50.0,,
Telstar,Telstar,gk_penalty_kicks_missed_by_opponent,gk,4,2,50.0,,
Telstar,Telstar,gk_penalty_kicks_allowed,gk,4,2,50.0,,
Telstar,Telstar,gk_clean_sheet_pct,gk,4,2,50.0,,
Telstar,Telstar,gk_goals_against,gk,4,2,50.0,,
Telstar,Telstar,gk_goals_against_per90,gk,4,2,50.0,,
Telstar,Telstar,gk_penalty_kicks_saved,gk,4,2,50.0,,
Telstar,Telstar,fbref_goals_per_shot_on_target,fbref,35,21,60.0,unexplained_blended,"Low coverage in a domain/season-sensitive column, but this table blends all seasons together -- check season_column_coverage for this column for the real per-season breakdown before treating this as a new finding."
Telstar,Telstar,fbref_minutes_per_start,fbref,35,21,60.0,unexplained_blended,"Low coverage in a domain/season-sensitive column, but this table blends all seasons together -- check season_column_coverage for this column for the real per-season breakdown before treating this as a new finding."
Telstar,Telstar,fbref_minutes_per_sub,fbref,35,23,65.7,unexplained_blended,"Low coverage in a domain/season-sensitive column, but this table blends all seasons together -- check season_column_coverage for this column for the real per-season breakdown before treating this as a new finding."
Telstar,Telstar,fbref_shots_on_target_pct,fbref,35,24,68.6,unexplained_blended,"Low coverage in a domain/season-sensitive column, but this table blends all seasons together -- check season_column_coverage for this column for the real per-season breakdown before treating this as a new finding."
Telstar,Telstar,fbref_goals_per_shot,fbref,35,24,68.6,unexplained_blended,"Low coverage in a domain/season-sensitive column, but this table blends all seasons together -- check season_column_coverage for this column for the real per-season breakdown before treating this as a new finding."
Telstar,Telstar,ws_take_ons_won_pct,ws,35,25,71.4,unexplained_blended,"Low coverage in a domain/season-sensitive column, but this table blends all seasons together -- check season_column_coverage for this column for the real per-season breakdown before treating this as a new finding."
Telstar,Telstar,ws_aerial_duel_win_pct,ws,35,25,71.4,unexplained_blended,"Low coverage in a domain/season-sensitive column, but this table blends all seasons together -- check season_column_coverage for this column for the real per-season breakdown before treating this as a new finding."
Telstar,Telstar,ws_ground_duel_win_pct,ws,35,25,71.4,unexplained_blended,"Low coverage in a domain/season-sensitive column, but this table blends all seasons together -- check season_column_coverage for this column for the real per-season breakdown before treating this as a new finding."
Telstar,Telstar,ws_take_ons_per90,ws,35,27,77.1,unexplained_blended,"Low coverage in a domain/season-sensitive column, but this table blends all seasons together -- check season_column_coverage for this column for the real per-season breakdown before treating this as a new finding."
Telstar,Telstar,ws_take_ons_won_per90,ws,35,27,77.1,unexplained_blended,"Low coverage in a domain/season-sensitive column, but this table blends all seasons together -- check season_column_coverage for this column for the real per-season breakdown before treating this as a new finding."
Telstar,Telstar,ws_dispossessed_per90,ws,35,27,77.1,unexplained_blended,"Low coverage in a domain/season-sensitive column, but this table blends all seasons together -- check season_column_coverage for this column for the real per-season breakdown before treating this as a new finding."
Telstar,Telstar,ws_tackles_per90,ws,35,27,77.1,unexplained_blended,"Low coverage in a domain/season-sensitive column, but this table blends all seasons together -- check season_column_coverage for this column for the real per-season breakdown before treating this as a new finding."
Telstar,Telstar,ws_tackles_won_per90,ws,35,27,77.1,unexplained_blended,"Low coverage in a domain/season-sensitive column, but this table blends all seasons together -- check season_column_coverage for this column for the real per-season breakdown before treating this as a new finding."
Telstar,Telstar,ws_tackles_def_3rd_per90,ws,35,27,77.1,unexplained_blended,"Low coverage in a domain/season-sensitive column, but this table blends all seasons together -- check season_column_coverage for this column for the real per-season breakdown before treating this as a new finding."
Telstar,Telstar,ws_tackles_mid_3rd_per90,ws,35,27,77.1,unexplained_blended,"Low coverage in a domain/season-sensitive column, but this table blends all seasons together -- check season_column_coverage for this column for the real per-season breakdown before treating this as a new finding."
Telstar,Telstar,ws_tackles_att_3rd_per90,ws,35,27,77.1,unexplained_blended,"Low coverage in a domain/season-sensitive column, but this table blends all seasons together -- check season_column_coverage for this column for the real per-season breakdown before treating this as a new finding."
Telstar,Telstar,ws_touches_att_3rd,ws,35,27,77.1,unexplained_blended,"Low coverage in a domain/season-sensitive column, but this table blends all seasons together -- check season_column_coverage for this column for the real per-season breakdown before treating this as a new finding."
Telstar,Telstar,ws_interceptions_def_3rd_per90,ws,35,27,77.1,unexplained_blended,"Low coverage in a domain/season-sensitive column, but this table blends all seasons together -- check season_column_coverage for this column for the real per-season breakdown before treating this as a new finding."
Telstar,Telstar,ws_aerials_won_per90,ws,35,27,77.1,unexplained_blended,"Low coverage in a domain/season-sensitive column, but this table blends all seasons together -- check season_column_coverage for this column for the real per-season breakdown before treating this as a new finding."
Telstar,Telstar,ws_aerials_per90,ws,35,27,77.1,unexplained_blended,"Low coverage in a domain/season-sensitive column, but this table blends all seasons together -- check season_column_coverage for this column for the real per-season breakdown before treating this as a new finding."
Telstar,Telstar,ws_pen_area_entries_per90,ws,35,27,77.1,unexplained_blended,"Low coverage in a domain/season-sensitive column, but this table blends all seasons together -- check season_column_coverage for this column for the real per-season breakdown before treating this as a new finding."
Telstar,Telstar,ws_final_third_entries_per90,ws,35,27,77.1,unexplained_blended,"Low coverage in a domain/season-sensitive column, but this table blends all seasons together -- check season_column_coverage for this column for the real per-season breakdown before treating this as a new finding."
Telstar,Telstar,ws_errors_per90,ws,35,27,77.1,unexplained_blended,"Low coverage in a domain/season-sensitive column, but this table blends all seasons together -- check season_column_coverage for this column for the real per-season breakdown before treating this as a new finding."
Telstar,Telstar,ws_dribbled_past_per90,ws,35,27,77.1,unexplained_blended,"Low coverage in a domain/season-sensitive column, but this table blends all seasons together -- check season_column_coverage for this column for the real per-season breakdown before treating this as a new finding."
Telstar,Telstar,ws_clearances_per90,ws,35,27,77.1,unexplained_blended,"Low coverage in a domain/season-sensitive column, but this table blends all seasons together -- check season_column_coverage for this column for the real per-season breakdown before treating this as a new finding."
Telstar,Telstar,ws_interceptions_att_3rd_per90,ws,35,27,77.1,unexplained_blended,"Low coverage in a domain/season-sensitive column, but this table blends all seasons together -- check season_column_coverage for this column for the real per-season breakdown before treating this as a new finding."
Telstar,Telstar,ws_interceptions_mid_3rd_per90,ws,35,27,77.1,unexplained_blended,"Low coverage in a domain/season-sensitive column, but this table blends all seasons together -- check season_column_coverage for this column for the real per-season breakdown before treating this as a new finding."
Telstar,Telstar,ws_whoscored_player_id,ws,35,27,77.1,unexplained_blended,"Low coverage in a domain/season-sensitive column, but this table blends all seasons together -- check season_column_coverage for this column for the real per-season breakdown before treating this as a new finding."
Telstar,Telstar,ws_matches_with_data,ws,35,27,77.1,unexplained_blended,"Low coverage in a domain/season-sensitive column, but this table blends all seasons together -- check season_column_coverage for this column for the real per-season breakdown before treating this as a new finding."
Telstar,Telstar,ws_passes,ws,35,27,77.1,unexplained_blended,"Low coverage in a domain/season-sensitive column, but this table blends all seasons together -- check season_column_coverage for this column for the real per-season breakdown before treating this as a new finding."
Telstar,Telstar,ws_passes_completed,ws,35,27,77.1,unexplained_blended,"Low coverage in a domain/season-sensitive column, but this table blends all seasons together -- check season_column_coverage for this column for the real per-season breakdown before treating this as a new finding."
Telstar,Telstar,ws_passes_pct,ws,35,27,77.1,unexplained_blended,"Low coverage in a domain/season-sensitive column, but this table blends all seasons together -- check season_column_coverage for this column for the real per-season breakdown before treating this as a new finding."
Telstar,Telstar,ws_touches,ws,35,27,77.1,unexplained_blended,"Low coverage in a domain/season-sensitive column, but this table blends all seasons together -- check season_column_coverage for this column for the real per-season breakdown before treating this as a new finding."
Telstar,Telstar,ws_touches_def_3rd,ws,35,27,77.1,unexplained_blended,"Low coverage in a domain/season-sensitive column, but this table blends all seasons together -- check season_column_coverage for this column for the real per-season breakdown before treating this as a new finding."
Telstar,Telstar,ws_touches_mid_3rd,ws,35,27,77.1,unexplained_blended,"Low coverage in a domain/season-sensitive column, but this table blends all seasons together -- check season_column_coverage for this column for the real per-season breakdown before treating this as a new finding."
Telstar,Telstar,ws_interceptions_per90,ws,35,27,77.1,unexplained_blended,"Low coverage in a domain/season-sensitive column, but this table blends all seasons together -- check season_column_coverage for this column for the real per-season breakdown before treating this as a new finding."
Telstar,Telstar,ws_touches_def_pen_area,ws,35,27,77.1,unexplained_blended,"Low coverage in a domain/season-sensitive column, but this table blends all seasons together -- check season_column_coverage for this column for the real per-season breakdown before treating this as a new finding."
Telstar,Telstar,ws_touches_att_pen_area,ws,35,27,77.1,unexplained_blended,"Low coverage in a domain/season-sensitive column, but this table blends all seasons together -- check season_column_coverage for this column for the real per-season breakdown before treating this as a new finding."
Telstar,Telstar,ws_take_ons,ws,35,27,77.1,unexplained_blended,"Low coverage in a domain/season-sensitive column, but this table blends all seasons together -- check season_column_coverage for this column for the real per-season breakdown before treating this as a new finding."
Telstar,Telstar,ws_take_ons_won,ws,35,27,77.1,unexplained_blended,"Low coverage in a domain/season-sensitive column, but this table blends all seasons together -- check season_column_coverage for this column for the real per-season breakdown before treating this as a new finding."
Telstar,Telstar,ws_dispossessed,ws,35,27,77.1,unexplained_blended,"Low coverage in a domain/season-sensitive column, but this table blends all seasons together -- check season_column_coverage for this column for the real per-season breakdown before treating this as a new finding."
Telstar,Telstar,ws_tackles,ws,35,27,77.1,unexplained_blended,"Low coverage in a domain/season-sensitive column, but this table blends all seasons together -- check season_column_coverage for this column for the real per-season breakdown before treating this as a new finding."
Telstar,Telstar,ws_tackles_won,ws,35,27,77.1,unexplained_blended,"Low coverage in a domain/season-sensitive column, but this table blends all seasons together -- check season_column_coverage for this column for the real per-season breakdown before treating this as a new finding."
Telstar,Telstar,ws_tackles_def_3rd,ws,35,27,77.1,unexplained_blended,"Low coverage in a domain/season-sensitive column, but this table blends all seasons together -- check season_column_coverage for this column for the real per-season breakdown before treating this as a new finding."
Telstar,Telstar,ws_tackles_mid_3rd,ws,35,27,77.1,unexplained_blended,"Low coverage in a domain/season-sensitive column, but this table blends all seasons together -- check season_column_coverage for this column for the real per-season breakdown before treating this as a new finding."
Telstar,Telstar,ws_tackles_att_3rd,ws,35,27,77.1,unexplained_blended,"Low coverage in a domain/season-sensitive column, but this table blends all seasons together -- check season_column_coverage for this column for the real per-season breakdown before treating this as a new finding."
Telstar,Telstar,ws_interceptions,ws,35,27,77.1,unexplained_blended,"Low coverage in a domain/season-sensitive column, but this table blends all seasons together -- check season_column_coverage for this column for the real per-season breakdown before treating this as a new finding."
Telstar,Telstar,ws_interceptions_def_3rd,ws,35,27,77.1,unexplained_blended,"Low coverage in a domain/season-sensitive column, but this table blends all seasons together -- check season_column_coverage for this column for the real per-season breakdown before treating this as a new finding."
Telstar,Telstar,ws_interceptions_mid_3rd,ws,35,27,77.1,unexplained_blended,"Low coverage in a domain/season-sensitive column, but this table blends all seasons together -- check season_column_coverage for this column for the real per-season breakdown before treating this as a new finding."
Telstar,Telstar,ws_interceptions_att_3rd,ws,35,27,77.1,unexplained_blended,"Low coverage in a domain/season-sensitive column, but this table blends all seasons together -- check season_column_coverage for this column for the real per-season breakdown before treating this as a new finding."
Telstar,Telstar,ws_clearances,ws,35,27,77.1,unexplained_blended,"Low coverage in a domain/season-sensitive column, but this table blends all seasons together -- check season_column_coverage for this column for the real per-season breakdown before treating this as a new finding."
Telstar,Telstar,ws_dribbled_past,ws,35,27,77.1,unexplained_blended,"Low coverage in a domain/season-sensitive column, but this table blends all seasons together -- check season_column_coverage for this column for the real per-season breakdown before treating this as a new finding."
Telstar,Telstar,ws_errors,ws,35,27,77.1,unexplained_blended,"Low coverage in a domain/season-sensitive column, but this table blends all seasons together -- check season_column_coverage for this column for the real per-season breakdown before treating this as a new finding."
Telstar,Telstar,ws_final_third_entries,ws,35,27,77.1,unexplained_blended,"Low coverage in a domain/season-sensitive column, but this table blends all seasons together -- check season_column_coverage for this column for the real per-season breakdown before treating this as a new finding."
Telstar,Telstar,ws_pen_area_entries,ws,35,27,77.1,unexplained_blended,"Low coverage in a domain/season-sensitive column, but this table blends all seasons together -- check season_column_coverage for this column for the real per-season breakdown before treating this as a new finding."
Telstar,Telstar,ws_aerials,ws,35,27,77.1,unexplained_blended,"Low coverage in a domain/season-sensitive column, but this table blends all seasons together -- check season_column_coverage for this column for the real per-season breakdown before treating this as a new finding."
Telstar,Telstar,ws_aerials_won,ws,35,27,77.1,unexplained_blended,"Low coverage in a domain/season-sensitive column, but this table blends all seasons together -- check season_column_coverage for this column for the real per-season breakdown before treating this as a new finding."
Telstar,Telstar,ws_passes_per90,ws,35,27,77.1,unexplained_blended,"Low coverage in a domain/season-sensitive column, but this table blends all seasons together -- check season_column_coverage for this column for the real per-season breakdown before treating this as a new finding."
Telstar,Telstar,ws_passes_completed_per90,ws,35,27,77.1,unexplained_blended,"Low coverage in a domain/season-sensitive column, but this table blends all seasons together -- check season_column_coverage for this column for the real per-season breakdown before treating this as a new finding."
Telstar,Telstar,ws_touches_per90,ws,35,27,77.1,unexplained_blended,"Low coverage in a domain/season-sensitive column, but this table blends all seasons together -- check season_column_coverage for this column for the real per-season breakdown before treating this as a new finding."
Telstar,Telstar,ws_touches_def_3rd_per90,ws,35,27,77.1,unexplained_blended,"Low coverage in a domain/season-sensitive column, but this table blends all seasons together -- check season_column_coverage for this column for the real per-season breakdown before treating this as a new finding."
Telstar,Telstar,ws_touches_mid_3rd_per90,ws,35,27,77.1,unexplained_blended,"Low coverage in a domain/season-sensitive column, but this table blends all seasons together -- check season_column_coverage for this column for the real per-season breakdown before treating this as a new finding."
Telstar,Telstar,ws_touches_att_3rd_per90,ws,35,27,77.1,unexplained_blended,"Low coverage in a domain/season-sensitive column, but this table blends all seasons together -- check season_column_coverage for this column for the real per-season breakdown before treating this as a new finding."
Telstar,Telstar,ws_touches_def_pen_area_per90,ws,35,27,77.1,unexplained_blended,"Low coverage in a domain/season-sensitive column, but this table blends all seasons together -- check season_column_coverage for this column for the real per-season breakdown before treating this as a new finding."
Telstar,Telstar,ws_touches_att_pen_area_per90,ws,35,27,77.1,unexplained_blended,"Low coverage in a domain/season-sensitive column, but this table blends all seasons together -- check season_column_coverage for this column for the real per-season breakdown before treating this as a new finding."
Telstar,Telstar,fbref_own_goals_per90,fbref,35,28,80.0,,
Telstar,Telstar,fbref_goals_per90,fbref,35,28,80.0,,
Telstar,Telstar,fbref_assists_per90,fbref,35,28,80.0,,
Telstar,Telstar,fbref_goals_plus_assists_per90,fbref,35,28,80.0,,
Telstar,Telstar,fbref_non_penalty_goals_per90,fbref,35,28,80.0,,
Telstar,Telstar,fbref_non_penalty_goals_plus_assists_per90,fbref,35,28,80.0,,
Telstar,Telstar,fbref_shots,fbref,35,28,80.0,,
Telstar,Telstar,fbref_shots_on_target,fbref,35,28,80.0,,
Telstar,Telstar,fbref_shots_per90,fbref,35,28,80.0,,
Telstar,Telstar,fbref_shots_on_target_per90,fbref,35,28,80.0,,
Telstar,Telstar,fbref_yellow_cards,fbref,35,28,80.0,,
Telstar,Telstar,fbref_red_cards,fbref,35,28,80.0,,
Telstar,Telstar,fbref_second_yellow_cards,fbref,35,28,80.0,,
Telstar,Telstar,fbref_fouls_committed,fbref,35,28,80.0,,
Telstar,Telstar,fbref_fouls_drawn,fbref,35,28,80.0,,
Telstar,Telstar,fbref_offsides,fbref,35,28,80.0,,
Telstar,Telstar,fbref_interceptions,fbref,35,28,80.0,,
Telstar,Telstar,fbref_tackles_won,fbref,35,28,80.0,,
Telstar,Telstar,fbref_own_goals,fbref,35,28,80.0,,
Telstar,Telstar,fbref_crosses,fbref,35,28,80.0,,
Telstar,Telstar,fbref_minutes,fbref,35,28,80.0,,
Telstar,Telstar,fbref_minutes_per_match,fbref,35,28,80.0,,
Telstar,Telstar,fbref_minutes_pct,fbref,35,28,80.0,,
Telstar,Telstar,fbref_nineties,fbref,35,28,80.0,,
Telstar,Telstar,fbref_points_per_match,fbref,35,28,80.0,,
Telstar,Telstar,fbref_team_goals_while_on_pitch,fbref,35,28,80.0,,
Telstar,Telstar,fbref_team_goals_against_while_on_pitch,fbref,35,28,80.0,,
Telstar,Telstar,fbref_plus_minus,fbref,35,28,80.0,,
Telstar,Telstar,fbref_plus_minus_per90,fbref,35,28,80.0,,
Telstar,Telstar,fbref_on_off,fbref,35,28,80.0,,
Telstar,Telstar,fbref_goals,fbref,35,28,80.0,,
Telstar,Telstar,fbref_assists,fbref,35,28,80.0,,
Telstar,Telstar,fbref_goals_plus_assists,fbref,35,28,80.0,,
Telstar,Telstar,fbref_non_penalty_goals,fbref,35,28,80.0,,
Telstar,Telstar,fbref_penalty_goals,fbref,35,28,80.0,,
Telstar,Telstar,fbref_penalty_attempts,fbref,35,28,80.0,,
Telstar,Telstar,fbref_yellow_cards_per90,fbref,35,28,80.0,,
Telstar,Telstar,fbref_red_cards_per90,fbref,35,28,80.0,,
Telstar,Telstar,fbref_second_yellow_cards_per90,fbref,35,28,80.0,,
Telstar,Telstar,fbref_fouls_committed_per90,fbref,35,28,80.0,,
Telstar,Telstar,fbref_fouls_drawn_per90,fbref,35,28,80.0,,
Telstar,Telstar,fbref_offsides_per90,fbref,35,28,80.0,,
Telstar,Telstar,fbref_crosses_per90,fbref,35,28,80.0,,
Telstar,Telstar,fbref_interceptions_per90,fbref,35,28,80.0,,
Telstar,Telstar,fbref_tackles_won_per90,fbref,35,28,80.0,,
Telstar,Telstar,fbref_nation,fbref,35,32,91.4,,
Telstar,Telstar,fbref_born,fbref,35,32,91.4,,
Telstar,Telstar,fbref_age,fbref,35,32,91.4,,
Telstar,Telstar,fbref_starts,fbref,35,35,100.0,,
Telstar,Telstar,fbref_position,fbref,35,35,100.0,,
Telstar,Telstar,fbref_unused_sub,fbref,35,35,100.0,,
Telstar,Telstar,fbref_substitute_appearances,fbref,35,35,100.0,,
Telstar,Telstar,fbref_matches_played,fbref,35,35,100.0,,
Telstar,Telstar,fbref_complete_matches,fbref,35,35,100.0,,
Twente,Twente,fbref_penalty_kicks_won,fbref,470,55,11.7,unexplained_blended,"Low coverage in a domain/season-sensitive column, but this table blends all seasons together -- check season_column_coverage for this column for the real per-season breakdown before treating this as a new finding."
Twente,Twente,fbref_penalty_kicks_won_per90,fbref,470,55,11.7,unexplained_blended,"Low coverage in a domain/season-sensitive column, but this table blends all seasons together -- check season_column_coverage for this column for the real per-season breakdown before treating this as a new finding."
Twente,Twente,fbref_penalty_kicks_conceded,fbref,470,55,11.7,unexplained_blended,"Low coverage in a domain/season-sensitive column, but this table blends all seasons together -- check season_column_coverage for this column for the real per-season breakdown before treating this as a new finding."
Twente,Twente,fbref_penalty_kicks_conceded_per90,fbref,470,55,11.7,unexplained_blended,"Low coverage in a domain/season-sensitive column, but this table blends all seasons together -- check season_column_coverage for this column for the real per-season breakdown before treating this as a new finding."
Twente,Twente,gk_penalty_kick_save_pct,gk,54,11,20.4,,
Twente,Twente,gk_penalty_kicks_missed_by_opponent,gk,54,16,29.6,,
Twente,Twente,gk_penalty_kicks_allowed,gk,54,16,29.6,,
Twente,Twente,gk_penalty_kicks_faced,gk,54,16,29.6,,
Twente,Twente,gk_penalty_kicks_saved,gk,54,16,29.6,,
Twente,Twente,fbref_minutes_per_sub,fbref,470,152,32.3,unexplained_blended,"Low coverage in a domain/season-sensitive column, but this table blends all seasons together -- check season_column_coverage for this column for the real per-season breakdown before treating this as a new finding."
Twente,Twente,fbref_goals_per_shot,fbref,470,156,33.2,unexplained_blended,"Low coverage in a domain/season-sensitive column, but this table blends all seasons together -- check season_column_coverage for this column for the real per-season breakdown before treating this as a new finding."
Twente,Twente,fbref_minutes_per_start,fbref,470,162,34.5,unexplained_blended,"Low coverage in a domain/season-sensitive column, but this table blends all seasons together -- check season_column_coverage for this column for the real per-season breakdown before treating this as a new finding."
Twente,Twente,fbref_second_yellow_cards_per90,fbref,470,239,50.9,unexplained_blended,"Low coverage in a domain/season-sensitive column, but this table blends all seasons together -- check season_column_coverage for this column for the real per-season breakdown before treating this as a new finding."
Twente,Twente,fbref_fouls_drawn_per90,fbref,470,239,50.9,unexplained_blended,"Low coverage in a domain/season-sensitive column, but this table blends all seasons together -- check season_column_coverage for this column for the real per-season breakdown before treating this as a new finding."
Twente,Twente,fbref_offsides_per90,fbref,470,239,50.9,unexplained_blended,"Low coverage in a domain/season-sensitive column, but this table blends all seasons together -- check season_column_coverage for this column for the real per-season breakdown before treating this as a new finding."
Twente,Twente,fbref_crosses_per90,fbref,470,239,50.9,unexplained_blended,"Low coverage in a domain/season-sensitive column, but this table blends all seasons together -- check season_column_coverage for this column for the real per-season breakdown before treating this as a new finding."
Twente,Twente,fbref_interceptions_per90,fbref,470,239,50.9,unexplained_blended,"Low coverage in a domain/season-sensitive column, but this table blends all seasons together -- check season_column_coverage for this column for the real per-season breakdown before treating this as a new finding."
Twente,Twente,fbref_tackles_won_per90,fbref,470,239,50.9,unexplained_blended,"Low coverage in a domain/season-sensitive column, but this table blends all seasons together -- check season_column_coverage for this column for the real per-season breakdown before treating this as a new finding."
Twente,Twente,fbref_own_goals_per90,fbref,470,239,50.9,unexplained_blended,"Low coverage in a domain/season-sensitive column, but this table blends all seasons together -- check season_column_coverage for this column for the real per-season breakdown before treating this as a new finding."
Twente,Twente,fbref_offsides,fbref,470,243,51.7,unexplained_blended,"Low coverage in a domain/season-sensitive column, but this table blends all seasons together -- check season_column_coverage for this column for the real per-season breakdown before treating this as a new finding."
Twente,Twente,fbref_fouls_drawn,fbref,470,243,51.7,unexplained_blended,"Low coverage in a domain/season-sensitive column, but this table blends all seasons together -- check season_column_coverage for this column for the real per-season breakdown before treating this as a new finding."
Twente,Twente,fbref_second_yellow_cards,fbref,470,243,51.7,unexplained_blended,"Low coverage in a domain/season-sensitive column, but this table blends all seasons together -- check season_column_coverage for this column for the real per-season breakdown before treating this as a new finding."
Twente,Twente,fbref_shots_per90,fbref,470,243,51.7,unexplained_blended,"Low coverage in a domain/season-sensitive column, but this table blends all seasons together -- check season_column_coverage for this column for the real per-season breakdown before treating this as a new finding."
Twente,Twente,fbref_own_goals,fbref,470,243,51.7,unexplained_blended,"Low coverage in a domain/season-sensitive column, but this table blends all seasons together -- check season_column_coverage for this column for the real per-season breakdown before treating this as a new finding."
Twente,Twente,fbref_tackles_won,fbref,470,243,51.7,unexplained_blended,"Low coverage in a domain/season-sensitive column, but this table blends all seasons together -- check season_column_coverage for this column for the real per-season breakdown before treating this as a new finding."
Twente,Twente,fbref_interceptions,fbref,470,243,51.7,unexplained_blended,"Low coverage in a domain/season-sensitive column, but this table blends all seasons together -- check season_column_coverage for this column for the real per-season breakdown before treating this as a new finding."
Twente,Twente,fbref_crosses,fbref,470,243,51.7,unexplained_blended,"Low coverage in a domain/season-sensitive column, but this table blends all seasons together -- check season_column_coverage for this column for the real per-season breakdown before treating this as a new finding."
Twente,Twente,gk_wins,gk,54,29,53.7,,
Twente,Twente,gk_draws,gk,54,29,53.7,,
Twente,Twente,gk_save_pct,gk,54,29,53.7,,
Twente,Twente,gk_saves,gk,54,29,53.7,,
Twente,Twente,gk_shots_on_target_against,gk,54,29,53.7,,
Twente,Twente,gk_goals_against_per90,gk,54,29,53.7,,
Twente,Twente,gk_goals_against,gk,54,29,53.7,,
Twente,Twente,gk_saves_per90,gk,54,29,53.7,,
Twente,Twente,gk_clean_sheet_pct,gk,54,29,53.7,,
Twente,Twente,gk_clean_sheets,gk,54,29,53.7,,
Twente,Twente,gk_losses,gk,54,29,53.7,,
Twente,Twente,fbref_shots_on_target_pct,fbref,470,276,58.7,unexplained_blended,"Low coverage in a domain/season-sensitive column, but this table blends all seasons together -- check season_column_coverage for this column for the real per-season breakdown before treating this as a new finding."
Twente,Twente,ws_take_ons_won_pct,ws,470,278,59.1,unexplained_blended,"Low coverage in a domain/season-sensitive column, but this table blends all seasons together -- check season_column_coverage for this column for the real per-season breakdown before treating this as a new finding."
Twente,Twente,tm_foot,tm,470,294,62.6,,
Twente,Twente,fbref_goals_per_shot_on_target,fbref,470,296,63.0,unexplained_blended,"Low coverage in a domain/season-sensitive column, but this table blends all seasons together -- check season_column_coverage for this column for the real per-season breakdown before treating this as a new finding."
Twente,Twente,tm_height_cm,tm,470,298,63.4,,
Twente,Twente,fbref_on_off,fbref,470,299,63.6,unexplained_blended,"Low coverage in a domain/season-sensitive column, but this table blends all seasons together -- check season_column_coverage for this column for the real per-season breakdown before treating this as a new finding."
Twente,Twente,fbref_plus_minus,fbref,470,301,64.0,unexplained_blended,"Low coverage in a domain/season-sensitive column, but this table blends all seasons together -- check season_column_coverage for this column for the real per-season breakdown before treating this as a new finding."
Twente,Twente,fbref_points_per_match,fbref,470,301,64.0,unexplained_blended,"Low coverage in a domain/season-sensitive column, but this table blends all seasons together -- check season_column_coverage for this column for the real per-season breakdown before treating this as a new finding."
Twente,Twente,fbref_team_goals_against_while_on_pitch,fbref,470,301,64.0,unexplained_blended,"Low coverage in a domain/season-sensitive column, but this table blends all seasons together -- check season_column_coverage for this column for the real per-season breakdown before treating this as a new finding."
Twente,Twente,fbref_team_goals_while_on_pitch,fbref,470,301,64.0,unexplained_blended,"Low coverage in a domain/season-sensitive column, but this table blends all seasons together -- check season_column_coverage for this column for the real per-season breakdown before treating this as a new finding."
Twente,Twente,fbref_plus_minus_per90,fbref,470,301,64.0,unexplained_blended,"Low coverage in a domain/season-sensitive column, but this table blends all seasons together -- check season_column_coverage for this column for the real per-season breakdown before treating this as a new finding."
Twente,Twente,ws_aerial_duel_win_pct,ws,470,302,64.3,unexplained_blended,"Low coverage in a domain/season-sensitive column, but this table blends all seasons together -- check season_column_coverage for this column for the real per-season breakdown before treating this as a new finding."
Twente,Twente,ws_ground_duel_win_pct,ws,470,305,64.9,unexplained_blended,"Low coverage in a domain/season-sensitive column, but this table blends all seasons together -- check season_column_coverage for this column for the real per-season breakdown before treating this as a new finding."
Twente,Twente,ws_aerials_won_per90,ws,470,320,68.1,unexplained_blended,"Low coverage in a domain/season-sensitive column, but this table blends all seasons together -- check season_column_coverage for this column for the real per-season breakdown before treating this as a new finding."
Twente,Twente,ws_passes_per90,ws,470,320,68.1,unexplained_blended,"Low coverage in a domain/season-sensitive column, but this table blends all seasons together -- check season_column_coverage for this column for the real per-season breakdown before treating this as a new finding."
Twente,Twente,ws_passes_completed_per90,ws,470,320,68.1,unexplained_blended,"Low coverage in a domain/season-sensitive column, but this table blends all seasons together -- check season_column_coverage for this column for the real per-season breakdown before treating this as a new finding."
Twente,Twente,ws_touches_per90,ws,470,320,68.1,unexplained_blended,"Low coverage in a domain/season-sensitive column, but this table blends all seasons together -- check season_column_coverage for this column for the real per-season breakdown before treating this as a new finding."
Twente,Twente,ws_touches_def_3rd_per90,ws,470,320,68.1,unexplained_blended,"Low coverage in a domain/season-sensitive column, but this table blends all seasons together -- check season_column_coverage for this column for the real per-season breakdown before treating this as a new finding."
Twente,Twente,ws_touches_mid_3rd_per90,ws,470,320,68.1,unexplained_blended,"Low coverage in a domain/season-sensitive column, but this table blends all seasons together -- check season_column_coverage for this column for the real per-season breakdown before treating this as a new finding."
Twente,Twente,ws_touches_att_3rd_per90,ws,470,320,68.1,unexplained_blended,"Low coverage in a domain/season-sensitive column, but this table blends all seasons together -- check season_column_coverage for this column for the real per-season breakdown before treating this as a new finding."
Twente,Twente,ws_touches_def_pen_area_per90,ws,470,320,68.1,unexplained_blended,"Low coverage in a domain/season-sensitive column, but this table blends all seasons together -- check season_column_coverage for this column for the real per-season breakdown before treating this as a new finding."
Twente,Twente,ws_touches_att_pen_area_per90,ws,470,320,68.1,unexplained_blended,"Low coverage in a domain/season-sensitive column, but this table blends all seasons together -- check season_column_coverage for this column for the real per-season breakdown before treating this as a new finding."
Twente,Twente,ws_take_ons_per90,ws,470,320,68.1,unexplained_blended,"Low coverage in a domain/season-sensitive column, but this table blends all seasons together -- check season_column_coverage for this column for the real per-season breakdown before treating this as a new finding."
Twente,Twente,ws_take_ons_won_per90,ws,470,320,68.1,unexplained_blended,"Low coverage in a domain/season-sensitive column, but this table blends all seasons together -- check season_column_coverage for this column for the real per-season breakdown before treating this as a new finding."
Twente,Twente,ws_dispossessed_per90,ws,470,320,68.1,unexplained_blended,"Low coverage in a domain/season-sensitive column, but this table blends all seasons together -- check season_column_coverage for this column for the real per-season breakdown before treating this as a new finding."
Twente,Twente,ws_tackles_per90,ws,470,320,68.1,unexplained_blended,"Low coverage in a domain/season-sensitive column, but this table blends all seasons together -- check season_column_coverage for this column for the real per-season breakdown before treating this as a new finding."
Twente,Twente,ws_tackles_won_per90,ws,470,320,68.1,unexplained_blended,"Low coverage in a domain/season-sensitive column, but this table blends all seasons together -- check season_column_coverage for this column for the real per-season breakdown before treating this as a new finding."
Twente,Twente,ws_tackles_def_3rd_per90,ws,470,320,68.1,unexplained_blended,"Low coverage in a domain/season-sensitive column, but this table blends all seasons together -- check season_column_coverage for this column for the real per-season breakdown before treating this as a new finding."
Twente,Twente,ws_tackles_mid_3rd_per90,ws,470,320,68.1,unexplained_blended,"Low coverage in a domain/season-sensitive column, but this table blends all seasons together -- check season_column_coverage for this column for the real per-season breakdown before treating this as a new finding."
Twente,Twente,ws_tackles_att_3rd_per90,ws,470,320,68.1,unexplained_blended,"Low coverage in a domain/season-sensitive column, but this table blends all seasons together -- check season_column_coverage for this column for the real per-season breakdown before treating this as a new finding."
Twente,Twente,ws_interceptions_per90,ws,470,320,68.1,unexplained_blended,"Low coverage in a domain/season-sensitive column, but this table blends all seasons together -- check season_column_coverage for this column for the real per-season breakdown before treating this as a new finding."
Twente,Twente,ws_interceptions_def_3rd_per90,ws,470,320,68.1,unexplained_blended,"Low coverage in a domain/season-sensitive column, but this table blends all seasons together -- check season_column_coverage for this column for the real per-season breakdown before treating this as a new finding."
Twente,Twente,ws_interceptions_mid_3rd_per90,ws,470,320,68.1,unexplained_blended,"Low coverage in a domain/season-sensitive column, but this table blends all seasons together -- check season_column_coverage for this column for the real per-season breakdown before treating this as a new finding."
Twente,Twente,ws_interceptions_att_3rd_per90,ws,470,320,68.1,unexplained_blended,"Low coverage in a domain/season-sensitive column, but this table blends all seasons together -- check season_column_coverage for this column for the real per-season breakdown before treating this as a new finding."
Twente,Twente,ws_aerials_per90,ws,470,320,68.1,unexplained_blended,"Low coverage in a domain/season-sensitive column, but this table blends all seasons together -- check season_column_coverage for this column for the real per-season breakdown before treating this as a new finding."
Twente,Twente,ws_clearances_per90,ws,470,320,68.1,unexplained_blended,"Low coverage in a domain/season-sensitive column, but this table blends all seasons together -- check season_column_coverage for this column for the real per-season breakdown before treating this as a new finding."
Twente,Twente,ws_dribbled_past_per90,ws,470,320,68.1,unexplained_blended,"Low coverage in a domain/season-sensitive column, but this table blends all seasons together -- check season_column_coverage for this column for the real per-season breakdown before treating this as a new finding."
Twente,Twente,ws_errors_per90,ws,470,320,68.1,unexplained_blended,"Low coverage in a domain/season-sensitive column, but this table blends all seasons together -- check season_column_coverage for this column for the real per-season breakdown before treating this as a new finding."
Twente,Twente,ws_final_third_entries_per90,ws,470,320,68.1,unexplained_blended,"Low coverage in a domain/season-sensitive column, but this table blends all seasons together -- check season_column_coverage for this column for the real per-season breakdown before treating this as a new finding."
Twente,Twente,ws_pen_area_entries_per90,ws,470,320,68.1,unexplained_blended,"Low coverage in a domain/season-sensitive column, but this table blends all seasons together -- check season_column_coverage for this column for the real per-season breakdown before treating this as a new finding."
Twente,Twente,ws_passes_pct,ws,470,325,69.1,unexplained_blended,"Low coverage in a domain/season-sensitive column, but this table blends all seasons together -- check season_column_coverage for this column for the real per-season breakdown before treating this as a new finding."
Twente,Twente,ws_touches_mid_3rd,ws,470,327,69.6,unexplained_blended,"Low coverage in a domain/season-sensitive column, but this table blends all seasons together -- check season_column_coverage for this column for the real per-season breakdown before treating this as a new finding."
Twente,Twente,ws_touches_def_3rd,ws,470,327,69.6,unexplained_blended,"Low coverage in a domain/season-sensitive column, but this table blends all seasons together -- check season_column_coverage for this column for the real per-season breakdown before treating this as a new finding."
Twente,Twente,ws_touches_att_3rd,ws,470,327,69.6,unexplained_blended,"Low coverage in a domain/season-sensitive column, but this table blends all seasons together -- check season_column_coverage for this column for the real per-season breakdown before treating this as a new finding."
Twente,Twente,ws_touches_def_pen_area,ws,470,327,69.6,unexplained_blended,"Low coverage in a domain/season-sensitive column, but this table blends all seasons together -- check season_column_coverage for this column for the real per-season breakdown before treating this as a new finding."
Twente,Twente,ws_touches_att_pen_area,ws,470,327,69.6,unexplained_blended,"Low coverage in a domain/season-sensitive column, but this table blends all seasons together -- check season_column_coverage for this column for the real per-season breakdown before treating this as a new finding."
Twente,Twente,ws_take_ons,ws,470,327,69.6,unexplained_blended,"Low coverage in a domain/season-sensitive column, but this table blends all seasons together -- check season_column_coverage for this column for the real per-season breakdown before treating this as a new finding."
Twente,Twente,ws_take_ons_won,ws,470,327,69.6,unexplained_blended,"Low coverage in a domain/season-sensitive column, but this table blends all seasons together -- check season_column_coverage for this column for the real per-season breakdown before treating this as a new finding."
Twente,Twente,ws_touches,ws,470,327,69.6,unexplained_blended,"Low coverage in a domain/season-sensitive column, but this table blends all seasons together -- check season_column_coverage for this column for the real per-season breakdown before treating this as a new finding."
Twente,Twente,ws_dispossessed,ws,470,327,69.6,unexplained_blended,"Low coverage in a domain/season-sensitive column, but this table blends all seasons together -- check season_column_coverage for this column for the real per-season breakdown before treating this as a new finding."
Twente,Twente,ws_tackles,ws,470,327,69.6,unexplained_blended,"Low coverage in a domain/season-sensitive column, but this table blends all seasons together -- check season_column_coverage for this column for the real per-season breakdown before treating this as a new finding."
Twente,Twente,ws_tackles_won,ws,470,327,69.6,unexplained_blended,"Low coverage in a domain/season-sensitive column, but this table blends all seasons together -- check season_column_coverage for this column for the real per-season breakdown before treating this as a new finding."
Twente,Twente,ws_tackles_def_3rd,ws,470,327,69.6,unexplained_blended,"Low coverage in a domain/season-sensitive column, but this table blends all seasons together -- check season_column_coverage for this column for the real per-season breakdown before treating this as a new finding."
Twente,Twente,ws_tackles_mid_3rd,ws,470,327,69.6,unexplained_blended,"Low coverage in a domain/season-sensitive column, but this table blends all seasons together -- check season_column_coverage for this column for the real per-season breakdown before treating this as a new finding."
Twente,Twente,ws_tackles_att_3rd,ws,470,327,69.6,unexplained_blended,"Low coverage in a domain/season-sensitive column, but this table blends all seasons together -- check season_column_coverage for this column for the real per-season breakdown before treating this as a new finding."
Twente,Twente,ws_interceptions,ws,470,327,69.6,unexplained_blended,"Low coverage in a domain/season-sensitive column, but this table blends all seasons together -- check season_column_coverage for this column for the real per-season breakdown before treating this as a new finding."
Twente,Twente,ws_interceptions_def_3rd,ws,470,327,69.6,unexplained_blended,"Low coverage in a domain/season-sensitive column, but this table blends all seasons together -- check season_column_coverage for this column for the real per-season breakdown before treating this as a new finding."
Twente,Twente,ws_interceptions_mid_3rd,ws,470,327,69.6,unexplained_blended,"Low coverage in a domain/season-sensitive column, but this table blends all seasons together -- check season_column_coverage for this column for the real per-season breakdown before treating this as a new finding."
Twente,Twente,ws_interceptions_att_3rd,ws,470,327,69.6,unexplained_blended,"Low coverage in a domain/season-sensitive column, but this table blends all seasons together -- check season_column_coverage for this column for the real per-season breakdown before treating this as a new finding."
Twente,Twente,ws_clearances,ws,470,327,69.6,unexplained_blended,"Low coverage in a domain/season-sensitive column, but this table blends all seasons together -- check season_column_coverage for this column for the real per-season breakdown before treating this as a new finding."
Twente,Twente,ws_dribbled_past,ws,470,327,69.6,unexplained_blended,"Low coverage in a domain/season-sensitive column, but this table blends all seasons together -- check season_column_coverage for this column for the real per-season breakdown before treating this as a new finding."
Twente,Twente,ws_errors,ws,470,327,69.6,unexplained_blended,"Low coverage in a domain/season-sensitive column, but this table blends all seasons together -- check season_column_coverage for this column for the real per-season breakdown before treating this as a new finding."
Twente,Twente,ws_final_third_entries,ws,470,327,69.6,unexplained_blended,"Low coverage in a domain/season-sensitive column, but this table blends all seasons together -- check season_column_coverage for this column for the real per-season breakdown before treating this as a new finding."
Twente,Twente,ws_pen_area_entries,ws,470,327,69.6,unexplained_blended,"Low coverage in a domain/season-sensitive column, but this table blends all seasons together -- check season_column_coverage for this column for the real per-season breakdown before treating this as a new finding."
Twente,Twente,ws_aerials,ws,470,327,69.6,unexplained_blended,"Low coverage in a domain/season-sensitive column, but this table blends all seasons together -- check season_column_coverage for this column for the real per-season breakdown before treating this as a new finding."
Twente,Twente,ws_aerials_won,ws,470,327,69.6,unexplained_blended,"Low coverage in a domain/season-sensitive column, but this table blends all seasons together -- check season_column_coverage for this column for the real per-season breakdown before treating this as a new finding."
Twente,Twente,ws_passes_completed,ws,470,327,69.6,unexplained_blended,"Low coverage in a domain/season-sensitive column, but this table blends all seasons together -- check season_column_coverage for this column for the real per-season breakdown before treating this as a new finding."
Twente,Twente,ws_passes,ws,470,327,69.6,unexplained_blended,"Low coverage in a domain/season-sensitive column, but this table blends all seasons together -- check season_column_coverage for this column for the real per-season breakdown before treating this as a new finding."
Twente,Twente,ws_matches_with_data,ws,470,327,69.6,unexplained_blended,"Low coverage in a domain/season-sensitive column, but this table blends all seasons together -- check season_column_coverage for this column for the real per-season breakdown before treating this as a new finding."
Twente,Twente,ws_whoscored_player_id,ws,470,327,69.6,unexplained_blended,"Low coverage in a domain/season-sensitive column, but this table blends all seasons together -- check season_column_coverage for this column for the real per-season breakdown before treating this as a new finding."
Twente,Twente,fbref_shots,fbref,470,327,69.6,unexplained_blended,"Low coverage in a domain/season-sensitive column, but this table blends all seasons together -- check season_column_coverage for this column for the real per-season breakdown before treating this as a new finding."
Twente,Twente,fbref_shots_on_target,fbref,470,328,69.8,unexplained_blended,"Low coverage in a domain/season-sensitive column, but this table blends all seasons together -- check season_column_coverage for this column for the real per-season breakdown before treating this as a new finding."
Twente,Twente,fbref_unused_sub,fbref,470,356,75.7,unexplained_blended,"Low coverage in a domain/season-sensitive column, but this table blends all seasons together -- check season_column_coverage for this column for the real per-season breakdown before treating this as a new finding."
Twente,Twente,fbref_fouls_committed_per90,fbref,470,409,87.0,,
Twente,Twente,fbref_red_cards_per90,fbref,470,409,87.0,,
Twente,Twente,fbref_yellow_cards_per90,fbref,470,409,87.0,,
Twente,Twente,fbref_non_penalty_goals_per90,fbref,470,415,88.3,,
Twente,Twente,fbref_non_penalty_goals_plus_assists_per90,fbref,470,415,88.3,,
Twente,Twente,fbref_minutes_per_match,fbref,470,415,88.3,,
Twente,Twente,fbref_minutes,fbref,470,415,88.3,,
Twente,Twente,fbref_goals,fbref,470,415,88.3,,
Twente,Twente,fbref_assists,fbref,470,415,88.3,,
Twente,Twente,fbref_non_penalty_goals,fbref,470,415,88.3,,
Twente,Twente,fbref_goals_plus_assists,fbref,470,415,88.3,,
Twente,Twente,fbref_shots_on_target_per90,fbref,470,415,88.3,,
Twente,Twente,fbref_yellow_cards,fbref,470,415,88.3,,
Twente,Twente,fbref_red_cards,fbref,470,415,88.3,,
Twente,Twente,fbref_fouls_committed,fbref,470,415,88.3,,
Twente,Twente,fbref_nineties,fbref,470,415,88.3,,
Twente,Twente,fbref_minutes_pct,fbref,470,415,88.3,,
Twente,Twente,fbref_goals_plus_assists_per90,fbref,470,415,88.3,,
Twente,Twente,fbref_assists_per90,fbref,470,415,88.3,,
Twente,Twente,fbref_goals_per90,fbref,470,415,88.3,,
Twente,Twente,fbref_penalty_attempts,fbref,470,415,88.3,,
Twente,Twente,fbref_penalty_goals,fbref,470,415,88.3,,
Twente,Twente,fbref_complete_matches,fbref,470,449,95.5,,
Twente,Twente,fbref_age,fbref,470,470,100.0,,
Twente,Twente,fbref_matches_played,fbref,470,470,100.0,,
Twente,Twente,fbref_position,fbref,470,470,100.0,,
Twente,Twente,fbref_substitute_appearances,fbref,470,470,100.0,,
Twente,Twente,fbref_born,fbref,470,470,100.0,,
Twente,Twente,fbref_starts,fbref,470,470,100.0,,
Twente,Twente,fbref_nation,fbref,470,470,100.0,,
Utrecht,Utrecht,fbref_penalty_kicks_won_per90,fbref,575,55,9.6,unexplained_blended,"Low coverage in a domain/season-sensitive column, but this table blends all seasons together -- check season_column_coverage for this column for the real per-season breakdown before treating this as a new finding."
Utrecht,Utrecht,fbref_penalty_kicks_conceded_per90,fbref,575,55,9.6,unexplained_blended,"Low coverage in a domain/season-sensitive column, but this table blends all seasons together -- check season_column_coverage for this column for the real per-season breakdown before treating this as a new finding."
Utrecht,Utrecht,fbref_penalty_kicks_conceded,fbref,575,55,9.6,unexplained_blended,"Low coverage in a domain/season-sensitive column, but this table blends all seasons together -- check season_column_coverage for this column for the real per-season breakdown before treating this as a new finding."
Utrecht,Utrecht,fbref_penalty_kicks_won,fbref,575,55,9.6,unexplained_blended,"Low coverage in a domain/season-sensitive column, but this table blends all seasons together -- check season_column_coverage for this column for the real per-season breakdown before treating this as a new finding."
Utrecht,Utrecht,gk_penalty_kick_save_pct,gk,68,16,23.5,,
Utrecht,Utrecht,fbref_goals_per_shot,fbref,575,176,30.6,unexplained_blended,"Low coverage in a domain/season-sensitive column, but this table blends all seasons together -- check season_column_coverage for this column for the real per-season breakdown before treating this as a new finding."
Utrecht,Utrecht,gk_penalty_kicks_saved,gk,68,22,32.4,,
Utrecht,Utrecht,gk_penalty_kicks_missed_by_opponent,gk,68,22,32.4,,
Utrecht,Utrecht,gk_penalty_kicks_allowed,gk,68,22,32.4,,
Utrecht,Utrecht,gk_penalty_kicks_faced,gk,68,22,32.4,,
Utrecht,Utrecht,fbref_minutes_per_sub,fbref,575,203,35.3,unexplained_blended,"Low coverage in a domain/season-sensitive column, but this table blends all seasons together -- check season_column_coverage for this column for the real per-season breakdown before treating this as a new finding."
Utrecht,Utrecht,fbref_minutes_per_start,fbref,575,212,36.9,unexplained_blended,"Low coverage in a domain/season-sensitive column, but this table blends all seasons together -- check season_column_coverage for this column for the real per-season breakdown before treating this as a new finding."
Utrecht,Utrecht,fbref_fouls_drawn_per90,fbref,575,275,47.8,unexplained_blended,"Low coverage in a domain/season-sensitive column, but this table blends all seasons together -- check season_column_coverage for this column for the real per-season breakdown before treating this as a new finding."
Utrecht,Utrecht,fbref_offsides_per90,fbref,575,275,47.8,unexplained_blended,"Low coverage in a domain/season-sensitive column, but this table blends all seasons together -- check season_column_coverage for this column for the real per-season breakdown before treating this as a new finding."
Utrecht,Utrecht,fbref_crosses_per90,fbref,575,275,47.8,unexplained_blended,"Low coverage in a domain/season-sensitive column, but this table blends all seasons together -- check season_column_coverage for this column for the real per-season breakdown before treating this as a new finding."
Utrecht,Utrecht,fbref_interceptions_per90,fbref,575,275,47.8,unexplained_blended,"Low coverage in a domain/season-sensitive column, but this table blends all seasons together -- check season_column_coverage for this column for the real per-season breakdown before treating this as a new finding."
Utrecht,Utrecht,fbref_tackles_won_per90,fbref,575,275,47.8,unexplained_blended,"Low coverage in a domain/season-sensitive column, but this table blends all seasons together -- check season_column_coverage for this column for the real per-season breakdown before treating this as a new finding."
Utrecht,Utrecht,fbref_offsides,fbref,575,279,48.5,unexplained_blended,"Low coverage in a domain/season-sensitive column, but this table blends all seasons together -- check season_column_coverage for this column for the real per-season breakdown before treating this as a new finding."
Utrecht,Utrecht,fbref_fouls_drawn,fbref,575,279,48.5,unexplained_blended,"Low coverage in a domain/season-sensitive column, but this table blends all seasons together -- check season_column_coverage for this column for the real per-season breakdown before treating this as a new finding."
Utrecht,Utrecht,fbref_shots_per90,fbref,575,279,48.5,unexplained_blended,"Low coverage in a domain/season-sensitive column, but this table blends all seasons together -- check season_column_coverage for this column for the real per-season breakdown before treating this as a new finding."
Utrecht,Utrecht,fbref_tackles_won,fbref,575,279,48.5,unexplained_blended,"Low coverage in a domain/season-sensitive column, but this table blends all seasons together -- check season_column_coverage for this column for the real per-season breakdown before treating this as a new finding."
Utrecht,Utrecht,fbref_interceptions,fbref,575,279,48.5,unexplained_blended,"Low coverage in a domain/season-sensitive column, but this table blends all seasons together -- check season_column_coverage for this column for the real per-season breakdown before treating this as a new finding."
Utrecht,Utrecht,fbref_crosses,fbref,575,279,48.5,unexplained_blended,"Low coverage in a domain/season-sensitive column, but this table blends all seasons together -- check season_column_coverage for this column for the real per-season breakdown before treating this as a new finding."
Utrecht,Utrecht,gk_saves,gk,68,34,50.0,,
Utrecht,Utrecht,gk_save_pct,gk,68,34,50.0,,
Utrecht,Utrecht,gk_shots_on_target_against,gk,68,34,50.0,,
Utrecht,Utrecht,gk_saves_per90,gk,68,34,50.0,,
Utrecht,Utrecht,fbref_second_yellow_cards_per90,fbref,575,301,52.3,unexplained_blended,"Low coverage in a domain/season-sensitive column, but this table blends all seasons together -- check season_column_coverage for this column for the real per-season breakdown before treating this as a new finding."
Utrecht,Utrecht,fbref_own_goals_per90,fbref,575,301,52.3,unexplained_blended,"Low coverage in a domain/season-sensitive column, but this table blends all seasons together -- check season_column_coverage for this column for the real per-season breakdown before treating this as a new finding."
Utrecht,Utrecht,gk_goals_against_per90,gk,68,36,52.9,,
Utrecht,Utrecht,gk_wins,gk,68,36,52.9,,
Utrecht,Utrecht,gk_draws,gk,68,36,52.9,,
Utrecht,Utrecht,gk_goals_against,gk,68,36,52.9,,
Utrecht,Utrecht,gk_losses,gk,68,36,52.9,,
Utrecht,Utrecht,gk_clean_sheets,gk,68,36,52.9,,
Utrecht,Utrecht,gk_clean_sheet_pct,gk,68,36,52.9,,
Utrecht,Utrecht,fbref_own_goals,fbref,575,305,53.0,unexplained_blended,"Low coverage in a domain/season-sensitive column, but this table blends all seasons together -- check season_column_coverage for this column for the real per-season breakdown before treating this as a new finding."
Utrecht,Utrecht,fbref_second_yellow_cards,fbref,575,306,53.2,unexplained_blended,"Low coverage in a domain/season-sensitive column, but this table blends all seasons together -- check season_column_coverage for this column for the real per-season breakdown before treating this as a new finding."
Utrecht,Utrecht,tm_foot,tm,575,309,53.7,,
Utrecht,Utrecht,tm_height_cm,tm,575,310,53.9,,
Utrecht,Utrecht,fbref_shots_on_target_pct,fbref,575,325,56.5,unexplained_blended,"Low coverage in a domain/season-sensitive column, but this table blends all seasons together -- check season_column_coverage for this column for the real per-season breakdown before treating this as a new finding."
Utrecht,Utrecht,fbref_goals_per_shot_on_target,fbref,575,328,57.0,unexplained_blended,"Low coverage in a domain/season-sensitive column, but this table blends all seasons together -- check season_column_coverage for this column for the real per-season breakdown before treating this as a new finding."
Utrecht,Utrecht,ws_take_ons_won_pct,ws,575,337,58.6,unexplained_blended,"Low coverage in a domain/season-sensitive column, but this table blends all seasons together -- check season_column_coverage for this column for the real per-season breakdown before treating this as a new finding."
Utrecht,Utrecht,ws_aerial_duel_win_pct,ws,575,362,63.0,unexplained_blended,"Low coverage in a domain/season-sensitive column, but this table blends all seasons together -- check season_column_coverage for this column for the real per-season breakdown before treating this as a new finding."
Utrecht,Utrecht,fbref_plus_minus,fbref,575,367,63.8,unexplained_blended,"Low coverage in a domain/season-sensitive column, but this table blends all seasons together -- check season_column_coverage for this column for the real per-season breakdown before treating this as a new finding."
Utrecht,Utrecht,fbref_team_goals_against_while_on_pitch,fbref,575,367,63.8,unexplained_blended,"Low coverage in a domain/season-sensitive column, but this table blends all seasons together -- check season_column_coverage for this column for the real per-season breakdown before treating this as a new finding."
Utrecht,Utrecht,fbref_plus_minus_per90,fbref,575,367,63.8,unexplained_blended,"Low coverage in a domain/season-sensitive column, but this table blends all seasons together -- check season_column_coverage for this column for the real per-season breakdown before treating this as a new finding."
Utrecht,Utrecht,fbref_points_per_match,fbref,575,367,63.8,unexplained_blended,"Low coverage in a domain/season-sensitive column, but this table blends all seasons together -- check season_column_coverage for this column for the real per-season breakdown before treating this as a new finding."
Utrecht,Utrecht,fbref_on_off,fbref,575,367,63.8,unexplained_blended,"Low coverage in a domain/season-sensitive column, but this table blends all seasons together -- check season_column_coverage for this column for the real per-season breakdown before treating this as a new finding."
Utrecht,Utrecht,fbref_team_goals_while_on_pitch,fbref,575,367,63.8,unexplained_blended,"Low coverage in a domain/season-sensitive column, but this table blends all seasons together -- check season_column_coverage for this column for the real per-season breakdown before treating this as a new finding."
Utrecht,Utrecht,ws_ground_duel_win_pct,ws,575,370,64.3,unexplained_blended,"Low coverage in a domain/season-sensitive column, but this table blends all seasons together -- check season_column_coverage for this column for the real per-season breakdown before treating this as a new finding."
Utrecht,Utrecht,ws_aerials_won_per90,ws,575,394,68.5,unexplained_blended,"Low coverage in a domain/season-sensitive column, but this table blends all seasons together -- check season_column_coverage for this column for the real per-season breakdown before treating this as a new finding."
Utrecht,Utrecht,ws_passes_per90,ws,575,394,68.5,unexplained_blended,"Low coverage in a domain/season-sensitive column, but this table blends all seasons together -- check season_column_coverage for this column for the real per-season breakdown before treating this as a new finding."
Utrecht,Utrecht,ws_passes_completed_per90,ws,575,394,68.5,unexplained_blended,"Low coverage in a domain/season-sensitive column, but this table blends all seasons together -- check season_column_coverage for this column for the real per-season breakdown before treating this as a new finding."
Utrecht,Utrecht,ws_touches_per90,ws,575,394,68.5,unexplained_blended,"Low coverage in a domain/season-sensitive column, but this table blends all seasons together -- check season_column_coverage for this column for the real per-season breakdown before treating this as a new finding."
Utrecht,Utrecht,ws_touches_def_3rd_per90,ws,575,394,68.5,unexplained_blended,"Low coverage in a domain/season-sensitive column, but this table blends all seasons together -- check season_column_coverage for this column for the real per-season breakdown before treating this as a new finding."
Utrecht,Utrecht,ws_touches_mid_3rd_per90,ws,575,394,68.5,unexplained_blended,"Low coverage in a domain/season-sensitive column, but this table blends all seasons together -- check season_column_coverage for this column for the real per-season breakdown before treating this as a new finding."
Utrecht,Utrecht,ws_touches_att_3rd_per90,ws,575,394,68.5,unexplained_blended,"Low coverage in a domain/season-sensitive column, but this table blends all seasons together -- check season_column_coverage for this column for the real per-season breakdown before treating this as a new finding."
Utrecht,Utrecht,ws_touches_def_pen_area_per90,ws,575,394,68.5,unexplained_blended,"Low coverage in a domain/season-sensitive column, but this table blends all seasons together -- check season_column_coverage for this column for the real per-season breakdown before treating this as a new finding."
Utrecht,Utrecht,ws_touches_att_pen_area_per90,ws,575,394,68.5,unexplained_blended,"Low coverage in a domain/season-sensitive column, but this table blends all seasons together -- check season_column_coverage for this column for the real per-season breakdown before treating this as a new finding."
Utrecht,Utrecht,ws_take_ons_per90,ws,575,394,68.5,unexplained_blended,"Low coverage in a domain/season-sensitive column, but this table blends all seasons together -- check season_column_coverage for this column for the real per-season breakdown before treating this as a new finding."
Utrecht,Utrecht,ws_take_ons_won_per90,ws,575,394,68.5,unexplained_blended,"Low coverage in a domain/season-sensitive column, but this table blends all seasons together -- check season_column_coverage for this column for the real per-season breakdown before treating this as a new finding."
Utrecht,Utrecht,ws_dispossessed_per90,ws,575,394,68.5,unexplained_blended,"Low coverage in a domain/season-sensitive column, but this table blends all seasons together -- check season_column_coverage for this column for the real per-season breakdown before treating this as a new finding."
Utrecht,Utrecht,ws_tackles_per90,ws,575,394,68.5,unexplained_blended,"Low coverage in a domain/season-sensitive column, but this table blends all seasons together -- check season_column_coverage for this column for the real per-season breakdown before treating this as a new finding."
Utrecht,Utrecht,ws_tackles_won_per90,ws,575,394,68.5,unexplained_blended,"Low coverage in a domain/season-sensitive column, but this table blends all seasons together -- check season_column_coverage for this column for the real per-season breakdown before treating this as a new finding."
Utrecht,Utrecht,ws_tackles_def_3rd_per90,ws,575,394,68.5,unexplained_blended,"Low coverage in a domain/season-sensitive column, but this table blends all seasons together -- check season_column_coverage for this column for the real per-season breakdown before treating this as a new finding."
Utrecht,Utrecht,ws_tackles_mid_3rd_per90,ws,575,394,68.5,unexplained_blended,"Low coverage in a domain/season-sensitive column, but this table blends all seasons together -- check season_column_coverage for this column for the real per-season breakdown before treating this as a new finding."
Utrecht,Utrecht,ws_tackles_att_3rd_per90,ws,575,394,68.5,unexplained_blended,"Low coverage in a domain/season-sensitive column, but this table blends all seasons together -- check season_column_coverage for this column for the real per-season breakdown before treating this as a new finding."
Utrecht,Utrecht,ws_interceptions_per90,ws,575,394,68.5,unexplained_blended,"Low coverage in a domain/season-sensitive column, but this table blends all seasons together -- check season_column_coverage for this column for the real per-season breakdown before treating this as a new finding."
Utrecht,Utrecht,ws_interceptions_def_3rd_per90,ws,575,394,68.5,unexplained_blended,"Low coverage in a domain/season-sensitive column, but this table blends all seasons together -- check season_column_coverage for this column for the real per-season breakdown before treating this as a new finding."
Utrecht,Utrecht,ws_interceptions_mid_3rd_per90,ws,575,394,68.5,unexplained_blended,"Low coverage in a domain/season-sensitive column, but this table blends all seasons together -- check season_column_coverage for this column for the real per-season breakdown before treating this as a new finding."
Utrecht,Utrecht,ws_interceptions_att_3rd_per90,ws,575,394,68.5,unexplained_blended,"Low coverage in a domain/season-sensitive column, but this table blends all seasons together -- check season_column_coverage for this column for the real per-season breakdown before treating this as a new finding."
Utrecht,Utrecht,ws_clearances_per90,ws,575,394,68.5,unexplained_blended,"Low coverage in a domain/season-sensitive column, but this table blends all seasons together -- check season_column_coverage for this column for the real per-season breakdown before treating this as a new finding."
Utrecht,Utrecht,ws_dribbled_past_per90,ws,575,394,68.5,unexplained_blended,"Low coverage in a domain/season-sensitive column, but this table blends all seasons together -- check season_column_coverage for this column for the real per-season breakdown before treating this as a new finding."
Utrecht,Utrecht,ws_errors_per90,ws,575,394,68.5,unexplained_blended,"Low coverage in a domain/season-sensitive column, but this table blends all seasons together -- check season_column_coverage for this column for the real per-season breakdown before treating this as a new finding."
Utrecht,Utrecht,ws_final_third_entries_per90,ws,575,394,68.5,unexplained_blended,"Low coverage in a domain/season-sensitive column, but this table blends all seasons together -- check season_column_coverage for this column for the real per-season breakdown before treating this as a new finding."
Utrecht,Utrecht,ws_pen_area_entries_per90,ws,575,394,68.5,unexplained_blended,"Low coverage in a domain/season-sensitive column, but this table blends all seasons together -- check season_column_coverage for this column for the real per-season breakdown before treating this as a new finding."
Utrecht,Utrecht,ws_aerials_per90,ws,575,394,68.5,unexplained_blended,"Low coverage in a domain/season-sensitive column, but this table blends all seasons together -- check season_column_coverage for this column for the real per-season breakdown before treating this as a new finding."
Utrecht,Utrecht,ws_passes_pct,ws,575,398,69.2,unexplained_blended,"Low coverage in a domain/season-sensitive column, but this table blends all seasons together -- check season_column_coverage for this column for the real per-season breakdown before treating this as a new finding."
Utrecht,Utrecht,ws_touches_def_3rd,ws,575,400,69.6,unexplained_blended,"Low coverage in a domain/season-sensitive column, but this table blends all seasons together -- check season_column_coverage for this column for the real per-season breakdown before treating this as a new finding."
Utrecht,Utrecht,ws_touches_att_3rd,ws,575,400,69.6,unexplained_blended,"Low coverage in a domain/season-sensitive column, but this table blends all seasons together -- check season_column_coverage for this column for the real per-season breakdown before treating this as a new finding."
Utrecht,Utrecht,ws_touches_def_pen_area,ws,575,400,69.6,unexplained_blended,"Low coverage in a domain/season-sensitive column, but this table blends all seasons together -- check season_column_coverage for this column for the real per-season breakdown before treating this as a new finding."
Utrecht,Utrecht,ws_touches_att_pen_area,ws,575,400,69.6,unexplained_blended,"Low coverage in a domain/season-sensitive column, but this table blends all seasons together -- check season_column_coverage for this column for the real per-season breakdown before treating this as a new finding."
Utrecht,Utrecht,ws_take_ons,ws,575,400,69.6,unexplained_blended,"Low coverage in a domain/season-sensitive column, but this table blends all seasons together -- check season_column_coverage for this column for the real per-season breakdown before treating this as a new finding."
Utrecht,Utrecht,ws_take_ons_won,ws,575,400,69.6,unexplained_blended,"Low coverage in a domain/season-sensitive column, but this table blends all seasons together -- check season_column_coverage for this column for the real per-season breakdown before treating this as a new finding."
Utrecht,Utrecht,ws_dispossessed,ws,575,400,69.6,unexplained_blended,"Low coverage in a domain/season-sensitive column, but this table blends all seasons together -- check season_column_coverage for this column for the real per-season breakdown before treating this as a new finding."
Utrecht,Utrecht,ws_tackles,ws,575,400,69.6,unexplained_blended,"Low coverage in a domain/season-sensitive column, but this table blends all seasons together -- check season_column_coverage for this column for the real per-season breakdown before treating this as a new finding."
Utrecht,Utrecht,ws_tackles_won,ws,575,400,69.6,unexplained_blended,"Low coverage in a domain/season-sensitive column, but this table blends all seasons together -- check season_column_coverage for this column for the real per-season breakdown before treating this as a new finding."
Utrecht,Utrecht,ws_tackles_def_3rd,ws,575,400,69.6,unexplained_blended,"Low coverage in a domain/season-sensitive column, but this table blends all seasons together -- check season_column_coverage for this column for the real per-season breakdown before treating this as a new finding."
Utrecht,Utrecht,ws_tackles_mid_3rd,ws,575,400,69.6,unexplained_blended,"Low coverage in a domain/season-sensitive column, but this table blends all seasons together -- check season_column_coverage for this column for the real per-season breakdown before treating this as a new finding."
Utrecht,Utrecht,ws_tackles_att_3rd,ws,575,400,69.6,unexplained_blended,"Low coverage in a domain/season-sensitive column, but this table blends all seasons together -- check season_column_coverage for this column for the real per-season breakdown before treating this as a new finding."
Utrecht,Utrecht,ws_interceptions,ws,575,400,69.6,unexplained_blended,"Low coverage in a domain/season-sensitive column, but this table blends all seasons together -- check season_column_coverage for this column for the real per-season breakdown before treating this as a new finding."
Utrecht,Utrecht,ws_interceptions_def_3rd,ws,575,400,69.6,unexplained_blended,"Low coverage in a domain/season-sensitive column, but this table blends all seasons together -- check season_column_coverage for this column for the real per-season breakdown before treating this as a new finding."
Utrecht,Utrecht,ws_interceptions_mid_3rd,ws,575,400,69.6,unexplained_blended,"Low coverage in a domain/season-sensitive column, but this table blends all seasons together -- check season_column_coverage for this column for the real per-season breakdown before treating this as a new finding."
Utrecht,Utrecht,ws_interceptions_att_3rd,ws,575,400,69.6,unexplained_blended,"Low coverage in a domain/season-sensitive column, but this table blends all seasons together -- check season_column_coverage for this column for the real per-season breakdown before treating this as a new finding."
Utrecht,Utrecht,ws_clearances,ws,575,400,69.6,unexplained_blended,"Low coverage in a domain/season-sensitive column, but this table blends all seasons together -- check season_column_coverage for this column for the real per-season breakdown before treating this as a new finding."
Utrecht,Utrecht,ws_dribbled_past,ws,575,400,69.6,unexplained_blended,"Low coverage in a domain/season-sensitive column, but this table blends all seasons together -- check season_column_coverage for this column for the real per-season breakdown before treating this as a new finding."
Utrecht,Utrecht,ws_errors,ws,575,400,69.6,unexplained_blended,"Low coverage in a domain/season-sensitive column, but this table blends all seasons together -- check season_column_coverage for this column for the real per-season breakdown before treating this as a new finding."
Utrecht,Utrecht,ws_final_third_entries,ws,575,400,69.6,unexplained_blended,"Low coverage in a domain/season-sensitive column, but this table blends all seasons together -- check season_column_coverage for this column for the real per-season breakdown before treating this as a new finding."
Utrecht,Utrecht,ws_pen_area_entries,ws,575,400,69.6,unexplained_blended,"Low coverage in a domain/season-sensitive column, but this table blends all seasons together -- check season_column_coverage for this column for the real per-season breakdown before treating this as a new finding."
Utrecht,Utrecht,ws_aerials,ws,575,400,69.6,unexplained_blended,"Low coverage in a domain/season-sensitive column, but this table blends all seasons together -- check season_column_coverage for this column for the real per-season breakdown before treating this as a new finding."
Utrecht,Utrecht,ws_aerials_won,ws,575,400,69.6,unexplained_blended,"Low coverage in a domain/season-sensitive column, but this table blends all seasons together -- check season_column_coverage for this column for the real per-season breakdown before treating this as a new finding."
Utrecht,Utrecht,ws_passes_completed,ws,575,400,69.6,unexplained_blended,"Low coverage in a domain/season-sensitive column, but this table blends all seasons together -- check season_column_coverage for this column for the real per-season breakdown before treating this as a new finding."
Utrecht,Utrecht,ws_passes,ws,575,400,69.6,unexplained_blended,"Low coverage in a domain/season-sensitive column, but this table blends all seasons together -- check season_column_coverage for this column for the real per-season breakdown before treating this as a new finding."
Utrecht,Utrecht,ws_matches_with_data,ws,575,400,69.6,unexplained_blended,"Low coverage in a domain/season-sensitive column, but this table blends all seasons together -- check season_column_coverage for this column for the real per-season breakdown before treating this as a new finding."
Utrecht,Utrecht,ws_touches,ws,575,400,69.6,unexplained_blended,"Low coverage in a domain/season-sensitive column, but this table blends all seasons together -- check season_column_coverage for this column for the real per-season breakdown before treating this as a new finding."
Utrecht,Utrecht,ws_touches_mid_3rd,ws,575,400,69.6,unexplained_blended,"Low coverage in a domain/season-sensitive column, but this table blends all seasons together -- check season_column_coverage for this column for the real per-season breakdown before treating this as a new finding."
Utrecht,Utrecht,ws_whoscored_player_id,ws,575,400,69.6,unexplained_blended,"Low coverage in a domain/season-sensitive column, but this table blends all seasons together -- check season_column_coverage for this column for the real per-season breakdown before treating this as a new finding."
Utrecht,Utrecht,fbref_shots,fbref,575,403,70.1,unexplained_blended,"Low coverage in a domain/season-sensitive column, but this table blends all seasons together -- check season_column_coverage for this column for the real per-season breakdown before treating this as a new finding."
Utrecht,Utrecht,fbref_shots_on_target,fbref,575,403,70.1,unexplained_blended,"Low coverage in a domain/season-sensitive column, but this table blends all seasons together -- check season_column_coverage for this column for the real per-season breakdown before treating this as a new finding."
Utrecht,Utrecht,fbref_unused_sub,fbref,575,446,77.6,unexplained_blended,"Low coverage in a domain/season-sensitive column, but this table blends all seasons together -- check season_column_coverage for this column for the real per-season breakdown before treating this as a new finding."
Utrecht,Utrecht,fbref_fouls_committed_per90,fbref,575,462,80.3,,
Utrecht,Utrecht,fbref_fouls_committed,fbref,575,469,81.6,,
Utrecht,Utrecht,fbref_shots_on_target_per90,fbref,575,469,81.6,,
Utrecht,Utrecht,fbref_red_cards_per90,fbref,575,489,85.0,,
Utrecht,Utrecht,fbref_yellow_cards_per90,fbref,575,489,85.0,,
Utrecht,Utrecht,fbref_assists,fbref,575,496,86.3,,
Utrecht,Utrecht,fbref_non_penalty_goals,fbref,575,496,86.3,,
Utrecht,Utrecht,fbref_goals,fbref,575,496,86.3,,
Utrecht,Utrecht,fbref_goals_per90,fbref,575,496,86.3,,
Utrecht,Utrecht,fbref_minutes,fbref,575,496,86.3,,
Utrecht,Utrecht,fbref_penalty_attempts,fbref,575,496,86.3,,
Utrecht,Utrecht,fbref_penalty_goals,fbref,575,496,86.3,,
Utrecht,Utrecht,fbref_goals_plus_assists,fbref,575,496,86.3,,
Utrecht,Utrecht,fbref_non_penalty_goals_plus_assists_per90,fbref,575,496,86.3,,
Utrecht,Utrecht,fbref_non_penalty_goals_per90,fbref,575,496,86.3,,
Utrecht,Utrecht,fbref_goals_plus_assists_per90,fbref,575,496,86.3,,
Utrecht,Utrecht,fbref_assists_per90,fbref,575,496,86.3,,
Utrecht,Utrecht,fbref_minutes_per_match,fbref,575,497,86.4,,
Utrecht,Utrecht,fbref_nineties,fbref,575,497,86.4,,
Utrecht,Utrecht,fbref_red_cards,fbref,575,497,86.4,,
Utrecht,Utrecht,fbref_yellow_cards,fbref,575,497,86.4,,
Utrecht,Utrecht,fbref_minutes_pct,fbref,575,497,86.4,,
Utrecht,Utrecht,fbref_complete_matches,fbref,575,551,95.8,,
Utrecht,Utrecht,fbref_age,fbref,575,573,99.7,,
Utrecht,Utrecht,fbref_nation,fbref,575,573,99.7,,
Utrecht,Utrecht,fbref_born,fbref,575,573,99.7,,
Utrecht,Utrecht,fbref_matches_played,fbref,575,575,100.0,,
Utrecht,Utrecht,fbref_substitute_appearances,fbref,575,575,100.0,,
Utrecht,Utrecht,fbref_position,fbref,575,575,100.0,,
Utrecht,Utrecht,fbref_starts,fbref,575,575,100.0,,
Vitesse,Vitesse,fbref_penalty_kicks_won_per90,fbref,422,53,12.6,unexplained_blended,"Low coverage in a domain/season-sensitive column, but this table blends all seasons together -- check season_column_coverage for this column for the real per-season breakdown before treating this as a new finding."
Vitesse,Vitesse,fbref_penalty_kicks_conceded_per90,fbref,422,53,12.6,unexplained_blended,"Low coverage in a domain/season-sensitive column, but this table blends all seasons together -- check season_column_coverage for this column for the real per-season breakdown before treating this as a new finding."
Vitesse,Vitesse,fbref_penalty_kicks_conceded,fbref,422,53,12.6,unexplained_blended,"Low coverage in a domain/season-sensitive column, but this table blends all seasons together -- check season_column_coverage for this column for the real per-season breakdown before treating this as a new finding."
Vitesse,Vitesse,fbref_penalty_kicks_won,fbref,422,53,12.6,unexplained_blended,"Low coverage in a domain/season-sensitive column, but this table blends all seasons together -- check season_column_coverage for this column for the real per-season breakdown before treating this as a new finding."
Vitesse,Vitesse,gk_penalty_kick_save_pct,gk,47,12,25.5,,
Vitesse,Vitesse,fbref_goals_per_shot,fbref,422,113,26.8,unexplained_blended,"Low coverage in a domain/season-sensitive column, but this table blends all seasons together -- check season_column_coverage for this column for the real per-season breakdown before treating this as a new finding."
Vitesse,Vitesse,gk_penalty_kicks_allowed,gk,47,15,31.9,,
Vitesse,Vitesse,gk_penalty_kicks_saved,gk,47,15,31.9,,
Vitesse,Vitesse,gk_penalty_kicks_missed_by_opponent,gk,47,15,31.9,,
Vitesse,Vitesse,gk_penalty_kicks_faced,gk,47,15,31.9,,
Vitesse,Vitesse,fbref_minutes_per_sub,fbref,422,135,32.0,unexplained_blended,"Low coverage in a domain/season-sensitive column, but this table blends all seasons together -- check season_column_coverage for this column for the real per-season breakdown before treating this as a new finding."
Vitesse,Vitesse,fbref_minutes_per_start,fbref,422,144,34.1,unexplained_blended,"Low coverage in a domain/season-sensitive column, but this table blends all seasons together -- check season_column_coverage for this column for the real per-season breakdown before treating this as a new finding."
Vitesse,Vitesse,fbref_fouls_drawn_per90,fbref,422,192,45.5,unexplained_blended,"Low coverage in a domain/season-sensitive column, but this table blends all seasons together -- check season_column_coverage for this column for the real per-season breakdown before treating this as a new finding."
Vitesse,Vitesse,fbref_offsides_per90,fbref,422,192,45.5,unexplained_blended,"Low coverage in a domain/season-sensitive column, but this table blends all seasons together -- check season_column_coverage for this column for the real per-season breakdown before treating this as a new finding."
Vitesse,Vitesse,fbref_crosses_per90,fbref,422,192,45.5,unexplained_blended,"Low coverage in a domain/season-sensitive column, but this table blends all seasons together -- check season_column_coverage for this column for the real per-season breakdown before treating this as a new finding."
Vitesse,Vitesse,fbref_interceptions_per90,fbref,422,192,45.5,unexplained_blended,"Low coverage in a domain/season-sensitive column, but this table blends all seasons together -- check season_column_coverage for this column for the real per-season breakdown before treating this as a new finding."
Vitesse,Vitesse,fbref_tackles_won_per90,fbref,422,192,45.5,unexplained_blended,"Low coverage in a domain/season-sensitive column, but this table blends all seasons together -- check season_column_coverage for this column for the real per-season breakdown before treating this as a new finding."
Vitesse,Vitesse,fbref_offsides,fbref,422,194,46.0,unexplained_blended,"Low coverage in a domain/season-sensitive column, but this table blends all seasons together -- check season_column_coverage for this column for the real per-season breakdown before treating this as a new finding."
Vitesse,Vitesse,fbref_fouls_drawn,fbref,422,194,46.0,unexplained_blended,"Low coverage in a domain/season-sensitive column, but this table blends all seasons together -- check season_column_coverage for this column for the real per-season breakdown before treating this as a new finding."
Vitesse,Vitesse,fbref_shots_per90,fbref,422,194,46.0,unexplained_blended,"Low coverage in a domain/season-sensitive column, but this table blends all seasons together -- check season_column_coverage for this column for the real per-season breakdown before treating this as a new finding."
Vitesse,Vitesse,fbref_tackles_won,fbref,422,194,46.0,unexplained_blended,"Low coverage in a domain/season-sensitive column, but this table blends all seasons together -- check season_column_coverage for this column for the real per-season breakdown before treating this as a new finding."
Vitesse,Vitesse,fbref_interceptions,fbref,422,194,46.0,unexplained_blended,"Low coverage in a domain/season-sensitive column, but this table blends all seasons together -- check season_column_coverage for this column for the real per-season breakdown before treating this as a new finding."
Vitesse,Vitesse,fbref_crosses,fbref,422,194,46.0,unexplained_blended,"Low coverage in a domain/season-sensitive column, but this table blends all seasons together -- check season_column_coverage for this column for the real per-season breakdown before treating this as a new finding."
Vitesse,Vitesse,gk_save_pct,gk,47,24,51.1,,
Vitesse,Vitesse,gk_shots_on_target_against,gk,47,24,51.1,,
Vitesse,Vitesse,gk_saves,gk,47,24,51.1,,
Vitesse,Vitesse,gk_saves_per90,gk,47,24,51.1,,
Vitesse,Vitesse,fbref_second_yellow_cards_per90,fbref,422,218,51.7,unexplained_blended,"Low coverage in a domain/season-sensitive column, but this table blends all seasons together -- check season_column_coverage for this column for the real per-season breakdown before treating this as a new finding."
Vitesse,Vitesse,fbref_own_goals_per90,fbref,422,218,51.7,unexplained_blended,"Low coverage in a domain/season-sensitive column, but this table blends all seasons together -- check season_column_coverage for this column for the real per-season breakdown before treating this as a new finding."
Vitesse,Vitesse,fbref_second_yellow_cards,fbref,422,220,52.1,unexplained_blended,"Low coverage in a domain/season-sensitive column, but this table blends all seasons together -- check season_column_coverage for this column for the real per-season breakdown before treating this as a new finding."
Vitesse,Vitesse,fbref_own_goals,fbref,422,220,52.1,unexplained_blended,"Low coverage in a domain/season-sensitive column, but this table blends all seasons together -- check season_column_coverage for this column for the real per-season breakdown before treating this as a new finding."
Vitesse,Vitesse,gk_clean_sheet_pct,gk,47,25,53.2,,
Vitesse,Vitesse,gk_draws,gk,47,26,55.3,,
Vitesse,Vitesse,gk_clean_sheets,gk,47,26,55.3,,
Vitesse,Vitesse,gk_losses,gk,47,26,55.3,,
Vitesse,Vitesse,gk_goals_against,gk,47,26,55.3,,
Vitesse,Vitesse,gk_wins,gk,47,26,55.3,,
Vitesse,Vitesse,gk_goals_against_per90,gk,47,26,55.3,,
Vitesse,Vitesse,fbref_shots_on_target_pct,fbref,422,236,55.9,unexplained_blended,"Low coverage in a domain/season-sensitive column, but this table blends all seasons together -- check season_column_coverage for this column for the real per-season breakdown before treating this as a new finding."
Vitesse,Vitesse,fbref_goals_per_shot_on_target,fbref,422,247,58.5,unexplained_blended,"Low coverage in a domain/season-sensitive column, but this table blends all seasons together -- check season_column_coverage for this column for the real per-season breakdown before treating this as a new finding."
Vitesse,Vitesse,ws_take_ons_won_pct,ws,422,253,60.0,unexplained_blended,"Low coverage in a domain/season-sensitive column, but this table blends all seasons together -- check season_column_coverage for this column for the real per-season breakdown before treating this as a new finding."
Vitesse,Vitesse,fbref_on_off,fbref,422,265,62.8,unexplained_blended,"Low coverage in a domain/season-sensitive column, but this table blends all seasons together -- check season_column_coverage for this column for the real per-season breakdown before treating this as a new finding."
Vitesse,Vitesse,tm_foot,tm,422,266,63.0,,
Vitesse,Vitesse,ws_aerial_duel_win_pct,ws,422,268,63.5,unexplained_blended,"Low coverage in a domain/season-sensitive column, but this table blends all seasons together -- check season_column_coverage for this column for the real per-season breakdown before treating this as a new finding."
Vitesse,Vitesse,fbref_plus_minus_per90,fbref,422,269,63.7,unexplained_blended,"Low coverage in a domain/season-sensitive column, but this table blends all seasons together -- check season_column_coverage for this column for the real per-season breakdown before treating this as a new finding."
Vitesse,Vitesse,fbref_team_goals_against_while_on_pitch,fbref,422,269,63.7,unexplained_blended,"Low coverage in a domain/season-sensitive column, but this table blends all seasons together -- check season_column_coverage for this column for the real per-season breakdown before treating this as a new finding."
Vitesse,Vitesse,fbref_plus_minus,fbref,422,269,63.7,unexplained_blended,"Low coverage in a domain/season-sensitive column, but this table blends all seasons together -- check season_column_coverage for this column for the real per-season breakdown before treating this as a new finding."
Vitesse,Vitesse,tm_height_cm,tm,422,269,63.7,,
Vitesse,Vitesse,fbref_team_goals_while_on_pitch,fbref,422,269,63.7,unexplained_blended,"Low coverage in a domain/season-sensitive column, but this table blends all seasons together -- check season_column_coverage for this column for the real per-season breakdown before treating this as a new finding."
Vitesse,Vitesse,fbref_points_per_match,fbref,422,270,64.0,unexplained_blended,"Low coverage in a domain/season-sensitive column, but this table blends all seasons together -- check season_column_coverage for this column for the real per-season breakdown before treating this as a new finding."
Vitesse,Vitesse,ws_ground_duel_win_pct,ws,422,271,64.2,unexplained_blended,"Low coverage in a domain/season-sensitive column, but this table blends all seasons together -- check season_column_coverage for this column for the real per-season breakdown before treating this as a new finding."
Vitesse,Vitesse,ws_aerials_won_per90,ws,422,281,66.6,unexplained_blended,"Low coverage in a domain/season-sensitive column, but this table blends all seasons together -- check season_column_coverage for this column for the real per-season breakdown before treating this as a new finding."
Vitesse,Vitesse,ws_passes_per90,ws,422,281,66.6,unexplained_blended,"Low coverage in a domain/season-sensitive column, but this table blends all seasons together -- check season_column_coverage for this column for the real per-season breakdown before treating this as a new finding."
Vitesse,Vitesse,ws_passes_completed_per90,ws,422,281,66.6,unexplained_blended,"Low coverage in a domain/season-sensitive column, but this table blends all seasons together -- check season_column_coverage for this column for the real per-season breakdown before treating this as a new finding."
Vitesse,Vitesse,ws_touches_per90,ws,422,281,66.6,unexplained_blended,"Low coverage in a domain/season-sensitive column, but this table blends all seasons together -- check season_column_coverage for this column for the real per-season breakdown before treating this as a new finding."
Vitesse,Vitesse,ws_touches_def_3rd_per90,ws,422,281,66.6,unexplained_blended,"Low coverage in a domain/season-sensitive column, but this table blends all seasons together -- check season_column_coverage for this column for the real per-season breakdown before treating this as a new finding."
Vitesse,Vitesse,ws_touches_mid_3rd_per90,ws,422,281,66.6,unexplained_blended,"Low coverage in a domain/season-sensitive column, but this table blends all seasons together -- check season_column_coverage for this column for the real per-season breakdown before treating this as a new finding."
Vitesse,Vitesse,ws_touches_att_3rd_per90,ws,422,281,66.6,unexplained_blended,"Low coverage in a domain/season-sensitive column, but this table blends all seasons together -- check season_column_coverage for this column for the real per-season breakdown before treating this as a new finding."
Vitesse,Vitesse,ws_touches_def_pen_area_per90,ws,422,281,66.6,unexplained_blended,"Low coverage in a domain/season-sensitive column, but this table blends all seasons together -- check season_column_coverage for this column for the real per-season breakdown before treating this as a new finding."
Vitesse,Vitesse,ws_touches_att_pen_area_per90,ws,422,281,66.6,unexplained_blended,"Low coverage in a domain/season-sensitive column, but this table blends all seasons together -- check season_column_coverage for this column for the real per-season breakdown before treating this as a new finding."
Vitesse,Vitesse,ws_take_ons_per90,ws,422,281,66.6,unexplained_blended,"Low coverage in a domain/season-sensitive column, but this table blends all seasons together -- check season_column_coverage for this column for the real per-season breakdown before treating this as a new finding."
Vitesse,Vitesse,ws_take_ons_won_per90,ws,422,281,66.6,unexplained_blended,"Low coverage in a domain/season-sensitive column, but this table blends all seasons together -- check season_column_coverage for this column for the real per-season breakdown before treating this as a new finding."
Vitesse,Vitesse,ws_dispossessed_per90,ws,422,281,66.6,unexplained_blended,"Low coverage in a domain/season-sensitive column, but this table blends all seasons together -- check season_column_coverage for this column for the real per-season breakdown before treating this as a new finding."
Vitesse,Vitesse,ws_tackles_per90,ws,422,281,66.6,unexplained_blended,"Low coverage in a domain/season-sensitive column, but this table blends all seasons together -- check season_column_coverage for this column for the real per-season breakdown before treating this as a new finding."
Vitesse,Vitesse,ws_tackles_won_per90,ws,422,281,66.6,unexplained_blended,"Low coverage in a domain/season-sensitive column, but this table blends all seasons together -- check season_column_coverage for this column for the real per-season breakdown before treating this as a new finding."
Vitesse,Vitesse,ws_tackles_def_3rd_per90,ws,422,281,66.6,unexplained_blended,"Low coverage in a domain/season-sensitive column, but this table blends all seasons together -- check season_column_coverage for this column for the real per-season breakdown before treating this as a new finding."
Vitesse,Vitesse,ws_tackles_mid_3rd_per90,ws,422,281,66.6,unexplained_blended,"Low coverage in a domain/season-sensitive column, but this table blends all seasons together -- check season_column_coverage for this column for the real per-season breakdown before treating this as a new finding."
Vitesse,Vitesse,ws_tackles_att_3rd_per90,ws,422,281,66.6,unexplained_blended,"Low coverage in a domain/season-sensitive column, but this table blends all seasons together -- check season_column_coverage for this column for the real per-season breakdown before treating this as a new finding."
Vitesse,Vitesse,ws_interceptions_per90,ws,422,281,66.6,unexplained_blended,"Low coverage in a domain/season-sensitive column, but this table blends all seasons together -- check season_column_coverage for this column for the real per-season breakdown before treating this as a new finding."
Vitesse,Vitesse,ws_interceptions_def_3rd_per90,ws,422,281,66.6,unexplained_blended,"Low coverage in a domain/season-sensitive column, but this table blends all seasons together -- check season_column_coverage for this column for the real per-season breakdown before treating this as a new finding."
Vitesse,Vitesse,ws_interceptions_mid_3rd_per90,ws,422,281,66.6,unexplained_blended,"Low coverage in a domain/season-sensitive column, but this table blends all seasons together -- check season_column_coverage for this column for the real per-season breakdown before treating this as a new finding."
Vitesse,Vitesse,ws_interceptions_att_3rd_per90,ws,422,281,66.6,unexplained_blended,"Low coverage in a domain/season-sensitive column, but this table blends all seasons together -- check season_column_coverage for this column for the real per-season breakdown before treating this as a new finding."
Vitesse,Vitesse,ws_clearances_per90,ws,422,281,66.6,unexplained_blended,"Low coverage in a domain/season-sensitive column, but this table blends all seasons together -- check season_column_coverage for this column for the real per-season breakdown before treating this as a new finding."
Vitesse,Vitesse,ws_dribbled_past_per90,ws,422,281,66.6,unexplained_blended,"Low coverage in a domain/season-sensitive column, but this table blends all seasons together -- check season_column_coverage for this column for the real per-season breakdown before treating this as a new finding."
Vitesse,Vitesse,ws_errors_per90,ws,422,281,66.6,unexplained_blended,"Low coverage in a domain/season-sensitive column, but this table blends all seasons together -- check season_column_coverage for this column for the real per-season breakdown before treating this as a new finding."
Vitesse,Vitesse,ws_final_third_entries_per90,ws,422,281,66.6,unexplained_blended,"Low coverage in a domain/season-sensitive column, but this table blends all seasons together -- check season_column_coverage for this column for the real per-season breakdown before treating this as a new finding."
Vitesse,Vitesse,ws_pen_area_entries_per90,ws,422,281,66.6,unexplained_blended,"Low coverage in a domain/season-sensitive column, but this table blends all seasons together -- check season_column_coverage for this column for the real per-season breakdown before treating this as a new finding."
Vitesse,Vitesse,ws_aerials_per90,ws,422,281,66.6,unexplained_blended,"Low coverage in a domain/season-sensitive column, but this table blends all seasons together -- check season_column_coverage for this column for the real per-season breakdown before treating this as a new finding."
Vitesse,Vitesse,ws_touches_def_3rd,ws,422,286,67.8,unexplained_blended,"Low coverage in a domain/season-sensitive column, but this table blends all seasons together -- check season_column_coverage for this column for the real per-season breakdown before treating this as a new finding."
Vitesse,Vitesse,ws_whoscored_player_id,ws,422,286,67.8,unexplained_blended,"Low coverage in a domain/season-sensitive column, but this table blends all seasons together -- check season_column_coverage for this column for the real per-season breakdown before treating this as a new finding."
Vitesse,Vitesse,ws_touches_mid_3rd,ws,422,286,67.8,unexplained_blended,"Low coverage in a domain/season-sensitive column, but this table blends all seasons together -- check season_column_coverage for this column for the real per-season breakdown before treating this as a new finding."
Vitesse,Vitesse,ws_touches_att_3rd,ws,422,286,67.8,unexplained_blended,"Low coverage in a domain/season-sensitive column, but this table blends all seasons together -- check season_column_coverage for this column for the real per-season breakdown before treating this as a new finding."
Vitesse,Vitesse,ws_touches_def_pen_area,ws,422,286,67.8,unexplained_blended,"Low coverage in a domain/season-sensitive column, but this table blends all seasons together -- check season_column_coverage for this column for the real per-season breakdown before treating this as a new finding."
Vitesse,Vitesse,ws_touches_att_pen_area,ws,422,286,67.8,unexplained_blended,"Low coverage in a domain/season-sensitive column, but this table blends all seasons together -- check season_column_coverage for this column for the real per-season breakdown before treating this as a new finding."
Vitesse,Vitesse,ws_take_ons,ws,422,286,67.8,unexplained_blended,"Low coverage in a domain/season-sensitive column, but this table blends all seasons together -- check season_column_coverage for this column for the real per-season breakdown before treating this as a new finding."
Vitesse,Vitesse,ws_take_ons_won,ws,422,286,67.8,unexplained_blended,"Low coverage in a domain/season-sensitive column, but this table blends all seasons together -- check season_column_coverage for this column for the real per-season breakdown before treating this as a new finding."
Vitesse,Vitesse,ws_touches,ws,422,286,67.8,unexplained_blended,"Low coverage in a domain/season-sensitive column, but this table blends all seasons together -- check season_column_coverage for this column for the real per-season breakdown before treating this as a new finding."
Vitesse,Vitesse,ws_dispossessed,ws,422,286,67.8,unexplained_blended,"Low coverage in a domain/season-sensitive column, but this table blends all seasons together -- check season_column_coverage for this column for the real per-season breakdown before treating this as a new finding."
Vitesse,Vitesse,ws_tackles,ws,422,286,67.8,unexplained_blended,"Low coverage in a domain/season-sensitive column, but this table blends all seasons together -- check season_column_coverage for this column for the real per-season breakdown before treating this as a new finding."
Vitesse,Vitesse,ws_tackles_won,ws,422,286,67.8,unexplained_blended,"Low coverage in a domain/season-sensitive column, but this table blends all seasons together -- check season_column_coverage for this column for the real per-season breakdown before treating this as a new finding."
Vitesse,Vitesse,ws_tackles_def_3rd,ws,422,286,67.8,unexplained_blended,"Low coverage in a domain/season-sensitive column, but this table blends all seasons together -- check season_column_coverage for this column for the real per-season breakdown before treating this as a new finding."
Vitesse,Vitesse,ws_tackles_mid_3rd,ws,422,286,67.8,unexplained_blended,"Low coverage in a domain/season-sensitive column, but this table blends all seasons together -- check season_column_coverage for this column for the real per-season breakdown before treating this as a new finding."
Vitesse,Vitesse,ws_tackles_att_3rd,ws,422,286,67.8,unexplained_blended,"Low coverage in a domain/season-sensitive column, but this table blends all seasons together -- check season_column_coverage for this column for the real per-season breakdown before treating this as a new finding."
Vitesse,Vitesse,ws_interceptions,ws,422,286,67.8,unexplained_blended,"Low coverage in a domain/season-sensitive column, but this table blends all seasons together -- check season_column_coverage for this column for the real per-season breakdown before treating this as a new finding."
Vitesse,Vitesse,ws_interceptions_def_3rd,ws,422,286,67.8,unexplained_blended,"Low coverage in a domain/season-sensitive column, but this table blends all seasons together -- check season_column_coverage for this column for the real per-season breakdown before treating this as a new finding."
Vitesse,Vitesse,ws_interceptions_mid_3rd,ws,422,286,67.8,unexplained_blended,"Low coverage in a domain/season-sensitive column, but this table blends all seasons together -- check season_column_coverage for this column for the real per-season breakdown before treating this as a new finding."
Vitesse,Vitesse,ws_interceptions_att_3rd,ws,422,286,67.8,unexplained_blended,"Low coverage in a domain/season-sensitive column, but this table blends all seasons together -- check season_column_coverage for this column for the real per-season breakdown before treating this as a new finding."
Vitesse,Vitesse,ws_clearances,ws,422,286,67.8,unexplained_blended,"Low coverage in a domain/season-sensitive column, but this table blends all seasons together -- check season_column_coverage for this column for the real per-season breakdown before treating this as a new finding."
Vitesse,Vitesse,ws_dribbled_past,ws,422,286,67.8,unexplained_blended,"Low coverage in a domain/season-sensitive column, but this table blends all seasons together -- check season_column_coverage for this column for the real per-season breakdown before treating this as a new finding."
Vitesse,Vitesse,ws_errors,ws,422,286,67.8,unexplained_blended,"Low coverage in a domain/season-sensitive column, but this table blends all seasons together -- check season_column_coverage for this column for the real per-season breakdown before treating this as a new finding."
Vitesse,Vitesse,ws_final_third_entries,ws,422,286,67.8,unexplained_blended,"Low coverage in a domain/season-sensitive column, but this table blends all seasons together -- check season_column_coverage for this column for the real per-season breakdown before treating this as a new finding."
Vitesse,Vitesse,ws_pen_area_entries,ws,422,286,67.8,unexplained_blended,"Low coverage in a domain/season-sensitive column, but this table blends all seasons together -- check season_column_coverage for this column for the real per-season breakdown before treating this as a new finding."
Vitesse,Vitesse,ws_aerials,ws,422,286,67.8,unexplained_blended,"Low coverage in a domain/season-sensitive column, but this table blends all seasons together -- check season_column_coverage for this column for the real per-season breakdown before treating this as a new finding."
Vitesse,Vitesse,ws_aerials_won,ws,422,286,67.8,unexplained_blended,"Low coverage in a domain/season-sensitive column, but this table blends all seasons together -- check season_column_coverage for this column for the real per-season breakdown before treating this as a new finding."
Vitesse,Vitesse,ws_passes_pct,ws,422,286,67.8,unexplained_blended,"Low coverage in a domain/season-sensitive column, but this table blends all seasons together -- check season_column_coverage for this column for the real per-season breakdown before treating this as a new finding."
Vitesse,Vitesse,ws_passes_completed,ws,422,286,67.8,unexplained_blended,"Low coverage in a domain/season-sensitive column, but this table blends all seasons together -- check season_column_coverage for this column for the real per-season breakdown before treating this as a new finding."
Vitesse,Vitesse,ws_passes,ws,422,286,67.8,unexplained_blended,"Low coverage in a domain/season-sensitive column, but this table blends all seasons together -- check season_column_coverage for this column for the real per-season breakdown before treating this as a new finding."
Vitesse,Vitesse,ws_matches_with_data,ws,422,286,67.8,unexplained_blended,"Low coverage in a domain/season-sensitive column, but this table blends all seasons together -- check season_column_coverage for this column for the real per-season breakdown before treating this as a new finding."
Vitesse,Vitesse,fbref_shots,fbref,422,292,69.2,unexplained_blended,"Low coverage in a domain/season-sensitive column, but this table blends all seasons together -- check season_column_coverage for this column for the real per-season breakdown before treating this as a new finding."
Vitesse,Vitesse,fbref_shots_on_target,fbref,422,295,69.9,unexplained_blended,"Low coverage in a domain/season-sensitive column, but this table blends all seasons together -- check season_column_coverage for this column for the real per-season breakdown before treating this as a new finding."
Vitesse,Vitesse,fbref_unused_sub,fbref,422,312,73.9,unexplained_blended,"Low coverage in a domain/season-sensitive column, but this table blends all seasons together -- check season_column_coverage for this column for the real per-season breakdown before treating this as a new finding."
Vitesse,Vitesse,fbref_fouls_committed_per90,fbref,422,345,81.8,,
Vitesse,Vitesse,fbref_fouls_committed,fbref,422,353,83.6,,
Vitesse,Vitesse,fbref_shots_on_target_per90,fbref,422,353,83.6,,
Vitesse,Vitesse,fbref_red_cards_per90,fbref,422,371,87.9,,
Vitesse,Vitesse,fbref_yellow_cards_per90,fbref,422,371,87.9,,
Vitesse,Vitesse,fbref_goals_plus_assists_per90,fbref,422,379,89.8,,
Vitesse,Vitesse,fbref_non_penalty_goals_per90,fbref,422,379,89.8,,
Vitesse,Vitesse,fbref_non_penalty_goals,fbref,422,379,89.8,,
Vitesse,Vitesse,fbref_assists_per90,fbref,422,379,89.8,,
Vitesse,Vitesse,fbref_penalty_attempts,fbref,422,379,89.8,,
Vitesse,Vitesse,fbref_non_penalty_goals_plus_assists_per90,fbref,422,379,89.8,,
Vitesse,Vitesse,fbref_minutes_pct,fbref,422,379,89.8,,
Vitesse,Vitesse,fbref_goals,fbref,422,379,89.8,,
Vitesse,Vitesse,fbref_assists,fbref,422,379,89.8,,
Vitesse,Vitesse,fbref_goals_plus_assists,fbref,422,379,89.8,,
Vitesse,Vitesse,fbref_minutes_per_match,fbref,422,379,89.8,,
Vitesse,Vitesse,fbref_yellow_cards,fbref,422,379,89.8,,
Vitesse,Vitesse,fbref_red_cards,fbref,422,379,89.8,,
Vitesse,Vitesse,fbref_penalty_goals,fbref,422,379,89.8,,
Vitesse,Vitesse,fbref_goals_per90,fbref,422,379,89.8,,
Vitesse,Vitesse,fbref_minutes,fbref,422,380,90.0,,
Vitesse,Vitesse,fbref_nineties,fbref,422,380,90.0,,
Vitesse,Vitesse,fbref_complete_matches,fbref,422,400,94.8,,
Vitesse,Vitesse,fbref_starts,fbref,422,422,100.0,,
Vitesse,Vitesse,fbref_position,fbref,422,422,100.0,,
Vitesse,Vitesse,fbref_substitute_appearances,fbref,422,422,100.0,,
Vitesse,Vitesse,fbref_age,fbref,422,422,100.0,,
Vitesse,Vitesse,fbref_nation,fbref,422,422,100.0,,
Vitesse,Vitesse,fbref_matches_played,fbref,422,422,100.0,,
Vitesse,Vitesse,fbref_born,fbref,422,422,100.0,,
Volendam,Volendam,fbref_penalty_kicks_conceded,fbref,111,0,0.0,unexplained_blended,"Low coverage in a domain/season-sensitive column, but this table blends all seasons together -- check season_column_coverage for this column for the real per-season breakdown before treating this as a new finding."
Volendam,Volendam,fbref_penalty_kicks_won,fbref,111,0,0.0,unexplained_blended,"Low coverage in a domain/season-sensitive column, but this table blends all seasons together -- check season_column_coverage for this column for the real per-season breakdown before treating this as a new finding."
Volendam,Volendam,fbref_penalty_kicks_conceded_per90,fbref,111,0,0.0,unexplained_blended,"Low coverage in a domain/season-sensitive column, but this table blends all seasons together -- check season_column_coverage for this column for the real per-season breakdown before treating this as a new finding."
Volendam,Volendam,fbref_penalty_kicks_won_per90,fbref,111,0,0.0,unexplained_blended,"Low coverage in a domain/season-sensitive column, but this table blends all seasons together -- check season_column_coverage for this column for the real per-season breakdown before treating this as a new finding."
Volendam,Volendam,gk_penalty_kick_save_pct,gk,11,4,36.4,,
Volendam,Volendam,tm_height_cm,tm,111,50,45.0,,
Volendam,Volendam,tm_foot,tm,111,50,45.0,,
Volendam,Volendam,fbref_goals_per_shot_on_target,fbref,111,63,56.8,unexplained_blended,"Low coverage in a domain/season-sensitive column, but this table blends all seasons together -- check season_column_coverage for this column for the real per-season breakdown before treating this as a new finding."
Volendam,Volendam,gk_penalty_kicks_saved,gk,11,7,63.6,,
Volendam,Volendam,gk_goals_against,gk,11,7,63.6,,
Volendam,Volendam,gk_goals_against_per90,gk,11,7,63.6,,
Volendam,Volendam,gk_shots_on_target_against,gk,11,7,63.6,,
Volendam,Volendam,gk_saves,gk,11,7,63.6,,
Volendam,Volendam,gk_save_pct,gk,11,7,63.6,,
Volendam,Volendam,gk_penalty_kicks_missed_by_opponent,gk,11,7,63.6,,
Volendam,Volendam,gk_penalty_kicks_allowed,gk,11,7,63.6,,
Volendam,Volendam,gk_wins,gk,11,7,63.6,,
Volendam,Volendam,gk_draws,gk,11,7,63.6,,
Volendam,Volendam,gk_losses,gk,11,7,63.6,,
Volendam,Volendam,gk_saves_per90,gk,11,7,63.6,,
Volendam,Volendam,gk_clean_sheets,gk,11,7,63.6,,
Volendam,Volendam,gk_clean_sheet_pct,gk,11,7,63.6,,
Volendam,Volendam,gk_penalty_kicks_faced,gk,11,7,63.6,,
Volendam,Volendam,fbref_shots_on_target_pct,fbref,111,74,66.7,unexplained_blended,"Low coverage in a domain/season-sensitive column, but this table blends all seasons together -- check season_column_coverage for this column for the real per-season breakdown before treating this as a new finding."
Volendam,Volendam,fbref_goals_per_shot,fbref,111,74,66.7,unexplained_blended,"Low coverage in a domain/season-sensitive column, but this table blends all seasons together -- check season_column_coverage for this column for the real per-season breakdown before treating this as a new finding."
Volendam,Volendam,ws_take_ons_won_pct,ws,111,76,68.5,unexplained_blended,"Low coverage in a domain/season-sensitive column, but this table blends all seasons together -- check season_column_coverage for this column for the real per-season breakdown before treating this as a new finding."
Volendam,Volendam,fbref_minutes_per_start,fbref,111,80,72.1,unexplained_blended,"Low coverage in a domain/season-sensitive column, but this table blends all seasons together -- check season_column_coverage for this column for the real per-season breakdown before treating this as a new finding."
Volendam,Volendam,ws_aerial_duel_win_pct,ws,111,84,75.7,unexplained_blended,"Low coverage in a domain/season-sensitive column, but this table blends all seasons together -- check season_column_coverage for this column for the real per-season breakdown before treating this as a new finding."
Volendam,Volendam,fbref_minutes_per_sub,fbref,111,85,76.6,unexplained_blended,"Low coverage in a domain/season-sensitive column, but this table blends all seasons together -- check season_column_coverage for this column for the real per-season breakdown before treating this as a new finding."
Volendam,Volendam,ws_ground_duel_win_pct,ws,111,90,81.1,,
Volendam,Volendam,ws_clearances_per90,ws,111,98,88.3,,
Volendam,Volendam,ws_passes_pct,ws,111,98,88.3,,
Volendam,Volendam,ws_passes_completed,ws,111,98,88.3,,
Volendam,Volendam,ws_touches,ws,111,98,88.3,,
Volendam,Volendam,ws_passes,ws,111,98,88.3,,
Volendam,Volendam,ws_matches_with_data,ws,111,98,88.3,,
Volendam,Volendam,ws_whoscored_player_id,ws,111,98,88.3,,
Volendam,Volendam,ws_touches_def_3rd,ws,111,98,88.3,,
Volendam,Volendam,ws_touches_mid_3rd,ws,111,98,88.3,,
Volendam,Volendam,ws_touches_att_3rd,ws,111,98,88.3,,
Volendam,Volendam,ws_touches_def_pen_area,ws,111,98,88.3,,
Volendam,Volendam,ws_touches_att_pen_area,ws,111,98,88.3,,
Volendam,Volendam,ws_take_ons,ws,111,98,88.3,,
Volendam,Volendam,ws_take_ons_won,ws,111,98,88.3,,
Volendam,Volendam,ws_dispossessed,ws,111,98,88.3,,
Volendam,Volendam,ws_tackles,ws,111,98,88.3,,
Volendam,Volendam,ws_tackles_won,ws,111,98,88.3,,
Volendam,Volendam,ws_tackles_def_3rd,ws,111,98,88.3,,
Volendam,Volendam,ws_tackles_mid_3rd,ws,111,98,88.3,,
Volendam,Volendam,ws_tackles_att_3rd,ws,111,98,88.3,,
Volendam,Volendam,ws_interceptions,ws,111,98,88.3,,
Volendam,Volendam,ws_interceptions_def_3rd,ws,111,98,88.3,,
Volendam,Volendam,ws_interceptions_mid_3rd,ws,111,98,88.3,,
Volendam,Volendam,ws_interceptions_att_3rd,ws,111,98,88.3,,
Volendam,Volendam,ws_clearances,ws,111,98,88.3,,
Volendam,Volendam,ws_dribbled_past,ws,111,98,88.3,,
Volendam,Volendam,ws_errors,ws,111,98,88.3,,
Volendam,Volendam,ws_final_third_entries,ws,111,98,88.3,,
Volendam,Volendam,ws_pen_area_entries,ws,111,98,88.3,,
Volendam,Volendam,ws_aerials,ws,111,98,88.3,,
Volendam,Volendam,ws_aerials_won,ws,111,98,88.3,,
Volendam,Volendam,ws_passes_per90,ws,111,98,88.3,,
Volendam,Volendam,ws_passes_completed_per90,ws,111,98,88.3,,
Volendam,Volendam,ws_touches_per90,ws,111,98,88.3,,
Volendam,Volendam,ws_touches_def_3rd_per90,ws,111,98,88.3,,
Volendam,Volendam,ws_touches_mid_3rd_per90,ws,111,98,88.3,,
Volendam,Volendam,ws_touches_att_3rd_per90,ws,111,98,88.3,,
Volendam,Volendam,ws_touches_def_pen_area_per90,ws,111,98,88.3,,
Volendam,Volendam,ws_touches_att_pen_area_per90,ws,111,98,88.3,,
Volendam,Volendam,ws_take_ons_per90,ws,111,98,88.3,,
Volendam,Volendam,ws_take_ons_won_per90,ws,111,98,88.3,,
Volendam,Volendam,ws_dispossessed_per90,ws,111,98,88.3,,
Volendam,Volendam,ws_tackles_per90,ws,111,98,88.3,,
Volendam,Volendam,ws_tackles_won_per90,ws,111,98,88.3,,
Volendam,Volendam,ws_tackles_def_3rd_per90,ws,111,98,88.3,,
Volendam,Volendam,ws_tackles_mid_3rd_per90,ws,111,98,88.3,,
Volendam,Volendam,ws_tackles_att_3rd_per90,ws,111,98,88.3,,
Volendam,Volendam,ws_interceptions_per90,ws,111,98,88.3,,
Volendam,Volendam,ws_interceptions_def_3rd_per90,ws,111,98,88.3,,
Volendam,Volendam,ws_interceptions_mid_3rd_per90,ws,111,98,88.3,,
Volendam,Volendam,ws_interceptions_att_3rd_per90,ws,111,98,88.3,,
Volendam,Volendam,ws_dribbled_past_per90,ws,111,98,88.3,,
Volendam,Volendam,ws_errors_per90,ws,111,98,88.3,,
Volendam,Volendam,ws_final_third_entries_per90,ws,111,98,88.3,,
Volendam,Volendam,ws_pen_area_entries_per90,ws,111,98,88.3,,
Volendam,Volendam,ws_aerials_per90,ws,111,98,88.3,,
Volendam,Volendam,ws_aerials_won_per90,ws,111,98,88.3,,
Volendam,Volendam,fbref_yellow_cards,fbref,111,100,90.1,,
Volendam,Volendam,fbref_shots_per90,fbref,111,100,90.1,,
Volendam,Volendam,fbref_minutes,fbref,111,100,90.1,,
Volendam,Volendam,fbref_crosses,fbref,111,100,90.1,,
Volendam,Volendam,fbref_minutes_per_match,fbref,111,100,90.1,,
Volendam,Volendam,fbref_minutes_pct,fbref,111,100,90.1,,
Volendam,Volendam,fbref_nineties,fbref,111,100,90.1,,
Volendam,Volendam,fbref_points_per_match,fbref,111,100,90.1,,
Volendam,Volendam,fbref_team_goals_while_on_pitch,fbref,111,100,90.1,,
Volendam,Volendam,fbref_team_goals_against_while_on_pitch,fbref,111,100,90.1,,
Volendam,Volendam,fbref_plus_minus,fbref,111,100,90.1,,
Volendam,Volendam,fbref_plus_minus_per90,fbref,111,100,90.1,,
Volendam,Volendam,fbref_on_off,fbref,111,100,90.1,,
Volendam,Volendam,fbref_goals,fbref,111,100,90.1,,
Volendam,Volendam,fbref_assists,fbref,111,100,90.1,,
Volendam,Volendam,fbref_goals_plus_assists,fbref,111,100,90.1,,
Volendam,Volendam,fbref_non_penalty_goals,fbref,111,100,90.1,,
Volendam,Volendam,fbref_penalty_goals,fbref,111,100,90.1,,
Volendam,Volendam,fbref_penalty_attempts,fbref,111,100,90.1,,
Volendam,Volendam,fbref_goals_per90,fbref,111,100,90.1,,
Volendam,Volendam,fbref_assists_per90,fbref,111,100,90.1,,
Volendam,Volendam,fbref_goals_plus_assists_per90,fbref,111,100,90.1,,
Volendam,Volendam,fbref_non_penalty_goals_per90,fbref,111,100,90.1,,
Volendam,Volendam,fbref_shots,fbref,111,100,90.1,,
Volendam,Volendam,fbref_non_penalty_goals_plus_assists_per90,fbref,111,100,90.1,,
Volendam,Volendam,fbref_offsides,fbref,111,100,90.1,,
Volendam,Volendam,fbref_fouls_drawn,fbref,111,100,90.1,,
Volendam,Volendam,fbref_fouls_committed,fbref,111,100,90.1,,
Volendam,Volendam,fbref_second_yellow_cards,fbref,111,100,90.1,,
Volendam,Volendam,fbref_red_cards,fbref,111,100,90.1,,
Volendam,Volendam,fbref_interceptions,fbref,111,100,90.1,,
Volendam,Volendam,fbref_shots_on_target_per90,fbref,111,100,90.1,,
Volendam,Volendam,fbref_own_goals,fbref,111,100,90.1,,
Volendam,Volendam,fbref_yellow_cards_per90,fbref,111,100,90.1,,
Volendam,Volendam,fbref_red_cards_per90,fbref,111,100,90.1,,
Volendam,Volendam,fbref_second_yellow_cards_per90,fbref,111,100,90.1,,
Volendam,Volendam,fbref_fouls_committed_per90,fbref,111,100,90.1,,
Volendam,Volendam,fbref_fouls_drawn_per90,fbref,111,100,90.1,,
Volendam,Volendam,fbref_offsides_per90,fbref,111,100,90.1,,
Volendam,Volendam,fbref_crosses_per90,fbref,111,100,90.1,,
Volendam,Volendam,fbref_interceptions_per90,fbref,111,100,90.1,,
Volendam,Volendam,fbref_tackles_won_per90,fbref,111,100,90.1,,
Volendam,Volendam,fbref_own_goals_per90,fbref,111,100,90.1,,
Volendam,Volendam,fbref_tackles_won,fbref,111,100,90.1,,
Volendam,Volendam,fbref_shots_on_target,fbref,111,100,90.1,,
Volendam,Volendam,fbref_born,fbref,111,106,95.5,,
Volendam,Volendam,fbref_age,fbref,111,106,95.5,,
Volendam,Volendam,fbref_nation,fbref,111,106,95.5,,
Volendam,Volendam,fbref_complete_matches,fbref,111,111,100.0,,
Volendam,Volendam,fbref_starts,fbref,111,111,100.0,,
Volendam,Volendam,fbref_matches_played,fbref,111,111,100.0,,
Volendam,Volendam,fbref_position,fbref,111,111,100.0,,
Volendam,Volendam,fbref_unused_sub,fbref,111,111,100.0,,
Volendam,Volendam,fbref_substitute_appearances,fbref,111,111,100.0,,
VVV-Venlo,VVV Venlo,fbref_penalty_kicks_conceded_per90,fbref,204,23,11.3,unexplained_blended,"Low coverage in a domain/season-sensitive column, but this table blends all seasons together -- check season_column_coverage for this column for the real per-season breakdown before treating this as a new finding."
VVV-Venlo,VVV Venlo,fbref_penalty_kicks_won_per90,fbref,204,23,11.3,unexplained_blended,"Low coverage in a domain/season-sensitive column, but this table blends all seasons together -- check season_column_coverage for this column for the real per-season breakdown before treating this as a new finding."
VVV-Venlo,VVV Venlo,fbref_penalty_kicks_conceded,fbref,204,24,11.8,unexplained_blended,"Low coverage in a domain/season-sensitive column, but this table blends all seasons together -- check season_column_coverage for this column for the real per-season breakdown before treating this as a new finding."
VVV-Venlo,VVV Venlo,fbref_penalty_kicks_won,fbref,204,24,11.8,unexplained_blended,"Low coverage in a domain/season-sensitive column, but this table blends all seasons together -- check season_column_coverage for this column for the real per-season breakdown before treating this as a new finding."
VVV-Venlo,VVV Venlo,gk_penalty_kick_save_pct,gk,25,5,20.0,,
VVV-Venlo,VVV Venlo,fbref_goals_per_shot,fbref,204,46,22.5,unexplained_blended,"Low coverage in a domain/season-sensitive column, but this table blends all seasons together -- check season_column_coverage for this column for the real per-season breakdown before treating this as a new finding."
VVV-Venlo,VVV Venlo,gk_penalty_kicks_missed_by_opponent,gk,25,7,28.0,,
VVV-Venlo,VVV Venlo,gk_penalty_kicks_faced,gk,25,7,28.0,,
VVV-Venlo,VVV Venlo,gk_penalty_kicks_saved,gk,25,7,28.0,,
VVV-Venlo,VVV Venlo,gk_penalty_kicks_allowed,gk,25,7,28.0,,
VVV-Venlo,VVV Venlo,fbref_minutes_per_sub,fbref,204,62,30.4,unexplained_blended,"Low coverage in a domain/season-sensitive column, but this table blends all seasons together -- check season_column_coverage for this column for the real per-season breakdown before treating this as a new finding."
VVV-Venlo,VVV Venlo,fbref_minutes_per_start,fbref,204,69,33.8,unexplained_blended,"Low coverage in a domain/season-sensitive column, but this table blends all seasons together -- check season_column_coverage for this column for the real per-season breakdown before treating this as a new finding."
VVV-Venlo,VVV Venlo,fbref_interceptions_per90,fbref,204,77,37.7,unexplained_blended,"Low coverage in a domain/season-sensitive column, but this table blends all seasons together -- check season_column_coverage for this column for the real per-season breakdown before treating this as a new finding."
VVV-Venlo,VVV Venlo,fbref_fouls_drawn_per90,fbref,204,77,37.7,unexplained_blended,"Low coverage in a domain/season-sensitive column, but this table blends all seasons together -- check season_column_coverage for this column for the real per-season breakdown before treating this as a new finding."
VVV-Venlo,VVV Venlo,fbref_offsides_per90,fbref,204,77,37.7,unexplained_blended,"Low coverage in a domain/season-sensitive column, but this table blends all seasons together -- check season_column_coverage for this column for the real per-season breakdown before treating this as a new finding."
VVV-Venlo,VVV Venlo,fbref_crosses_per90,fbref,204,77,37.7,unexplained_blended,"Low coverage in a domain/season-sensitive column, but this table blends all seasons together -- check season_column_coverage for this column for the real per-season breakdown before treating this as a new finding."
VVV-Venlo,VVV Venlo,fbref_tackles_won_per90,fbref,204,77,37.7,unexplained_blended,"Low coverage in a domain/season-sensitive column, but this table blends all seasons together -- check season_column_coverage for this column for the real per-season breakdown before treating this as a new finding."
VVV-Venlo,VVV Venlo,fbref_crosses,fbref,204,78,38.2,unexplained_blended,"Low coverage in a domain/season-sensitive column, but this table blends all seasons together -- check season_column_coverage for this column for the real per-season breakdown before treating this as a new finding."
VVV-Venlo,VVV Venlo,fbref_shots_per90,fbref,204,78,38.2,unexplained_blended,"Low coverage in a domain/season-sensitive column, but this table blends all seasons together -- check season_column_coverage for this column for the real per-season breakdown before treating this as a new finding."
VVV-Venlo,VVV Venlo,fbref_offsides,fbref,204,78,38.2,unexplained_blended,"Low coverage in a domain/season-sensitive column, but this table blends all seasons together -- check season_column_coverage for this column for the real per-season breakdown before treating this as a new finding."
VVV-Venlo,VVV Venlo,fbref_fouls_drawn,fbref,204,78,38.2,unexplained_blended,"Low coverage in a domain/season-sensitive column, but this table blends all seasons together -- check season_column_coverage for this column for the real per-season breakdown before treating this as a new finding."
VVV-Venlo,VVV Venlo,fbref_tackles_won,fbref,204,78,38.2,unexplained_blended,"Low coverage in a domain/season-sensitive column, but this table blends all seasons together -- check season_column_coverage for this column for the real per-season breakdown before treating this as a new finding."
VVV-Venlo,VVV Venlo,fbref_interceptions,fbref,204,78,38.2,unexplained_blended,"Low coverage in a domain/season-sensitive column, but this table blends all seasons together -- check season_column_coverage for this column for the real per-season breakdown before treating this as a new finding."
VVV-Venlo,VVV Venlo,tm_height_cm,tm,204,79,38.7,,
VVV-Venlo,VVV Venlo,tm_foot,tm,204,79,38.7,,
VVV-Venlo,VVV Venlo,fbref_shots_on_target_pct,fbref,204,81,39.7,unexplained_blended,"Low coverage in a domain/season-sensitive column, but this table blends all seasons together -- check season_column_coverage for this column for the real per-season breakdown before treating this as a new finding."
VVV-Venlo,VVV Venlo,ws_take_ons_won_pct,ws,204,85,41.7,unexplained_blended,"Low coverage in a domain/season-sensitive column, but this table blends all seasons together -- check season_column_coverage for this column for the real per-season breakdown before treating this as a new finding."
VVV-Venlo,VVV Venlo,ws_ground_duel_win_pct,ws,204,91,44.6,unexplained_blended,"Low coverage in a domain/season-sensitive column, but this table blends all seasons together -- check season_column_coverage for this column for the real per-season breakdown before treating this as a new finding."
VVV-Venlo,VVV Venlo,ws_aerial_duel_win_pct,ws,204,94,46.1,unexplained_blended,"Low coverage in a domain/season-sensitive column, but this table blends all seasons together -- check season_column_coverage for this column for the real per-season breakdown before treating this as a new finding."
VVV-Venlo,VVV Venlo,gk_saves,gk,25,12,48.0,,
VVV-Venlo,VVV Venlo,gk_saves_per90,gk,25,12,48.0,,
VVV-Venlo,VVV Venlo,gk_save_pct,gk,25,12,48.0,,
VVV-Venlo,VVV Venlo,gk_shots_on_target_against,gk,25,12,48.0,,
VVV-Venlo,VVV Venlo,fbref_on_off,fbref,204,100,49.0,unexplained_blended,"Low coverage in a domain/season-sensitive column, but this table blends all seasons together -- check season_column_coverage for this column for the real per-season breakdown before treating this as a new finding."
VVV-Venlo,VVV Venlo,ws_passes_pct,ws,204,100,49.0,unexplained_blended,"Low coverage in a domain/season-sensitive column, but this table blends all seasons together -- check season_column_coverage for this column for the real per-season breakdown before treating this as a new finding."
VVV-Venlo,VVV Venlo,ws_aerials_won_per90,ws,204,101,49.5,unexplained_blended,"Low coverage in a domain/season-sensitive column, but this table blends all seasons together -- check season_column_coverage for this column for the real per-season breakdown before treating this as a new finding."
VVV-Venlo,VVV Venlo,ws_touches_att_pen_area,ws,204,101,49.5,unexplained_blended,"Low coverage in a domain/season-sensitive column, but this table blends all seasons together -- check season_column_coverage for this column for the real per-season breakdown before treating this as a new finding."
VVV-Venlo,VVV Venlo,ws_take_ons,ws,204,101,49.5,unexplained_blended,"Low coverage in a domain/season-sensitive column, but this table blends all seasons together -- check season_column_coverage for this column for the real per-season breakdown before treating this as a new finding."
VVV-Venlo,VVV Venlo,ws_take_ons_won,ws,204,101,49.5,unexplained_blended,"Low coverage in a domain/season-sensitive column, but this table blends all seasons together -- check season_column_coverage for this column for the real per-season breakdown before treating this as a new finding."
VVV-Venlo,VVV Venlo,ws_dispossessed,ws,204,101,49.5,unexplained_blended,"Low coverage in a domain/season-sensitive column, but this table blends all seasons together -- check season_column_coverage for this column for the real per-season breakdown before treating this as a new finding."
VVV-Venlo,VVV Venlo,ws_tackles,ws,204,101,49.5,unexplained_blended,"Low coverage in a domain/season-sensitive column, but this table blends all seasons together -- check season_column_coverage for this column for the real per-season breakdown before treating this as a new finding."
VVV-Venlo,VVV Venlo,ws_tackles_won,ws,204,101,49.5,unexplained_blended,"Low coverage in a domain/season-sensitive column, but this table blends all seasons together -- check season_column_coverage for this column for the real per-season breakdown before treating this as a new finding."
VVV-Venlo,VVV Venlo,ws_tackles_def_3rd,ws,204,101,49.5,unexplained_blended,"Low coverage in a domain/season-sensitive column, but this table blends all seasons together -- check season_column_coverage for this column for the real per-season breakdown before treating this as a new finding."
VVV-Venlo,VVV Venlo,ws_tackles_mid_3rd,ws,204,101,49.5,unexplained_blended,"Low coverage in a domain/season-sensitive column, but this table blends all seasons together -- check season_column_coverage for this column for the real per-season breakdown before treating this as a new finding."
VVV-Venlo,VVV Venlo,ws_tackles_att_3rd,ws,204,101,49.5,unexplained_blended,"Low coverage in a domain/season-sensitive column, but this table blends all seasons together -- check season_column_coverage for this column for the real per-season breakdown before treating this as a new finding."
VVV-Venlo,VVV Venlo,ws_interceptions,ws,204,101,49.5,unexplained_blended,"Low coverage in a domain/season-sensitive column, but this table blends all seasons together -- check season_column_coverage for this column for the real per-season breakdown before treating this as a new finding."
VVV-Venlo,VVV Venlo,ws_interceptions_def_3rd,ws,204,101,49.5,unexplained_blended,"Low coverage in a domain/season-sensitive column, but this table blends all seasons together -- check season_column_coverage for this column for the real per-season breakdown before treating this as a new finding."
VVV-Venlo,VVV Venlo,ws_interceptions_mid_3rd,ws,204,101,49.5,unexplained_blended,"Low coverage in a domain/season-sensitive column, but this table blends all seasons together -- check season_column_coverage for this column for the real per-season breakdown before treating this as a new finding."
VVV-Venlo,VVV Venlo,ws_interceptions_att_3rd,ws,204,101,49.5,unexplained_blended,"Low coverage in a domain/season-sensitive column, but this table blends all seasons together -- check season_column_coverage for this column for the real per-season breakdown before treating this as a new finding."
VVV-Venlo,VVV Venlo,ws_clearances,ws,204,101,49.5,unexplained_blended,"Low coverage in a domain/season-sensitive column, but this table blends all seasons together -- check season_column_coverage for this column for the real per-season breakdown before treating this as a new finding."
VVV-Venlo,VVV Venlo,ws_dribbled_past,ws,204,101,49.5,unexplained_blended,"Low coverage in a domain/season-sensitive column, but this table blends all seasons together -- check season_column_coverage for this column for the real per-season breakdown before treating this as a new finding."
VVV-Venlo,VVV Venlo,ws_errors,ws,204,101,49.5,unexplained_blended,"Low coverage in a domain/season-sensitive column, but this table blends all seasons together -- check season_column_coverage for this column for the real per-season breakdown before treating this as a new finding."
VVV-Venlo,VVV Venlo,ws_final_third_entries,ws,204,101,49.5,unexplained_blended,"Low coverage in a domain/season-sensitive column, but this table blends all seasons together -- check season_column_coverage for this column for the real per-season breakdown before treating this as a new finding."
VVV-Venlo,VVV Venlo,ws_pen_area_entries,ws,204,101,49.5,unexplained_blended,"Low coverage in a domain/season-sensitive column, but this table blends all seasons together -- check season_column_coverage for this column for the real per-season breakdown before treating this as a new finding."
VVV-Venlo,VVV Venlo,ws_aerials,ws,204,101,49.5,unexplained_blended,"Low coverage in a domain/season-sensitive column, but this table blends all seasons together -- check season_column_coverage for this column for the real per-season breakdown before treating this as a new finding."
VVV-Venlo,VVV Venlo,ws_aerials_won,ws,204,101,49.5,unexplained_blended,"Low coverage in a domain/season-sensitive column, but this table blends all seasons together -- check season_column_coverage for this column for the real per-season breakdown before treating this as a new finding."
VVV-Venlo,VVV Venlo,fbref_second_yellow_cards_per90,fbref,204,101,49.5,unexplained_blended,"Low coverage in a domain/season-sensitive column, but this table blends all seasons together -- check season_column_coverage for this column for the real per-season breakdown before treating this as a new finding."
VVV-Venlo,VVV Venlo,fbref_own_goals_per90,fbref,204,101,49.5,unexplained_blended,"Low coverage in a domain/season-sensitive column, but this table blends all seasons together -- check season_column_coverage for this column for the real per-season breakdown before treating this as a new finding."
VVV-Venlo,VVV Venlo,ws_passes_per90,ws,204,101,49.5,unexplained_blended,"Low coverage in a domain/season-sensitive column, but this table blends all seasons together -- check season_column_coverage for this column for the real per-season breakdown before treating this as a new finding."
VVV-Venlo,VVV Venlo,ws_passes_completed_per90,ws,204,101,49.5,unexplained_blended,"Low coverage in a domain/season-sensitive column, but this table blends all seasons together -- check season_column_coverage for this column for the real per-season breakdown before treating this as a new finding."
VVV-Venlo,VVV Venlo,ws_touches_per90,ws,204,101,49.5,unexplained_blended,"Low coverage in a domain/season-sensitive column, but this table blends all seasons together -- check season_column_coverage for this column for the real per-season breakdown before treating this as a new finding."
VVV-Venlo,VVV Venlo,ws_touches_def_3rd_per90,ws,204,101,49.5,unexplained_blended,"Low coverage in a domain/season-sensitive column, but this table blends all seasons together -- check season_column_coverage for this column for the real per-season breakdown before treating this as a new finding."
VVV-Venlo,VVV Venlo,ws_touches_mid_3rd_per90,ws,204,101,49.5,unexplained_blended,"Low coverage in a domain/season-sensitive column, but this table blends all seasons together -- check season_column_coverage for this column for the real per-season breakdown before treating this as a new finding."
VVV-Venlo,VVV Venlo,ws_touches_att_3rd_per90,ws,204,101,49.5,unexplained_blended,"Low coverage in a domain/season-sensitive column, but this table blends all seasons together -- check season_column_coverage for this column for the real per-season breakdown before treating this as a new finding."
VVV-Venlo,VVV Venlo,ws_touches_def_pen_area_per90,ws,204,101,49.5,unexplained_blended,"Low coverage in a domain/season-sensitive column, but this table blends all seasons together -- check season_column_coverage for this column for the real per-season breakdown before treating this as a new finding."
VVV-Venlo,VVV Venlo,ws_take_ons_per90,ws,204,101,49.5,unexplained_blended,"Low coverage in a domain/season-sensitive column, but this table blends all seasons together -- check season_column_coverage for this column for the real per-season breakdown before treating this as a new finding."
VVV-Venlo,VVV Venlo,ws_touches_att_pen_area_per90,ws,204,101,49.5,unexplained_blended,"Low coverage in a domain/season-sensitive column, but this table blends all seasons together -- check season_column_coverage for this column for the real per-season breakdown before treating this as a new finding."
VVV-Venlo,VVV Venlo,ws_take_ons_won_per90,ws,204,101,49.5,unexplained_blended,"Low coverage in a domain/season-sensitive column, but this table blends all seasons together -- check season_column_coverage for this column for the real per-season breakdown before treating this as a new finding."
VVV-Venlo,VVV Venlo,ws_dispossessed_per90,ws,204,101,49.5,unexplained_blended,"Low coverage in a domain/season-sensitive column, but this table blends all seasons together -- check season_column_coverage for this column for the real per-season breakdown before treating this as a new finding."
VVV-Venlo,VVV Venlo,ws_tackles_per90,ws,204,101,49.5,unexplained_blended,"Low coverage in a domain/season-sensitive column, but this table blends all seasons together -- check season_column_coverage for this column for the real per-season breakdown before treating this as a new finding."
VVV-Venlo,VVV Venlo,ws_tackles_won_per90,ws,204,101,49.5,unexplained_blended,"Low coverage in a domain/season-sensitive column, but this table blends all seasons together -- check season_column_coverage for this column for the real per-season breakdown before treating this as a new finding."
VVV-Venlo,VVV Venlo,ws_tackles_def_3rd_per90,ws,204,101,49.5,unexplained_blended,"Low coverage in a domain/season-sensitive column, but this table blends all seasons together -- check season_column_coverage for this column for the real per-season breakdown before treating this as a new finding."
VVV-Venlo,VVV Venlo,ws_tackles_mid_3rd_per90,ws,204,101,49.5,unexplained_blended,"Low coverage in a domain/season-sensitive column, but this table blends all seasons together -- check season_column_coverage for this column for the real per-season breakdown before treating this as a new finding."
VVV-Venlo,VVV Venlo,ws_tackles_att_3rd_per90,ws,204,101,49.5,unexplained_blended,"Low coverage in a domain/season-sensitive column, but this table blends all seasons together -- check season_column_coverage for this column for the real per-season breakdown before treating this as a new finding."
VVV-Venlo,VVV Venlo,ws_interceptions_per90,ws,204,101,49.5,unexplained_blended,"Low coverage in a domain/season-sensitive column, but this table blends all seasons together -- check season_column_coverage for this column for the real per-season breakdown before treating this as a new finding."
VVV-Venlo,VVV Venlo,ws_interceptions_def_3rd_per90,ws,204,101,49.5,unexplained_blended,"Low coverage in a domain/season-sensitive column, but this table blends all seasons together -- check season_column_coverage for this column for the real per-season breakdown before treating this as a new finding."
VVV-Venlo,VVV Venlo,ws_interceptions_mid_3rd_per90,ws,204,101,49.5,unexplained_blended,"Low coverage in a domain/season-sensitive column, but this table blends all seasons together -- check season_column_coverage for this column for the real per-season breakdown before treating this as a new finding."
VVV-Venlo,VVV Venlo,ws_interceptions_att_3rd_per90,ws,204,101,49.5,unexplained_blended,"Low coverage in a domain/season-sensitive column, but this table blends all seasons together -- check season_column_coverage for this column for the real per-season breakdown before treating this as a new finding."
VVV-Venlo,VVV Venlo,ws_clearances_per90,ws,204,101,49.5,unexplained_blended,"Low coverage in a domain/season-sensitive column, but this table blends all seasons together -- check season_column_coverage for this column for the real per-season breakdown before treating this as a new finding."
VVV-Venlo,VVV Venlo,ws_dribbled_past_per90,ws,204,101,49.5,unexplained_blended,"Low coverage in a domain/season-sensitive column, but this table blends all seasons together -- check season_column_coverage for this column for the real per-season breakdown before treating this as a new finding."
VVV-Venlo,VVV Venlo,ws_errors_per90,ws,204,101,49.5,unexplained_blended,"Low coverage in a domain/season-sensitive column, but this table blends all seasons together -- check season_column_coverage for this column for the real per-season breakdown before treating this as a new finding."
VVV-Venlo,VVV Venlo,ws_final_third_entries_per90,ws,204,101,49.5,unexplained_blended,"Low coverage in a domain/season-sensitive column, but this table blends all seasons together -- check season_column_coverage for this column for the real per-season breakdown before treating this as a new finding."
VVV-Venlo,VVV Venlo,ws_pen_area_entries_per90,ws,204,101,49.5,unexplained_blended,"Low coverage in a domain/season-sensitive column, but this table blends all seasons together -- check season_column_coverage for this column for the real per-season breakdown before treating this as a new finding."
VVV-Venlo,VVV Venlo,ws_aerials_per90,ws,204,101,49.5,unexplained_blended,"Low coverage in a domain/season-sensitive column, but this table blends all seasons together -- check season_column_coverage for this column for the real per-season breakdown before treating this as a new finding."
VVV-Venlo,VVV Venlo,ws_whoscored_player_id,ws,204,101,49.5,unexplained_blended,"Low coverage in a domain/season-sensitive column, but this table blends all seasons together -- check season_column_coverage for this column for the real per-season breakdown before treating this as a new finding."
VVV-Venlo,VVV Venlo,ws_matches_with_data,ws,204,101,49.5,unexplained_blended,"Low coverage in a domain/season-sensitive column, but this table blends all seasons together -- check season_column_coverage for this column for the real per-season breakdown before treating this as a new finding."
VVV-Venlo,VVV Venlo,ws_passes,ws,204,101,49.5,unexplained_blended,"Low coverage in a domain/season-sensitive column, but this table blends all seasons together -- check season_column_coverage for this column for the real per-season breakdown before treating this as a new finding."
VVV-Venlo,VVV Venlo,ws_passes_completed,ws,204,101,49.5,unexplained_blended,"Low coverage in a domain/season-sensitive column, but this table blends all seasons together -- check season_column_coverage for this column for the real per-season breakdown before treating this as a new finding."
VVV-Venlo,VVV Venlo,ws_touches,ws,204,101,49.5,unexplained_blended,"Low coverage in a domain/season-sensitive column, but this table blends all seasons together -- check season_column_coverage for this column for the real per-season breakdown before treating this as a new finding."
VVV-Venlo,VVV Venlo,ws_touches_def_3rd,ws,204,101,49.5,unexplained_blended,"Low coverage in a domain/season-sensitive column, but this table blends all seasons together -- check season_column_coverage for this column for the real per-season breakdown before treating this as a new finding."
VVV-Venlo,VVV Venlo,ws_touches_mid_3rd,ws,204,101,49.5,unexplained_blended,"Low coverage in a domain/season-sensitive column, but this table blends all seasons together -- check season_column_coverage for this column for the real per-season breakdown before treating this as a new finding."
VVV-Venlo,VVV Venlo,ws_touches_att_3rd,ws,204,101,49.5,unexplained_blended,"Low coverage in a domain/season-sensitive column, but this table blends all seasons together -- check season_column_coverage for this column for the real per-season breakdown before treating this as a new finding."
VVV-Venlo,VVV Venlo,ws_touches_def_pen_area,ws,204,101,49.5,unexplained_blended,"Low coverage in a domain/season-sensitive column, but this table blends all seasons together -- check season_column_coverage for this column for the real per-season breakdown before treating this as a new finding."
VVV-Venlo,VVV Venlo,fbref_plus_minus,fbref,204,102,50.0,unexplained_blended,"Low coverage in a domain/season-sensitive column, but this table blends all seasons together -- check season_column_coverage for this column for the real per-season breakdown before treating this as a new finding."
VVV-Venlo,VVV Venlo,fbref_plus_minus_per90,fbref,204,102,50.0,unexplained_blended,"Low coverage in a domain/season-sensitive column, but this table blends all seasons together -- check season_column_coverage for this column for the real per-season breakdown before treating this as a new finding."
VVV-Venlo,VVV Venlo,fbref_shots,fbref,204,102,50.0,unexplained_blended,"Low coverage in a domain/season-sensitive column, but this table blends all seasons together -- check season_column_coverage for this column for the real per-season breakdown before treating this as a new finding."
VVV-Venlo,VVV Venlo,fbref_shots_on_target,fbref,204,102,50.0,unexplained_blended,"Low coverage in a domain/season-sensitive column, but this table blends all seasons together -- check season_column_coverage for this column for the real per-season breakdown before treating this as a new finding."
VVV-Venlo,VVV Venlo,fbref_own_goals,fbref,204,102,50.0,unexplained_blended,"Low coverage in a domain/season-sensitive column, but this table blends all seasons together -- check season_column_coverage for this column for the real per-season breakdown before treating this as a new finding."
VVV-Venlo,VVV Venlo,fbref_second_yellow_cards,fbref,204,102,50.0,unexplained_blended,"Low coverage in a domain/season-sensitive column, but this table blends all seasons together -- check season_column_coverage for this column for the real per-season breakdown before treating this as a new finding."
VVV-Venlo,VVV Venlo,fbref_team_goals_while_on_pitch,fbref,204,102,50.0,unexplained_blended,"Low coverage in a domain/season-sensitive column, but this table blends all seasons together -- check season_column_coverage for this column for the real per-season breakdown before treating this as a new finding."
VVV-Venlo,VVV Venlo,fbref_team_goals_against_while_on_pitch,fbref,204,102,50.0,unexplained_blended,"Low coverage in a domain/season-sensitive column, but this table blends all seasons together -- check season_column_coverage for this column for the real per-season breakdown before treating this as a new finding."
VVV-Venlo,VVV Venlo,fbref_points_per_match,fbref,204,102,50.0,unexplained_blended,"Low coverage in a domain/season-sensitive column, but this table blends all seasons together -- check season_column_coverage for this column for the real per-season breakdown before treating this as a new finding."
VVV-Venlo,VVV Venlo,fbref_goals_per_shot_on_target,fbref,204,105,51.5,unexplained_blended,"Low coverage in a domain/season-sensitive column, but this table blends all seasons together -- check season_column_coverage for this column for the real per-season breakdown before treating this as a new finding."
VVV-Venlo,VVV Venlo,gk_clean_sheet_pct,gk,25,13,52.0,,
VVV-Venlo,VVV Venlo,gk_losses,gk,25,14,56.0,,
VVV-Venlo,VVV Venlo,gk_draws,gk,25,14,56.0,,
VVV-Venlo,VVV Venlo,gk_goals_against_per90,gk,25,14,56.0,,
VVV-Venlo,VVV Venlo,gk_goals_against,gk,25,14,56.0,,
VVV-Venlo,VVV Venlo,gk_clean_sheets,gk,25,14,56.0,,
VVV-Venlo,VVV Venlo,gk_wins,gk,25,14,56.0,,
VVV-Venlo,VVV Venlo,fbref_unused_sub,fbref,204,126,61.8,unexplained_blended,"Low coverage in a domain/season-sensitive column, but this table blends all seasons together -- check season_column_coverage for this column for the real per-season breakdown before treating this as a new finding."
VVV-Venlo,VVV Venlo,fbref_fouls_committed_per90,fbref,204,155,76.0,unexplained_blended,"Low coverage in a domain/season-sensitive column, but this table blends all seasons together -- check season_column_coverage for this column for the real per-season breakdown before treating this as a new finding."
VVV-Venlo,VVV Venlo,fbref_fouls_committed,fbref,204,156,76.5,unexplained_blended,"Low coverage in a domain/season-sensitive column, but this table blends all seasons together -- check season_column_coverage for this column for the real per-season breakdown before treating this as a new finding."
VVV-Venlo,VVV Venlo,fbref_shots_on_target_per90,fbref,204,156,76.5,unexplained_blended,"Low coverage in a domain/season-sensitive column, but this table blends all seasons together -- check season_column_coverage for this column for the real per-season breakdown before treating this as a new finding."
VVV-Venlo,VVV Venlo,fbref_yellow_cards_per90,fbref,204,179,87.7,,
VVV-Venlo,VVV Venlo,fbref_red_cards_per90,fbref,204,179,87.7,,
VVV-Venlo,VVV Venlo,fbref_minutes,fbref,204,180,88.2,,
VVV-Venlo,VVV Venlo,fbref_goals_plus_assists_per90,fbref,204,180,88.2,,
VVV-Venlo,VVV Venlo,fbref_assists_per90,fbref,204,180,88.2,,
VVV-Venlo,VVV Venlo,fbref_goals_per90,fbref,204,180,88.2,,
VVV-Venlo,VVV Venlo,fbref_penalty_attempts,fbref,204,180,88.2,,
VVV-Venlo,VVV Venlo,fbref_penalty_goals,fbref,204,180,88.2,,
VVV-Venlo,VVV Venlo,fbref_red_cards,fbref,204,180,88.2,,
VVV-Venlo,VVV Venlo,fbref_non_penalty_goals,fbref,204,180,88.2,,
VVV-Venlo,VVV Venlo,fbref_goals_plus_assists,fbref,204,180,88.2,,
VVV-Venlo,VVV Venlo,fbref_assists,fbref,204,180,88.2,,
VVV-Venlo,VVV Venlo,fbref_goals,fbref,204,180,88.2,,
VVV-Venlo,VVV Venlo,fbref_yellow_cards,fbref,204,180,88.2,,
VVV-Venlo,VVV Venlo,fbref_non_penalty_goals_per90,fbref,204,180,88.2,,
VVV-Venlo,VVV Venlo,fbref_minutes_per_match,fbref,204,180,88.2,,
VVV-Venlo,VVV Venlo,fbref_non_penalty_goals_plus_assists_per90,fbref,204,180,88.2,,
VVV-Venlo,VVV Venlo,fbref_nineties,fbref,204,180,88.2,,
VVV-Venlo,VVV Venlo,fbref_minutes_pct,fbref,204,180,88.2,,
VVV-Venlo,VVV Venlo,fbref_complete_matches,fbref,204,192,94.1,,
VVV-Venlo,VVV Venlo,fbref_age,fbref,204,201,98.5,,
VVV-Venlo,VVV Venlo,fbref_nation,fbref,204,202,99.0,,
VVV-Venlo,VVV Venlo,fbref_born,fbref,204,203,99.5,,
VVV-Venlo,VVV Venlo,fbref_position,fbref,204,203,99.5,,
VVV-Venlo,VVV Venlo,fbref_substitute_appearances,fbref,204,204,100.0,,
VVV-Venlo,VVV Venlo,fbref_matches_played,fbref,204,204,100.0,,
VVV-Venlo,VVV Venlo,fbref_starts,fbref,204,204,100.0,,
Willem II,Willem II,fbref_penalty_kicks_conceded_per90,fbref,349,49,14.0,unexplained_blended,"Low coverage in a domain/season-sensitive column, but this table blends all seasons together -- check season_column_coverage for this column for the real per-season breakdown before treating this as a new finding."
Willem II,Willem II,fbref_penalty_kicks_won_per90,fbref,349,49,14.0,unexplained_blended,"Low coverage in a domain/season-sensitive column, but this table blends all seasons together -- check season_column_coverage for this column for the real per-season breakdown before treating this as a new finding."
Willem II,Willem II,fbref_penalty_kicks_conceded,fbref,349,50,14.3,unexplained_blended,"Low coverage in a domain/season-sensitive column, but this table blends all seasons together -- check season_column_coverage for this column for the real per-season breakdown before treating this as a new finding."
Willem II,Willem II,fbref_penalty_kicks_won,fbref,349,50,14.3,unexplained_blended,"Low coverage in a domain/season-sensitive column, but this table blends all seasons together -- check season_column_coverage for this column for the real per-season breakdown before treating this as a new finding."
Willem II,Willem II,fbref_goals_per_shot,fbref,349,85,24.4,unexplained_blended,"Low coverage in a domain/season-sensitive column, but this table blends all seasons together -- check season_column_coverage for this column for the real per-season breakdown before treating this as a new finding."
Willem II,Willem II,gk_penalty_kick_save_pct,gk,40,10,25.0,,
Willem II,Willem II,fbref_minutes_per_sub,fbref,349,107,30.7,unexplained_blended,"Low coverage in a domain/season-sensitive column, but this table blends all seasons together -- check season_column_coverage for this column for the real per-season breakdown before treating this as a new finding."
Willem II,Willem II,fbref_minutes_per_start,fbref,349,116,33.2,unexplained_blended,"Low coverage in a domain/season-sensitive column, but this table blends all seasons together -- check season_column_coverage for this column for the real per-season breakdown before treating this as a new finding."
Willem II,Willem II,gk_penalty_kicks_faced,gk,40,16,40.0,,
Willem II,Willem II,gk_penalty_kicks_allowed,gk,40,16,40.0,,
Willem II,Willem II,gk_penalty_kicks_saved,gk,40,16,40.0,,
Willem II,Willem II,gk_penalty_kicks_missed_by_opponent,gk,40,16,40.0,,
Willem II,Willem II,fbref_interceptions_per90,fbref,349,162,46.4,unexplained_blended,"Low coverage in a domain/season-sensitive column, but this table blends all seasons together -- check season_column_coverage for this column for the real per-season breakdown before treating this as a new finding."
Willem II,Willem II,fbref_fouls_drawn_per90,fbref,349,162,46.4,unexplained_blended,"Low coverage in a domain/season-sensitive column, but this table blends all seasons together -- check season_column_coverage for this column for the real per-season breakdown before treating this as a new finding."
Willem II,Willem II,fbref_offsides_per90,fbref,349,162,46.4,unexplained_blended,"Low coverage in a domain/season-sensitive column, but this table blends all seasons together -- check season_column_coverage for this column for the real per-season breakdown before treating this as a new finding."
Willem II,Willem II,fbref_crosses_per90,fbref,349,162,46.4,unexplained_blended,"Low coverage in a domain/season-sensitive column, but this table blends all seasons together -- check season_column_coverage for this column for the real per-season breakdown before treating this as a new finding."
Willem II,Willem II,fbref_tackles_won_per90,fbref,349,162,46.4,unexplained_blended,"Low coverage in a domain/season-sensitive column, but this table blends all seasons together -- check season_column_coverage for this column for the real per-season breakdown before treating this as a new finding."
Willem II,Willem II,fbref_crosses,fbref,349,163,46.7,unexplained_blended,"Low coverage in a domain/season-sensitive column, but this table blends all seasons together -- check season_column_coverage for this column for the real per-season breakdown before treating this as a new finding."
Willem II,Willem II,fbref_fouls_drawn,fbref,349,163,46.7,unexplained_blended,"Low coverage in a domain/season-sensitive column, but this table blends all seasons together -- check season_column_coverage for this column for the real per-season breakdown before treating this as a new finding."
Willem II,Willem II,fbref_offsides,fbref,349,163,46.7,unexplained_blended,"Low coverage in a domain/season-sensitive column, but this table blends all seasons together -- check season_column_coverage for this column for the real per-season breakdown before treating this as a new finding."
Willem II,Willem II,fbref_shots_per90,fbref,349,163,46.7,unexplained_blended,"Low coverage in a domain/season-sensitive column, but this table blends all seasons together -- check season_column_coverage for this column for the real per-season breakdown before treating this as a new finding."
Willem II,Willem II,fbref_tackles_won,fbref,349,163,46.7,unexplained_blended,"Low coverage in a domain/season-sensitive column, but this table blends all seasons together -- check season_column_coverage for this column for the real per-season breakdown before treating this as a new finding."
Willem II,Willem II,fbref_interceptions,fbref,349,163,46.7,unexplained_blended,"Low coverage in a domain/season-sensitive column, but this table blends all seasons together -- check season_column_coverage for this column for the real per-season breakdown before treating this as a new finding."
Willem II,Willem II,fbref_goals_per_shot_on_target,fbref,349,177,50.7,unexplained_blended,"Low coverage in a domain/season-sensitive column, but this table blends all seasons together -- check season_column_coverage for this column for the real per-season breakdown before treating this as a new finding."
Willem II,Willem II,gk_shots_on_target_against,gk,40,21,52.5,,
Willem II,Willem II,gk_saves_per90,gk,40,21,52.5,,
Willem II,Willem II,gk_saves,gk,40,21,52.5,,
Willem II,Willem II,gk_save_pct,gk,40,21,52.5,,
Willem II,Willem II,tm_foot,tm,349,186,53.3,,
Willem II,Willem II,tm_height_cm,tm,349,189,54.2,,
Willem II,Willem II,fbref_second_yellow_cards_per90,fbref,349,190,54.4,unexplained_blended,"Low coverage in a domain/season-sensitive column, but this table blends all seasons together -- check season_column_coverage for this column for the real per-season breakdown before treating this as a new finding."
Willem II,Willem II,fbref_own_goals_per90,fbref,349,190,54.4,unexplained_blended,"Low coverage in a domain/season-sensitive column, but this table blends all seasons together -- check season_column_coverage for this column for the real per-season breakdown before treating this as a new finding."
Willem II,Willem II,fbref_second_yellow_cards,fbref,349,191,54.7,unexplained_blended,"Low coverage in a domain/season-sensitive column, but this table blends all seasons together -- check season_column_coverage for this column for the real per-season breakdown before treating this as a new finding."
Willem II,Willem II,fbref_own_goals,fbref,349,191,54.7,unexplained_blended,"Low coverage in a domain/season-sensitive column, but this table blends all seasons together -- check season_column_coverage for this column for the real per-season breakdown before treating this as a new finding."
Willem II,Willem II,fbref_shots_on_target_pct,fbref,349,195,55.9,unexplained_blended,"Low coverage in a domain/season-sensitive column, but this table blends all seasons together -- check season_column_coverage for this column for the real per-season breakdown before treating this as a new finding."
Willem II,Willem II,gk_clean_sheet_pct,gk,40,23,57.5,,
Willem II,Willem II,ws_take_ons_won_pct,ws,349,207,59.3,unexplained_blended,"Low coverage in a domain/season-sensitive column, but this table blends all seasons together -- check season_column_coverage for this column for the real per-season breakdown before treating this as a new finding."
Willem II,Willem II,gk_goals_against,gk,40,24,60.0,,
Willem II,Willem II,gk_wins,gk,40,24,60.0,,
Willem II,Willem II,gk_losses,gk,40,24,60.0,,
Willem II,Willem II,gk_clean_sheets,gk,40,24,60.0,,
Willem II,Willem II,gk_draws,gk,40,24,60.0,,
Willem II,Willem II,gk_goals_against_per90,gk,40,24,60.0,,
Willem II,Willem II,ws_ground_duel_win_pct,ws,349,229,65.6,unexplained_blended,"Low coverage in a domain/season-sensitive column, but this table blends all seasons together -- check season_column_coverage for this column for the real per-season breakdown before treating this as a new finding."
Willem II,Willem II,ws_aerial_duel_win_pct,ws,349,230,65.9,unexplained_blended,"Low coverage in a domain/season-sensitive column, but this table blends all seasons together -- check season_column_coverage for this column for the real per-season breakdown before treating this as a new finding."
Willem II,Willem II,fbref_on_off,fbref,349,239,68.5,unexplained_blended,"Low coverage in a domain/season-sensitive column, but this table blends all seasons together -- check season_column_coverage for this column for the real per-season breakdown before treating this as a new finding."
Willem II,Willem II,fbref_points_per_match,fbref,349,243,69.6,unexplained_blended,"Low coverage in a domain/season-sensitive column, but this table blends all seasons together -- check season_column_coverage for this column for the real per-season breakdown before treating this as a new finding."
Willem II,Willem II,fbref_team_goals_while_on_pitch,fbref,349,243,69.6,unexplained_blended,"Low coverage in a domain/season-sensitive column, but this table blends all seasons together -- check season_column_coverage for this column for the real per-season breakdown before treating this as a new finding."
Willem II,Willem II,fbref_team_goals_against_while_on_pitch,fbref,349,243,69.6,unexplained_blended,"Low coverage in a domain/season-sensitive column, but this table blends all seasons together -- check season_column_coverage for this column for the real per-season breakdown before treating this as a new finding."
Willem II,Willem II,fbref_plus_minus,fbref,349,243,69.6,unexplained_blended,"Low coverage in a domain/season-sensitive column, but this table blends all seasons together -- check season_column_coverage for this column for the real per-season breakdown before treating this as a new finding."
Willem II,Willem II,fbref_plus_minus_per90,fbref,349,243,69.6,unexplained_blended,"Low coverage in a domain/season-sensitive column, but this table blends all seasons together -- check season_column_coverage for this column for the real per-season breakdown before treating this as a new finding."
Willem II,Willem II,ws_passes_pct,ws,349,243,69.6,unexplained_blended,"Low coverage in a domain/season-sensitive column, but this table blends all seasons together -- check season_column_coverage for this column for the real per-season breakdown before treating this as a new finding."
Willem II,Willem II,ws_aerials_won_per90,ws,349,244,69.9,unexplained_blended,"Low coverage in a domain/season-sensitive column, but this table blends all seasons together -- check season_column_coverage for this column for the real per-season breakdown before treating this as a new finding."
Willem II,Willem II,ws_clearances,ws,349,244,69.9,unexplained_blended,"Low coverage in a domain/season-sensitive column, but this table blends all seasons together -- check season_column_coverage for this column for the real per-season breakdown before treating this as a new finding."
Willem II,Willem II,ws_dribbled_past,ws,349,244,69.9,unexplained_blended,"Low coverage in a domain/season-sensitive column, but this table blends all seasons together -- check season_column_coverage for this column for the real per-season breakdown before treating this as a new finding."
Willem II,Willem II,ws_errors,ws,349,244,69.9,unexplained_blended,"Low coverage in a domain/season-sensitive column, but this table blends all seasons together -- check season_column_coverage for this column for the real per-season breakdown before treating this as a new finding."
Willem II,Willem II,ws_final_third_entries,ws,349,244,69.9,unexplained_blended,"Low coverage in a domain/season-sensitive column, but this table blends all seasons together -- check season_column_coverage for this column for the real per-season breakdown before treating this as a new finding."
Willem II,Willem II,ws_pen_area_entries,ws,349,244,69.9,unexplained_blended,"Low coverage in a domain/season-sensitive column, but this table blends all seasons together -- check season_column_coverage for this column for the real per-season breakdown before treating this as a new finding."
Willem II,Willem II,ws_aerials,ws,349,244,69.9,unexplained_blended,"Low coverage in a domain/season-sensitive column, but this table blends all seasons together -- check season_column_coverage for this column for the real per-season breakdown before treating this as a new finding."
Willem II,Willem II,ws_aerials_won,ws,349,244,69.9,unexplained_blended,"Low coverage in a domain/season-sensitive column, but this table blends all seasons together -- check season_column_coverage for this column for the real per-season breakdown before treating this as a new finding."
Willem II,Willem II,ws_passes_per90,ws,349,244,69.9,unexplained_blended,"Low coverage in a domain/season-sensitive column, but this table blends all seasons together -- check season_column_coverage for this column for the real per-season breakdown before treating this as a new finding."
Willem II,Willem II,ws_passes_completed_per90,ws,349,244,69.9,unexplained_blended,"Low coverage in a domain/season-sensitive column, but this table blends all seasons together -- check season_column_coverage for this column for the real per-season breakdown before treating this as a new finding."
Willem II,Willem II,ws_touches_per90,ws,349,244,69.9,unexplained_blended,"Low coverage in a domain/season-sensitive column, but this table blends all seasons together -- check season_column_coverage for this column for the real per-season breakdown before treating this as a new finding."
Willem II,Willem II,ws_touches_def_3rd_per90,ws,349,244,69.9,unexplained_blended,"Low coverage in a domain/season-sensitive column, but this table blends all seasons together -- check season_column_coverage for this column for the real per-season breakdown before treating this as a new finding."
Willem II,Willem II,ws_touches_mid_3rd_per90,ws,349,244,69.9,unexplained_blended,"Low coverage in a domain/season-sensitive column, but this table blends all seasons together -- check season_column_coverage for this column for the real per-season breakdown before treating this as a new finding."
Willem II,Willem II,ws_touches_att_3rd_per90,ws,349,244,69.9,unexplained_blended,"Low coverage in a domain/season-sensitive column, but this table blends all seasons together -- check season_column_coverage for this column for the real per-season breakdown before treating this as a new finding."
Willem II,Willem II,ws_touches_def_pen_area_per90,ws,349,244,69.9,unexplained_blended,"Low coverage in a domain/season-sensitive column, but this table blends all seasons together -- check season_column_coverage for this column for the real per-season breakdown before treating this as a new finding."
Willem II,Willem II,ws_touches_att_pen_area_per90,ws,349,244,69.9,unexplained_blended,"Low coverage in a domain/season-sensitive column, but this table blends all seasons together -- check season_column_coverage for this column for the real per-season breakdown before treating this as a new finding."
Willem II,Willem II,ws_take_ons_per90,ws,349,244,69.9,unexplained_blended,"Low coverage in a domain/season-sensitive column, but this table blends all seasons together -- check season_column_coverage for this column for the real per-season breakdown before treating this as a new finding."
Willem II,Willem II,ws_take_ons_won_per90,ws,349,244,69.9,unexplained_blended,"Low coverage in a domain/season-sensitive column, but this table blends all seasons together -- check season_column_coverage for this column for the real per-season breakdown before treating this as a new finding."
Willem II,Willem II,ws_dispossessed_per90,ws,349,244,69.9,unexplained_blended,"Low coverage in a domain/season-sensitive column, but this table blends all seasons together -- check season_column_coverage for this column for the real per-season breakdown before treating this as a new finding."
Willem II,Willem II,ws_tackles_per90,ws,349,244,69.9,unexplained_blended,"Low coverage in a domain/season-sensitive column, but this table blends all seasons together -- check season_column_coverage for this column for the real per-season breakdown before treating this as a new finding."
Willem II,Willem II,ws_tackles_won_per90,ws,349,244,69.9,unexplained_blended,"Low coverage in a domain/season-sensitive column, but this table blends all seasons together -- check season_column_coverage for this column for the real per-season breakdown before treating this as a new finding."
Willem II,Willem II,ws_tackles_def_3rd_per90,ws,349,244,69.9,unexplained_blended,"Low coverage in a domain/season-sensitive column, but this table blends all seasons together -- check season_column_coverage for this column for the real per-season breakdown before treating this as a new finding."
Willem II,Willem II,ws_tackles_mid_3rd_per90,ws,349,244,69.9,unexplained_blended,"Low coverage in a domain/season-sensitive column, but this table blends all seasons together -- check season_column_coverage for this column for the real per-season breakdown before treating this as a new finding."
Willem II,Willem II,ws_tackles_att_3rd_per90,ws,349,244,69.9,unexplained_blended,"Low coverage in a domain/season-sensitive column, but this table blends all seasons together -- check season_column_coverage for this column for the real per-season breakdown before treating this as a new finding."
Willem II,Willem II,ws_interceptions_per90,ws,349,244,69.9,unexplained_blended,"Low coverage in a domain/season-sensitive column, but this table blends all seasons together -- check season_column_coverage for this column for the real per-season breakdown before treating this as a new finding."
Willem II,Willem II,ws_interceptions_def_3rd_per90,ws,349,244,69.9,unexplained_blended,"Low coverage in a domain/season-sensitive column, but this table blends all seasons together -- check season_column_coverage for this column for the real per-season breakdown before treating this as a new finding."
Willem II,Willem II,ws_interceptions_mid_3rd_per90,ws,349,244,69.9,unexplained_blended,"Low coverage in a domain/season-sensitive column, but this table blends all seasons together -- check season_column_coverage for this column for the real per-season breakdown before treating this as a new finding."
Willem II,Willem II,ws_interceptions_att_3rd_per90,ws,349,244,69.9,unexplained_blended,"Low coverage in a domain/season-sensitive column, but this table blends all seasons together -- check season_column_coverage for this column for the real per-season breakdown before treating this as a new finding."
Willem II,Willem II,ws_clearances_per90,ws,349,244,69.9,unexplained_blended,"Low coverage in a domain/season-sensitive column, but this table blends all seasons together -- check season_column_coverage for this column for the real per-season breakdown before treating this as a new finding."
Willem II,Willem II,ws_dribbled_past_per90,ws,349,244,69.9,unexplained_blended,"Low coverage in a domain/season-sensitive column, but this table blends all seasons together -- check season_column_coverage for this column for the real per-season breakdown before treating this as a new finding."
Willem II,Willem II,ws_errors_per90,ws,349,244,69.9,unexplained_blended,"Low coverage in a domain/season-sensitive column, but this table blends all seasons together -- check season_column_coverage for this column for the real per-season breakdown before treating this as a new finding."
Willem II,Willem II,ws_final_third_entries_per90,ws,349,244,69.9,unexplained_blended,"Low coverage in a domain/season-sensitive column, but this table blends all seasons together -- check season_column_coverage for this column for the real per-season breakdown before treating this as a new finding."
Willem II,Willem II,ws_pen_area_entries_per90,ws,349,244,69.9,unexplained_blended,"Low coverage in a domain/season-sensitive column, but this table blends all seasons together -- check season_column_coverage for this column for the real per-season breakdown before treating this as a new finding."
Willem II,Willem II,ws_aerials_per90,ws,349,244,69.9,unexplained_blended,"Low coverage in a domain/season-sensitive column, but this table blends all seasons together -- check season_column_coverage for this column for the real per-season breakdown before treating this as a new finding."
Willem II,Willem II,ws_whoscored_player_id,ws,349,244,69.9,unexplained_blended,"Low coverage in a domain/season-sensitive column, but this table blends all seasons together -- check season_column_coverage for this column for the real per-season breakdown before treating this as a new finding."
Willem II,Willem II,ws_matches_with_data,ws,349,244,69.9,unexplained_blended,"Low coverage in a domain/season-sensitive column, but this table blends all seasons together -- check season_column_coverage for this column for the real per-season breakdown before treating this as a new finding."
Willem II,Willem II,ws_passes,ws,349,244,69.9,unexplained_blended,"Low coverage in a domain/season-sensitive column, but this table blends all seasons together -- check season_column_coverage for this column for the real per-season breakdown before treating this as a new finding."
Willem II,Willem II,ws_passes_completed,ws,349,244,69.9,unexplained_blended,"Low coverage in a domain/season-sensitive column, but this table blends all seasons together -- check season_column_coverage for this column for the real per-season breakdown before treating this as a new finding."
Willem II,Willem II,ws_touches,ws,349,244,69.9,unexplained_blended,"Low coverage in a domain/season-sensitive column, but this table blends all seasons together -- check season_column_coverage for this column for the real per-season breakdown before treating this as a new finding."
Willem II,Willem II,ws_touches_def_3rd,ws,349,244,69.9,unexplained_blended,"Low coverage in a domain/season-sensitive column, but this table blends all seasons together -- check season_column_coverage for this column for the real per-season breakdown before treating this as a new finding."
Willem II,Willem II,ws_touches_mid_3rd,ws,349,244,69.9,unexplained_blended,"Low coverage in a domain/season-sensitive column, but this table blends all seasons together -- check season_column_coverage for this column for the real per-season breakdown before treating this as a new finding."
Willem II,Willem II,ws_touches_att_3rd,ws,349,244,69.9,unexplained_blended,"Low coverage in a domain/season-sensitive column, but this table blends all seasons together -- check season_column_coverage for this column for the real per-season breakdown before treating this as a new finding."
Willem II,Willem II,ws_touches_def_pen_area,ws,349,244,69.9,unexplained_blended,"Low coverage in a domain/season-sensitive column, but this table blends all seasons together -- check season_column_coverage for this column for the real per-season breakdown before treating this as a new finding."
Willem II,Willem II,ws_touches_att_pen_area,ws,349,244,69.9,unexplained_blended,"Low coverage in a domain/season-sensitive column, but this table blends all seasons together -- check season_column_coverage for this column for the real per-season breakdown before treating this as a new finding."
Willem II,Willem II,ws_take_ons,ws,349,244,69.9,unexplained_blended,"Low coverage in a domain/season-sensitive column, but this table blends all seasons together -- check season_column_coverage for this column for the real per-season breakdown before treating this as a new finding."
Willem II,Willem II,ws_take_ons_won,ws,349,244,69.9,unexplained_blended,"Low coverage in a domain/season-sensitive column, but this table blends all seasons together -- check season_column_coverage for this column for the real per-season breakdown before treating this as a new finding."
Willem II,Willem II,ws_dispossessed,ws,349,244,69.9,unexplained_blended,"Low coverage in a domain/season-sensitive column, but this table blends all seasons together -- check season_column_coverage for this column for the real per-season breakdown before treating this as a new finding."
Willem II,Willem II,ws_tackles,ws,349,244,69.9,unexplained_blended,"Low coverage in a domain/season-sensitive column, but this table blends all seasons together -- check season_column_coverage for this column for the real per-season breakdown before treating this as a new finding."
Willem II,Willem II,ws_tackles_won,ws,349,244,69.9,unexplained_blended,"Low coverage in a domain/season-sensitive column, but this table blends all seasons together -- check season_column_coverage for this column for the real per-season breakdown before treating this as a new finding."
Willem II,Willem II,ws_tackles_def_3rd,ws,349,244,69.9,unexplained_blended,"Low coverage in a domain/season-sensitive column, but this table blends all seasons together -- check season_column_coverage for this column for the real per-season breakdown before treating this as a new finding."
Willem II,Willem II,ws_tackles_mid_3rd,ws,349,244,69.9,unexplained_blended,"Low coverage in a domain/season-sensitive column, but this table blends all seasons together -- check season_column_coverage for this column for the real per-season breakdown before treating this as a new finding."
Willem II,Willem II,ws_tackles_att_3rd,ws,349,244,69.9,unexplained_blended,"Low coverage in a domain/season-sensitive column, but this table blends all seasons together -- check season_column_coverage for this column for the real per-season breakdown before treating this as a new finding."
Willem II,Willem II,ws_interceptions,ws,349,244,69.9,unexplained_blended,"Low coverage in a domain/season-sensitive column, but this table blends all seasons together -- check season_column_coverage for this column for the real per-season breakdown before treating this as a new finding."
Willem II,Willem II,ws_interceptions_def_3rd,ws,349,244,69.9,unexplained_blended,"Low coverage in a domain/season-sensitive column, but this table blends all seasons together -- check season_column_coverage for this column for the real per-season breakdown before treating this as a new finding."
Willem II,Willem II,ws_interceptions_mid_3rd,ws,349,244,69.9,unexplained_blended,"Low coverage in a domain/season-sensitive column, but this table blends all seasons together -- check season_column_coverage for this column for the real per-season breakdown before treating this as a new finding."
Willem II,Willem II,ws_interceptions_att_3rd,ws,349,244,69.9,unexplained_blended,"Low coverage in a domain/season-sensitive column, but this table blends all seasons together -- check season_column_coverage for this column for the real per-season breakdown before treating this as a new finding."
Willem II,Willem II,fbref_shots_on_target,fbref,349,245,70.2,unexplained_blended,"Low coverage in a domain/season-sensitive column, but this table blends all seasons together -- check season_column_coverage for this column for the real per-season breakdown before treating this as a new finding."
Willem II,Willem II,fbref_shots,fbref,349,245,70.2,unexplained_blended,"Low coverage in a domain/season-sensitive column, but this table blends all seasons together -- check season_column_coverage for this column for the real per-season breakdown before treating this as a new finding."
Willem II,Willem II,fbref_fouls_committed_per90,fbref,349,271,77.7,unexplained_blended,"Low coverage in a domain/season-sensitive column, but this table blends all seasons together -- check season_column_coverage for this column for the real per-season breakdown before treating this as a new finding."
Willem II,Willem II,fbref_shots_on_target_per90,fbref,349,272,77.9,unexplained_blended,"Low coverage in a domain/season-sensitive column, but this table blends all seasons together -- check season_column_coverage for this column for the real per-season breakdown before treating this as a new finding."
Willem II,Willem II,fbref_fouls_committed,fbref,349,272,77.9,unexplained_blended,"Low coverage in a domain/season-sensitive column, but this table blends all seasons together -- check season_column_coverage for this column for the real per-season breakdown before treating this as a new finding."
Willem II,Willem II,fbref_unused_sub,fbref,349,294,84.2,,
Willem II,Willem II,fbref_red_cards_per90,fbref,349,299,85.7,,
Willem II,Willem II,fbref_yellow_cards_per90,fbref,349,299,85.7,,
Willem II,Willem II,fbref_minutes_pct,fbref,349,300,86.0,,
Willem II,Willem II,fbref_goals_plus_assists,fbref,349,300,86.0,,
Willem II,Willem II,fbref_assists,fbref,349,300,86.0,,
Willem II,Willem II,fbref_minutes_per_match,fbref,349,300,86.0,,
Willem II,Willem II,fbref_minutes,fbref,349,300,86.0,,
Willem II,Willem II,fbref_non_penalty_goals_per90,fbref,349,300,86.0,,
Willem II,Willem II,fbref_nineties,fbref,349,300,86.0,,
Willem II,Willem II,fbref_goals_per90,fbref,349,300,86.0,,
Willem II,Willem II,fbref_assists_per90,fbref,349,300,86.0,,
Willem II,Willem II,fbref_goals,fbref,349,300,86.0,,
Willem II,Willem II,fbref_penalty_attempts,fbref,349,300,86.0,,
Willem II,Willem II,fbref_non_penalty_goals,fbref,349,300,86.0,,
Willem II,Willem II,fbref_red_cards,fbref,349,300,86.0,,
Willem II,Willem II,fbref_yellow_cards,fbref,349,300,86.0,,
Willem II,Willem II,fbref_non_penalty_goals_plus_assists_per90,fbref,349,300,86.0,,
Willem II,Willem II,fbref_goals_plus_assists_per90,fbref,349,300,86.0,,
Willem II,Willem II,fbref_penalty_goals,fbref,349,300,86.0,,
Willem II,Willem II,fbref_complete_matches,fbref,349,337,96.6,,
Willem II,Willem II,fbref_age,fbref,349,346,99.1,,
Willem II,Willem II,fbref_born,fbref,349,346,99.1,,
Willem II,Willem II,fbref_nation,fbref,349,346,99.1,,
Willem II,Willem II,fbref_starts,fbref,349,349,100.0,,
Willem II,Willem II,fbref_matches_played,fbref,349,349,100.0,,
Willem II,Willem II,fbref_substitute_appearances,fbref,349,349,100.0,,
Willem II,Willem II,fbref_position,fbref,349,349,100.0,,
Zwolle,PEC Zwolle,fbref_penalty_kicks_won_per90,fbref,439,53,12.1,unexplained_blended,"Low coverage in a domain/season-sensitive column, but this table blends all seasons together -- check season_column_coverage for this column for the real per-season breakdown before treating this as a new finding."
Zwolle,PEC Zwolle,fbref_penalty_kicks_conceded_per90,fbref,439,53,12.1,unexplained_blended,"Low coverage in a domain/season-sensitive column, but this table blends all seasons together -- check season_column_coverage for this column for the real per-season breakdown before treating this as a new finding."
Zwolle,PEC Zwolle,fbref_penalty_kicks_conceded,fbref,439,54,12.3,unexplained_blended,"Low coverage in a domain/season-sensitive column, but this table blends all seasons together -- check season_column_coverage for this column for the real per-season breakdown before treating this as a new finding."
Zwolle,PEC Zwolle,fbref_penalty_kicks_won,fbref,439,54,12.3,unexplained_blended,"Low coverage in a domain/season-sensitive column, but this table blends all seasons together -- check season_column_coverage for this column for the real per-season breakdown before treating this as a new finding."
Zwolle,PEC Zwolle,gk_penalty_kick_save_pct,gk,52,13,25.0,,
Zwolle,PEC Zwolle,fbref_goals_per_shot,fbref,439,141,32.1,unexplained_blended,"Low coverage in a domain/season-sensitive column, but this table blends all seasons together -- check season_column_coverage for this column for the real per-season breakdown before treating this as a new finding."
Zwolle,PEC Zwolle,gk_penalty_kicks_saved,gk,52,18,34.6,,
Zwolle,PEC Zwolle,gk_penalty_kicks_missed_by_opponent,gk,52,18,34.6,,
Zwolle,PEC Zwolle,gk_penalty_kicks_faced,gk,52,18,34.6,,
Zwolle,PEC Zwolle,gk_penalty_kicks_allowed,gk,52,18,34.6,,
Zwolle,PEC Zwolle,fbref_minutes_per_sub,fbref,439,156,35.5,unexplained_blended,"Low coverage in a domain/season-sensitive column, but this table blends all seasons together -- check season_column_coverage for this column for the real per-season breakdown before treating this as a new finding."
Zwolle,PEC Zwolle,fbref_minutes_per_start,fbref,439,174,39.6,unexplained_blended,"Low coverage in a domain/season-sensitive column, but this table blends all seasons together -- check season_column_coverage for this column for the real per-season breakdown before treating this as a new finding."
Zwolle,PEC Zwolle,fbref_crosses_per90,fbref,439,225,51.3,unexplained_blended,"Low coverage in a domain/season-sensitive column, but this table blends all seasons together -- check season_column_coverage for this column for the real per-season breakdown before treating this as a new finding."
Zwolle,PEC Zwolle,fbref_tackles_won_per90,fbref,439,225,51.3,unexplained_blended,"Low coverage in a domain/season-sensitive column, but this table blends all seasons together -- check season_column_coverage for this column for the real per-season breakdown before treating this as a new finding."
Zwolle,PEC Zwolle,fbref_offsides_per90,fbref,439,225,51.3,unexplained_blended,"Low coverage in a domain/season-sensitive column, but this table blends all seasons together -- check season_column_coverage for this column for the real per-season breakdown before treating this as a new finding."
Zwolle,PEC Zwolle,fbref_fouls_drawn_per90,fbref,439,225,51.3,unexplained_blended,"Low coverage in a domain/season-sensitive column, but this table blends all seasons together -- check season_column_coverage for this column for the real per-season breakdown before treating this as a new finding."
Zwolle,PEC Zwolle,fbref_interceptions_per90,fbref,439,225,51.3,unexplained_blended,"Low coverage in a domain/season-sensitive column, but this table blends all seasons together -- check season_column_coverage for this column for the real per-season breakdown before treating this as a new finding."
Zwolle,PEC Zwolle,fbref_shots_per90,fbref,439,228,51.9,unexplained_blended,"Low coverage in a domain/season-sensitive column, but this table blends all seasons together -- check season_column_coverage for this column for the real per-season breakdown before treating this as a new finding."
Zwolle,PEC Zwolle,fbref_offsides,fbref,439,228,51.9,unexplained_blended,"Low coverage in a domain/season-sensitive column, but this table blends all seasons together -- check season_column_coverage for this column for the real per-season breakdown before treating this as a new finding."
Zwolle,PEC Zwolle,gk_saves_per90,gk,52,27,51.9,,
Zwolle,PEC Zwolle,gk_saves,gk,52,27,51.9,,
Zwolle,PEC Zwolle,gk_save_pct,gk,52,27,51.9,,
Zwolle,PEC Zwolle,fbref_crosses,fbref,439,228,51.9,unexplained_blended,"Low coverage in a domain/season-sensitive column, but this table blends all seasons together -- check season_column_coverage for this column for the real per-season breakdown before treating this as a new finding."
Zwolle,PEC Zwolle,gk_clean_sheet_pct,gk,52,27,51.9,,
Zwolle,PEC Zwolle,gk_shots_on_target_against,gk,52,27,51.9,,
Zwolle,PEC Zwolle,fbref_fouls_drawn,fbref,439,228,51.9,unexplained_blended,"Low coverage in a domain/season-sensitive column, but this table blends all seasons together -- check season_column_coverage for this column for the real per-season breakdown before treating this as a new finding."
Zwolle,PEC Zwolle,fbref_tackles_won,fbref,439,228,51.9,unexplained_blended,"Low coverage in a domain/season-sensitive column, but this table blends all seasons together -- check season_column_coverage for this column for the real per-season breakdown before treating this as a new finding."
Zwolle,PEC Zwolle,fbref_interceptions,fbref,439,228,51.9,unexplained_blended,"Low coverage in a domain/season-sensitive column, but this table blends all seasons together -- check season_column_coverage for this column for the real per-season breakdown before treating this as a new finding."
Zwolle,PEC Zwolle,fbref_goals_per_shot_on_target,fbref,439,230,52.4,unexplained_blended,"Low coverage in a domain/season-sensitive column, but this table blends all seasons together -- check season_column_coverage for this column for the real per-season breakdown before treating this as a new finding."
Zwolle,PEC Zwolle,gk_draws,gk,52,29,55.8,,
Zwolle,PEC Zwolle,gk_goals_against_per90,gk,52,29,55.8,,
Zwolle,PEC Zwolle,gk_goals_against,gk,52,29,55.8,,
Zwolle,PEC Zwolle,gk_clean_sheets,gk,52,29,55.8,,
Zwolle,PEC Zwolle,gk_losses,gk,52,29,55.8,,
Zwolle,PEC Zwolle,gk_wins,gk,52,29,55.8,,
Zwolle,PEC Zwolle,fbref_second_yellow_cards_per90,fbref,439,250,56.9,unexplained_blended,"Low coverage in a domain/season-sensitive column, but this table blends all seasons together -- check season_column_coverage for this column for the real per-season breakdown before treating this as a new finding."
Zwolle,PEC Zwolle,fbref_own_goals_per90,fbref,439,250,56.9,unexplained_blended,"Low coverage in a domain/season-sensitive column, but this table blends all seasons together -- check season_column_coverage for this column for the real per-season breakdown before treating this as a new finding."
Zwolle,PEC Zwolle,tm_foot,tm,439,252,57.4,,
Zwolle,PEC Zwolle,fbref_second_yellow_cards,fbref,439,254,57.9,unexplained_blended,"Low coverage in a domain/season-sensitive column, but this table blends all seasons together -- check season_column_coverage for this column for the real per-season breakdown before treating this as a new finding."
Zwolle,PEC Zwolle,fbref_own_goals,fbref,439,254,57.9,unexplained_blended,"Low coverage in a domain/season-sensitive column, but this table blends all seasons together -- check season_column_coverage for this column for the real per-season breakdown before treating this as a new finding."
Zwolle,PEC Zwolle,tm_height_cm,tm,439,255,58.1,,
Zwolle,PEC Zwolle,fbref_shots_on_target_pct,fbref,439,270,61.5,unexplained_blended,"Low coverage in a domain/season-sensitive column, but this table blends all seasons together -- check season_column_coverage for this column for the real per-season breakdown before treating this as a new finding."
Zwolle,PEC Zwolle,ws_take_ons_won_pct,ws,439,279,63.6,unexplained_blended,"Low coverage in a domain/season-sensitive column, but this table blends all seasons together -- check season_column_coverage for this column for the real per-season breakdown before treating this as a new finding."
Zwolle,PEC Zwolle,fbref_on_off,fbref,439,308,70.2,unexplained_blended,"Low coverage in a domain/season-sensitive column, but this table blends all seasons together -- check season_column_coverage for this column for the real per-season breakdown before treating this as a new finding."
Zwolle,PEC Zwolle,ws_aerial_duel_win_pct,ws,439,310,70.6,unexplained_blended,"Low coverage in a domain/season-sensitive column, but this table blends all seasons together -- check season_column_coverage for this column for the real per-season breakdown before treating this as a new finding."
Zwolle,PEC Zwolle,fbref_plus_minus_per90,fbref,439,312,71.1,unexplained_blended,"Low coverage in a domain/season-sensitive column, but this table blends all seasons together -- check season_column_coverage for this column for the real per-season breakdown before treating this as a new finding."
Zwolle,PEC Zwolle,fbref_plus_minus,fbref,439,312,71.1,unexplained_blended,"Low coverage in a domain/season-sensitive column, but this table blends all seasons together -- check season_column_coverage for this column for the real per-season breakdown before treating this as a new finding."
Zwolle,PEC Zwolle,fbref_points_per_match,fbref,439,312,71.1,unexplained_blended,"Low coverage in a domain/season-sensitive column, but this table blends all seasons together -- check season_column_coverage for this column for the real per-season breakdown before treating this as a new finding."
Zwolle,PEC Zwolle,fbref_team_goals_against_while_on_pitch,fbref,439,312,71.1,unexplained_blended,"Low coverage in a domain/season-sensitive column, but this table blends all seasons together -- check season_column_coverage for this column for the real per-season breakdown before treating this as a new finding."
Zwolle,PEC Zwolle,fbref_team_goals_while_on_pitch,fbref,439,312,71.1,unexplained_blended,"Low coverage in a domain/season-sensitive column, but this table blends all seasons together -- check season_column_coverage for this column for the real per-season breakdown before treating this as a new finding."
Zwolle,PEC Zwolle,ws_ground_duel_win_pct,ws,439,314,71.5,unexplained_blended,"Low coverage in a domain/season-sensitive column, but this table blends all seasons together -- check season_column_coverage for this column for the real per-season breakdown before treating this as a new finding."
Zwolle,PEC Zwolle,ws_aerials_won_per90,ws,439,334,76.1,unexplained_blended,"Low coverage in a domain/season-sensitive column, but this table blends all seasons together -- check season_column_coverage for this column for the real per-season breakdown before treating this as a new finding."
Zwolle,PEC Zwolle,ws_passes_per90,ws,439,334,76.1,unexplained_blended,"Low coverage in a domain/season-sensitive column, but this table blends all seasons together -- check season_column_coverage for this column for the real per-season breakdown before treating this as a new finding."
Zwolle,PEC Zwolle,ws_passes_completed_per90,ws,439,334,76.1,unexplained_blended,"Low coverage in a domain/season-sensitive column, but this table blends all seasons together -- check season_column_coverage for this column for the real per-season breakdown before treating this as a new finding."
Zwolle,PEC Zwolle,ws_touches_per90,ws,439,334,76.1,unexplained_blended,"Low coverage in a domain/season-sensitive column, but this table blends all seasons together -- check season_column_coverage for this column for the real per-season breakdown before treating this as a new finding."
Zwolle,PEC Zwolle,ws_touches_def_3rd_per90,ws,439,334,76.1,unexplained_blended,"Low coverage in a domain/season-sensitive column, but this table blends all seasons together -- check season_column_coverage for this column for the real per-season breakdown before treating this as a new finding."
Zwolle,PEC Zwolle,ws_touches_mid_3rd_per90,ws,439,334,76.1,unexplained_blended,"Low coverage in a domain/season-sensitive column, but this table blends all seasons together -- check season_column_coverage for this column for the real per-season breakdown before treating this as a new finding."
Zwolle,PEC Zwolle,ws_touches_att_3rd_per90,ws,439,334,76.1,unexplained_blended,"Low coverage in a domain/season-sensitive column, but this table blends all seasons together -- check season_column_coverage for this column for the real per-season breakdown before treating this as a new finding."
Zwolle,PEC Zwolle,ws_touches_def_pen_area_per90,ws,439,334,76.1,unexplained_blended,"Low coverage in a domain/season-sensitive column, but this table blends all seasons together -- check season_column_coverage for this column for the real per-season breakdown before treating this as a new finding."
Zwolle,PEC Zwolle,ws_touches_att_pen_area_per90,ws,439,334,76.1,unexplained_blended,"Low coverage in a domain/season-sensitive column, but this table blends all seasons together -- check season_column_coverage for this column for the real per-season breakdown before treating this as a new finding."
Zwolle,PEC Zwolle,ws_take_ons_per90,ws,439,334,76.1,unexplained_blended,"Low coverage in a domain/season-sensitive column, but this table blends all seasons together -- check season_column_coverage for this column for the real per-season breakdown before treating this as a new finding."
Zwolle,PEC Zwolle,ws_take_ons_won_per90,ws,439,334,76.1,unexplained_blended,"Low coverage in a domain/season-sensitive column, but this table blends all seasons together -- check season_column_coverage for this column for the real per-season breakdown before treating this as a new finding."
Zwolle,PEC Zwolle,ws_dispossessed_per90,ws,439,334,76.1,unexplained_blended,"Low coverage in a domain/season-sensitive column, but this table blends all seasons together -- check season_column_coverage for this column for the real per-season breakdown before treating this as a new finding."
Zwolle,PEC Zwolle,ws_tackles_per90,ws,439,334,76.1,unexplained_blended,"Low coverage in a domain/season-sensitive column, but this table blends all seasons together -- check season_column_coverage for this column for the real per-season breakdown before treating this as a new finding."
Zwolle,PEC Zwolle,ws_tackles_won_per90,ws,439,334,76.1,unexplained_blended,"Low coverage in a domain/season-sensitive column, but this table blends all seasons together -- check season_column_coverage for this column for the real per-season breakdown before treating this as a new finding."
Zwolle,PEC Zwolle,ws_tackles_def_3rd_per90,ws,439,334,76.1,unexplained_blended,"Low coverage in a domain/season-sensitive column, but this table blends all seasons together -- check season_column_coverage for this column for the real per-season breakdown before treating this as a new finding."
Zwolle,PEC Zwolle,ws_tackles_mid_3rd_per90,ws,439,334,76.1,unexplained_blended,"Low coverage in a domain/season-sensitive column, but this table blends all seasons together -- check season_column_coverage for this column for the real per-season breakdown before treating this as a new finding."
Zwolle,PEC Zwolle,ws_tackles_att_3rd_per90,ws,439,334,76.1,unexplained_blended,"Low coverage in a domain/season-sensitive column, but this table blends all seasons together -- check season_column_coverage for this column for the real per-season breakdown before treating this as a new finding."
Zwolle,PEC Zwolle,ws_interceptions_per90,ws,439,334,76.1,unexplained_blended,"Low coverage in a domain/season-sensitive column, but this table blends all seasons together -- check season_column_coverage for this column for the real per-season breakdown before treating this as a new finding."
Zwolle,PEC Zwolle,ws_interceptions_def_3rd_per90,ws,439,334,76.1,unexplained_blended,"Low coverage in a domain/season-sensitive column, but this table blends all seasons together -- check season_column_coverage for this column for the real per-season breakdown before treating this as a new finding."
Zwolle,PEC Zwolle,ws_interceptions_mid_3rd_per90,ws,439,334,76.1,unexplained_blended,"Low coverage in a domain/season-sensitive column, but this table blends all seasons together -- check season_column_coverage for this column for the real per-season breakdown before treating this as a new finding."
Zwolle,PEC Zwolle,ws_interceptions_att_3rd_per90,ws,439,334,76.1,unexplained_blended,"Low coverage in a domain/season-sensitive column, but this table blends all seasons together -- check season_column_coverage for this column for the real per-season breakdown before treating this as a new finding."
Zwolle,PEC Zwolle,ws_clearances_per90,ws,439,334,76.1,unexplained_blended,"Low coverage in a domain/season-sensitive column, but this table blends all seasons together -- check season_column_coverage for this column for the real per-season breakdown before treating this as a new finding."
Zwolle,PEC Zwolle,ws_dribbled_past_per90,ws,439,334,76.1,unexplained_blended,"Low coverage in a domain/season-sensitive column, but this table blends all seasons together -- check season_column_coverage for this column for the real per-season breakdown before treating this as a new finding."
Zwolle,PEC Zwolle,ws_errors_per90,ws,439,334,76.1,unexplained_blended,"Low coverage in a domain/season-sensitive column, but this table blends all seasons together -- check season_column_coverage for this column for the real per-season breakdown before treating this as a new finding."
Zwolle,PEC Zwolle,ws_final_third_entries_per90,ws,439,334,76.1,unexplained_blended,"Low coverage in a domain/season-sensitive column, but this table blends all seasons together -- check season_column_coverage for this column for the real per-season breakdown before treating this as a new finding."
Zwolle,PEC Zwolle,ws_pen_area_entries_per90,ws,439,334,76.1,unexplained_blended,"Low coverage in a domain/season-sensitive column, but this table blends all seasons together -- check season_column_coverage for this column for the real per-season breakdown before treating this as a new finding."
Zwolle,PEC Zwolle,ws_aerials_per90,ws,439,334,76.1,unexplained_blended,"Low coverage in a domain/season-sensitive column, but this table blends all seasons together -- check season_column_coverage for this column for the real per-season breakdown before treating this as a new finding."
Zwolle,PEC Zwolle,fbref_fouls_committed_per90,fbref,439,337,76.8,unexplained_blended,"Low coverage in a domain/season-sensitive column, but this table blends all seasons together -- check season_column_coverage for this column for the real per-season breakdown before treating this as a new finding."
Zwolle,PEC Zwolle,ws_passes_pct,ws,439,338,77.0,unexplained_blended,"Low coverage in a domain/season-sensitive column, but this table blends all seasons together -- check season_column_coverage for this column for the real per-season breakdown before treating this as a new finding."
Zwolle,PEC Zwolle,ws_tackles_def_3rd,ws,439,339,77.2,unexplained_blended,"Low coverage in a domain/season-sensitive column, but this table blends all seasons together -- check season_column_coverage for this column for the real per-season breakdown before treating this as a new finding."
Zwolle,PEC Zwolle,ws_tackles_mid_3rd,ws,439,339,77.2,unexplained_blended,"Low coverage in a domain/season-sensitive column, but this table blends all seasons together -- check season_column_coverage for this column for the real per-season breakdown before treating this as a new finding."
Zwolle,PEC Zwolle,ws_touches_def_3rd,ws,439,339,77.2,unexplained_blended,"Low coverage in a domain/season-sensitive column, but this table blends all seasons together -- check season_column_coverage for this column for the real per-season breakdown before treating this as a new finding."
Zwolle,PEC Zwolle,ws_touches,ws,439,339,77.2,unexplained_blended,"Low coverage in a domain/season-sensitive column, but this table blends all seasons together -- check season_column_coverage for this column for the real per-season breakdown before treating this as a new finding."
Zwolle,PEC Zwolle,ws_passes_completed,ws,439,339,77.2,unexplained_blended,"Low coverage in a domain/season-sensitive column, but this table blends all seasons together -- check season_column_coverage for this column for the real per-season breakdown before treating this as a new finding."
Zwolle,PEC Zwolle,ws_passes,ws,439,339,77.2,unexplained_blended,"Low coverage in a domain/season-sensitive column, but this table blends all seasons together -- check season_column_coverage for this column for the real per-season breakdown before treating this as a new finding."
Zwolle,PEC Zwolle,ws_matches_with_data,ws,439,339,77.2,unexplained_blended,"Low coverage in a domain/season-sensitive column, but this table blends all seasons together -- check season_column_coverage for this column for the real per-season breakdown before treating this as a new finding."
Zwolle,PEC Zwolle,ws_whoscored_player_id,ws,439,339,77.2,unexplained_blended,"Low coverage in a domain/season-sensitive column, but this table blends all seasons together -- check season_column_coverage for this column for the real per-season breakdown before treating this as a new finding."
Zwolle,PEC Zwolle,ws_touches_mid_3rd,ws,439,339,77.2,unexplained_blended,"Low coverage in a domain/season-sensitive column, but this table blends all seasons together -- check season_column_coverage for this column for the real per-season breakdown before treating this as a new finding."
Zwolle,PEC Zwolle,ws_tackles_att_3rd,ws,439,339,77.2,unexplained_blended,"Low coverage in a domain/season-sensitive column, but this table blends all seasons together -- check season_column_coverage for this column for the real per-season breakdown before treating this as a new finding."
Zwolle,PEC Zwolle,ws_interceptions,ws,439,339,77.2,unexplained_blended,"Low coverage in a domain/season-sensitive column, but this table blends all seasons together -- check season_column_coverage for this column for the real per-season breakdown before treating this as a new finding."
Zwolle,PEC Zwolle,ws_interceptions_def_3rd,ws,439,339,77.2,unexplained_blended,"Low coverage in a domain/season-sensitive column, but this table blends all seasons together -- check season_column_coverage for this column for the real per-season breakdown before treating this as a new finding."
Zwolle,PEC Zwolle,ws_interceptions_mid_3rd,ws,439,339,77.2,unexplained_blended,"Low coverage in a domain/season-sensitive column, but this table blends all seasons together -- check season_column_coverage for this column for the real per-season breakdown before treating this as a new finding."
Zwolle,PEC Zwolle,ws_interceptions_att_3rd,ws,439,339,77.2,unexplained_blended,"Low coverage in a domain/season-sensitive column, but this table blends all seasons together -- check season_column_coverage for this column for the real per-season breakdown before treating this as a new finding."
Zwolle,PEC Zwolle,ws_clearances,ws,439,339,77.2,unexplained_blended,"Low coverage in a domain/season-sensitive column, but this table blends all seasons together -- check season_column_coverage for this column for the real per-season breakdown before treating this as a new finding."
Zwolle,PEC Zwolle,ws_dribbled_past,ws,439,339,77.2,unexplained_blended,"Low coverage in a domain/season-sensitive column, but this table blends all seasons together -- check season_column_coverage for this column for the real per-season breakdown before treating this as a new finding."
Zwolle,PEC Zwolle,ws_errors,ws,439,339,77.2,unexplained_blended,"Low coverage in a domain/season-sensitive column, but this table blends all seasons together -- check season_column_coverage for this column for the real per-season breakdown before treating this as a new finding."
Zwolle,PEC Zwolle,ws_final_third_entries,ws,439,339,77.2,unexplained_blended,"Low coverage in a domain/season-sensitive column, but this table blends all seasons together -- check season_column_coverage for this column for the real per-season breakdown before treating this as a new finding."
Zwolle,PEC Zwolle,ws_pen_area_entries,ws,439,339,77.2,unexplained_blended,"Low coverage in a domain/season-sensitive column, but this table blends all seasons together -- check season_column_coverage for this column for the real per-season breakdown before treating this as a new finding."
Zwolle,PEC Zwolle,ws_aerials,ws,439,339,77.2,unexplained_blended,"Low coverage in a domain/season-sensitive column, but this table blends all seasons together -- check season_column_coverage for this column for the real per-season breakdown before treating this as a new finding."
Zwolle,PEC Zwolle,ws_aerials_won,ws,439,339,77.2,unexplained_blended,"Low coverage in a domain/season-sensitive column, but this table blends all seasons together -- check season_column_coverage for this column for the real per-season breakdown before treating this as a new finding."
Zwolle,PEC Zwolle,ws_touches_def_pen_area,ws,439,339,77.2,unexplained_blended,"Low coverage in a domain/season-sensitive column, but this table blends all seasons together -- check season_column_coverage for this column for the real per-season breakdown before treating this as a new finding."
Zwolle,PEC Zwolle,ws_touches_att_pen_area,ws,439,339,77.2,unexplained_blended,"Low coverage in a domain/season-sensitive column, but this table blends all seasons together -- check season_column_coverage for this column for the real per-season breakdown before treating this as a new finding."
Zwolle,PEC Zwolle,ws_take_ons,ws,439,339,77.2,unexplained_blended,"Low coverage in a domain/season-sensitive column, but this table blends all seasons together -- check season_column_coverage for this column for the real per-season breakdown before treating this as a new finding."
Zwolle,PEC Zwolle,ws_take_ons_won,ws,439,339,77.2,unexplained_blended,"Low coverage in a domain/season-sensitive column, but this table blends all seasons together -- check season_column_coverage for this column for the real per-season breakdown before treating this as a new finding."
Zwolle,PEC Zwolle,ws_touches_att_3rd,ws,439,339,77.2,unexplained_blended,"Low coverage in a domain/season-sensitive column, but this table blends all seasons together -- check season_column_coverage for this column for the real per-season breakdown before treating this as a new finding."
Zwolle,PEC Zwolle,ws_dispossessed,ws,439,339,77.2,unexplained_blended,"Low coverage in a domain/season-sensitive column, but this table blends all seasons together -- check season_column_coverage for this column for the real per-season breakdown before treating this as a new finding."
Zwolle,PEC Zwolle,ws_tackles,ws,439,339,77.2,unexplained_blended,"Low coverage in a domain/season-sensitive column, but this table blends all seasons together -- check season_column_coverage for this column for the real per-season breakdown before treating this as a new finding."
Zwolle,PEC Zwolle,ws_tackles_won,ws,439,339,77.2,unexplained_blended,"Low coverage in a domain/season-sensitive column, but this table blends all seasons together -- check season_column_coverage for this column for the real per-season breakdown before treating this as a new finding."
Zwolle,PEC Zwolle,fbref_shots,fbref,439,340,77.4,unexplained_blended,"Low coverage in a domain/season-sensitive column, but this table blends all seasons together -- check season_column_coverage for this column for the real per-season breakdown before treating this as a new finding."
Zwolle,PEC Zwolle,fbref_shots_on_target,fbref,439,341,77.7,unexplained_blended,"Low coverage in a domain/season-sensitive column, but this table blends all seasons together -- check season_column_coverage for this column for the real per-season breakdown before treating this as a new finding."
Zwolle,PEC Zwolle,fbref_shots_on_target_per90,fbref,439,342,77.9,unexplained_blended,"Low coverage in a domain/season-sensitive column, but this table blends all seasons together -- check season_column_coverage for this column for the real per-season breakdown before treating this as a new finding."
Zwolle,PEC Zwolle,fbref_fouls_committed,fbref,439,342,77.9,unexplained_blended,"Low coverage in a domain/season-sensitive column, but this table blends all seasons together -- check season_column_coverage for this column for the real per-season breakdown before treating this as a new finding."
Zwolle,PEC Zwolle,fbref_red_cards_per90,fbref,439,362,82.5,,
Zwolle,PEC Zwolle,fbref_yellow_cards_per90,fbref,439,362,82.5,,
Zwolle,PEC Zwolle,fbref_goals_plus_assists_per90,fbref,439,368,83.8,,
Zwolle,PEC Zwolle,fbref_non_penalty_goals_per90,fbref,439,368,83.8,,
Zwolle,PEC Zwolle,fbref_non_penalty_goals_plus_assists_per90,fbref,439,368,83.8,,
Zwolle,PEC Zwolle,fbref_yellow_cards,fbref,439,368,83.8,,
Zwolle,PEC Zwolle,fbref_red_cards,fbref,439,368,83.8,,
Zwolle,PEC Zwolle,fbref_minutes_pct,fbref,439,368,83.8,,
Zwolle,PEC Zwolle,fbref_nineties,fbref,439,368,83.8,,
Zwolle,PEC Zwolle,fbref_goals,fbref,439,368,83.8,,
Zwolle,PEC Zwolle,fbref_goals_plus_assists,fbref,439,368,83.8,,
Zwolle,PEC Zwolle,fbref_assists,fbref,439,368,83.8,,
Zwolle,PEC Zwolle,fbref_minutes_per_match,fbref,439,368,83.8,,
Zwolle,PEC Zwolle,fbref_minutes,fbref,439,368,83.8,,
Zwolle,PEC Zwolle,fbref_non_penalty_goals,fbref,439,368,83.8,,
Zwolle,PEC Zwolle,fbref_penalty_goals,fbref,439,368,83.8,,
Zwolle,PEC Zwolle,fbref_penalty_attempts,fbref,439,368,83.8,,
Zwolle,PEC Zwolle,fbref_goals_per90,fbref,439,368,83.8,,
Zwolle,PEC Zwolle,fbref_assists_per90,fbref,439,368,83.8,,
Zwolle,PEC Zwolle,fbref_unused_sub,fbref,439,383,87.2,,
Zwolle,PEC Zwolle,fbref_complete_matches,fbref,439,425,96.8,,
Zwolle,PEC Zwolle,fbref_nation,fbref,439,433,98.6,,
Zwolle,PEC Zwolle,fbref_age,fbref,439,437,99.5,,
Zwolle,PEC Zwolle,fbref_born,fbref,439,437,99.5,,
Zwolle,PEC Zwolle,fbref_matches_played,fbref,439,439,100.0,,
Zwolle,PEC Zwolle,fbref_substitute_appearances,fbref,439,439,100.0,,
Zwolle,PEC Zwolle,fbref_position,fbref,439,439,100.0,,
Zwolle,PEC Zwolle,fbref_starts,fbref,439,439,100.0,,
